D_in_cold,D_out_cold,N_aletas,D_aleta,T_out_hot,UA_total,Efectividad
0.008,0.01,0,0.006985,18.140488353781734,8.678366650182271,0.1162194778886422
0.008,0.01,0,0.007620000000000001,18.140488353781734,8.678366650182271,0.1162194778886422
0.008,0.01,0,0.008255,18.140488353781734,8.678366650182271,0.1162194778886422
0.008,0.01,0,0.008889999999999999,18.140488353781734,8.678366650182271,0.1162194778886422
0.008,0.01,0,0.009524999999999999,18.140488353781734,8.678366650182271,0.1162194778886422
0.008,0.01,0,0.01016,18.140488353781734,8.678366650182271,0.1162194778886422
0.008,0.01,0,0.010794999999999999,18.140488353781734,8.678366650182271,0.1162194778886422
0.008,0.01,0,0.01143,18.140488353781734,8.678366650182271,0.1162194778886422
0.008,0.01,0,0.012065,18.140488353781734,8.678366650182271,0.1162194778886422
0.008,0.01,1,0.006985,18.139238068365728,8.684632317944184,0.11629762072714102
0.008,0.01,1,0.007620000000000001,18.13801237961877,8.690775333527043,0.11637422627382714
0.008,0.01,1,0.008255,18.13669628829217,8.697372110755147,0.11645648198173801
0.008,0.01,1,0.008889999999999999,18.13529128096536,8.704415341033327,0.11654429493966556
0.008,0.01,1,0.009524999999999999,18.133799084727684,8.71189651624536,0.11663755720452043
0.008,0.01,1,0.01016,18.132221668481918,8.719805920933217,0.11673614571987972
0.008,0.01,1,0.010794999999999999,18.13056124189137,8.728132636173704,0.11683992238178946
0.008,0.01,1,0.01143,18.12882025199667,8.736864555039894,0.11694873425020764
0.008,0.01,1,0.012065,18.127001377547685,8.74598840944098,0.11706241390326798
0.008,0.01,2,0.006985,18.137988214080565,8.690896454599677,0.11637573661996328
0.008,0.01,2,0.007620000000000001,18.135538095947936,8.70317801246602,0.11652886900325363
0.008,0.01,2,0.008255,18.13290818738693,8.716363487537015,0.1166932382883164
0.008,0.01,2,0.008889999999999999,18.130101653473105,8.730437578883373,0.1168686466579313
0.008,0.01,2,0.009524999999999999,18.127122147812145,8.745382559172239,0.11705486576174205
0.008,0.01,2,0.01016,18.123973813346026,8.761178265343032,0.11725163666587264
0.008,0.01,2,0.010794999999999999,18.12066127830127,8.777802113204869,0.11745867010616966
0.008,0.01,2,0.01143,18.117189647355076,8.795229135646059,0.1176756470403086
0.008,0.01,2,0.012065,18.113564488138138,8.81343204394561,0.11790221949136538
0.008,0.01,3,0.006985,18.136738790706943,8.697159060709902,0.11645382558081689
0.008,0.01,3,0.007620000000000001,18.133065501066767,8.715574691356329,0.11668340618332679
0.008,0.01,3,0.008255,18.129124044953016,8.735340796177033,0.11692974719043515
0.008,0.01,3,0.008889999999999999,18.12491945557747,8.75643340400734,0.11719253402640946
0.008,0.01,3,0.009524999999999999,18.120457509517905,8.778824864821269,0.11747140565512922
0.008,0.01,3,0.01016,18.11574472515349,8.802483845414596,0.11776595467790654
0.008,0.01,3,0.010794999999999999,18.110788353602743,8.827375361737115,0.11807572789982944
0.008,0.01,3,0.01143,18.10559636231966,8.853460847276635,0.11840022735502229
0.008,0.01,3,0.012065,18.10017741156912,8.880698256577043,0.11873891177693073
0.008,0.01,4,0.006985,18.135489798025617,8.703420136835733,0.11653188762339975
0.008,0.01,4,0.007620000000000001,18.13059459327502,8.727965374550886,0.11683783792031083
0.008,0.01,4,0.008255,18.12534385488999,8.75430405230119,0.11716600906937677
0.008,0.01,4,0.008889999999999999,18.119744671594617,8.78240285659844,0.11751595802533679
0.008,0.01,4,0.009524999999999999,18.11380513644781,8.812223518826686,0.11788717897201219
0.008,0.01,4,0.01016,18.107534340962957,8.843722822628362,0.1182791036898137
0.008,0.01,4,0.010794999999999999,18.10094235896696,8.87685266114612,0.11869110256456666
0.008,0.01,4,0.01143,18.094040220458623,8.911560143136938,0.11912248622133621
0.008,0.01,4,0.012065,18.08683987582714,8.947787746522927,0.11957250776080221
0.008,0.01,5,0.006985,18.13424123581757,8.709679683537784,0.11660992276140147
0.008,0.01,5,0.007620000000000001,18.128125370874727,8.740350066398396,0.1169921643203291
0.008,0.01,5,0.008255,18.121567611109583,8.77325327151234,0.11740202430565029
0.008,0.01,5,0.008889999999999999,18.114577285884366,8.808345976768376,0.11783891963222703
0.008,0.01,5,0.009524999999999999,18.107164995323785,8.84557860659931,0.11830218779226201
0.008,0.01,5,0.01016,18.099342598110923,8.884895357944442,0.11879108761806823
0.008,0.01,5,0.010794999999999999,18.091123186141317,8.926234289727159,0.11930480086616842
0.008,0.01,5,0.01143,18.082521046437137,8.969527474373512,0.11984243459767982
0.008,0.01,5,0.012065,18.073551610851894,9.014701209301894,0.12040302432175547
0.008,0.01,6,0.006985,18.132993103863953,8.715937701376383,0.11668793100850179
0.008,0.01,6,0.007620000000000001,18.12565783217019,8.752728771243365,0.1171463854893642
0.008,0.01,6,0.008255,18.117795307536085,8.792188469390249,0.11763779327899306
0.008,0.01,6,0.008889999999999999,18.109417282849904,8.83426280454755,0.11816141982187935
0.008,0.01,6,0.009524999999999999,18.100537052986795,8.878890213327287,0.11871643418832425
0.008,0.01,6,0.01016,18.091169434209917,8.92600161180471,0.11930191036188077
0.008,0.01,6,0.010794999999999999,18.081330727445675,8.975520524700283,0.11991682953464666
0.008,0.01,6,0.01143,18.071038666008747,9.027363290085775,0.12056008337445194
0.008,0.01,6,0.012065,18.060312348518607,9.081439336787605,0.12123047821758741
0.008,0.01,7,0.006985,18.131745401946034,8.722194190911583,0.1167659123783718
0.008,0.01,7,0.007620000000000001,18.123191975467876,8.765101493426094,0.1173005015332585
0.008,0.01,7,0.008255,18.114026938106065,8.811109661491628,0.11787331636837267
0.008,0.01,7,0.008889999999999999,18.104264646937793,8.860153379885258,0.11848345956638844
0.008,0.01,7,0.009524999999999999,18.093921276395974,8.9121584239768,0.11912992022525089
0.008,0.01,7,0.01016,18.083014787147306,8.967041744134868,0.1198115758032927
0.008,0.01,7,0.010794999999999999,18.071564875768445,9.024711642215548,0.12052719526447242
0.008,0.01,7,0.01143,18.05959290600731,9.085068037337635,0.12127544337454217
0.008,0.01,7,0.012065,18.047121822621023,9.148002817232594,0.12205488608618693
0.008,0.01,8,0.006985,18.13049812984525,8.728449152703176,0.11684386688467309
0.008,0.01,8,0.007620000000000001,18.120727799076576,8.777468237282687,0.11745451255771405
0.008,0.01,8,0.008255,18.110262496768144,8.83001686335019,0.11810859395198926
0.008,0.01,8,0.008889999999999999,18.099119362637566,8.886017742649914,0.11880503983515299
0.008,0.01,8,0.009524999999999999,18.087317632628242,8.945383323292807,0.11954264796073368
0.008,0.01,8,0.01016,18.074878595083703,9.008015914346553,0.12032008780726991
0.008,0.01,8,0.010794999999999999,18.061825524563062,9.073807917358145,0.12113590471480747
0.008,0.01,8,0.01143,18.04818359433841,9.142642161169011,0.12198852535384948
0.008,0.01,8,0.012065,18.033979768854465,9.21439233529192,0.12287626444659719
0.008,0.01,9,0.006985,18.129251287343095,8.73470258731067,0.11692179454105824
0.008,0.01,9,0.007620000000000001,18.118265301307304,8.789829007145066,0.11760841866829289
0.008,0.01,9,0.008255,18.10650197748356,8.848910090476684,0.11834362640727691
0.008,0.01,9,0.008889999999999999,18.093981414481846,8.91185593262924,0.11912616159488607
0.008,0.01,9,0.009524999999999999,18.08072608887784,8.978564995799752,0.11995461944513616
0.008,0.01,9,0.01016,18.066760796451263,9.048924281339369,0.12082745022179539
0.008,0.01,9,0.010794999999999999,18.052112567844233,9.122809624153541,0.12174296450973521
0.008,0.01,9,0.01143,18.036810559971286,9.20008610460727,0.12269934000179412
0.008,0.01,9,0.012065,18.02088592479896,9.28060857204665,0.12369462970006372
0.008,0.01,10,0.006985,18.12800487422129,8.740954495293296,0.11699969536117069
0.008,0.01,10,0.007620000000000001,18.115804480473344,8.802183807340965,0.11776221997041775
0.008,0.01,10,0.008255,18.102745374225492,8.867789358358937,0.11857841411090608
0.008,0.01,10,0.008889999999999999,18.088850787046056,8.937667989530475,0.11944682580962304
0.008,0.01,10,0.009524999999999999,18.074146612455593,9.011703525802279,0.12036583672152643
0.008,0.01,10,0.01016,18.0586613299526,9.089767003502956,0.12133366687796149
0.008,0.01,10,0.010794999999999999,18.042425900184185,9.171717035572573,0.12234838123848893
0.008,0.01,10,0.01143,18.025473632930755,9.257400308678582,0.12340789794182616
0.008,0.01,10,0.012065,18.00784002990281,9.346652205027139,0.12450999813107416
0.008,0.01,11,0.006985,18.12675889026167,8.747204877210025,0.11707756935864466
0.008,0.01,11,0.007620000000000001,18.113345334890084,8.81453264219394,0.11791591656937149
0.008,0.01,11,0.008255,18.09899268097945,8.886654682461895,0.11881295743878516
0.008,0.01,11,0.008889999999999999,18.08372746494831,8.963453952980572,0.11976703344073188
0.008,0.01,11,0.009524999999999999,18.06757917078869,9.04479899738596,0.12077630182570859
0.008,0.01,11,0.01016,18.050580134559027,9.13054423871904,0.121838741590062
0.008,0.01,11,0.010794999999999999,18.03276541670914,9.22053042353651,0.12295216145567865
0.008,0.01,11,0.01143,18.014172644289147,9.314585212419225,0.1241142097319288
0.008,0.01,11,0.012065,17.994841825465812,9.412523908236157,0.125322385908385
0.008,0.01,12,0.006985,18.125513335246296,8.75345373361955,0.11715541654710555
0.008,0.01,12,0.007620000000000001,18.110887862875245,8.826875516023373,0.11806950857029772
0.008,0.01,12,0.008255,18.095243891742996,8.905506078227678,0.11904725676606236
0.008,0.01,12,0.008889999999999999,18.078611432849243,8.989213862526414,0.12008678544692152
0.008,0.01,12,0.009524999999999999,18.061023731419937,9.077851494417983,0.12118601678625537
0.008,0.01,12,0.01016,18.04251714950908,9.171256144363445,0.1223426781556831
0.008,0.01,12,0.010794999999999999,18.023131013095735,9.269250058922108,0.12355431168151579
0.008,0.01,12,0.01143,18.002907426158117,9.37164125288678,0.12481828586511724
0.008,0.01,12,0.012065,17.98189105462336,9.4782243521718,0.1261318090860388
0.008,0.01,13,0.006985,18.12426820895729,8.759701065080288,0.11723323694016918
0.008,0.01,13,0.007620000000000001,18.10843206274876,8.839212433144475,0.11822299607820133
0.008,0.01,13,0.008255,18.09149900052597,8.924343561075606,0.11928131246712809
0.008,0.01,13,0.008889999999999999,18.073502675451948,9.014947757635012,0.12040608278425148
0.008,0.01,13,0.009524999999999999,18.05448026200736,9.110861100547888,0.12159498362453944
0.008,0.01,13,0.01016,18.034472314307322,9.211902877308153,0.12284548035579365
0.008,0.01,13,0.010794999999999999,18.013522585567387,9.317876211566606,0.12415483840203732
0.008,0.01,13,0.01143,17.991677811681086,9.428568865171272,0.12552013676993298
0.008,0.01,13,0.012065,17.968987462330062,9.543754203850245,0.12693828360437073
0.008,0.01,14,0.006985,18.12302351117694,8.765946872150383,0.1173110305514427
0.008,0.01,14,0.007620000000000001,18.105977932832843,8.851543397868289,0.11837637919794819
0.008,0.01,14,0.008255,18.087758001350153,8.943167146402244,0.1195151249156161
0.008,0.01,14,0.008889999999999999,18.068401177501755,9.040655677693687,0.12072492640614038
0.008,0.01,14,0.009524999999999999,18.047948730323753,9.143827899208244,0.12200320435476511
0.008,0.01,14,0.01016,18.026445568722636,9.252484593923276,0.12334715195483555
0.008,0.01,14,0.010794999999999999,18.00394003089076,9.36640915027272,0.12475374806932628
0.008,0.01,14,0.01143,17.980483635025053,9.485368482406223,0.12621977281093388
0.008,0.01,14,0.012065,17.956130795343938,9.609114126828326,0.12774182529100353
0.008,0.01,15,0.006985,18.12177924168759,8.772191155387713,0.11738879739452393
0.008,0.01,15,0.007620000000000001,18.103525471451746,8.863868414501711,0.11852965803426581
0.008,0.01,15,0.008255,18.084020888249484,8.961976849581452,0.11974869448440613
0.008,0.01,15,0.008889999999999999,18.063306923786,9.066337662010303,0.12104331726337562
0.008,0.01,15,0.009524999999999999,18.041429104255997,9.176751973615376,0.12241068098400026
0.008,0.01,15,0.01016,18.018436852786976,9.293001450079094,0.1238476967008128
0.008,0.01,15,0.010794999999999999,17.99438324637231,9.414849142813582,0.1253510471017325
0.008,0.01,15,0.01143,17.96932473137315,9.542040535779654,0.1269172042891799
0.008,0.01,15,0.012065,17.94332080221068,9.674304781225922,0.12854244986183358
0.008,0.01,16,0.006985,18.12053540027199,8.77843391534988,0.11746653748300152
0.008,0.01,16,0.007620000000000001,18.101074676932114,8.876187487347472,0.11868283269174304
0.008,0.01,16,0.008255,18.080287655270013,8.980772685964427,0.1199820215456252
0.008,0.01,16,0.008889999999999999,18.05821989913403,9.091993749813447,0.12136125630412181
0.008,0.01,16,0.009524999999999999,18.034921351804712,9.209633406770056,0.12281741551220683
0.008,0.01,16,0.01016,18.010446106793893,9.333453601148042,0.12434711832538066
0.008,0.01,16,0.010794999999999999,17.984852129854573,9.463196455937675,0.12594674188409014
0.008,0.01,16,0.01143,17.95820093691657,9.598585454544972,0.12761244144271336
0.008,0.01,16,0.012065,17.930557233247896,9.739326823748202,0.12934017292200603
0.008,0.01,17,0.006985,18.11929198671271,8.784675152594211,0.11754425083045536
0.008,0.01,17,0.007620000000000001,18.098625547602694,8.888500620704164,0.11883590327483076
0.008,0.01,17,0.008255,18.076558296469614,8.999554670879732,0.12021510647064988
0.008,0.01,17,0.008889999999999999,18.053140088417138,9.117623980252635,0.12167874447393
0.008,0.01,17,0.009524999999999999,18.02842544108364,9.242472281458197,0.12322340993227261
0.008,0.01,17,0.01016,18.00247327129705,9.373841202006691,0.12484542054393342
0.008,0.01,17,0.010794999999999999,17.97534657971306,9.511451355373733,0.1265408387679346
0.008,0.01,17,0.01143,17.947112088847405,9.655003666031831,0.12830549444703648
0.008,0.01,17,0.012065,17.91783984052995,9.804180907707648,0.13013500996687916
0.008,0.01,18,0.006985,18.118049000792723,8.790914867677765,0.11762193745045593
0.008,0.01,18,0.007620000000000001,18.096178081794505,8.900807818866221,0.11898886988784223
0.008,0.01,18,0.008255,18.072832805918267,9.018322819633347,0.12044794963010795
0.008,0.01,18,0.008889999999999999,18.048067476548056,9.143228392398504,0.12199578271574654
0.008,0.01,18,0.009524999999999999,18.02194134031936,9.275268680251548,0.12362866623004189
0.008,0.01,18,0.01016,17.994518287108917,9.414164407037727,0.12534260705569236
0.008,0.01,18,0.010794999999999999,17.96586649485255,9.559614105835596,0.12713334407171678
0.008,0.01,18,0.01143,17.93605802535069,9.711295595656877,0.12899637341558354
0.008,0.01,18,0.012065,17.905168377872315,9.868867683045965,0.13092697638298012
0.008,0.01,19,0.006985,18.116806442294944,8.79715306115733,0.11769959735656467
0.008,0.01,19,0.007620000000000001,18.093732277840786,8.91310908612395,0.11914173263495259
0.008,0.01,19,0.008255,18.06911117769789,9.037077147508716,0.12068055139388052
0.008,0.01,19,0.008889999999999999,18.04300204848124,9.168807025243018,0.12231237196992185
0.008,0.01,19,0.009524999999999999,18.015469017850478,9.30802268550839,0.12403318638434642
0.008,0.01,19,0.01016,17.9865810952993,9.45442337013192,0.1258386815437929
0.008,0.01,19,0.010794999999999999,17.956411774703724,9.607684971027057,0.12772426408101692
0.008,0.01,19,0.01143,17.92503858559695,9.767461666934455,0.12968508840018905
0.008,0.01,19,0.012065,17.892542600816796,9.933387796355754,0.13171608744894944
0.008,0.01,20,0.006985,18.11556431100263,8.803389733589421,0.11777723056233434
0.008,0.01,20,0.007620000000000001,18.09128813407682,8.925404426763517,0.11929449162019987
0.008,0.01,20,0.008255,18.06539340590234,9.055817669766773,0.12091291213110333
0.008,0.01,20,0.008889999999999999,18.037943789212477,9.194359917699668,0.12262851317421973
0.008,0.01,20,0.009524999999999999,18.009008442127424,9.340734379374236,0.12443697236703573
0.008,0.01,20,0.01016,17.97866163719408,9.494618244690075,0.12633364767537056
0.008,0.01,20,0.010794999999999999,17.9469823192199,9.655664213646682,0.12831360504875583
0.008,0.01,20,0.01143,17.914053609735163,9.82350230148723,0.13037164939155213
0.008,0.01,20,0.012065,17.87996226661636,9.997741890902113,0.13250235833647725
0.008,0.01,21,0.006985,18.11432260669909,8.80962488553028,0.11785483708130817
0.008,0.01,21,0.007620000000000001,18.08884564884022,8.937693845066963,0.11944714694748476
0.008,0.01,21,0.008255,18.061679484637295,9.074544401645996,0.12114503221016945
0.008,0.01,21,0.008889999999999999,18.03289268377881,9.21988710860366,0.12294420726382535
0.008,0.01,21,0.009524999999999999,18.002559581711864,9.373403843782485,0.12484002614300792
0.008,0.01,21,0.01016,17.970759854373625,9.534749183624994,0.12682750910164797
0.008,0.01,21,0.010794999999999999,17.93757802887353,9.703552095392583,0.1289013731954045
0.008,0.01,21,0.01143,17.9031029388849,9.879417919056715,0.1310560663196954
0.008,0.01,21,0.012065,17.86742713422035,10.061930606643948,0.13328580411122765
0.008,0.01,22,0.006985,18.1130813291677,8.81585851753588,0.11793241692702046
0.008,0.01,22,0.007620000000000001,18.086404820470875,8.949977345312206,0.11959969872057107
0.008,0.01,22,0.008255,18.057969408020313,9.093257358362447,0.12137691199873026
0.008,0.01,22,0.008889999999999999,18.027848717258337,9.245388636712121,0.12325945517135481
0.008,0.01,22,0.009524999999999999,17.99612240527614,9.406031160455147,0.12524234967024034
0.008,0.01,22,0.01016,17.962875688671716,9.574816339363405,0.12732026945801955
0.008,0.01,22,0.010794999999999999,17.928198804652936,9.751348876967183,0.12948757470919287
0.008,0.01,22,0.01143,17.89218641512923,9.935208937513792,0.13173834905442214
0.008,0.01,22,0.012065,17.854936964259878,10.125954580255243,0.13406643973375615
0.008,0.01,23,0.006985,18.11184047819205,8.822090630161922,0.11800997011299677
0.008,0.01,23,0.007620000000000001,18.083965647310606,8.962254931773039,0.11975214704308561
0.008,0.01,23,0.008255,18.054263170180832,9.111956555109806,0.12160855186369811
0.008,0.01,23,0.008889999999999999,18.022811874770184,9.270864540704286,0.12357425782686328
0.008,0.01,23,0.009524999999999999,17.989696881602924,9.438616410903489,0.12564394489981864
0.008,0.01,23,0.01016,17.95500908217383,9.614819863847886,0.12781193236413638
0.008,0.01,23,0.010794999999999999,17.918844548058928,9.799054818081956,0.13007221574631653
0.008,0.01,23,0.01143,17.881303881507733,9.990875772869076,0.13241850740576672
0.008,0.01,23,0.012065,17.84249151903333,10.189814445146077,0.13484428006041596
0.008,0.01,24,0.006985,18.11060005355597,8.828321223963838,0.11808749665275342
0.008,0.01,24,0.007620000000000001,18.081528127703677,8.974526608719147,0.11990449201851909
0.008,0.01,24,0.008255,18.05056076526006,9.130642007059423,0.12183995217124724
0.008,0.01,24,0.008889999999999999,18.017782141474356,9.296314859181708,0.12388861615785433
0.008,0.01,24,0.009524999999999999,17.983282979584487,9.471159676428744,0.12604481377596805
0.008,0.01,24,0.01016,17.94715997721613,9.654759908538805,0.12830250142399097
0.008,0.01,24,0.010794999999999999,17.90951516110175,9.846670177462101,0.13065530243114104
0.008,0.01,24,0.01143,17.870455182008925,10.046418839283293,0.13309655112444277
0.008,0.01,24,0.012065,17.830090562491932,10.25351083148353,0.13561933984425523
0.008,0.01,25,0.006985,18.109360055043226,8.834550299496787,0.11816499655979741
0.008,0.01,25,0.007620000000000001,18.0790922599964,8.986792380416103,0.12005673375022535
0.008,0.01,25,0.008255,18.04686218741091,9.149313729360346,0.12207111328681676
0.008,0.01,25,0.008889999999999999,18.012759502571384,9.321739630668432,0.12420253108928797
0.008,0.01,25,0.009524999999999999,17.97688066822269,9.50366103812276,0.12644495823608223
0.008,0.01,25,0.01016,17.93932831638398,9.694636624416209,0.12879198022600072
0.008,0.01,25,0.010794999999999999,17.9002105462975,9.894195212851256,0.1312368408564068
0.008,0.01,25,0.01143,17.85964016156339,10.101838549077518,0.13377248990228693
0.008,0.01,25,0.012065,17.81773386022553,10.317044366212397,0.13639163373590574
0.008,0.01,26,0.006985,18.108120482437982,8.840777857315656,0.11824246984762725
0.008,0.01,26,0.007620000000000001,18.076658042537247,8.999052251125374,0.12020887234142248
0.008,0.01,26,0.008255,18.043167430798235,9.16797173713937,0.12230203557511131
0.008,0.01,26,0.008889999999999999,18.007743943302557,9.34713889361121,0.1245160035435894
0.008,0.01,26,0.009524999999999999,17.97048991662797,9.53612057686869,0.1268443802107536
0.008,0.01,26,0.01016,17.931514042510514,9.734450161981743,0.12928037234309142
0.008,0.01,26,0.010794999999999999,17.89093060666511,9.941630181016126,0.13181683708343017
0.008,0.01,26,0.01143,17.848858666036847,10.157135312743408,0.1344463333726983
0.008,0.01,26,0.012065,17.805421179448615,10.380415673075767,0.13716117628446156
0.008,0.01,27,0.006985,18.106881335524292,8.847003897975068,0.11831991652973219
0.008,0.01,27,0.007620000000000001,18.074225473676904,9.01130622510433,0.12036090789519269
0.008,0.01,27,0.008255,18.039476489598314,9.186616045501085,0.12253271940010368
0.008,0.01,27,0.008889999999999999,18.002735448949466,9.372512686379684,0.12482903444065832
0.008,0.01,27,0.009524999999999999,17.964110694019155,9.568538373341664,0.12724308162380288
0.008,0.01,27,0.01016,17.923717098675525,9.774200671260537,0.12976768133278
0.008,0.01,27,0.010794999999999999,17.88167524572316,9.98897533775111,0.13239529714230402
0.008,0.01,27,0.01143,17.838110542222807,10.212309538953324,0.13511809111107434
0.008,0.01,27,0.012065,17.79315228898639,10.44362537263544,0.13792798193834999
0.008,0.01,28,0.006985,18.10564261408655,8.85322842202937,0.11839733661959231
0.008,0.01,28,0.007620000000000001,18.071794551768278,9.023554306606247,0.1205128405144824
0.008,0.01,28,0.008255,18.03578935799942,9.205246669527893,0.12276316512503634
0.008,0.01,28,0.008889999999999999,17.997734004834,9.397861047266577,0.12514162469787624
0.008,0.01,28,0.009524999999999999,17.957742969723085,9.600914508009444,0.1276410643923078
0.008,0.01,28,0.01016,17.915937428203904,9.81388830180309,0.1302539107372564
0.008,0.01,28,0.010794999999999999,17.872444367486423,10.036230937882907,0.13297222703209718
0.008,0.01,28,0.01143,17.827395637836105,10.267361634570383,0.13578777263524286
0.008,0.01,28,0.012065,17.78092695926091,10.506674082292163,0.1386920650461921
0.008,0.01,29,0.006985,18.104404317909143,8.859451430032639,0.11847473013067913
0.008,0.01,29,0.007620000000000001,18.069365275166376,9.035796499880309,0.12066467030210276
0.008,0.01,29,0.008255,18.03210603020125,9.223863624280083,0.1229933731124235
0.008,0.01,29,0.008889999999999999,17.99273959631813,9.423184014487891,0.12545377523011622
0.008,0.01,29,0.009524999999999999,17.95138671317386,9.633249061133103,0.12803833042663323
0.008,0.01,29,0.01016,17.908174974664576,9.853513202687152,0.1307390640834658
0.008,0.01,29,0.010794999999999999,17.863237876463188,10.083397235275077,0.13354763272105127
0.008,0.01,29,0.01143,17.816713801505784,10.322292004658491,0.13645538740588967
0.008,0.01,29,0.012065,17.76874496227748,10.569562416305757,0.13945343985765588
0.008,0.01,30,0.006985,18.103166446776697,8.865672922538684,0.1185520970764547
0.008,0.01,30,0.007620000000000001,18.06693764222831,9.04803280917162,0.1208163973607294
0.008,0.01,30,0.008255,18.02842650041515,9.242466924795835,0.12322334372405216
0.008,0.01,30,0.008889999999999999,17.98775220880401,9.448481626183101,0.12576548694975045
0.008,0.01,30,0.009524999999999999,17.945041893912673,9.665542112767683,0.12843488163045963
0.008,0.01,30,0.01016,17.900429681868957,9.893075522519572,0.13122314488318937
0.008,0.01,30,0.010794999999999999,17.85405567765156,10.1304744828326,0.1341215201467772
0.008,0.01,30,0.01143,17.806064882768283,10.377101052492252,0.13712094482698386
0.008,0.01,30,0.012065,17.756606071611202,10.63229098581505,0.1402121205242997
0.008,0.01,31,0.006985,18.10192900047406,8.871892900101049,0.11862943747037251
0.008,0.01,31,0.007620000000000001,18.064511651313524,9.0602632387212,0.12096802179290339
0.008,0.01,31,0.008255,18.024750762864244,9.261056586091291,0.12345307732098515
0.008,0.01,31,0.008889999999999999,17.982771827733472,9.473753920415342,0.12607676076665947
0.008,0.01,31,0.009524999999999999,17.938708481587014,9.69779374276286,0.12883071990081243
0.008,0.01,31,0.01016,17.892701493869993,9.932575409438186,0.1317061566331251
0.008,0.01,31,0.010794999999999999,17.84489767653679,10.177462932506382,0.13469389521644934
0.008,0.01,31,0.01143,17.795448732060834,10.43178917956685,0.13778445424619726
0.008,0.01,31,0.012065,17.744510062393488,10.694860398857676,0.14096812110040816
0.008,0.01,32,0.006985,18.10069197878596,8.878111363272996,0.11870675132587664
0.008,0.01,32,0.007620000000000001,18.062087300783503,9.07248779276599,0.1211195437010308
0.008,0.01,32,0.008255,18.021078811783013,9.279632623160573,0.12368257426356163
0.008,0.01,32,0.008889999999999999,17.977798438588138,9.499000935171601,0.12638759758823997
0.008,0.01,32,0.009524999999999999,17.932386445950556,9.730004030763588,0.12922584712809057
0.008,0.01,32,0.01016,17.884990354960507,9.972013011113633,0.13218810281496787
0.008,0.01,32,0.010794999999999999,17.83576377908804,10.224362835297757,0.1352647638069985
0.008,0.01,32,0.01143,17.78486520071482,10.486356785607846,0.13844592495532212
0.008,0.01,32,0.012065,17.73245671129888,10.757271260389718,0.1417214555438184
0.008,0.01,33,0.006985,18.099455381497535,8.884328312607531,0.11878403865640268
0.008,0.01,33,0.007620000000000001,18.059664589001898,9.084706475538875,0.12127096318738301
0.008,0.01,33,0.008255,18.017410641417598,9.298195050975842,0.1239118349114
0.008,0.01,33,0.008889999999999999,17.972832026889364,9.524222708362903,0.1266979983194135
0.008,0.01,33,0.009524999999999999,17.926075756862474,9.762173056210774,0.1296202651960952
0.008,0.01,33,0.01016,17.87729620967218,10.011388474751223,0.13266898689548934
0.008,0.01,33,0.010794999999999999,17.826653891755143,10.271174441262962,0.13583413176530396
0.008,0.01,33,0.01143,17.77431414094906,10.540804268580919,0.13910536619068362
0.008,0.01,33,0.012065,17.720445796532204,10.819524172305218,0.14247213771673906
0.008,0.01,34,0.006985,18.09821920839397,8.890543748657382,0.11886129947537707
0.008,0.01,34,0.007620000000000001,18.05724351433446,9.096919291268664,0.12142228035409737
0.008,0.01,34,0.008255,18.01374624602562,9.316743884487321,0.12414085962339877
0.008,0.01,34,0.008889999999999999,17.96787257819784,9.549419277824512,0.1270079638626346
0.008,0.01,34,0.009524999999999999,17.919776384287047,9.794300898341916,0.1300139759820579
0.008,0.01,34,0.01016,17.86961900277413,10.05070194709275,0.133148812326617
0.008,0.01,34,0.010794999999999999,17.817567921465866,10.31789799951757,0.13640200490838264
0.008,0.01,34,0.01143,17.76379540586322,10.595132024701545,0.13976278713355025
0.008,0.01,34,0.012065,17.708477097815035,10.881619733455516,0.14322018138656026
0.008,0.01,35,0.006985,18.096983459260514,8.896757671975013,0.11893853379621705
0.008,0.01,35,0.007620000000000001,18.054824075149156,9.109126244180109,0.1215734953031769
0.008,0.01,35,0.008255,18.01008561987618,9.33527913862335,0.12436964875773901
0.008,0.01,35,0.008889999999999999,17.962920078113598,9.57459068131611,0.12731749511789964
0.008,0.01,35,0.009524999999999999,17.91348829829326,9.826387636191766,0.13040698135666975
0.008,0.01,35,0.01016,17.861958679271822,10.089953574418326,0.13362758254551244
0.008,0.01,35,0.010794999999999999,17.808505775622734,10.364533758240913,0.13696838902357886
0.008,0.01,35,0.01143,17.75330884943139,10.649340448444597,0.14041819691053875
0.008,0.01,35,0.012065,17.696550396373482,10.943558539668443,0.1439656002266559
0.008,0.01,36,0.006985,18.095748133882694,8.902970083112617,0.1190157416323312
0.008,0.01,36,0.007620000000000001,18.052406269816174,9.121327338493902,0.12172460813649078
0.008,0.01,36,0.008255,18.006428757249807,9.353800828290412,0.1245982026718858
0.008,0.01,36,0.008889999999999999,17.95797451227594,9.599736956521987,0.1276265929827544
0.008,0.01,36,0.009524999999999999,17.907211469054232,9.858433348592964,0.13079928318410877
0.008,0.01,36,0.01016,17.854315184405607,10.129143502548184,0.13410530097464995
0.008,0.01,36,0.010794999999999999,17.79946736209996,10.411081964680482,0.13753328986875074
0.008,0.01,36,0.01143,17.742854326495717,10.703429932553911,0.14107160459401738
0.008,0.01,36,0.012065,17.68466547492517,11.005341183767403,0.1447084078171774
0.008,0.01,37,0.006985,18.094513232046097,8.909180982622116,0.11909292299711911
0.008,0.01,37,0.007620000000000001,18.04999009670763,9.133522578426692,0.12187561895577463
0.008,0.01,37,0.008255,18.002775652438572,9.372308968373186,0.12482652172258991
0.008,0.01,37,0.008889999999999999,17.953035866363166,9.624858141051236,0.1279352583523027
0.008,0.01,37,0.009524999999999999,17.900945866846882,9.8904381141767,0.13119088332206835
0.008,0.01,37,0.01016,17.846688463649684,10.168271876844498,0.13458197102189426
0.008,0.01,37,0.010794999999999999,17.790452589240715,10.457542865156292,0.1380967131724567
0.008,0.01,37,0.01143,17.732431692759917,10.75740086805175,0.14172301920250432
0.008,0.01,37,0.012065,17.672822117666556,11.066968255590265,0.14544861764584013
0.008,0.01,38,0.006985,18.09327875353648,8.91539037105517,0.11917007790397154
0.008,0.01,38,0.007620000000000001,18.04757555419792,9.14571196819108,0.12202652786263027
0.008,0.01,38,0.008255,17.99912629974574,9.390803573734583,0.12505460626589007
0.008,0.01,38,0.008889999999999999,17.948104126092574,9.649954272437935,0.12824349211921496
0.008,0.01,38,0.009524999999999999,17.894691462051412,9.922402011373338,0.13158178362178533
0.008,0.01,38,0.01016,17.839078462710745,10.20733884221317,0.13505759608057702
0.008,0.01,38,0.010794999999999999,17.781461365853772,10.503916705065215,0.13865866463413912
0.008,0.01,38,0.01143,17.722040804782978,10.811253644248238,0.14237244970106308
0.008,0.01,38,0.012065,17.66102011026078,11.128440342008147,0.1461862431087013
0.008,0.01,39,0.006985,18.09204469813966,8.921598248963159,0.11924720636627009
0.008,0.01,39,0.007620000000000001,18.04516264066359,9.157895511995624,0.12217733495852671
0.008,0.01,39,0.008255,17.995480693486172,9.409284659215773,0.12528245665711402
0.008,0.01,39,0.008889999999999999,17.943179277220224,9.675025388141327,0.12855129517373542
0.008,0.01,39,0.009524999999999999,17.88844822515091,9.95432511841307,0.13197198592806708
0.008,0.01,39,0.01016,17.831485127526832,10.24634454310562,0.13553217952957414
0.008,0.01,39,0.010794999999999999,17.772493601211067,10.550203728885327,0.13921914992430867
0.008,0.01,39,0.01143,17.7116815199729,10.864988648750717,0.1430199050016943
0.008,0.01,39,0.012065,17.64925923982514,11.189758026944029,0.14692129751093008
0.008,0.01,40,0.006985,18.090811065641788,8.927804616897209,0.11932430839738768
0.008,0.01,40,0.007620000000000001,18.042751354483187,9.17007321404485,0.12232804034479962
0.008,0.01,40,0.008255,17.99183882798593,9.42775223963625,0.1255100732508809
0.008,0.01,40,0.008889999999999999,17.938261305540948,9.70007152554602,0.1288586684036916
0.008,0.01,40,0.009524999999999999,17.882216126730896,9.986207513326562,0.13236149207932021
0.008,0.01,40,0.01016,17.823908404265865,10.28528912352057,0.1360057247333821
0.008,0.01,40,0.010794999999999999,17.7635492050444,10.596404180180182,0.13977817468472437
0.008,0.01,40,0.01143,17.701353696580384,10.91860626747306,0.1436653939637248
0.008,0.01,40,0.012065,17.637539294918838,11.250921891391267,0.14765379406757093
0.008,0.01,41,0.006985,18.089577855828963,8.934009475408168,0.11940138401068817
0.008,0.01,41,0.007620000000000001,18.04034169403758,9.182245078539248,0.12247864412265191
0.008,0.01,41,0.008255,17.98820069758233,9.446206329793846,0.1257374564011027
0.008,0.01,41,0.008889999999999999,17.933350196888,9.725092721962172,0.1291656126945012
0.008,0.01,41,0.009524999999999999,17.875995137478753,10.018049273945564,0.13275030390757692
0.008,0.01,41,0.01016,17.816348239324896,10.324172727005815,0.13647823504219286
0.008,0.01,41,0.010794999999999999,17.754628087542812,10.64251830160309,0.14033574452857556
0.008,0.01,41,0.01143,17.691057193692927,10.972106884644884,0.14430892539419216
0.008,0.01,41,0.012065,17.625860065531242,11.311932513431918,0.1483837459042978
0.008,0.01,42,0.006985,18.08834506848757,8.94021282504662,0.11947843321952652
0.008,0.01,42,0.007620000000000001,18.037933657709516,9.19441110967529,0.1226291463931542
0.008,0.01,42,0.008255,17.984566296624223,9.464646944464787,0.1259646064609858
0.008,0.01,42,0.008889999999999999,17.92844593713312,9.75008901462566,0.129472128929181
0.008,0.01,42,0.009524999999999999,17.869785228183616,10.049850477903565,0.1331384232385232
0.008,0.01,42,0.01016,17.808804579328466,10.362995496659982,0.1369497137919699
0.008,0.01,42,0.010794999999999999,17.74573015934942,10.688546334901373,0.1408918650406597
0.008,0.01,42,0.01143,17.680791871228394,11.025490882820753,0.14495050804822654
0.008,0.01,42,0.012065,17.614221343069403,11.372790468254967,0.14911116605816252
0.008,0.01,43,0.006985,18.087112703404046,8.94641466636288,0.11955545603724886
0.008,0.01,43,0.007620000000000001,18.035527243884076,9.206571311645412,0.12277954725724423
0.008,0.01,43,0.008255,17.980935619471495,9.483074098403726,0.12619152378303328
0.008,0.01,43,0.008889999999999999,17.923548512186358,9.775060440698278,0.1297782179883543
0.008,0.01,43,0.009524999999999999,17.86358636973557,10.081611202636417,0.1335258518915256
0.008,0.01,43,0.01016,17.80127737112764,10.401757575134294,0.13742016430452267
0.008,0.01,43,0.010794999999999999,17.736855331559013,10.734488520920571,0.14144654177756075
0.008,0.01,43,0.01143,17.67055758992916,11.078758642889275,0.1455901506294292
0.008,0.01,43,0.012065,17.602622920346676,11.433496328174401,0.14983606747833436
0.008,0.01,44,0.006985,18.085880760364944,8.952614999906995,0.11963245247719244
0.008,0.01,44,0.007620000000000001,18.033122450948326,9.218725688638052,0.12292984681572786
0.008,0.01,44,0.008255,17.977308660495282,9.501487806343784,0.12641820871904602
0.008,0.01,44,0.008889999999999999,17.91865790799585,9.800007037267926,0.13008388075025976
0.008,0.01,44,0.009524999999999999,17.85739853312549,10.113331525382966,0.13391259167965852
0.008,0.01,44,0.01016,17.79376656179869,10.440459104634307,0.13788958988758096
0.008,0.01,44,0.010794999999999999,17.728003515714818,10.78034509960867,0.14199978026782506
0.008,0.01,44,0.01143,17.660354211356037,11.131910544082182,0.14622786179024805
0.008,0.01,44,0.012065,17.59106459157067,11.494050662647142,0.15055846302683262
0.008,0.01,45,0.006985,18.084649239157045,8.958813826228749,0.11970942255268574
0.008,0.01,45,0.007620000000000001,18.030719277291553,9.230874244837624,0.123080045169279
0.008,0.01,45,0.008255,17.973685414077977,9.519888082996589,0.126644661620125
0.008,0.01,45,0.008889999999999999,17.913774110547877,9.824928841348783,0.1303891180907587
0.008,0.01,45,0.009524999999999999,17.851221689444287,10.145011523185671,0.13429864440973083
0.008,0.01,45,0.01016,17.786272098642087,10.479100226921663,0.13835799383486858
0.008,0.01,45,0.010794999999999999,17.719174623805827,10.826116310020254,0.1425515860121368
0.008,0.01,45,0.01143,17.65018159788241,11.184946963983311,0.14686365013234862
0.008,0.01,45,0.012065,17.579546152331943,11.554454038290865,0.1512783654792525
0.008,0.01,46,0.006985,18.083418139567243,8.96501114587765,0.11978636627704811
0.008,0.01,46,0.007620000000000001,18.028317721304973,9.243016984424536,0.12323014241843969
0.008,0.01,46,0.008255,17.970065874613226,9.538274943052311,0.12687088283667244
0.008,0.01,46,0.008889999999999999,17.908897105866515,9.849825889881485,0.13069393088334327
0.008,0.01,46,0.009524999999999999,17.84505580988298,10.176651272891238,0.13468401188231302
0.008,0.01,46,0.01016,17.778793929181177,10.5176810833158,0.1388253794261771
0.008,0.01,46,0.010794999999999999,17.71036856826413,10.871802390320676,0.14310196448349158
0.008,0.01,46,0.01143,17.64003961268827,11.237868278537553,0.14749752420698364
0.008,0.01,46,0.012065,17.56806739959228,11.614707018901656,0.15199578752548315
0.008,0.01,47,0.006985,18.082187461382546,8.971206959402947,0.11986328366359025
0.008,0.01,47,0.007620000000000001,18.025917781382077,9.255153911575198,0.12338013866362055
0.008,0.01,47,0.008255,17.966450036505705,9.556648401179713,0.12709687271839434
0.008,0.01,47,0.008889999999999999,17.904026880013703,9.874698219733332,0.13099831999914435
0.008,0.01,47,0.009524999999999999,17.838900865731773,10.208250851151229,0.13506869589176365
0.008,0.01,47,0.01016,17.771332001161,10.556201814695694,0.13929174992743817
0.008,0.01,47,0.010794999999999999,17.701585261962123,10.91740357779017,0.14365092112736835
0.008,0.01,47,0.01143,17.629928119754254,11.290674862059742,0.1481294925153584
0.008,0.01,47,0.012065,17.55662813167328,11.67481016547157,0.15271074177041905
0.008,0.01,48,0.006985,18.080957204390188,8.977401267353619,0.11994017472561397
0.008,0.01,48,0.007620000000000001,18.023519455918404,9.267285030462022,0.123530034005101
0.008,0.01,48,0.008255,17.962837894171173,9.575008472026177,0.1273226316143012
0.008,0.01,48,0.008889999999999999,17.89916341908895,9.89954586769844,0.13130228630693952
0.008,0.01,48,0.009524999999999999,17.8327568283799,10.239810334422696,0.1354526982262561
0.008,0.01,48,0.01016,17.76388626254726,10.59466256150157,0.13975710859079707
0.008,0.01,48,0.010794999999999999,17.692824618209556,10.962920108827985,0.14419846136190145
0.008,0.01,48,0.01143,17.61984698385612,11.343367087243468,0.14875956350899278
0.008,0.01,48,0.012065,17.54522814824537,11.734764036206034,0.15342324073466362
0.008,0.01,49,0.006985,18.079727368377405,8.983594070278379,0.12001703947641208
0.008,0.01,49,0.007620000000000001,18.021122743311537,9.279410345253424,0.12367982854302907
0.008,0.01,49,0.008255,17.959229442036644,9.593355170217743,0.12754815987271045
0.008,0.01,49,0.008889999999999999,17.894306709229397,9.924368870497943,0.13160583067316114
0.008,0.01,49,0.009524999999999999,17.826623669315154,10.271329798968782,0.13583602066780456
0.008,0.01,49,0.01016,17.75645666152508,10.633063463736605,0.14022145865468347
0.008,0.01,49,0.010794999999999999,17.684086550751204,11.00835221895645,0.14474459057804984
0.008,0.01,49,0.01143,17.60979607055873,11.395945325169855,0.14938774559008058
0.008,0.01,49,0.012065,17.533867250316348,11.794569186541121,0.15413329685522714
0.008,0.01,50,0.006985,18.078497953131716,8.98978536872567,0.12009387792926873
0.008,0.01,50,0.007620000000000001,18.01872764196122,9.291529860113833,0.1238295223774222
0.008,0.01,50,0.008255,17.955624674540047,9.611688510359164,0.12777345784124794
0.008,0.01,50,0.008889999999999999,17.88945673660953,9.949167264780167,0.13190895396190366
0.008,0.01,50,0.009524999999999999,17.82050136012333,10.302809320859351,0.13621866499229066
0.008,0.01,50,0.01016,17.749043146497854,10.671404660968616,0.14068480334388364
0.008,0.01,50,0.010794999999999999,17.675370973763734,11.05370014282504,0.14528931413976612
0.008,0.01,50,0.01143,17.59977524621047,11.448409945316264,0.15001404711184585
0.008,0.01,50,0.012065,17.522545240220552,11.85422616916072,0.1548409224862168
0.01,0.012,0,0.006985,18.981660019359367,4.600146559373838,0.06364624879004066
0.01,0.012,0,0.007620000000000001,18.981660019359367,4.600146559373838,0.06364624879004066
0.01,0.012,0,0.008255,18.981660019359367,4.600146559373838,0.06364624879004066
0.01,0.012,0,0.008889999999999999,18.981660019359367,4.600146559373838,0.06364624879004066
0.01,0.012,0,0.009524999999999999,18.981660019359367,4.600146559373838,0.06364624879004066
0.01,0.012,0,0.01016,18.981660019359367,4.600146559373838,0.06364624879004066
0.01,0.012,0,0.010794999999999999,18.981660019359367,4.600146559373838,0.06364624879004066
0.01,0.012,0,0.01143,18.981660019359367,4.600146559373838,0.06364624879004066
0.01,0.012,0,0.012065,18.981660019359367,4.600146559373838,0.06364624879004066
0.01,0.012,1,0.006985,18.98089523302582,4.603734769159196,0.06369404793588514
0.01,0.012,1,0.007620000000000001,18.980144865320142,4.607255533508167,0.06374094591749224
0.01,0.012,1,0.008255,18.979338128591507,4.6110410092309655,0.06379136696302908
0.01,0.012,1,0.008889999999999999,18.978475476476433,4.615089116406024,0.06384528272022208
0.01,0.012,1,0.009524999999999999,18.977557438067038,4.619397423818096,0.06390266012080838
0.01,0.012,1,0.01016,18.976584619564335,4.6239631409799875,0.06396346127722784
0.01,0.012,1,0.010794999999999999,18.97555770546785,4.62878311230329,0.06402764340826092
0.01,0.012,1,0.01143,18.974477459308787,4.633853813388148,0.06409515879319948
0.01,0.012,1,0.012065,18.97334472393311,4.63917134940563,0.0641659547541791
0.01,0.012,2,0.006985,18.98013059047662,4.607322513772045,0.06374183809521079
0.01,0.012,2,0.007620000000000001,18.978630275576847,4.6143626818785,0.0638356077764477
0.01,0.012,2,0.008255,18.977017562885692,4.621931171513556,0.06393640231964529
0.01,0.012,2,0.008889999999999999,18.97529342591048,4.6300236081634845,0.06404416088059518
0.01,0.012,2,0.009524999999999999,18.973458992742223,4.638634902719126,0.06415881295360973
0.01,0.012,2,0.01016,18.971515549046842,4.647759236519753,0.06428027818457284
0.01,0.012,2,0.010794999999999999,18.96946454009708,4.6573900508011805,0.06440846624393268
0.01,0.012,2,0.01143,18.967307571860715,4.667520040483064,0.0645432767587058
0.01,0.012,2,0.012065,18.96504641115814,4.678141152235936,0.06468459930261489
0.01,0.012,3,0.006985,18.97936609167192,4.610909793302831,0.0637896192705059
0.01,0.012,3,0.007620000000000001,18.97711624981997,4.6214680051881025,0.06393023438625146
0.01,0.012,3,0.008255,18.974698321128244,4.632817048752209,0.06408135492948604
0.01,0.012,3,0.008889999999999999,18.972113864789378,4.6449500411743285,0.06424288345066484
0.01,0.012,3,0.009524999999999999,18.969364677246006,4.657859010032962,0.06441470767212448
0.01,0.012,3,0.01016,18.96645279618741,4.671534872413707,0.06459670023828512
0.01,0.012,3,0.010794999999999999,18.963380503058772,4.685967420782323,0.06478871855882753
0.01,0.012,3,0.01143,18.9601503241077,4.701145315517144,0.0649906047432687
0.01,0.012,3,0.012065,18.956765029993562,4.7170560840010705,0.0652021856254027
0.01,0.012,4,0.006985,18.978601736571875,4.614496607841984,0.06383739146425803
0.01,0.012,4,0.007620000000000001,18.97560278774023,4.628571504139875,0.06402482576623418
0.01,0.012,4,0.008255,18.972380402206852,4.643698643475536,0.06422622486207138
0.01,0.012,4,0.008889999999999999,18.96893679024538,4.659868421959623,0.06444145060966414
0.01,0.012,4,0.009524999999999999,18.96527448545146,4.677069759696246,0.06467034465928344
0.01,0.012,4,0.01016,18.961396349394875,4.6952900750370095,0.06491272816282131
0.01,0.012,4,0.010794999999999999,18.957305574223085,4.714515268066663,0.06516840161105598
0.01,0.012,4,0.01143,18.953005683254787,4.734729713166945,0.06543714479657575
0.01,0.012,4,0.012065,18.948500529600096,4.755916260510538,0.06571871689999494
0.01,0.012,5,0.006985,18.97783752513675,4.618082957479906,0.0638851546789538
0.01,0.012,5,0.007620000000000001,18.97408988902862,4.63567317943636,0.06411938193571232
0.01,0.012,5,0.008255,18.97006380501051,4.65457595821016,0.06437101218684449
0.01,0.012,5,0.008889999999999999,18.96576219941511,4.674778757033401,0.0646398625365542
0.01,0.012,5,0.009524999999999999,18.961188411243654,4.696267165626259,0.0649257242972702
0.01,0.012,5,0.01016,18.956346197105745,4.719024870719509,0.06522836268089015
0.01,0.012,5,0.010794999999999999,18.95123973351872,4.743033638379521,0.06554751665508111
0.01,0.012,5,0.01143,18.945873616618826,4.768273307927569,0.06588289896132334
0.01,0.012,5,0.012065,18.940252859339182,4.794721797248168,0.06623419629130274
0.01,0.012,6,0.006985,18.977073457326753,4.621668842306984,0.0639329089170788
0.01,0.012,6,0.007620000000000001,18.972577553376198,4.642773031779735,0.06421390291398847
0.01,0.012,6,0.008255,18.96774852842924,4.665448995480715,0.06451571697317188
0.01,0.012,6,0.008889999999999999,18.962590089439573,4.689681052902674,0.06483811941002525
0.01,0.012,6,0.009524999999999999,18.957106448519653,4.715451241720954,0.06518084696752321
0.01,0.012,6,0.01016,18.951302327784674,4.742739285745832,0.06554360451345766
0.01,0.012,6,0.010794999999999999,18.9451829609323,4.771522577351847,0.06592606494173105
0.01,0.012,6,0.01143,18.938754091628084,4.80177617411321,0.06632786927324574
0.01,0.012,6,0.012065,18.932021968771892,4.833472809373263,0.0667486269517569
0.01,0.012,7,0.006985,18.976309533102096,4.625254262413566,0.06398065418111784
0.01,0.012,7,0.007620000000000001,18.971065780474362,4.649871061871824,0.06430838872035129
0.01,0.012,7,0.008255,18.965434571354535,4.6763177578098505,0.06466033929034325
0.01,0.012,7,0.008889999999999999,18.959420457464034,4.70457531606743,0.06503622140849731
0.01,0.012,7,0.009524999999999999,18.95302859118823,4.734622001858992,0.06543571305073728
0.01,0.012,7,0.01016,18.94626472992394,4.766433346355482,0.0658584543797526
0.01,0.012,7,0.010794999999999999,18.939135236508605,4.799982130520446,0.06630404771821226
0.01,0.012,7,0.01143,18.931647075821672,4.835238385857712,0.0667720577611444
0.01,0.012,7,0.012065,18.92380780765808,4.87216941172174,0.06726201202136965
0.01,0.012,8,0.006985,18.975545752423102,4.628839217889992,0.06402839047355485
0.01,0.012,8,0.007620000000000001,18.969554570014793,4.656967270414083,0.06440283937407555
0.01,0.012,8,0.008255,18.96312193267886,4.687182247718233,0.06480487920757187
0.01,0.012,8,0.008889999999999999,18.956253300638082,4.719461553020663,0.06523416871011971
0.01,0.012,8,0.009524999999999999,18.94895483317015,4.753779459899768,0.06569032292686564
0.01,0.012,8,0.01016,18.94123339204367,4.790107078742947,0.06617291299727149
0.01,0.012,8,0.010794999999999999,18.93309654035005,4.828412343328236,0.06668146622812239
0.01,0.012,8,0.01143,18.92455253684932,4.868660017115107,0.06721546644691752
0.01,0.012,8,0.012065,18.9156103259553,4.9108117188072615,0.06777435462779409
0.01,0.012,9,0.006985,18.974782115250036,4.6324237088265745,0.06407611779687265
0.01,0.012,9,0.007620000000000001,18.96804392168923,4.664061658107615,0.06449725489442229
0.01,0.012,9,0.008255,18.960810611296097,4.698042467724549,0.06494933679399462
0.01,0.012,9,0.008889999999999999,18.953088616115622,4.734339770248363,0.06543196149277293
0.01,0.012,9,0.009524999999999999,18.94488516839806,4.7729236296834605,0.06594467697512121
0.01,0.012,9,0.01016,18.936208302691455,4.8137605090577775,0.06648698108178337
0.01,0.012,9,0.010794999999999999,18.927066852616576,4.856813261124489,0.06705832171146373
0.01,0.012,9,0.01143,18.917470442470574,4.902041141660167,0.06765809734558877
0.01,0.012,9,0.012065,18.907429473817842,4.949399844822367,0.06828565788638526
0.01,0.012,10,0.006985,18.974018621543166,4.6360077353135924,0.06412383615355326
0.01,0.012,10,0.007620000000000001,18.966533835189807,4.671154225653156,0.06459163530063822
0.01,0.012,10,0.008255,18.958500606101268,4.708898420345503,0.06509371211867226
0.01,0.012,10,0.008889999999999999,18.949926401054938,4.749209974229536,0.06562959993406786
0.01,0.012,10,0.009524999999999999,18.940819590816318,4.792054525031045,0.06619877557397928
0.01,0.012,10,0.01016,18.931189450442616,4.837393663404699,0.06680065934733578
0.01,0.012,10,0.010794999999999999,18.921046153525538,4.885184929165057,0.06743461540465484
0.01,0.012,10,0.01143,18.910400760554637,4.9353818330889405,0.06809995246533597
0.01,0.012,10,0.012065,18.899265201595824,4.987933903639601,0.06879592490025922
0.01,0.012,11,0.006985,18.973255271262758,4.639591297441316,0.06417154554607805
0.01,0.012,11,0.007620000000000001,18.96502431020872,4.678244973751091,0.0646859806119567
0.01,0.012,11,0.008255,18.956191915990587,4.719750108095821,0.06523800525058909
0.01,0.012,11,0.008889999999999999,18.946766652618464,4.764072171436211,0.06582708421134731
0.01,0.012,11,0.009524999999999999,18.93675809438116,4.811172159744343,0.06645261910117836
0.01,0.012,11,0.01016,18.926176823899823,4.861006567843699,0.06711394850625935
0.01,0.012,11,0.010794999999999999,18.9150344233513,4.913527392612631,0.06781034854054484
0.01,0.012,11,0.01143,18.90334345907968,4.968682164819298,0.06854103380752076
0.01,0.012,11,0.012065,18.891117459834334,5.026414008812623,0.06930515876035286
0.01,0.012,12,0.006985,18.97249206436919,4.643174395299983,0.06421924597692723
0.01,0.012,12,0.007620000000000001,18.96351534643844,4.685333903101439,0.06478029084759683
0.01,0.012,12,0.008255,18.953884539861576,4.7305975334882575,0.06538221625865324
0.01,0.012,12,0.008889999999999999,18.94360936797301,4.778926368333448,0.06602441450168592
0.01,0.012,12,0.009524999999999999,18.932700673060424,4.830276547606048,0.06670620793372256
0.01,0.012,12,0.01016,18.921170411693254,4.884599248390127,0.0674268492691728
0.01,0.012,12,0.010794999999999999,18.90903164242519,4.941840696536969,0.06818552234842518
0.01,0.012,12,0.01143,18.896298506132553,5.001942210091471,0.06898134336671621
0.01,0.012,12,0.012065,18.882986199272295,5.064840273577336,0.06981336254548327
0.01,0.012,13,0.006985,18.971729000822734,4.646757028979812,0.06426693744857996
0.01,0.012,13,0.007620000000000001,18.962006943571794,4.692421014403862,0.0648745660267642
0.01,0.012,13,0.008255,18.951578476612838,4.741440699033593,0.06552634521169733
0.01,0.012,13,0.008889999999999999,18.940454544289764,4.793772571379352,0.06622159098189064
0.01,0.012,13,0.009524999999999999,18.928647320833875,4.849367702379756,0.06695954244788321
0.01,0.012,13,0.01016,18.916170202480203,4.9081717310147885,0.06773936234498838
0.01,0.012,13,0.010794999999999999,18.90303779113532,4.970124885915142,0.06856013805404255
0.01,0.012,13,0.01143,18.88926586990823,5.0351620419685865,0.06942088313073591
0.01,0.012,13,0.012065,18.874871370841504,5.103212810852987,0.07032053932240576
0.01,0.012,14,0.006985,18.970966080583764,4.650339198570994,0.06431461996351476
0.01,0.012,14,0.007620000000000001,18.960499101301593,4.6995063083576625,0.06496880616865028
0.01,0.012,14,0.008255,18.949273725144337,4.752279607240633,0.06567039217847745
0.01,0.012,14,0.008889999999999999,18.93730217874395,4.808610787025073,0.0664186138285017
0.01,0.012,14,0.009524999999999999,18.924598031692824,4.868445637810006,0.06721262301920021
0.01,0.012,14,0.01016,18.911176184945305,4.9317240416440375,0.06805148844091674
0.01,0.012,14,0.010794999999999999,18.89705284992624,4.998380005631767,0.06893419687961172
0.01,0.012,14,0.01143,18.882245518709396,5.068341733337199,0.06985965508066172
0.01,0.012,14,0.012065,18.866772925666055,5.141531733243276,0.07082669214587288
0.01,0.012,15,0.006985,18.970203303612664,4.6539209041637,0.06436229352420925
0.01,0.012,15,0.007620000000000001,18.958991819321056,4.706589785661786,0.06506301129243293
0.01,0.012,15,0.008255,18.946970284357235,4.763114260616216,0.06581435722767445
0.01,0.012,15,0.008889999999999999,18.934152268515334,4.823441021714827,0.06661548321779251
0.01,0.012,15,0.009524999999999999,18.920552799640234,4.887510367622309,0.0674654500224845
0.01,0.012,15,0.01016,18.906188347800423,4.955256206159877,0.06836322826247197
0.01,0.012,15,0.010794999999999999,18.89107679929873,5.026606100479245,0.06930770004382794
0.01,0.012,15,0.01143,18.875237420946007,5.101481356907834,0.07029766119087306
0.01,0.012,15,0.012065,18.858690815060925,5.179797153037464,0.07133182405869233
0.01,0.012,16,0.006985,18.969440669869755,4.657502145848078,0.06440995813313997
0.01,0.012,16,0.007620000000000001,18.95748509732357,4.7136714470148195,0.06515718141727599
0.01,0.012,16,0.008255,18.944668153153714,4.773944661665212,0.06595824042789318
0.01,0.012,16,0.008889999999999999,18.93100481078767,4.838263281885897,0.06681219932577076
0.01,0.012,16,0.009524999999999999,18.91651161869089,4.906561905523181,0.0677180238318194
0.01,0.012,16,0.01016,18.901206679784366,4.978768250400051,0.06867458251347687
0.01,0.012,16,0.010794999999999999,18.885109619809953,5.0548032151580005,0.06968064876187946
0.01,0.012,16,0.01143,18.868241545134822,5.134580985215504,0.07073490342907342
0.01,0.012,16,0.012065,18.850624990531458,5.218009182211459,0.07183593809178504
0.01,0.012,17,0.006985,18.968678179315475,4.66108292371425,0.06445761379278278
0.01,0.012,17,0.007620000000000001,18.955978935002747,4.720751293114993,0.0652513165623297
0.01,0.012,17,0.008255,18.942367330437378,4.7847708128905255,0.06610204184766313
0.01,0.012,17,0.008889999999999999,18.92785980274914,4.853077573968647,0.06700876232817851
0.01,0.012,17,0.009524999999999999,18.912474482871005,4.925600265200176,0.06797034482056226
0.01,0.012,17,0.01016,18.89623116966294,5.002260200158141,0.0689855518960675
0.01,0.012,17,0.010794999999999999,18.879151292072663,5.082971394276716,0.07005304424546009
0.01,0.012,17,0.01143,18.8612578598989,5.167640690620258,0.07117138375631966
0.01,0.012,17,0.012065,18.842575403772116,5.256167932428914,0.0723390372642417
0.01,0.012,18,0.006985,18.967915831910204,4.6646632378523165,0.06450526050561235
0.01,0.012,18,0.007620000000000001,18.954473332052316,4.727829324660172,0.06534541674673046
0.01,0.012,18,0.008255,18.940067815112968,4.795592716793096,0.06624576155543795
0.01,0.012,18,0.008889999999999999,18.924717241592134,4.867883904386524,0.0672051724004927
0.01,0.012,18,0.009524999999999999,18.908441386218442,4.944625460321914,0.06822241336134652
0.01,0.012,18,0.01016,18.89126180622884,5.025732081183652,0.0692961371106987
0.01,0.012,18,0.010794999999999999,18.873201796755495,5.111110682352566,0.07042488770278185
0.01,0.012,18,0.01143,18.854286333967195,5.200660545307685,0.07160710412704907
0.01,0.012,18,0.012065,18.834542006665913,5.294273515042314,0.07284112458338096
0.01,0.012,19,0.006985,18.96715362761438,4.668243088352354,0.06455289827410288
0.01,0.012,19,0.007620000000000001,18.952968288166403,4.734905542347873,0.06543948198960078
0.01,0.012,19,0.008255,18.937769606086476,4.806410375871903,0.06638939961959643
0.01,0.012,19,0.008889999999999999,18.921577124513192,4.882682279556079,0.06740142971792586
0.01,0.012,19,0.009524999999999999,18.90441232278266,4.963637504538126,0.06847422982608319
0.01,0.012,19,0.01016,18.88629857830159,5.04918391918212,0.06960633885614881
0.01,0.012,19,0.010794999999999999,18.867261114582618,5.13922112381145,0.07079618033858678
0.01,0.012,19,0.01143,18.847326936174284,5.233640621289457,0.07204206648910709
0.01,0.012,19,0.012065,18.826524751283102,5.332326041094063,0.07334220304480531
0.01,0.012,20,0.006985,18.96639156638838,4.671822475304418,0.06460052710072711
0.01,0.012,20,0.007620000000000001,18.95146380303919,4.741979946875249,0.0655335123100496
0.01,0.012,20,0.008255,18.935472702264917,4.817223792623966,0.06653295610844173
0.01,0.012,20,0.008889999999999999,18.918439448713173,4.897472705886966,0.06759753445542627
0.01,0.012,20,0.009524999999999999,18.900387286624607,4.982636411479677,0.0687257945859627
0.01,0.012,20,0.01016,18.881341474727606,5.0726157398151965,0.06991615782952443
0.01,0.012,20,0.010794999999999999,18.861329226333453,5.167302762988238,0.07116692335415989
0.01,0.012,20,0.01143,18.840379635459612,5.26658099040385,0.0724762727837747
0.01,0.012,20,0.012065,18.81852358988067,5.370325621317555,0.07384227563245829
0.01,0.012,21,0.006985,18.965629648192703,4.6754013987985354,0.06464814698795739
0.01,0.012,21,0.007620000000000001,18.949959876365256,4.749052538939099,0.06562750772717198
0.01,0.012,21,0.008255,18.933177102556783,4.828032969544343,0.06667643109020183
0.01,0.012,21,0.008889999999999999,18.915304211397142,4.9122551897819555,0.06779348678767898
0.01,0.012,21,0.009524999999999999,18.896366271816703,5.001622194758599,0.06897710801145653
0.01,0.012,21,0.01016,18.876390484379726,5.096027568700744,0.07022559472626591
0.01,0.012,21,0.010794999999999999,18.85540611284256,5.195355644126984,0.07153711794734095
0.01,0.012,21,0.01143,18.83344440086728,5.299481724316255,0.07290972494579642
0.01,0.012,21,0.012065,18.810538474901136,5.408272366138253,0.07434134531867988
0.01,0.012,22,0.006985,18.96486787298778,4.678979858924714,0.06469575793826479
0.01,0.012,22,0.007620000000000001,18.94845650783924,4.756123319235863,0.06572146826004929
0.01,0.012,22,0.008255,18.930882805871533,4.8388379091261395,0.06681982463302988
0.01,0.012,22,0.008889999999999999,18.912171409774317,4.9270297376369445,0.06798928688910594
0.01,0.012,22,0.009524999999999999,18.892349272442914,5.020594867968122,0.06922817047231922
0.01,0.012,22,0.01016,18.87144559615757,5.119419431412932,0.07053465024015178
0.01,0.012,22,0.010794999999999999,18.849491754999406,5.223379811381174,0.07190676531253688
0.01,0.012,22,0.01143,18.826521201545518,5.332342894519711,0.07334242490340648
0.01,0.012,22,0.012065,18.802569358971823,5.446166385674757,0.0748394150642627
0.01,0.012,23,0.006985,18.96410624073411,4.682557855772937,0.06474335995411971
0.01,0.012,23,0.007620000000000001,18.946953697156005,4.763192288461625,0.06581539392774917
0.01,0.012,23,0.008255,18.928589811119934,4.849638613860505,0.06696313680500399
0.01,0.012,23,0.008889999999999999,18.909041041058117,4.941796355840963,0.06818493493386618
0.01,0.012,23,0.009524999999999999,18.888336282598573,5.039554444682717,0.06947898233758955
0.01,0.012,23,0.01016,18.866506798987132,5.142791353482324,0.07084332506330387
0.01,0.012,23,0.010794999999999999,18.84358613374826,5.251375308813954,0.07227586664073403
0.01,0.012,23,0.01143,18.819610006746302,5.365164572335415,0.07377437457835671
0.01,0.012,23,0.012065,18.79461619490388,5.484007789739871,0.07533648781850746
0.01,0.012,24,0.006985,18.96334475139213,4.686135389433167,0.06479095303799169
0.01,0.012,24,0.007620000000000001,18.945451444010814,4.7702594473121165,0.06590928474932554
0.01,0.012,24,0.008255,18.926298117213946,4.860435086236637,0.06710636767412714
0.01,0.012,24,0.008889999999999999,18.905913102466286,4.9565550507761875,0.06838043109585695
0.01,0.012,24,0.009524999999999999,18.884327296390495,5.058500938458119,0.06972954397559293
0.01,0.012,24,0.01016,18.861574081820947,5.166143360395981,0.0711516198861921
0.01,0.012,24,0.010794999999999999,18.837689230087847,5.279342180398356,0.07264442311951033
0.01,0.012,24,0.01143,18.81271078582489,5.397946828913242,0.07420557588594362
0.01,0.012,24,0.012065,18.786678935691555,5.521796687841664,0.075832566519278
0.01,0.012,25,0.006985,18.96258340492244,4.689712459995337,0.06483853719234917
0.01,0.012,25,0.007620000000000001,18.94394974809893,4.777324796482704,0.06600314074381863
0.01,0.012,25,0.008255,18.92400772306678,4.871227328741782,0.06724951730832802
0.01,0.012,25,0.008889999999999999,18.9027875912206,4.9713058288179415,0.06857577554871402
0.01,0.012,25,0.009524999999999999,18.880322307936922,5.077434362831356,0.06997985575394244
0.01,0.012,25,0.01016,18.85664743363776,5.189475477597539,0.07145953539763954
0.01,0.012,25,0.010794999999999999,18.83180102507123,5.307280470017532,0.07301243593304695
0.01,0.012,25,0.01143,18.805823508239428,5.430689735232251,0.07463603073503419
0.01,0.012,25,0.012065,18.7787575345111,5.55953318918452,0.07632765409305634
0.01,0.012,26,0.006985,18.96182220128543,4.6932890675493635,0.06488611241965986
0.01,0.012,26,0.007620000000000001,18.9424486091159,4.784388336668404,0.06609696193025497
0.01,0.012,26,0.008255,18.92171862759261,4.882015343861239,0.06739258577546028
0.01,0.012,26,0.008889999999999999,18.89966450454699,4.986048696334718,0.06877096846581175
0.01,0.012,26,0.009524999999999999,18.87632131136735,5.096354731320794,0.07022991803954094
0.01,0.012,26,0.01016,18.851726843442748,5.2127877304873165,0.0717670722848272
0.01,0.012,26,0.010794999999999999,18.82592149980576,5.335190221464986,0.07337990626214079
0.01,0.012,26,0.01143,18.79894814355049,5.463393362101212,0.07506574102809364
0.01,0.012,26,0.012065,18.77085194472005,5.597217402670198,0.07682175345499699
0.01,0.012,27,0.006985,18.961061140441757,4.696865212185138,0.06493367872239053
0.01,0.012,27,0.007620000000000001,18.940948026757667,4.791450068563877,0.06619074832764735
0.01,0.012,27,0.008255,18.919430829707153,4.892799134078362,0.06753557314330329
0.01,0.012,27,0.008889999999999999,18.896543839675758,5.000783659688178,0.0689660100202642
0.01,0.012,27,0.009524999999999999,18.872324300822697,5.115262057426155,0.07047973119858286
0.01,0.012,27,0.01016,18.84681230026723,5.236080144422399,0.0720742312332986
0.01,0.012,27,0.010794999999999999,18.82005063545256,5.363071478444797,0.07374683528421619
0.01,0.012,27,0.01143,18.79208466142063,5.496057780159105,0.07549470866121176
0.01,0.012,27,0.012065,18.762962119856297,5.63484943689888,0.07731486750898123
0.01,0.012,28,0.006985,18.96030022235192,4.700440893992522,0.06498123610300684
0.01,0.012,28,0.007620000000000001,18.939448000720063,4.798509992863426,0.06628449995499515
0.01,0.012,28,0.008255,18.917144328327026,4.903578701874554,0.06767847947956157
0.01,0.012,28,0.008889999999999999,18.893425593841187,5.01551072523316,0.06916090038492502
0.01,0.012,28,0.009524999999999999,18.868331270455087,5.134156354628561,0.07072929559655543
0.01,0.012,28,0.01016,18.84190379316857,5.25935274471673,0.07238101292696517
0.01,0.012,28,0.010794999999999999,18.81418841322659,5.3909242845718515,0.07411322417333695
0.01,0.012,28,0.01143,18.785233031613927,5.528683059875624,0.07592293552412871
0.01,0.012,28,0.012065,18.75508801363725,5.672429400170204,0.07780699914767103
0.01,0.012,29,0.006985,18.959539446976407,4.704016113061364,0.06502878456397397
0.01,0.012,29,0.007620000000000001,18.93794853069943,4.805568110260999,0.06637821683128395
0.01,0.012,29,0.008255,18.91485912237016,4.914354049729281,0.06782130485186583
0.01,0.012,29,0.008889999999999999,18.890309764281767,5.030229899317696,0.0693556397323884
0.01,0.012,29,0.009524999999999999,18.86434221442812,5.15303763639056,0.07097861159824088
0.01,0.012,29,0.01016,18.83700131123021,5.282605556641208,0.07268741804811062
0.01,0.012,29,0.010794999999999999,18.808334814396517,5.418748683372068,0.07447907410021809
0.01,0.012,29,0.01143,18.778393223995806,5.561269271551703,0.07635042350026201
0.01,0.012,29,0.012065,18.74722957995897,5.7099574004843126,0.07829815125256279
0.01,0.012,30,0.006985,18.958778814275888,4.707590869481485,0.06507632410775592
0.01,0.012,30,0.007620000000000001,18.936449616392224,4.812624421450191,0.06647189897548544
0.01,0.012,30,0.008255,18.91257521075562,4.925125180120068,0.06796404932777211
0.01,0.012,30,0.008889999999999999,18.887196348240195,5.044941188283016,0.06955022823498919
0.01,0.012,30,0.009524999999999999,18.86035712691654,5.171905916156155,0.07122767956771765
0.01,0.012,30,0.01016,18.832104843561694,5.30583860542377,0.0729934472773954
0.01,0.012,30,0.010794999999999999,18.802489820284222,5.446544718282629,0.07484438623223767
0.01,0.012,30,0.01143,18.77156520853225,5.5938164853200005,0.07677717446673253
0.01,0.012,30,0.012065,18.73938677289533,5.747433545542885,0.0787883266940403
0.01,0.012,31,0.006985,18.95801832421097,4.711165163342679,0.0651238547368158
0.01,0.012,31,0.007620000000000001,18.934951257495072,4.819678927124238,0.06656554640655808
0.01,0.012,31,0.008255,18.910292592403778,4.935892095522498,0.06810671297476241
0.01,0.012,31,0.008889999999999999,18.884085342963147,5.059644598463557,0.06974466606480387
0.01,0.012,31,0.009524999999999999,18.856376002106174,5.190761207350846,0.07147649986836255
0.01,0.012,31,0.01016,18.827214379298198,5.329051916249495,0.07329910129386268
0.01,0.012,31,0.010794999999999999,18.79665341226479,5.474312432652203,0.07520916173344896
0.01,0.012,31,0.01143,18.764748955289747,5.626324771145418,0.07720319029439004
0.01,0.012,31,0.012065,18.731559546697156,5.784857942750168,0.07927752833142816
0.01,0.012,32,0.006985,18.95725797674214,4.714738994734722,0.06517137645361576
0.01,0.012,32,0.007620000000000001,18.93345345370483,4.8267316279760255,0.0666591591434465
0.01,0.012,32,0.008255,18.908011266236088,4.946654798410217,0.0682492958602447
0.01,0.012,32,0.008889999999999999,18.880976745701616,5.074340136186973,0.06993895339365033
0.01,0.012,32,0.009524999999999999,18.85239883419439,5.209603523381651,0.07172507286285189
0.01,0.012,32,0.01016,18.82232990760093,5.352245514260678,0.07360438077494164
0.01,0.012,32,0.010794999999999999,18.79082557176656,5.502051869741163,0.0755734017645912
0.01,0.012,32,0.01143,18.757944434434535,5.658794198825587,0.07762847284784018
0.01,0.012,32,0.012065,18.723747855791316,5.822230699213998,0.07976575901304436
0.01,0.012,33,0.006985,18.95649777183013,4.718312363747362,0.0652188892606174
0.01,0.012,33,0.007620000000000001,18.931956204718688,4.833782524698081,0.06675273720508187
0.01,0.012,33,0.008255,18.90573123117514,4.957413291254939,0.06839179805155315
0.01,0.012,33,0.008889999999999999,18.87787055371058,5.0890278077741415,0.070133090393089
0.01,0.012,33,0.009524999999999999,18.848425617389353,5.228432877637143,0.07197339891316383
0.01,0.012,33,0.01016,18.81745141765674,5.375419424556938,0.07390928639645332
0.01,0.012,33,0.010794999999999999,18.785006280270352,5.529763072721827,0.07593710748310255
0.01,0.012,33,0.01143,18.751151616232505,5.691224837991382,0.078053023985469
0.01,0.012,33,0.012065,18.715951654779985,5.859551921746828,0.08025302157625222
0.01,0.012,34,0.006985,18.955737709435482,4.721885270470333,0.06526639316028118
0.01,0.012,34,0.007620000000000001,18.930459510233902,4.8408316179825785,0.06684628061038148
0.01,0.012,34,0.008255,18.90345248614483,4.968167576526443,0.06853421961594774
0.01,0.012,34,0.008889999999999999,18.874766764249216,5.103707619539183,0.07032707723442304
0.01,0.012,34,0.009524999999999999,18.844456345910714,5.247249283487483,0.07222147838057942
0.01,0.012,34,0.01016,18.81257889867817,5.3985736721952975,0.07421381883261462
0.01,0.012,34,0.010794999999999999,18.779195519309894,5.557446084678668,0.07630028004313034
0.01,0.012,34,0.01143,18.744370471048512,5.723616758107412,0.07847684555946946
0.01,0.012,34,0.012065,18.70817089843979,5.896821716866742,0.08073931884751327
0.01,0.012,35,0.006985,18.95497778951892,4.7254577149933334,0.06531388815506663
0.01,0.012,35,0.007620000000000001,18.928963369948008,4.847878908521343,0.06693978937824942
0.01,0.012,35,0.008255,18.901175030070135,4.978917656692574,0.06867656062061511
0.01,0.012,35,0.008889999999999999,18.8716653745808,5.118379577789452,0.07052091408869882
0.01,0.012,35,0.009524999999999999,18.840491013989038,5.2660527542844475,0.07246931162568451
0.01,0.012,35,0.01016,18.807712339903276,5.421708282190278,0.07451797875604373
0.01,0.012,35,0.010794999999999999,18.773393270471274,5.585100948608549,0.07666292059554392
0.01,0.012,35,0.01143,18.737600969346147,5.755970028472514,0.0788999394158667
0.01,0.012,35,0.012065,18.70040554172101,5.934040190798468,0.08122465364243835
0.01,0.012,36,0.006985,18.95421801204111,4.729029697406047,0.06536137424743237
0.01,0.012,36,0.007620000000000001,18.927467783558768,4.854924397005837,0.06703326352757598
0.01,0.012,36,0.008255,18.898898861877342,4.989663534219252,0.06881882113266785
0.01,0.012,36,0.008889999999999999,18.8685663819727,5.133043688825561,0.07071460112670622
0.01,0.012,36,0.009524999999999999,18.836529615866084,5.284843303361465,0.0727168990083714
0.01,0.012,36,0.01016,18.802851730595762,5.444823279513982,0.07482176683776391
0.01,0.012,36,0.010794999999999999,18.767599515392874,5.612727707420928,0.07702503028794519
0.01,0.012,36,0.01143,18.730843081687283,5.788284718220252,0.07932230739454361
0.01,0.012,36,0.012065,18.692655539746568,5.971207449474393,0.08170902876583958
0.01,0.012,37,0.006985,18.9534583769626,4.7326012177981305,0.06540885143983625
0.01,0.012,37,0.007620000000000001,18.925972750764174,4.861968084127176,0.06712670307723795
0.01,0.012,37,0.008255,18.8966239804937,5.000405211570466,0.06896100121914531
0.01,0.012,37,0.008889999999999999,18.865469783696312,5.147699958941386,0.07090813851897965
0.01,0.012,37,0.009524999999999999,18.83257214579453,5.303620944033643,0.0729642408878406
0.01,0.012,37,0.01016,18.79799706004468,5.467918689096201,0.07512518374720915
0.01,0.012,37,0.010794999999999999,18.761814235765087,5.6403264039381025,0.07738661026468077
0.01,0.012,37,0.01143,18.724096778731735,5.8205608963194075,0.0797439513292655
0.01,0.012,37,0.012065,18.684920847811497,6.008323598535557,0.08219244701178134
0.01,0.012,38,0.006985,18.952698884244228,4.736172276259221,0.06545631973473526
0.01,0.012,38,0.007620000000000001,18.924478271262444,4.86900997057612,0.06722010804609868
0.01,0.012,38,0.008255,18.89435038484777,5.0111426912082795,0.06910310094701318
0.01,0.012,38,0.008889999999999999,18.86237557702725,5.162348394424072,0.071101526435798
0.01,0.012,38,0.009524999999999999,18.82861859803836,5.322385689597802,0.07321133762260228
0.01,0.012,38,0.01016,18.793148317564373,5.490994535824482,0.07542823015222802
0.01,0.012,38,0.010794999999999999,18.756037413330375,5.667897080895413,0.07774766166685285
0.01,0.012,38,0.01143,18.71736203123669,5.852798631574471,0.08016487304770605
0.01,0.012,38,0.012065,18.67720142138188,6.045388743332667,0.08267491116363139
0.01,0.012,39,0.006985,18.951939533846655,4.739742872878928,0.06550377913458541
0.01,0.012,39,0.007620000000000001,18.922984344751853,4.876050057043074,0.06731347845300764
0.01,0.012,39,0.008255,18.892078073869357,5.021875975592835,0.06924512038316404
0.01,0.012,39,0.008889999999999999,18.859283759245045,5.176989001554044,0.07129476504718518
0.01,0.012,39,0.009524999999999999,18.824668966872366,5.341137553332503,0.07345818957047792
0.01,0.012,39,0.01016,18.7883054924946,5.514050844544233,0.07573090671908873
0.01,0.012,39,0.010794999999999999,18.750269029882702,5.695439780941472,0.078108185632331
0.01,0.012,39,0.01143,18.710638810056423,5.884997992626126,0.08058507437147196
0.01,0.012,39,0.012065,18.669497216094214,6.0824029889270825,0.08315642399411137
0.01,0.012,40,0.006985,18.951180325730547,4.743313007746838,0.06555122964184161
0.01,0.012,40,0.007620000000000001,18.92149097093119,4.883088344218094,0.06740681431680137
0.01,0.012,40,0.008255,18.889807046489352,5.032605067182347,0.06938705959441681
0.01,0.012,40,0.008889999999999999,18.856194327633432,5.191621786605016,0.07148785452291098
0.01,0.012,40,0.009524999999999999,18.82072324658236,5.359876548498088,0.07370479708860224
0.01,0.012,40,0.01016,18.783468574200242,5.537087640058808,0.07603321411248375
0.01,0.012,40,0.010794999999999999,18.744509067267813,5.722954546638383,0.07846818329576334
0.01,0.012,40,0.01143,18.70392708614196,5.917159047951744,0.0810045571161278
0.01,0.012,40,0.012065,18.661808187754445,6.119366440091814,0.0836369882653471
0.01,0.012,41,0.006985,18.950421259856682,4.746882680952522,0.06559867125895832
0.01,0.012,41,0.007620000000000001,18.91999814949918,4.890124832790879,0.06750011565630228
0.01,0.012,41,0.008255,18.887537301639725,5.043329968433117,0.06952891864751777
0.01,0.012,41,0.008889999999999999,18.853107279480128,5.206246755844003,0.07168079503249108
0.01,0.012,41,0.009524999999999999,18.816781431465188,5.378602688336702,0.0739511605334245
0.01,0.012,41,0.01016,18.778637552071473,5.560104947129591,0.07633515299553403
0.01,0.012,41,0.010794999999999999,18.738757507382616,5.7504414204619545,0.07882765578858772
0.01,0.012,41,0.01143,18.697226830540444,5.949281865865868,0.08142332309122109
0.01,0.012,41,0.012065,18.65413429233729,6.156279201312512,0.08411660672891878
0.01,0.012,42,0.006985,18.94966233618578,4.7504518925855175,0.06564610398838878
0.01,0.012,42,0.007620000000000001,18.918505880154896,4.8971595234507825,0.06759338249031974
0.01,0.012,42,0.008255,18.88526883825375,5.0540506817995245,0.06967069760913987
0.01,0.012,42,0.008889999999999999,18.850022612076998,5.2208639155313215,0.07187358674518764
0.01,0.012,42,0.009524999999999999,18.81284351582866,5.3973159860723285,0.07419728026071012
0.01,0.012,42,0.01016,18.77381241552331,5.583102790476094,0.07663672402979442
0.01,0.012,42,0.010794999999999999,18.733014332175287,5.777900444801927,0.07918660423904318
0.01,0.012,42,0.01143,18.690538014395088,5.9813665145206905,0.08184137410030633
0.01,0.012,42,0.012065,18.646475485985434,6.193141376788448,0.08459528212591107
0.01,0.012,43,0.006985,18.948903554678623,4.754020642735344,0.06569352783258538
0.01,0.012,43,0.007620000000000001,18.91701416259758,4.904192416886795,0.06768661483764939
0.01,0.012,43,0.008255,18.883001655265844,5.06476720973403,0.06981239654588302
0.01,0.012,43,0.008889999999999999,18.84694032271983,5.2354732719206085,0.07206622983001008
0.01,0.012,43,0.009524999999999999,18.808909493991337,5.416016454910816,0.07444315662554248
0.01,0.012,43,0.01016,18.768993153995893,5.606081194776036,0.07693792787525737
0.01,0.012,43,0.010794999999999999,18.72727952364511,5.805331661962184,0.07954502977218082
0.01,0.012,43,0.01143,18.683860608944485,6.013413061906539,0.08225871194097042
0.01,0.012,43,0.012065,18.63883172500863,6.229953070433499,0.08507301718696168
0.01,0.012,44,0.006985,18.948144915295984,4.757588931491498,0.06574094279399981
0.01,0.012,44,0.007620000000000001,18.915522996526818,4.911223513787567,0.06777981271707358
0.01,0.012,44,0.008255,18.88073575161161,5.075479554687186,0.06995401552427444
0.01,0.012,44,0.008889999999999999,18.843860408708565,5.250074831258824,0.07225872445571495
0.01,0.012,44,0.009524999999999999,18.8049793602828,5.4347041080399165,0.07468878998232473
0.01,0.012,44,0.01016,18.764179756954263,5.629040184665441,0.07723876519035776
0.01,0.012,44,0.010794999999999999,18.72155306384201,5.832735114160975,0.07990293350987546
0.01,0.012,44,0.01143,18.677194585522273,6.0454215758523615,0.08267533840485652
0.01,0.012,44,0.012065,18.631202965883006,6.266714385877119,0.08554981463231194
0.01,0.012,45,0.006985,18.9473864179987,4.7611567589434545,0.06578834887508277
0.01,0.012,45,0.007620000000000001,18.914032381642244,4.918252814841386,0.06787297614736101
0.01,0.012,45,0.008255,18.87847112622768,5.086187719107626,0.0700955546107686
0.01,0.012,45,0.008889999999999999,18.84078286734706,5.264668599786264,0.07245107079080713
0.01,0.012,45,0.009524999999999999,18.801053109043494,5.453378958629313,0.07493418068478082
0.01,0.012,45,0.01016,18.759372213888355,5.651979784738715,0.07753923663197788
0.01,0.012,45,0.010794999999999999,18.71583493486662,5.860110843531125,0.08026031657083595
0.01,0.012,45,0.01143,18.670539915557015,6.077392124026193,0.08309125527768825
0.01,0.012,45,0.012065,18.623589165250337,6.303425426465316,0.08602567717185453
0.01,0.012,46,0.006985,18.946628062747436,4.764724125180658,0.06583574607828388
0.01,0.012,46,0.007620000000000001,18.912542317643727,4.925280320736197,0.06796610514726706
0.01,0.012,46,0.008255,18.87620777805205,5.0968917054420775,0.07023701387174724
0.01,0.012,46,0.008889999999999999,18.83770769594338,5.279254583736561,0.07264326900353955
0.01,0.012,46,0.009524999999999999,18.79713073462466,5.472041019830647,0.07517932908595745
0.01,0.012,46,0.01016,18.754570514312775,5.674900019548743,0.07783934285545134
0.01,0.012,46,0.010794999999999999,18.71012511887011,5.8874588921202555,0.08061718007061716
0.01,0.012,46,0.01143,18.663896570571296,6.109324773935646,0.0835064643392945
0.01,0.012,46,0.012065,18.61599027991707,6.340086295261618,0.08650060750518283
0.01,0.012,47,0.006985,18.94586984950314,4.768291030292539,0.06588313440605205
0.01,0.012,47,0.007620000000000001,18.911052804231474,4.932306032159589,0.06805919973553368
0.01,0.012,47,0.008255,18.873945706023676,5.107591516135355,0.07037839337351963
0.01,0.012,47,0.008889999999999999,18.834634891809344,5.293832789336707,0.07283531926191446
0.01,0.012,47,0.009524999999999999,18.793212231388395,5.490690304777556,0.07542423553822612
0.01,0.012,47,0.01016,18.749774647766912,5.69780091360697,0.07813908451456796
0.01,0.012,47,0.010794999999999999,18.704423598053893,5.914779301891,0.08097352512163015
0.01,0.012,47,0.01143,18.65726452218189,6.141219592928377,0.0839209673636329
0.01,0.012,47,0.012065,18.608406266853763,6.376697095048039,0.08697460832163922
0.01,0.012,48,0.006985,18.945111778226646,4.771857474368498,0.06593051386083534
0.01,0.012,48,0.007620000000000001,18.90956384110575,4.9393299497987995,0.06815225993088934
0.01,0.012,48,0.008255,18.87168490908283,5.118287153630369,0.07051969318232232
0.01,0.012,48,0.008889999999999999,18.83156445226109,5.3084032228070495,0.07302722173368306
0.01,0.012,48,0.009524999999999999,18.78929759370743,5.509326826585698,0.07566890039328379
0.01,0.012,48,0.01016,18.74498460381477,5.720682491383495,0.0784384622615781
0.01,0.012,48,0.010794999999999999,18.69873035466952,5.942072114721218,0.08132935283315365
0.01,0.012,48,0.01143,18.650643742098964,6.17307664819256,0.08433476611881392
0.01,0.012,48,0.012065,18.600837083194165,6.413257928326041,0.08744768230036329
0.01,0.012,49,0.006985,18.944353848878677,4.775423457497918,0.06597788444508099
0.01,0.012,49,0.007620000000000001,18.90807542796722,4.946352074340718,0.06824528575204929
0.01,0.012,49,0.008255,18.86942538617086,5.128978620368124,0.07066091336431976
0.01,0.012,49,0.008889999999999999,18.828496374618453,5.322965890361306,0.07321897658634635
0.01,0.012,49,0.009524999999999999,18.785386815965524,5.527950598352787,0.07591332400215502
0.01,0.012,49,0.01016,18.740200372044853,5.743544777307156,0.07873747674719758
0.01,0.012,49,0.010794999999999999,18.693045371018457,5.969337372404203,0.0816846643113447
0.01,0.012,49,0.01143,18.644034202126022,6.204896006757363,0.084747862367125
0.01,0.012,49,0.012065,18.593282686234545,6.4497688973174805,0.08791983211033925
0.01,0.012,50,0.006985,18.943596061420237,4.778988979770154,0.06602524616123498
0.01,0.012,50,0.007620000000000001,18.906587564516542,4.953372406471881,0.06833827721771497
0.01,0.012,50,0.008255,18.867167136230307,5.13966591878772,0.07080205398560419
0.01,0.012,50,0.008889999999999999,18.825430656205526,5.3375207982065715,0.07341058398715604
0.01,0.012,50,0.009524999999999999,18.781479892556888,5.546561633158619,0.07615750671519382
0.01,0.012,50,0.01016,18.735421942070218,5.76638779576561,0.07903612862061131
0.01,0.012,50,0.010794999999999999,18.68736862945201,5.996575116648909,0.08203946065924973
0.01,0.012,50,0.01143,18.637435874159166,6.236677735493417,0.08516025786505385
0.01,0.012,50,0.012065,18.58574303343289,6.486230103965577,0.08839106041044456
0.0136,0.016,0,0.006985,19.39844646968089,2.675263213940937,0.03759709564494556
0.0136,0.016,0,0.007620000000000001,19.39844646968089,2.675263213940937,0.03759709564494556
0.0136,0.016,0,0.008255,19.39844646968089,2.675263213940937,0.03759709564494556
0.0136,0.016,0,0.008889999999999999,19.39844646968089,2.675263213940937,0.03759709564494556
0.0136,0.016,0,0.009524999999999999,19.39844646968089,2.675263213940937,0.03759709564494556
0.0136,0.016,0,0.01016,19.39844646968089,2.675263213940937,0.03759709564494556
0.0136,0.016,0,0.010794999999999999,19.39844646968089,2.675263213940937,0.03759709564494556
0.0136,0.016,0,0.01143,19.39844646968089,2.675263213940937,0.03759709564494556
0.0136,0.016,0,0.012065,19.39844646968089,2.675263213940937,0.03759709564494556
0.0136,0.016,1,0.006985,19.39797137634895,2.677423260647705,0.037626788978190835
0.0136,0.016,1,0.007620000000000001,19.397505070207785,2.67954343008428,0.03765593311201297
0.0136,0.016,1,0.008255,19.39700345913974,2.6818242038142697,0.03768728380376472
0.0136,0.016,1,0.008889999999999999,19.396466702679845,2.684264874407118,0.03772083108251128
0.0136,0.016,1,0.009524999999999999,19.395894987204315,2.6868646135202443,0.037756563299728686
0.0136,0.016,1,0.01016,19.39528852670361,2.689622468339952,0.03779446708102277
0.0136,0.016,1,0.010794999999999999,19.39464756343341,2.692537358567138,0.03783452728541246
0.0136,0.016,1,0.01143,19.393972368449056,2.6956080739302366,0.037876726971934914
0.0136,0.016,1,0.012065,19.393263242025853,2.6988332722118002,0.037921047373385176
0.0136,0.016,2,0.006985,19.397496335659696,2.679583144443354,0.037656479021267474
0.0136,0.016,2,0.007620000000000001,19.39656387741826,2.6838230065815005,0.03771475766135889
0.0136,0.016,2,0.008255,19.39556093419236,2.6883836907885397,0.037777441612978295
0.0136,0.016,2,0.008889999999999999,19.394487849658447,2.693263705971767,0.03784450939634678
0.0136,0.016,2,0.009524999999999999,19.393345022708502,2.6984613144436906,0.03791593608071964
0.0136,0.016,2,0.01016,19.392132908928204,2.703974525005825,0.03799169319198593
0.0136,0.016,2,0.010794999999999999,19.39085202182605,2.709801087145426,0.03807174863587219
0.0136,0.016,2,0.01143,19.38950293381987,2.7159384863097946,0.03815606663625746
0.0136,0.016,2,0.012065,19.388086276988588,2.7223839402304213,0.03824460768821247
0.0136,0.016,3,0.006985,19.397021347604607,2.681742865346312,0.03768616577471194
0.0136,0.016,3,0.007620000000000001,19.395622891245466,2.688101943575973,0.03777356929715715
0.0136,0.016,3,0.008255,19.394118894598137,2.6949416753800826,0.037867569087615446
0.0136,0.016,3,0.008889999999999999,19.39250990999585,2.7022597099682066,0.03796813062525782
0.0136,0.016,3,0.009524999999999999,19.390796574864453,2.7100533195651857,0.03807521407097011
0.0136,0.016,3,0.01016,19.388979613835716,2.718319389349112,0.038188774135268506
0.0136,0.016,3,0.010794999999999999,19.387059840474592,2.7270544090940416,0.038308759970336684
0.0136,0.016,3,0.01143,19.385038158632995,2.736254466463793,0.03843511508543643
0.0136,0.016,3,0.012065,19.382915563438587,2.7459152419144695,0.03856777728508957
0.0136,0.016,4,0.006985,19.39654641217504,2.683902423375006,0.03771584923906069
0.0136,0.016,4,0.007620000000000001,19.39468211162273,2.6923802412110294,0.037832368023579456
0.0136,0.016,4,0.008255,19.392677340116848,2.701498158104998,0.03795766624269595
0.0136,0.016,4,0.008889999999999999,19.390532883071728,2.7112528877289277,0.03809169480801537
0.0136,0.016,4,0.009524999999999999,19.388249642345045,2.721640631736328,0.03823439735343639
0.0136,0.016,4,0.01016,19.38582863891071,2.73265706677495,0.03838571006808007
0.0136,0.016,4,0.010794999999999999,19.383271015002435,2.7442973338198713,0.038545561562348805
0.0136,0.016,4,0.01143,19.38057803574253,2.756556029754578,0.0387138727660921
0.0136,0.016,4,0.012065,19.377751090271147,2.7694272011423005,0.03889055685805297
0.0136,0.016,5,0.006985,19.396071529362416,2.68606181854786,0.03774552941485
0.0136,0.016,5,0.007620000000000001,19.393741538483255,2.696657899629959,0.03789115384479619
0.0136,0.016,5,0.008255,19.39123627050833,2.708053139479147,0.03804773309322909
0.0136,0.016,5,0.008889999999999999,19.388556768266312,2.720243240585579,0.03821520198335564
0.0136,0.016,5,0.009524999999999999,19.385704223824348,2.7332232538064085,0.03839348601097912
0.0136,0.016,5,0.01016,19.382679981641502,2.7469875626830604,0.0385825011474066
0.0136,0.016,5,0.010794999999999999,19.379485541040253,2.7615298707184714,0.03878215368498266
0.0136,0.016,5,0.01143,19.376122558016903,2.7768431915227025,0.03899234012394459
0.0136,0.016,5,0.012065,19.372592846407713,2.7929198417530263,0.03921294709951906
0.0136,0.016,6,0.006985,19.395596699158148,2.6882210508832967,0.03777520630261614
0.0136,0.016,6,0.007620000000000001,19.392801171760368,2.700934918976009,0.03794992676497577
0.0136,0.016,6,0.008255,19.389795685532533,2.7146066200181567,0.03813776965421506
0.0136,0.016,6,0.008889999999999999,19.386581564960295,2.729230769868974,0.03833865218998043
0.0136,0.016,6,0.009524999999999999,19.383160317978195,2.7448011886224113,0.038552480126363774
0.0136,0.016,6,0.01016,19.37953363951982,2.7613108824677566,0.038779147530010154
0.0136,0.016,6,0.010794999999999999,19.37570341422645,2.778752029174077,0.03901853661084548
0.0136,0.016,6,0.01143,19.371671718338916,2.797115967086961,0.03927051760381607
0.0136,0.016,6,0.012065,19.367440820795366,2.8163931875466015,0.039534948700288335
0.0136,0.016,7,0.006985,19.395121921553653,2.6903801203997326,0.03780487990289507
0.0136,0.016,7,0.007620000000000001,19.391861011387448,2.7052112993923814,0.03800868678828455
0.0136,0.016,7,0.008255,19.388355584949693,2.721158600237417,0.03822777594064381
0.0136,0.016,7,0.008889999999999999,19.384607272535106,2.738215476909091,0.038462045466556925
0.0136,0.016,7,0.009524999999999999,19.38061792348384,2.7563744390290177,0.038711379782260656
0.0136,0.016,7,0.01016,19.376389610041144,2.7756270315179496,0.0389756493724301
0.0136,0.016,7,0.010794999999999999,19.371924630206763,2.7959638185596254,0.03925471061207776
0.0136,0.016,7,0.01143,19.367225509605873,2.817374371744427,0.039548405649632495
0.0136,0.016,7,0.012065,19.362295002407222,2.839847262283903,0.039856562349550324
0.0136,0.016,8,0.006985,19.39464719654046,2.6925390271155845,0.03783455021622275
0.0136,0.016,8,0.007620000000000001,19.390921057297817,2.7094870410222374,0.03806743391888763
0.0136,0.016,8,0.008255,19.386915968520043,2.7277090806520823,0.0383177519674958
0.0136,0.016,8,0.008889999999999999,19.382633890372517,2.7471973630350734,0.038585381851717955
0.0136,0.016,8,0.009524999999999999,19.37807703902007,2.7679430078686047,0.03887018506124492
0.0136,0.016,8,0.01016,19.37324789070425,2.7899360152171586,0.039172006830982896
0.0136,0.016,8,0.010794999999999999,19.36814918463432,2.81316524823677,0.03949067596035447
0.0136,0.016,8,0.01143,19.36278392472917,2.837618420770499,0.03982600470442634
0.0136,0.016,8,0.012065,19.357155380241807,2.8632820896868068,0.0401777887348879
0.0136,0.016,9,0.006985,19.39417252410982,2.6946977710492637,0.037864217243135226
0.0136,0.016,9,0.007620000000000001,19.389981309424854,2.7137621440086943,0.03812616816094794
0.0136,0.016,9,0.008255,19.38547683600416,2.73425806177707,0.038407697749741815
0.0136,0.016,9,0.008889999999999999,19.380661417855038,2.756176429575229,0.03870866138406162
0.0136,0.016,9,0.009524999999999999,19.375537663267266,2.7795068979812547,0.03902889604579694
0.0136,0.016,9,0.01016,19.370108479011776,2.8042378389435143,0.03936822006176309
0.0136,0.016,9,0.010794999999999999,19.364377073169805,2.8303563275559003,0.039726432926886705
0.0136,0.016,9,0.01143,19.35834695663459,2.857848129418932,0.0401033152103386
0.0136,0.016,9,0.012065,19.352021943323507,2.886697693438274,0.04049862854228249
0.0136,0.016,10,0.006985,19.393697904253315,2.696856352219182,0.03789388098416799
0.0136,0.016,10,0.007620000000000001,19.389041767701997,2.7180366084948284,0.03818488951862692
0.0136,0.016,10,0.008255,19.384038187162503,2.7408055441270633,0.038497613302342706
0.0136,0.016,10,0.008889999999999999,19.378689854365575,2.765152677857032,0.03883188410215182
0.0136,0.016,10,0.009524999999999999,19.372999794907173,2.791066112204749,0.039187512818302184
0.0136,0.016,10,0.01016,19.36697137246972,2.818532508069764,0.03956428922064303
0.0136,0.016,10,0.010794999999999999,19.360608291481242,2.847537065856153,0.039961981782421496
0.0136,0.016,10,0.01143,19.353914598262065,2.8780635129218775,0.04038033760862114
0.0136,0.016,10,0.012065,19.34689468070212,2.9100940971824256,0.04081908245611788
0.0136,0.016,11,0.006985,19.393223336962308,2.6990147706437453,0.03792354143985693
0.0136,0.016,11,0.007620000000000001,19.38810243206268,2.722310434623672,0.038243597996084074
0.0136,0.016,11,0.008255,19.38260002175599,2.74735152821651,0.038587498640249566
0.0136,0.016,11,0.008889999999999999,19.37671919928772,2.774126109207123,0.038955050044517846
0.0136,0.016,11,0.009524999999999999,19.370463432623183,2.8026206533745777,0.03934603546105149
0.0136,0.016,11,0.01016,19.3638365685876,2.832820027963284,0.039760214463273796
0.0136,0.016,11,0.010794999999999999,19.356842835244095,2.8647074724654344,0.04019732279724375
0.0136,0.016,11,0.01143,19.349486842565796,2.8982645864899212,0.04065707233963836
0.0136,0.016,11,0.012065,19.341773581453026,2.933471324524623,0.0411391511591856
0.0136,0.016,12,0.006985,19.392748822228214,2.7011730263413583,0.037953198610737225
0.0136,0.016,12,0.007620000000000001,19.387163302440342,2.726583622538213,0.038302293597477034
0.0136,0.016,12,0.008255,19.38116233954554,2.7538960145596203,0.038677353778403804
0.0136,0.016,12,0.008889999999999999,19.374749452005517,2.7830967249513128,0.03907815924965483
0.0136,0.016,12,0.009524999999999999,19.367928575100166,2.814170524323936,0.03950446405624127
0.0136,0.016,12,0.01016,19.360704064878632,2.8471004039860826,0.039955995945085324
0.0136,0.016,12,0.010794999999999999,19.353080700141163,2.8818675567004366,0.040432456241176896
0.0136,0.016,12,0.01143,19.34506368251408,2.918451365312126,0.04093351984287065
0.0136,0.016,12,0.012065,19.33665863467695,2.95682939903155,0.0414588353326889
0.0136,0.016,13,0.006985,19.392274360042506,2.703331119330424,0.03798285249734456
0.0136,0.016,13,0.007620000000000001,19.38622437876859,2.7308561723814018,0.038360976326962025
0.0136,0.016,13,0.008255,19.37972514029218,2.7604390036703714,0.03876717873173734
0.0136,0.016,13,0.008889999999999999,19.372780611903636,2.792064526414578,0.03920121175602337
0.0136,0.016,13,0.009524999999999999,19.365395221024414,2.825715727883732,0.039662798685973555
0.0136,0.016,13,0.01016,19.357573858859382,2.861373641494807,0.04015163382128687
0.0136,0.016,13,0.010794999999999999,19.349321881862636,2.8990173278666513,0.04066738238358382
0.0136,0.016,13,0.01143,19.340645111089373,2.9386238645560616,0.04120968055691502
0.0136,0.016,13,0.012065,19.331549829500034,2.9801683442312896,0.04177813565624788
0.0136,0.016,14,0.006985,19.391799950396603,2.70548904962934,0.038012503100214076
0.0136,0.016,14,0.007620000000000001,19.385285660980912,2.73512808429614,0.03841964618869327
0.0136,0.016,14,0.008255,19.378288423757226,2.766980496062505,0.03885697351517202
0.0136,0.016,14,0.008889999999999999,19.3708126783672,2.801029514921063,0.039324207602050104
0.0136,0.016,14,0.009524999999999999,19.362863369083925,2.837256266882583,0.03982103943225614
0.0136,0.016,14,0.01016,19.354445948050113,2.875639745840748,0.04034712824686741
0.0136,0.016,14,0.010794999999999999,19.345566376106092,2.916156795258389,0.04090210149336785
0.0136,0.016,14,0.01143,19.336231121288165,2.9587820993678484,0.04148555491948862
0.0136,0.016,14,0.012065,19.326447155073538,3.003488183613402,0.04209705280790352
0.0136,0.016,15,0.006985,19.39132559328192,2.7076468172565025,0.03804215041988101
0.0136,0.016,15,0.007620000000000001,19.384347149010807,2.7393993584252887,0.03847830318682305
0.0136,0.016,15,0.008255,19.37685218970205,2.7735204922495265,0.038946738143620215
0.0136,0.016,15,0.008889999999999999,19.368845650781964,2.809991691794083,0.03944714682612719
0.0136,0.016,15,0.009524999999999999,19.360333017967946,2.848792144146825,0.03997918637700264
0.0136,0.016,15,0.01016,19.351320329974442,2.8898987223698525,0.04054247937659578
0.0136,0.016,15,0.010794999999999999,19.341814178576442,2.933285968158797,0.041136613838973636
0.0136,0.016,15,0.01143,19.331821706121104,2.9789260848721963,0.041761143367430156
0.0136,0.016,15,0.012065,19.32135060057402,3.026788940629005,0.04241558746412232
0.0136,0.016,16,0.006985,19.39085128868993,2.709804422230305,0.03807179445688032
0.0136,0.016,16,0.007620000000000001,19.383408842791937,2.7436699949116696,0.03853694732550243
0.0136,0.016,16,0.008255,19.375416437888248,2.7800589927447072,0.03903647263198474
0.0136,0.016,16,0.008889999999999999,19.366879528534184,2.818951058356124,0.0395700294666125
0.0136,0.016,16,0.009524999999999999,19.357804166367487,2.860323362500509,0.04013723960203291
0.0136,0.016,16,0.01016,19.34819700215968,2.9041505764227256,0.04073768736502153
0.0136,0.016,16,0.010794999999999999,19.33806528498576,2.950404855839871,0.04137091968838855
0.0136,0.016,16,0.01143,19.327416858612764,2.9990558361724378,0.04203644633670218
0.0136,0.016,16,0.012065,19.316260155203167,3.0500706386908556,0.04273374029980138
0.0136,0.016,17,0.006985,19.39037703661205,2.7119618645691395,0.038101435211746935
0.0136,0.016,17,0.007620000000000001,19.382470742257908,2.7479399938980573,0.03859557860888002
0.0136,0.016,17,0.008255,19.373981168077478,2.7865959980610846,0.039126176995158406
0.0136,0.016,17,0.008889999999999999,19.364914311010693,2.8279076159288428,0.0396928555618299
0.0136,0.016,17,0.009524999999999999,19.355276812974864,2.8718499247654043,0.040295199189072574
0.0136,0.016,17,0.01016,19.345075962136377,2.918395313334638,0.040932752366475054
0.0136,0.016,17,0.010794999999999999,19.334319691053736,2.9675134675624784,0.04160501930914303
0.0136,0.016,17,0.01143,19.323016571801702,3.0191713683505683,0.042311464262393454
0.0136,0.016,17,0.012065,19.31117580818767,3.073333301173422,0.04305151198827205
0.0136,0.016,18,0.006985,19.389902837039756,2.714119144291392,0.038131072685015754
0.0136,0.016,18,0.007620000000000001,19.381532847342328,2.7522093555271856,0.03865419704110323
0.0136,0.016,18,0.008255,19.372546380031622,2.7931315087114594,0.03921585124802437
0.0136,0.016,18,0.008889999999999999,19.36294999759889,2.836861365833065,0.039815625150069305
0.0136,0.016,18,0.009524999999999999,19.35275095648393,2.8833718337610037,0.04045306521975399
0.0136,0.016,18,0.01016,19.341957207438895,2.932632938435533,0.04112767453506798
0.0136,0.016,18,0.010794999999999999,19.330577392506996,2.9846118125763703,0.04183891296831187
0.0136,0.016,18,0.01143,19.318620838740458,3.039272696467285,0.042586197578721265
0.0136,0.016,18,0.012065,19.30609754877912,3.0965769514129664,0.04336890320130504
0.0136,0.016,19,0.006985,19.38942868996446,2.716276261415448,0.038160706877221395
0.0136,0.016,19,0.007620000000000001,19.380595157978917,2.7564780799417465,0.03871280262631751
0.0136,0.016,19,0.008255,19.371112073512677,2.799665525208401,0.03930549540545643
0.0136,0.016,19,0.008889999999999999,19.360986587686625,2.845812309388791,0.03993833826958598
0.0136,0.016,19,0.009524999999999999,19.35022659559013,2.8948890923045227,0.04061083777561573
0.0136,0.016,19,0.01016,19.33884073560489,2.946863457050033,0.04132245402469329
0.0136,0.016,19,0.010794999999999999,19.326838385079725,3.0016999001202014,0.04207260093251544
0.0136,0.016,19,0.01143,19.3142296524955,3.059359835562023,0.042860646719033016
0.0136,0.016,19,0.012065,19.30102536625418,3.119801612707621,0.04368591460911454
0.0136,0.016,20,0.006985,19.38895459537764,2.718433215959691,0.038190337788898576
0.0136,0.016,20,0.007620000000000001,19.379657674101338,2.760746167284387,0.038771395368666445
0.0136,0.016,20,0.008255,19.369678248282924,2.8061980480642403,0.039395109482318585
0.0136,0.016,20,0.008889999999999999,19.35902408066238,2.8547604479151922,0.04006099495860177
0.0136,0.016,20,0.009524999999999999,19.347703728990382,2.906401703210906,0.04076851693810277
0.0136,0.016,20,0.01016,19.3357265441756,2.9610868744974463,0.041517090989026305
0.0136,0.016,20,0.010794999999999999,19.32310266451327,3.0187777394215423,0.04230608346791995
0.0136,0.016,20,0.01143,19.309843006147048,3.0794328006529925,0.04313481211580889
0.0136,0.016,20,0.012065,19.295959249914176,3.143007308317469,0.044002546880363126
0.0136,0.016,21,0.006985,19.38848055327071,2.7205900079424987,0.0382199654205816
0.0136,0.016,21,0.007620000000000001,19.378720395643313,2.7650136176977145,0.0388299752722921
0.0136,0.016,21,0.008255,19.368244904104586,2.812729077791078,0.039484693493464854
0.0136,0.016,21,0.008889999999999999,19.357062475915143,2.863705782730615,0.04018359525530417
0.0136,0.016,21,0.009524999999999999,19.345182355382917,2.9179096692928224,0.04092610278856722
0.0136,0.016,21,0.01016,19.332614630695616,2.975303196091775,0.041711585581524595
0.0136,0.016,21,0.010794999999999999,19.319370226556202,3.035845339696902,0.04253936084023909
0.0136,0.016,21,0.01143,19.30546089278937,3.0994916067372142,0.043408694200663664
0.0136,0.016,21,0.012065,19.290899189085337,3.166194061464616,0.04431880068216544
0.0136,0.016,22,0.006985,19.388006563635145,2.7227466373822486,0.038249589772805
0.0136,0.016,22,0.007620000000000001,19.377783322538676,2.7692804313242907,0.038888542341334514
0.0136,0.016,22,0.008255,19.36681204074017,2.8192586149007783,0.039574247453740115
0.0136,0.016,22,0.008889999999999999,19.355101772834473,2.872648315152578,0.04030613919784649
0.0136,0.016,22,0.009524999999999999,19.342662473467726,2.929412993360674,0.0410835954082675
0.0136,0.016,22,0.01016,19.32950499271317,2.9895124271417197,0.04190593795542842
0.0136,0.016,22,0.010794999999999999,19.315641066964247,3.0529027101517383,0.042772433314734744
0.0136,0.016,22,0.01143,19.301083305530426,3.119536268790564,0.04368229340434935
0.0136,0.016,22,0.012065,19.285845173118503,3.1893618953332763,0.04463467668009359
0.0136,0.016,23,0.006985,19.38753262646236,2.724903104297315,0.0382792108461029
0.0136,0.016,23,0.007620000000000001,19.37684645472109,2.773546608306639,0.038947096579932075
0.0136,0.016,23,0.008255,19.365379657952303,2.825786659904972,0.039663771377979364
0.0136,0.016,23,0.008889999999999999,19.35314197081044,2.8815880464977752,0.040428626824348744
0.0136,0.016,23,0.009524999999999999,19.340144081946107,2.940911678222597,0.0412409948783695
0.0136,0.016,23,0.01016,19.32639762777984,3.003714572950686,0.04210014826376117
0.0136,0.016,23,0.010794999999999999,19.311915181500524,3.0699498599804786,0.04300530115621764
0.0136,0.016,23,0.01143,19.29671023749188,3.139566801767803,0.043955610156756586
0.0136,0.016,23,0.012065,19.280797191389127,3.21251083306984,0.04495017553818075
0.0136,0.016,24,0.006985,19.38705874174383,2.72705940870607,0.03830882864100952
0.0136,0.016,24,0.007620000000000001,19.375909792124446,2.777812148787236,0.03900563799222169
0.0136,0.016,24,0.008255,19.363947755503887,2.832313213315057,0.03975326528100785
0.0136,0.016,24,0.008889999999999999,19.351183069233684,2.890524978082077,0.04055105817289629
0.0136,0.016,24,0.009524999999999999,19.337627179520894,2.952405726684462,0.04139830127994577
0.0136,0.016,24,0.01016,19.32329253345074,3.0179096388167928,0.042294216659330065
0.0136,0.016,24,0.010794999999999999,19.3081925659352,3.0869867983665364,0.04323796462904871
0.0136,0.016,24,0.01143,19.29234168180932,3.1595832206026166,0.044228644886917405
0.0136,0.016,24,0.012065,19.27575523329716,3.235640897782959,0.04526529791892603
0.0136,0.016,25,0.006985,19.386584909471082,2.72921555062688,0.038338443158058795
0.0136,0.016,25,0.007620000000000001,19.37497333468258,2.7820770529085173,0.039064166582337925
0.0136,0.016,25,0.008255,19.362516333157714,2.838838275642196,0.03984272917764146
0.0136,0.016,25,0.008889999999999999,19.349225067495354,2.8994591112205264,0.04067343328154118
0.0136,0.016,25,0.009524999999999999,19.335111764896396,2.963895141549877,0.041555514693976434
0.0136,0.016,25,0.01016,19.320189707284385,3.0320976300328764,0.04248814329472596
0.0136,0.016,25,0.010794999999999999,19.30447321604578,3.1040135344823248,0.04347042399713997
0.0136,0.016,25,0.01143,19.28797763163186,3.1795855402076523,0.04450139802300708
0.0136,0.016,25,0.012065,19.27071928826723,3.2587521125436187,0.045580044483298436
0.0136,0.016,26,0.006985,19.386111129635424,2.731371530078112,0.038368054397784644
0.0136,0.016,26,0.007620000000000001,19.37403708232938,2.786341320812877,0.039122682354414295
0.0136,0.016,26,0.008255,19.361085390677033,2.8453618473973203,0.03993216308268619
0.0136,0.016,26,0.008889999999999999,19.347267964987168,2.908390447227347,0.04079575218830123
0.0136,0.016,26,0.009524999999999999,19.332597836778405,2.97537992562019,0.04171263520134858
0.0136,0.016,26,0.01016,19.317089146842818,3.046278551886501,0.04268192832232387
0.0136,0.016,26,0.010794999999999999,19.30075712761669,3.1210300774892747,0.04370267952395524
0.0136,0.016,26,0.01143,19.283618080122437,3.1995737754745575,0.044773869992346164
0.0136,0.016,26,0.012065,19.265689345748115,3.2818445003852172,0.04589441589074178
0.0136,0.016,27,0.006985,19.38563740222844,2.73352734707813,0.03839766236072094
0.0136,0.016,27,0.007620000000000001,19.373101034998683,2.7906049526426653,0.03918118531258195
0.0136,0.016,27,0.008255,19.359654927824977,2.8518839290911253,0.040021567010938806
0.0136,0.016,27,0.008889999999999999,19.345311761101414,2.9173189874159378,0.04091801493116101
0.0136,0.016,27,0.009524999999999999,19.3300853938743,2.986860081694493,0.0418696628828572
0.0136,0.016,27,0.01016,19.313990849691436,3.0604524096599617,0.04287557189428383
0.0136,0.016,27,0.010794999999999999,19.29704429643982,3.1380364365378526,0.04393473147251131
0.0136,0.016,27,0.01143,19.279263020457563,3.219547941274015,0.04504606122140308
0.0136,0.016,27,0.012065,19.260665395213152,3.3049180843036394,0.04620841279917877
0.0136,0.016,28,0.006985,19.385163727241604,2.7356830016452904,0.038427267047401154
0.0136,0.016,28,0.007620000000000001,19.372165192624493,2.794867948540191,0.03923967546097061
0.0136,0.016,28,0.008255,19.35822494436502,2.858404521234073,0.04011094097718595
0.0136,0.016,28,0.008889999999999999,19.34335645523089,2.926244733098874,0.04104022154807056
0.0136,0.016,28,0.009524999999999999,19.32757443489271,2.9983356125696186,0.042026597819204516
0.0136,0.016,28,0.01016,19.310894813399216,3.074619208630291,0.04306907416255057
0.0136,0.016,28,0.010794999999999999,19.29333471831393,3.155032620767576,0.044166580105378765
0.0136,0.016,28,0.01143,19.274912445827283,3.23950805245578,0.04531797213579528
0.0136,0.016,28,0.012065,19.255647426159783,3.3279728872573355,0.04652203586501501
0.0136,0.016,29,0.006985,19.384690104666277,2.737838493797954,0.03845686845835912
0.0136,0.016,29,0.007620000000000001,19.371229555140644,2.79913030864772,0.039298152803708165
0.0136,0.016,29,0.008255,19.356795440060694,2.864923624336396,0.04020028499620517
0.0136,0.016,29,0.008889999999999999,19.34140204676885,2.9351676855879125,0.04116237207694686
0.0136,0.016,29,0.009524999999999999,19.325064958543976,3.009806521040152,0.04218344009100081
0.0136,0.016,29,0.01016,19.30780103553832,3.0887789540692707,0.04326243527885442
0.0136,0.016,29,0.010794999999999999,19.28962838904505,3.172018639307026,0.044398225684683
0.0136,0.016,29,0.01143,19.27056634943534,3.2594541238487182,0.04558960316029255
0.0136,0.016,29,0.012065,19.250635428109717,3.351008932167396,0.04683528574314398
0.0136,0.016,30,0.006985,19.38421653449393,2.739993823554474,0.038486466594128
0.0136,0.016,30,0.007620000000000001,19.370294122481255,2.803392033107476,0.039356617344920776
0.0136,0.016,30,0.008255,19.355366414675757,2.871441238908089,0.040289599082764256
0.0136,0.016,30,0.008889999999999999,19.339448535109227,2.944087846193987,0.04128446655567303
0.0136,0.016,30,0.009524999999999999,19.322556963539796,3.0212728098984227,0.04234018977876419
0.0136,0.016,30,0.01016,19.3047095136846,3.102931651243428,0.04345565539471155
0.0136,0.016,30,0.010794999999999999,19.285925304446323,3.1889945012738705,0.04462966847210492
0.0136,0.016,30,0.01143,19.266224724498898,3.2793861702608393,0.04586095471881781
0.0136,0.016,30,0.012065,19.24562939060877,3.3740262419176292,0.04714816308695104
0.0136,0.016,31,0.006985,19.383743016716153,2.7421489909332033,0.03851606145524142
0.0136,0.016,31,0.007620000000000001,19.369358894580273,2.80765312206164,0.03941506908873293
0.0136,0.016,31,0.008255,19.353937867974082,2.87795736545892,0.04037888325162128
0.0136,0.016,31,0.008889999999999999,19.337495919646415,2.9530052162272113,0.041406505022098354
0.0136,0.016,31,0.009524999999999999,19.320050448593292,3.0327344819345137,0.042496846962920415
0.0136,0.016,31,0.01016,19.30162024541721,3.1170773054140573,0.0436487346614242
0.0136,0.016,31,0.010794999999999999,19.282225460337884,3.2059602157748768,0.04486090872888228
0.0136,0.016,31,0.01143,19.26188756424881,3.2993042064793405,0.046132027234450465
0.0136,0.016,31,0.012065,19.24062930322691,3.3970248393546356,0.0474606685483175
0.0136,0.016,32,0.006985,19.383269551324304,2.7443039959524897,0.03854565304223237
0.0136,0.016,32,0.007620000000000001,19.368423871371704,2.8119135756523503,0.039473508039267136
0.0136,0.016,32,0.008255,19.3525097997196,2.8844720044984165,0.04046813751752494
0.0136,0.016,32,0.008889999999999999,19.33554419977537,2.9619197969968822,0.041528487514038696
0.0136,0.016,32,0.009524999999999999,19.317545412419122,3.0441915399362593,0.04265341172380392
0.0136,0.016,32,0.01016,19.298533228318718,3.1312159218372058,0.043841673230080945
0.0136,0.016,32,0.010794999999999999,19.278528852547026,3.2229157919059257,0.04509194671581028
0.0136,0.016,32,0.01143,19.25755486192918,3.3192082472706335,0.04640282112942763
0.0136,0.016,32,0.012065,19.235635155557986,3.4200047472878814,0.04777280277762508
0.0136,0.016,33,0.006985,19.382796138309857,2.74645883863068,0.03857524135563393
0.0136,0.016,33,0.007620000000000001,19.367489052789665,2.8161733940217033,0.03953193420064447
0.0136,0.016,33,0.008255,19.351082209676576,2.8909851565358795,0.04055736189521423
0.0136,0.016,33,0.008889999999999999,19.333593374891564,2.9708315898114726,0.04165041406927634
0.0136,0.016,33,0.009524999999999999,19.315041853733476,3.0556439866892546,0.042809884141657116
0.0136,0.016,33,0.01016,19.29544845997509,3.145347505763703,0.04403447125155756
0.0136,0.016,33,0.010794999999999999,19.274835476908095,3.239861238752032,0.04532278269324257
0.0136,0.016,33,0.01143,19.25322661079764,3.3390983073803886,0.04667333682514623
0.0136,0.016,33,0.012065,19.23064693721983,3.44296598848978,0.048084566423760244
0.0136,0.016,34,0.006985,19.382322777664342,2.7486135189861187,0.03860482639597939
0.0136,0.016,34,0.007620000000000001,19.366554438768276,2.820432577311753,0.03959034757698391
0.0136,0.016,34,0.008255,19.349655097609286,2.8974968220803747,0.04064655639941866
0.0136,0.016,34,0.008889999999999999,19.331643444391034,2.979740595978641,0.04177228472555992
0.0136,0.016,34,0.009524999999999999,19.31253977125391,3.0670918249768486,0.04296626429663079
0.0136,0.016,34,0.01016,19.292365937975717,3.15947206243915,0.04422712887651703
0.0136,0.016,34,0.010794999999999999,19.271145329262538,3.2567965653873605,0.045553416921092396
0.0136,0.016,34,0.01143,19.24890280412535,3.3589744015335685,0.04694357474216589
0.0136,0.016,34,0.012065,19.225664637854095,3.4659085856957597,0.04839596013411874
0.0136,0.016,35,0.006985,19.381849469379176,2.7507680370371452,0.038634408163801266
0.0136,0.016,35,0.007620000000000001,19.36562002924154,2.824691125664512,0.039648748172402985
0.0136,0.016,35,0.008255,19.348228463282283,2.9040070016407373,0.04073572104485825
0.0136,0.016,35,0.008889999999999999,19.32969440767033,2.9886468168052276,0.041894099520604536
0.0136,0.016,35,0.009524999999999999,19.310039163699457,3.0785350575801513,0.04312255226878441
0.0136,0.016,35,0.01016,19.289285659913446,3.1735895971039363,0.04441964625540991
0.0136,0.016,35,0.010794999999999999,19.267458405458683,3.273721780875238,0.04578384965883298
0.0136,0.016,35,0.01143,19.24458343519666,3.378836544434465,0.047213535300209615
0.0136,0.016,35,0.012065,19.220688247126247,3.4888325616043456,0.04870698455460891
0.0136,0.016,36,0.006985,19.38137621344589,2.752922392802098,0.038663986659632554
0.0136,0.016,36,0.007620000000000001,19.36468582414375,2.8289490392219476,0.03970713599101742
0.0136,0.016,36,0.008255,19.34680230646012,2.9105156957255676,0.04082485584624333
0.0136,0.016,36,0.008889999999999999,19.327746264126517,2.9975502535972542,0.042015858492092155
0.0136,0.016,36,0.009524999999999999,19.30754002979063,3.089973687278037,0.0432787481380858
0.0136,0.016,36,0.01016,19.286207623384428,3.187700114993239,0.04461202353847491
0.0136,0.016,36,0.010794999999999999,19.26377470135202,3.290636894268171,0.04601408116549903
0.0136,0.016,36,0.01143,19.24026849730933,3.398684750766734,0.04748321891816733
0.0136,0.016,36,0.012065,19.21571775472546,3.5117379388772294,0.0490176403296571
0.0136,0.016,37,0.006985,19.3809030098559,2.755076586299313,0.03869356188400583
0.0136,0.016,37,0.007620000000000001,19.36375182340896,2.8332063181259874,0.03976551103694095
0.0136,0.016,37,0.008255,19.34537662690758,2.917022904843236,0.04091396081827474
0.0136,0.016,37,0.008889999999999999,19.32579901315728,3.0064509076599273,0.04213756167767108
0.0136,0.016,37,0.009524999999999999,19.305042368249417,3.1014077168471434,0.0434348519844119
0.0136,0.016,37,0.01016,19.283131825988164,3.201803621337032,0.04480426087573885
0.0136,0.016,37,0.010794999999999999,19.260094212804972,3.3075419146078686,0.04624411169968748
0.0136,0.016,37,0.01143,19.235957983774426,3.418519035193431,0.04775262601409678
0.0136,0.016,37,0.012065,19.21075315036461,3.534624740139347,0.049327928102210726
0.0136,0.016,38,0.006985,19.380429858600735,2.757230617547122,0.03872313383745352
0.0136,0.016,38,0.007620000000000001,19.36281802697141,2.837462962518517,0.03982387331428602
0.0136,0.016,38,0.008255,19.343951424389672,2.9235286295018814,0.04100303597564411
0.0136,0.016,38,0.008889999999999999,19.323852654160703,3.0153487802976393,0.04225920911495604
0.0136,0.016,38,0.009524999999999999,19.30254617779923,3.1128371490618765,0.043590863887548355
0.0136,0.016,38,0.01016,19.28005826532774,3.2159001213600957,0.04499635841701769
0.0136,0.016,38,0.010794999999999999,19.25641693568707,3.3244368509252475,0.04647394151955828
0.0136,0.016,38,0.01143,19.23165188791637,3.438339412357054,0.04802175700522619
0.0136,0.016,38,0.012065,19.205794423780105,3.5574929879789523,0.049637848513743546
0.0136,0.016,39,0.006985,19.37995675967187,2.759384486563855,0.03875270252050816
0.0136,0.016,39,0.007620000000000001,19.361884434765386,2.841718972541377,0.03988222282716296
0.0136,0.016,39,0.008255,19.342526698671463,2.9300328702094087,0.04109208133303298
0.0136,0.016,39,0.008889999999999999,19.321907186535555,3.024243872813963,0.04238080084152887
0.0136,0.016,39,0.009524999999999999,19.300051457164955,3.12426198669441,0.04374678392719004
0.0136,0.016,39,0.01016,19.276986939009362,3.2299896202820197,0.04518831631191621
0.0136,0.016,39,0.010794999999999999,19.25274286587461,3.3413217122404544,0.046703570882835235
0.0136,0.016,39,0.01143,19.227350203072717,3.4581458968795693,0.0482906123079561
0.0136,0.016,39,0.012065,19.20084156473183,3.5803427049476895,0.04994740220425897
0.0136,0.016,40,0.006985,19.37948371306078,2.7615381933678385,0.038782267933702104
0.0136,0.016,40,0.007620000000000001,19.36095104672512,2.8459743483363686,0.039940559579680554
0.0136,0.016,40,0.008255,19.34110244951819,2.9365356274734924,0.04118109690511394
0.0136,0.016,40,0.008889999999999999,19.319962609681,3.0331361865116606,0.042502336894937695
0.0136,0.016,40,0.009524999999999999,19.29755820507296,3.1356822325146907,0.04390261218294094
0.0136,0.016,40,0.01016,19.27391784464271,3.2440721233172094,0.04538013470982883
0.0136,0.016,40,0.010794999999999999,19.2490719992511,3.358196507562883,0.04693300004680713
0.0136,0.016,40,0.01143,19.223052922594206,3.4779385033624526,0.04855919233786142
0.0136,0.016,40,0.012065,19.195894563003264,3.6031739135606697,0.050256589812294514
0.0136,0.016,41,0.006985,19.379010718758934,2.7636917379773975,0.03881183007756745
0.0136,0.016,41,0.007620000000000001,19.360017862784844,2.85022909004525,0.039998883575945623
0.0136,0.016,41,0.008255,19.3396786766952,2.9430369018015754,0.04127008270654974
0.0136,0.016,41,0.008889999999999999,19.318018922996828,3.0420257226926806,0.042623817312697564
0.0136,0.016,41,0.009524999999999999,19.295066420250976,3.14709788929044,0.044058348734314114
0.0136,0.016,41,0.01016,19.270850979840986,3.258147635674893,0.045571813759939676
0.0136,0.016,41,0.010794999999999999,19.245404331706766,3.375061245891188,0.04716222926832868
0.0136,0.016,41,0.01143,19.21876003984488,3.49771724638673,0.04882749750969366
0.0136,0.016,41,0.012065,19.190953408401185,3.625986636296547,0.050565411974926415
0.0136,0.016,42,0.006985,19.37853777675781,2.765845120410853,0.03884138895263626
0.0136,0.016,42,0.007620000000000001,19.35908488287896,2.854483197809736,0.04005719482006341
0.0136,0.016,42,0.008255,19.338255379968075,2.9495366937008702,0.04135903875199367
0.0136,0.016,42,0.008889999999999999,19.31607612588334,3.050912482658154,0.0427452421322902
0.0136,0.016,42,0.009524999999999999,19.292576101428267,3.158508959787153,0.04421399366073221
0.0136,0.016,42,0.01016,19.267786342220404,3.2722161625591313,0.045763353611223356
0.0136,0.016,42,0.010794999999999999,19.241739859138875,3.3919159362133,0.04739125880382119
0.0136,0.016,42,0.01143,19.214471548201857,3.5174821405130032,0.049095528237382315
0.0136,0.016,42,0.012065,19.186018090755624,3.6487808955975853,0.05087386932777296
0.0136,0.016,43,0.006985,19.378064887048936,2.767998340686524,0.03887094455944056
0.0136,0.016,43,0.007620000000000001,19.358152106941816,2.858736671771499,0.0401154933161376
0.0136,0.016,43,0.008255,19.33683255910256,2.9560350036783545,0.0414479650560897
0.0136,0.016,43,0.008889999999999999,19.314134217741355,3.0597964677084044,0.04286661139116414
0.0136,0.016,43,0.009524999999999999,19.290087247335578,3.1699154467681048,0.04436954704152753
0.0136,0.016,43,0.01016,19.264723929400873,3.286277709168815,0.04595475441244479
0.0136,0.016,43,0.010794999999999999,19.23807857745163,3.408760587506442,0.0476200889092737
0.0136,0.016,43,0.01143,19.210187441055382,3.537233200281492,0.049363284934037494
0.0136,0.016,43,0.012065,19.18108859992003,3.671556713869737,0.051181962504999144
0.0136,0.016,44,0.006985,19.377592049623786,2.7701513988227258,0.0389004968985121
0.0136,0.016,44,0.007620000000000001,19.3572195349077,2.862989512072172,0.04017377906826976
0.0136,0.016,44,0.008255,19.335410213864463,2.9625318322407797,0.041536861633472096
0.0136,0.016,44,0.008889999999999999,19.31219319797225,3.0686776791429407,0.04298792512673475
0.0136,0.016,44,0.009524999999999999,19.2875998567049,3.181317352994351,0.04452500895594204
0.0136,0.016,44,0.01016,19.261663739005428,3.300332280697683,0.04614601631216002
0.0136,0.016,44,0.010794999999999999,19.234420482556118,3.4255952087371506,0.04784871984024369
0.0136,0.016,44,0.01143,19.205907711808777,3.5569704402120697,0.049630768011952105
0.0136,0.016,44,0.012065,19.176164925770877,3.6943141134827173,0.05148969213932079
0.0136,0.016,45,0.006985,19.37711926447389,2.7723042948377725,0.038930045970382715
0.0136,0.016,45,0.007620000000000001,19.356287166711013,2.867241718853343,0.040232052080560056
0.0136,0.016,45,0.008255,19.333988344019758,2.9690271798946624,0.04162572849876592
0.0136,0.016,45,0.008889999999999999,19.31025306597786,3.077556118260461,0.04310918337638449
0.0136,0.016,45,0.009524999999999999,19.285113928269936,3.1927146812247305,0.044680379483127315
0.0136,0.016,45,0.01016,19.258605768660516,3.3143798823343196,0.04633713945871647
0.0136,0.016,45,0.010794999999999999,19.230765570370295,3.442419808861284,0.04807715185185797
0.0136,0.016,45,0.01143,19.20163235387838,3.5766938748042976,0.04989797788260291
0.0136,0.016,45,0.012065,19.171247058207882,3.717053116770074,0.05179705886200818
0.0136,0.016,46,0.006985,19.376646531590666,2.774457028749974,0.038959591775584126
0.0136,0.016,46,0.007620000000000001,19.355355002286274,2.8714932922565586,0.04029031235710667
0.0136,0.016,46,0.008255,19.33256694933459,2.97552104714629,0.04171456566658668
0.0136,0.016,46,0.008889999999999999,19.308313821160596,3.086431786358853,0.043230386177462145
0.0136,0.016,46,0.009524999999999999,19.28262946076569,3.2041074342158646,0.04483565870214494
0.0136,0.016,46,0.01016,19.255550015995937,3.328420519262166,0.04652812400025295
0.0136,0.016,46,0.010794999999999999,19.227113836819,3.4592343968240384,0.04830538519881397
0.0136,0.016,46,0.01143,19.19736136069355,3.596403518537458,0.050164914956653685
0.0136,0.016,46,0.012065,19.166334987153732,3.739773746029261,0.052104063302890934
0.0136,0.016,47,0.006985,19.376173850965642,2.7766096005776375,0.03898913431464759
0.0136,0.016,47,0.007620000000000001,19.354423041567884,2.8757442324233233,0.04034855990200623
0.0136,0.016,47,0.008255,19.331146029575336,2.9820134345017184,0.04180337315154017
0.0136,0.016,47,0.008889999999999999,19.306375462923427,3.0953046847351944,0.04335153356728416
0.0136,0.016,47,0.009524999999999999,19.280146452928534,3.2154956147221654,0.0449908466919668
0.0136,0.016,47,0.01016,19.252496478644787,3.3424541966595243,0.046718970084700634
0.0136,0.016,47,0.010794999999999999,19.223465277833895,3.4760389815599733,0.04853342013538004
0.0136,0.016,47,0.01143,19.19309472569671,3.6160993858705948,0.05043157964395596
0.0136,0.016,47,0.012065,19.161428702554247,3.7624760235217147,0.0524107060903611
0.0136,0.016,48,0.006985,19.37570122259035,2.7787620103390687,0.03901867358810463
0.0136,0.016,48,0.007620000000000001,19.35349128449036,2.8799945394950996,0.040406794719353545
0.0136,0.016,48,0.008255,19.329725584508424,2.988504342466775,0.041892150968223005
0.0136,0.016,48,0.008889999999999999,19.30443799066984,3.1041748146857517,0.04347262558313343
0.0136,0.016,48,0.009524999999999999,19.27766490349643,3.226879225495832,0.04514594353147462
0.0136,0.016,48,0.01016,19.24944515424346,3.3564809196995617,0.046909677859782936
0.0136,0.016,48,0.010794999999999999,19.21981988935363,3.4928335719930157,0.04876125691539673
0.0136,0.016,48,0.01143,19.18883244234314,3.635781491242547,0.050697972353552404
0.0136,0.016,48,0.012065,19.156528194377927,3.785159971472923,0.05271698785137816
0.0136,0.016,49,0.006985,19.375228646456208,2.7809142580525705,0.039048209596486465
0.0136,0.016,49,0.007620000000000001,19.352559730988105,2.8842442136133086,0.04046501681324169
0.0136,0.016,49,0.008255,19.328305613900454,2.9949937715470534,0.0419808991312225
0.0136,0.016,49,0.008889999999999999,19.30250140380383,3.1130421775059873,0.04359366226226002
0.0136,0.016,49,0.009524999999999999,19.275184811208646,3.2382582692868573,0.04530094929946079
0.0136,0.016,49,0.01016,19.24639604043176,3.3705006935503254,0.047100247473016124
0.0136,0.016,49,0.010794999999999999,19.216177667323564,3.509618177036483,0.048988895792277574
0.0136,0.016,49,0.01143,19.184574504101136,3.6554498490719793,0.050964093493677594
0.0136,0.016,49,0.012065,19.151633452616466,3.8078256120724996,0.053022909211472256
0.0136,0.016,50,0.006985,19.3747561225548,2.78306634373644,0.03907774234032442
0.0136,0.016,50,0.007620000000000001,19.351628380995805,2.888493254919328,0.04052322618776207
0.0136,0.016,50,0.008255,19.326886117518143,3.0014817222479184,0.04206961765511613
0.0136,0.016,50,0.008889999999999999,19.30056570172991,3.121906774490549,0.04371464364188112
0.0136,0.016,50,0.009524999999999999,19.272706174805933,3.2496327488430254,0.04545586407462772
0.0136,0.016,50,0.01016,19.24334913485268,3.384513523374736,0.04729067907170929
0.0136,0.016,50,0.010794999999999999,19.21253860769582,3.526392805593098,0.04921633701901013
0.0136,0.016,50,0.01143,19.180320904451833,3.675104473757424,0.0512299434717605
0.0136,0.016,50,0.012065,19.14674446728401,3.8304729674742566,0.05332847079474889
0.017,0.02,0,0.006985,19.532182075696653,2.0702459960959896,0.02923862026895891
0.017,0.02,0,0.007620000000000001,19.532182075696653,2.0702459960959896,0.02923862026895891
0.017,0.02,0,0.008255,19.532182075696653,2.0702459960959896,0.02923862026895891
0.017,0.02,0,0.008889999999999999,19.532182075696653,2.0702459960959896,0.02923862026895891
0.017,0.02,0,0.009524999999999999,19.532182075696653,2.0702459960959896,0.02923862026895891
0.017,0.02,0,0.01016,19.532182075696653,2.0702459960959896,0.02923862026895891
0.017,0.02,0,0.010794999999999999,19.532182075696653,2.0702459960959896,0.02923862026895891
0.017,0.02,0,0.01143,19.532182075696653,2.0702459960959896,0.02923862026895891
0.017,0.02,0,0.012065,19.532182075696653,2.0702459960959896,0.02923862026895891
0.017,0.02,1,0.006985,19.531806798034324,2.0719353691038664,0.029262075122855592
0.017,0.02,1,0.007620000000000001,19.531438420517304,2.0735937255723886,0.029285098717666904
0.017,0.02,1,0.008255,19.531042086448736,2.0753779868618274,0.029309869596953798
0.017,0.02,1,0.008889999999999999,19.530617892546104,2.0772877286029923,0.029336381715870205
0.017,0.02,1,0.009524999999999999,19.530165951854883,2.0793224536369554,0.029364628009070127
0.017,0.02,1,0.01016,19.529686394252167,2.081481589726247,0.029394600359238122
0.017,0.02,1,0.010794999999999999,19.529179366884648,2.083764487558101,0.029426289569711016
0.017,0.02,1,0.01143,19.528645034543672,2.086170419027335,0.029459685341019486
0.017,0.02,1,0.012065,19.528083579980603,2.0886985757891634,0.029494776251213144
0.017,0.02,2,0.006985,19.531431552686,2.0736246435028813,0.02928552795712487
0.017,0.02,2,0.007620000000000001,19.530694892223437,2.0769410678329465,0.029331569236036477
0.017,0.02,2,0.008255,19.52990239536217,2.0805090676918705,0.029381100289862558
0.017,0.02,2,0.008889999999999999,19.52905427070857,2.084327748005964,0.02943410808071439
0.017,0.02,2,0.009524999999999999,19.528150760500864,2.088396065130145,0.029490577468697193
0.017,0.02,2,0.01016,19.527192141584862,2.0927128223646565,0.029550491150944866
0.017,0.02,2,0.010794999999999999,19.526178726254898,2.0972766660670694,0.02961382960906756
0.017,0.02,2,0.01143,19.525110862965278,2.10208608233471,0.029680571064668433
0.017,0.02,2,0.012065,19.523988936917533,2.1071393942379864,0.02975069144265419
0.017,0.02,3,0.006985,19.531056339647648,2.0753138193016674,0.02930897877202263
0.017,0.02,3,0.007620000000000001,19.52995149078305,2.080288022944841,0.029378031826058214
0.017,0.02,3,0.008255,19.528763002322307,2.0856392388281035,0.029452312354855965
0.017,0.02,3,0.008889999999999999,19.527491209887785,2.0913660549299715,0.029531799382012548
0.017,0.02,3,0.009524999999999999,19.52613650100011,2.097466831913975,0.02961646868749484
0.017,0.02,3,0.01016,19.52469931649148,2.103939696549742,0.029706292719283756
0.017,0.02,3,0.010794999999999999,19.523180151712154,2.110782536043959,0.029801240517991094
0.017,0.02,3,0.01143,19.521579557537223,2.1179929932438,0.029901277653925282
0.017,0.02,3,0.012065,19.51989814118093,2.12556846268339,0.03000636617619303
0.017,0.02,4,0.006985,19.530681158915115,2.077002896508857,0.02933242756780475
0.017,0.02,4,0.007620000000000001,19.52920821616442,2.083634590975234,0.029424486489722537
0.017,0.02,4,0.008255,19.527623907214377,2.090768500512426,0.029523505799101197
0.017,0.02,4,0.008889999999999999,19.52592870978765,2.098402649999777,0.02962945563827336
0.017,0.02,4,0.009524999999999999,19.524123172718703,2.106534755326021,0.02974230170508249
0.017,0.02,4,0.01016,19.522207917769947,2.115162214818061,0.02986200513937654
0.017,0.02,4,0.010794999999999999,19.52018364116367,2.124282101905706,0.029988522427269803
0.017,0.02,4,0.01143,19.518051114840432,2.1338911589723457,0.030121805322473723
0.017,0.02,4,0.012065,19.515811187453835,2.1439857923519883,0.030261800784135658
0.017,0.02,5,0.006985,19.530306010484367,2.0786918751330816,0.029355874344727088
0.017,0.02,5,0.007620000000000001,19.52846506833572,2.0869807719912705,0.02947093322901894
0.017,0.02,5,0.008255,19.526485109923783,2.0958968529866517,0.029594680629761984
0.017,0.02,5,0.008889999999999999,19.524366770112124,2.105437533839841,0.029727076867992332
0.017,0.02,5,0.009524999999999999,19.522110775023293,2.115599836703022,0.029868076561044298
0.017,0.02,5,0.01016,19.519717944219792,2.1263803797041994,0.03001762848626161
0.017,0.02,5,0.010794999999999999,19.51718919251971,2.1377753680651246,0.03017567546751774
0.017,0.02,5,0.01143,19.514525531461402,2.149780586730154,0.030342154283662714
0.017,0.02,5,0.012065,19.511728070429058,2.162391394456093,0.03051699559818428
0.017,0.02,6,0.006985,19.529930894351253,2.080380755182974,0.029379319103045254
0.017,0.02,6,0.007620000000000001,19.527722047265,2.090326566060083,0.029517372045936238
0.017,0.02,6,0.008255,19.525346610336044,2.1010242964925077,0.02966583685399807
0.017,0.02,6,0.008889999999999999,19.522805390565566,2.112470707074317,0.029824663089652183
0.017,0.02,6,0.009524999999999999,19.520099307281157,2.124662077380881,0.02999379329492874
0.017,0.02,6,0.01016,19.517229394641674,2.1375941937407803,0.030173162834894435
0.017,0.02,6,0.010794999999999999,19.51419680369321,2.151262338930912,0.030362699769175175
0.017,0.02,6,0.01143,19.511002803991914,2.165661283719107,0.03056232475050631
0.017,0.02,6,0.012065,19.507648784808964,2.1807852801937475,0.030771950949439155
0.017,0.02,7,0.006985,19.529555810511738,2.0820695366671598,0.029402761843014956
0.017,0.02,7,0.007620000000000001,19.526979152920603,2.0936719732487847,0.029563802942462702
0.017,0.02,7,0.008255,19.524208408336563,2.106150831271636,0.029736974478966144
0.017,0.02,7,0.008889999999999999,19.521244570852446,2.1195021703270567,0.029922214321722856
0.017,0.02,7,0.009524999999999999,19.518088768860025,2.133721478694659,0.030119451946249286
0.017,0.02,7,0.01016,19.51474226783762,2.14880365945846,0.030328608260147466
0.017,0.02,7,0.010794999999999999,19.511206472599838,2.16474301890765,0.030549595462508544
0.017,0.02,7,0.01143,19.507482929029038,2.1815332571331765,0.030782316935685384
0.017,0.02,7,0.012065,19.503573325305638,2.199167460748736,0.031026667168399132
0.017,0.02,8,0.006985,19.52918075896173,2.083758219594269,0.02942620256489203
0.017,0.02,8,0.007620000000000001,19.526236385270636,2.097016993624476,0.029610225920585796
0.017,0.02,8,0.008255,19.523070503810914,2.111276457565593,0.029808093511818515
0.017,0.02,8,0.008889999999999999,19.519684310677405,2.126531924221609,0.030019730582661632
0.017,0.02,8,0.009524999999999999,19.516079159128253,2.1427780419785845,0.030245052554483648
0.017,0.02,8,0.01016,19.512256562611014,2.160008779385935,0.030483964836810415
0.017,0.02,8,0.010794999999999999,19.508218197158214,2.1782174123958153,0.03073636267761145
0.017,0.02,8,0.01143,19.503965903175242,2.197396514158432,0.031002131051547213
0.017,0.02,8,0.012065,19.4995016866406,2.217537947290619,0.03128114458496417
0.017,0.02,9,0.006985,19.528805739697077,2.08544680397293,0.02944964126893192
0.017,0.02,9,0.007620000000000001,19.525493744283324,2.1003616272542414,0.029656640982292565
0.017,0.02,9,0.008255,19.521932896644728,2.1164011756158505,0.029879193959704696
0.017,0.02,9,0.008889999999999999,19.51812460974537,2.1335599693812193,0.030117211890912644
0.017,0.02,9,0.009524999999999999,19.514070477454823,2.1518317685660486,0.03037059515907455
0.017,0.02,9,0.01016,19.509772277766558,2.1712095560499383,0.030639232639590182
0.017,0.02,9,0.010794999999999999,19.50523197528952,2.191685523791781,0.030923001544404107
0.017,0.02,9,0.01143,19.50045172303828,2.2132510619730525,0.03122176731010682
0.017,0.02,9,0.012065,19.49543386354503,2.2358967509747485,0.031535383528435476
0.017,0.02,10,0.006985,19.528430752713746,2.0871352898117683,0.029473077955390312
0.017,0.02,10,0.007620000000000001,19.524751229926892,2.103705874205149,0.029703048129569257
0.017,0.02,10,0.008255,19.520795586723693,2.1215249856637923,0.029950275829769838
0.017,0.02,10,0.008889999999999999,19.516565467761495,2.140586306428829,0.030214658264907386
0.017,0.02,10,0.009524999999999999,19.512062723209112,2.160882659789608,0.03049607979942949
0.017,0.02,10,0.01016,19.507289412110197,2.1824059919752474,0.030794411743111393
0.017,0.02,10,0.010794999999999999,19.50224780491783,2.2051473574878204,0.031109512192634185
0.017,0.02,10,0.01143,19.496940385231255,2.2290969077473375,0.031441225923047454
0.017,0.02,10,0.012065,19.491369850759725,2.254243882942291,0.03178938432751761
0.017,0.02,11,0.006985,19.528055798007642,2.088823677119409,0.029496512624522613
0.017,0.02,11,0.007620000000000001,19.524008842169565,2.107049734544251,0.029749447364401316
0.017,0.02,11,0.008255,19.519658573933498,2.1266478879507185,0.030021339129156024
0.017,0.02,11,0.008889999999999999,19.51500688443099,2.1476109359870783,0.03031206972306483
0.017,0.02,11,0.009524999999999999,19.51005589576124,2.169930716980984,0.030621506514920762
0.017,0.02,11,0.01016,19.504807964449355,2.1935980896846834,0.030949502221915795
0.017,0.02,11,0.010794999999999999,19.499265683969952,2.218602917872113,0.03129589475187695
0.017,0.02,11,0.01143,19.49343188637249,2.2449340586437163,0.03166050710172103
0.017,0.02,11,0.012065,19.487309643034905,2.2725793543202517,0.0320431473103194
0.017,0.02,12,0.006985,19.527680875574674,2.0905119659044775,0.029519945276584504
0.017,0.02,12,0.007620000000000001,19.523266580979623,2.110393208338587,0.02979583868877377
0.017,0.02,12,0.008255,19.51852185816,2.1317698827178435,0.030092383865001366
0.017,0.02,12,0.008889999999999999,19.513448859459345,2.1546338586783036,0.030409446283790942
0.017,0.02,12,0.009524999999999999,19.508049994481837,2.178975941471064,0.030746875344885183
0.017,0.02,12,0.01016,19.502327933592596,2.2047858516991092,0.031104504150463196
0.017,0.02,12,0.010794999999999999,19.496285610375423,2.2320522093287507,0.03148214935153565
0.017,0.02,12,0.01143,19.489926223085604,2.260762521816763,0.03187961105714913
0.017,0.02,12,0.012065,19.48325323513029,2.2909031762214984,0.03229667280435584
0.017,0.02,13,0.006985,19.527305985410692,2.092200156175597,0.02954337591183137
0.017,0.02,13,0.007620000000000001,19.522524446325235,2.1137362956551775,0.02984222210467109
0.017,0.02,13,0.008255,19.517385439288944,2.1368909702062964,0.030163410044440786
0.017,0.02,13,0.008889999999999999,19.511891392552343,2.1616550751245396,0.030506787965478784
0.017,0.02,13,0.009524999999999999,19.506045018741986,2.1880183345899047,0.03087218632862504
0.017,0.02,13,0.01016,19.499849318349902,2.2159692805374402,0.031259417603130724
0.017,0.02,13,0.010794999999999999,19.493307582066564,2.245495236237741,0.031668276120841325
0.017,0.02,13,0.01143,19.486423391999608,2.276582304413202,0.03209853800002329
0.017,0.02,13,0.012065,19.47920062181521,2.3092153597447815,0.0325499611365488
0.017,0.02,14,0.006985,19.526931127511716,2.0938882479413885,0.02956680453051847
0.017,0.02,14,0.007620000000000001,19.521782438174796,2.1170789965610286,0.02988859761407656
0.017,0.02,14,0.008255,19.516249317206302,2.1420111506571193,0.030234417674605094
0.017,0.02,14,0.008889999999999999,19.510334483415875,2.1686745859475183,0.03060409478650893
0.017,0.02,14,0.009524999999999999,19.50404096791351,2.197057897666726,0.030997439505407048
0.017,0.02,14,0.01016,19.497372117532564,2.2271483787166364,0.03141424265421364
0.017,0.02,14,0.010794999999999999,19.490331596978365,2.258932002975011,0.031854275188853726
0.017,0.02,14,0.01143,19.48292338974869,2.29239341357192,0.03231728814070588
0.017,0.02,14,0.012065,19.475151797868364,2.327515915974756,0.03280301263322868
0.017,0.02,15,0.006985,19.526556301873597,2.095576241210474,0.029590231132901313
0.017,0.02,15,0.007620000000000001,19.521040556496416,2.120421311123133,0.02993496521897345
0.017,0.02,15,0.008255,19.515113491798047,2.147130424311271,0.030305406762621796
0.017,0.02,15,0.008889999999999999,19.508778131756003,2.1756923917686697,0.030701366765249188
0.017,0.02,15,0.009524999999999999,19.502037841368576,2.2060946320299193,0.03112263491446301
0.017,0.02,15,0.01016,19.49489632995318,2.2383231487517117,0.03156897937792535
0.017,0.02,15,0.010794999999999999,19.487357653048605,2.272362513912415,0.0320401466844614
0.017,0.02,15,0.01143,19.479426212972328,2.308195856423981,0.03253586168923055
0.017,0.02,15,0.012065,19.471106758077838,2.3458048559820055,0.03305582762013543
0.017,0.02,16,0.006985,19.526181508492243,2.0972641359914754,0.02961365571923526
0.017,0.02,16,0.007620000000000001,19.52029880125849,2.123763239408465,0.02998132492134396
0.017,0.02,16,0.008255,19.51397796295015,2.1522487914096238,0.03037637731561481
0.017,0.02,16,0.008889999999999999,19.50722233727913,2.182708493209122,0.030798603920054634
0.017,0.02,16,0.009524999999999999,19.500035638480142,2.2151285390070434,0.03124777259498984
0.017,0.02,16,0.01016,19.49242195442565,2.2494935931557296,0.03172362784839697
0.017,0.02,16,0.010794999999999999,19.484385748217903,2.2857867734177355,0.03222589073638145
0.017,0.02,16,0.01143,19.475931858315164,2.3239896400926314,0.03275425885530307
0.017,0.02,16,0.012065,19.467065497241265,2.3640821908230656,0.03330840642242052
0.017,0.02,17,0.006985,19.525806747363617,2.098951932293011,0.029637078289775545
0.017,0.02,17,0.007620000000000001,19.5195571724293,2.127104781483985,0.030027676723169725
0.017,0.02,17,0.008255,19.512842730548755,2.1573662521929653,0.030447329340704342
0.017,0.02,17,0.008889999999999999,19.50566709969172,2.189722890889704,0.030895806269267457
0.017,0.02,17,0.009524999999999999,19.498034358621624,2.2241596199248272,0.03137285258614931
0.017,0.02,17,0.01016,19.48994898976514,2.2606597144398135,0.03187818813967809
0.017,0.02,17,0.010794999999999999,19.481415880429438,2.299204785854692,0.032411507473160836
0.017,0.02,17,0.01143,19.47244032242719,2.339774771693316,0.032972479848301796
0.017,0.02,17,0.012065,19.463028010165658,2.3823479315404423,0.03356074936464772
0.017,0.02,18,0.006985,19.52543201848357,2.1006396301236983,0.02966049884477738
0.017,0.02,18,0.007620000000000001,19.518815669977073,2.130445937416638,0.030074020626431875
0.017,0.02,18,0.008255,19.51170779447989,2.1624828069019975,0.030518262845007152
0.017,0.02,18,0.008889999999999999,19.504112418700515,2.196735585430938,0.03099297383121723
0.017,0.02,18,0.009524999999999999,19.49603400116689,2.2331878761091684,0.03149787492706832
0.017,0.02,18,0.01016,19.487477434788218,2.2718215151131393,0.03203266032573645
0.017,0.02,18,0.010794999999999999,19.478448047629172,2.3126165555829403,0.0325969970231755
0.017,0.02,18,0.01143,19.468951601963568,2.3555512583336813,0.03319052487727836
0.017,0.02,18,0.012065,19.458994291667295,2.400602089162638,0.03381285677079407
0.017,0.02,19,0.006985,19.525057321848067,2.1023272294921553,0.029683917384495967
0.017,0.02,19,0.007620000000000001,19.518074293870256,2.1337867072733525,0.030120356633110697
0.017,0.02,19,0.008255,19.51057315462981,2.167598455777337,0.030589177835636167
0.017,0.02,19,0.008889999999999999,19.502558294012488,2.203746577453049,0.03109010662422092
0.017,0.02,19,0.009524999999999999,19.49403456549055,2.242213308885136,0.03162283965683904
0.017,0.02,19,0.01016,19.48500728831266,2.282978997682943,0.03218704448045848
0.017,0.02,19,0.010794999999999999,19.47548224776591,2.326022086958084,0.032782359514631695
0.017,0.02,19,0.01143,19.46546569358469,2.3713191071135946,0.03340839415095828
0.017,0.02,19,0.012065,19.454964336571948,2.4188446747041716,0.03406472896425243
0.017,0.02,20,0.006985,19.524682657453013,2.104014730406999,0.02970733390918651
0.017,0.02,20,0.007620000000000001,19.51733304407702,2.1371270911210427,0.030166684745185957
0.017,0.02,20,0.008255,19.509438810884774,2.1727131990595154,0.03066007431970086
0.017,0.02,20,0.008889999999999999,19.501004725334667,2.210755867575962,0.031187204666583018
0.017,0.02,20,0.009524999999999999,19.492036050967727,2.251235919576972,0.03174774681451866
0.017,0.02,20,0.01016,19.482538549157596,2.2941321646545205,0.032341340677648815
0.017,0.02,20,0.010794999999999999,19.47251847879096,2.3394213843316733,0.03296759507556545
0.017,0.02,20,0.01143,19.461982593956122,2.38707832512515,0.03362608787774178
0.017,0.02,20,0.012065,19.450938139714708,2.437075699165602,0.03431636626783139
0.017,0.02,21,0.006985,19.524308025294317,2.105702132876844,0.029730748419104062
0.017,0.02,21,0.007620000000000001,19.516591920565816,2.1404670890266067,0.030213004964636612
0.017,0.02,21,0.008255,19.508304763131093,2.1778270369889796,0.03073095230430726
0.017,0.02,21,0.008889999999999999,19.49945171237448,2.2177634564192954,0.03128426797659476
0.017,0.02,21,0.009524999999999999,19.490038456973934,2.2602557095080877,0.03187259643912941
0.017,0.02,21,0.01016,19.48007121614353,2.305281018531231,0.03249554899103098
0.017,0.02,21,0.010794999999999999,19.469556738658525,2.352814452051214,0.033152703833843306
0.017,0.02,21,0.01143,19.458502299748716,2.402828919452678,0.03384360626570389
0.017,0.02,21,0.012065,19.44691569593988,2.455295173533548,0.034567769003757486
0.017,0.02,22,0.006985,19.523933425367943,2.1073894369103052,0.02975416091450367
0.017,0.02,22,0.007620000000000001,19.515850923304924,2.143806701056927,0.030259317293441203
0.017,0.02,22,0.008255,19.507171011255082,2.1829399698060894,0.030801811796557558
0.017,0.02,22,0.008889999999999999,19.49789925483941,2.2247693446023726,0.031381296572535175
0.017,0.02,22,0.009524999999999999,19.488041782885432,2.2692726800010683,0.03199738856965908
0.017,0.02,22,0.01016,19.477605288092036,2.3164255618144978,0.03264966949424717
0.017,0.02,22,0.010794999999999999,19.466597025325427,2.366201294460168,0.0333376859171625
0.017,0.02,22,0.01143,19.455024807638438,2.41857089717276,0.034060949522595876
0.017,0.02,22,0.012065,19.442897000101198,2.4735031087807138,0.03481893749367612
0.017,0.02,23,0.006985,19.52355885766974,2.1090766425159946,0.029777571395640495
0.017,0.02,23,0.007620000000000001,19.51511005226274,2.147145927278871,0.030305621733577332
0.017,0.02,23,0.008255,19.506037555143166,2.188051997751123,0.030872652803550508
0.017,0.02,23,0.008889999999999999,19.496347352437283,2.231773532744213,0.031478290472670555
0.017,0.02,23,0.009524999999999999,19.486046028079045,2.278286832377673,0.03212212324506039
0.017,0.02,23,0.01016,19.47514076382629,2.327565797003808,0.03280370226085855
0.017,0.02,23,0.010794999999999999,19.463639336751157,2.3795819158979623,0.03352254145305109
0.017,0.02,23,0.01143,19.451550114306485,2.434304265354235,0.034278117855845086
0.017,0.02,23,0.012065,19.438882047061554,2.491699515865907,0.03506987205865287
0.017,0.02,24,0.006985,19.523184322195675,2.1107637497025267,0.029800979862769438
0.017,0.02,24,0.007620000000000001,19.514369307407662,2.150484767759291,0.03035191828702233
0.017,0.02,24,0.008255,19.504904394681887,2.1931631210642704,0.03094347533238115
0.017,0.02,24,0.008889999999999999,19.494796004875923,2.2387760214635377,0.03157524969525461
0.017,0.02,24,0.009524999999999999,19.484051191931997,2.287298167958834,0.03224680050425167
0.017,0.02,24,0.01016,19.47267764217048,2.338701726596721,0.03295764736434524
0.017,0.02,24,0.010794999999999999,19.460683670898106,2.3929563206999904,0.03370727056886855
0.017,0.02,24,0.01143,19.448078216439114,2.4500290310582153,0.03449511147255606
0.017,0.02,24,0.012065,19.434870831693217,2.5098844057340646,0.035320573019175024
0.017,0.02,25,0.006985,19.522809818941653,2.112450758478511,0.029824386316145382
0.017,0.02,25,0.007620000000000001,19.513628688707968,2.153823222565023,0.030398206955752453
0.017,0.02,25,0.008255,19.503771529757728,2.1982733399856382,0.031014279390141085
0.017,0.02,25,0.008889999999999999,19.493245211863552,2.2457768113787653,0.03167217425852821
0.017,0.02,25,0.009524999999999999,19.482057273822136,2.296306688064657,0.032371420386116276
0.017,0.02,25,0.01016,19.470215921950285,2.349833353088861,0.03311150487810617
0.017,0.02,25,0.010794999999999999,19.45773002573111,2.4063245131976205,0.03389187339180581
0.017,0.02,25,0.01143,19.44460911072781,2.4657452013380894,0.034711930579510934
0.017,0.02,25,0.012065,19.43086334887755,2.528057789316273,0.035571040695152524
0.017,0.02,26,0.006985,19.522435347903638,2.1141376688525586,0.029847790756023205
0.017,0.02,26,0.007620000000000001,19.51288819613211,2.1571612917628875,0.03044448774174355
0.017,0.02,26,0.008255,19.502638960257286,2.2033826547552473,0.03108506498391834
0.017,0.02,26,0.008889999999999999,19.49169497310851,2.2527759031080175,0.03176906418071973
0.017,0.02,26,0.009524999999999999,19.480064273127937,2.3053123940144262,0.032495982929503245
0.017,0.02,26,0.01016,19.46775560199262,2.360960678973928,0.033265274875459966
0.017,0.02,26,0.010794999999999999,19.454778399217844,2.4196864977181956,0.0340763500488853
0.017,0.02,26,0.01143,19.44114279386929,2.481452783239538,0.034928575383170186
0.017,0.02,26,0.012065,19.4268595935053,2.546219677529788,0.035821275405919645
0.017,0.02,27,0.006985,19.52206090907748,2.1158244808332785,0.029871193182657903
0.017,0.02,27,0.007620000000000001,19.512147829648484,2.1604989754196913,0.030490760646970795
0.017,0.02,27,0.008255,19.501506686067216,2.2084910656130354,0.031155832120797245
0.017,0.02,27,0.008889999999999999,19.490145288319297,2.2597732972691134,0.031865919480045
0.017,0.02,27,0.009524999999999999,19.478072189228385,2.3143152871265986,0.03262048817322693
0.017,0.02,27,0.01016,19.46529668112572,2.372083706743693,0.03341895742964408
0.017,0.02,27,0.010794999999999999,19.4518287893286,2.4330422785850403,0.03426070066696184
0.017,0.02,27,0.01143,19.43767926256521,2.4971517838005477,0.03514504608967321
0.017,0.02,27,0.012065,19.42285956047624,2.56437008127806,0.036071277470235794
0.017,0.02,28,0.006985,19.521686502459147,2.1175111944292797,0.02989459359630433
0.017,0.02,28,0.007620000000000001,19.511407589225485,2.163836273602223,0.030537025673408682
0.017,0.02,28,0.008255,19.500374707074286,2.2135985727988516,0.031226580807858548
0.017,0.02,28,0.008889999999999999,19.488596157204654,2.2667689944795733,0.03196274017470739
0.017,0.02,28,0.009524999999999999,19.47608102150292,2.3233153687188093,0.03274493615606683
0.017,0.02,28,0.01016,19.46283915817895,2.3832024388880035,0.033572552613815886
0.017,0.02,28,0.010794999999999999,19.44888119403646,2.446391860117468,0.03444492537272254
0.017,0.02,28,0.01143,19.43421851352258,2.5128422100514114,0.03536134290483889
0.017,0.02,28,0.012065,19.418863244699423,2.5825090114507545,0.036321047206287156
0.017,0.02,29,0.006985,19.521312128044542,2.1191978096491684,0.029917991997217074
0.017,0.02,29,0.007620000000000001,19.510667474831507,2.1671731863772585,0.030583282823031042
0.017,0.02,29,0.008255,19.49924302316515,2.2187051765524646,0.03129731105217969
0.017,0.02,29,0.008889999999999999,19.487047579473654,2.2737629953566185,0.03205952628289716
0.017,0.02,29,0.009524999999999999,19.474090769331724,2.3323126401078698,0.032869326916768596
0.017,0.02,29,0.01016,19.460383031983156,2.3943168778947843,0.0337260605010519
0.017,0.02,29,0.010794999999999999,19.445935611316997,2.4597352466307814,0.03462902429268675
0.017,0.02,29,0.01143,19.430760543453346,2.5285240690147477,0.03557746603416616
0.017,0.02,29,0.012065,19.41487064109299,2.600636478923773,0.03657058493168804
0.017,0.02,30,0.006985,19.520937785829574,2.1208843265015513,0.029941388385650965
0.017,0.02,30,0.007620000000000001,19.509927486435004,2.170509713811556,0.030629532097811024
0.017,0.02,30,0.008255,19.498111634226632,2.223810877113555,0.03136802286083416
0.017,0.02,30,0.008889999999999999,19.485499554835314,2.2807553005171712,0.032156277822792664
0.017,0.02,30,0.009524999999999999,19.472101432095315,2.341307102609769,0.032993660494042634
0.017,0.02,30,0.01016,19.45792830137043,2.4054270262500386,0.033879481164348364
0.017,0.02,30,0.010794999999999999,19.44299203914869,2.4730724424362793,0.03481299755320711
0.017,0.02,30,0.01143,19.42730534907463,2.5441973677055074,0.035793415682835
0.017,0.02,30,0.012065,19.410881744584287,2.6187524945592764,0.036819890963481754
0.017,0.02,31,0.006985,19.520563475810206,2.122570744995035,0.029964782761860577
0.017,0.02,31,0.007620000000000001,19.509187624004483,2.173845855971861,0.030675773499721375
0.017,0.02,31,0.008255,19.496980540145728,2.22891567472172,0.031438716240892256
0.017,0.02,31,0.008889999999999999,19.483952082999053,2.2877459105778537,0.032252994812559284
0.017,0.02,31,0.009524999999999999,19.470113009174952,2.3502987575396763,0.033117936926565665
0.017,0.02,31,0.01016,19.455474965174062,2.416532886437852,0.03403281467662142
0.017,0.02,31,0.010794999999999999,19.440050475512464,2.4864034518412628,0.03499684528046921
0.017,0.02,31,0.01143,19.423852927108726,2.5598621131309867,0.036009192055706206
0.017,0.02,31,0.012065,19.406896550109707,2.6368570692057056,0.037068965618142054
0.017,0.02,32,0.006985,19.520189197982404,2.124257065138222,0.029988175126100726
0.017,0.02,32,0.007620000000000001,19.508447887508282,2.1771816129249006,0.03072200703073376
0.017,0.02,32,0.008255,19.495849740809263,2.234019569616472,0.03150939119942033
0.017,0.02,32,0.008889999999999999,19.4824051636744,2.294734826154989,0.032349677270349826
0.017,0.02,32,0.009524999999999999,19.46812549995235,2.3592876062119377,0.033242156252979334
0.017,0.02,32,0.01016,19.453023022228706,2.4276344609403906,0.03418606111070708
0.017,0.02,32,0.010794999999999999,19.437110918392136,2.4997282791490343,0.035180567600492124
0.017,0.02,32,0.01143,19.42040327428282,2.5755183122908325,0.036224795357323064
0.017,0.02,32,0.012065,19.402915052614787,2.6549502136978034,0.03731780921157479
0.017,0.02,33,0.006985,19.51981495234196,2.125943286939716,0.03001156547862595
0.017,0.02,33,0.007620000000000001,19.50770827691491,2.1805169847373875,0.030768232692819576
0.017,0.02,33,0.008255,19.494719236104288,2.239122562037238,0.03158004774348141
0.017,0.02,33,0.008889999999999999,19.480858796571113,2.301722047864602,0.032446325214304704
0.017,0.02,33,0.009524999999999999,19.466138903809735,2.3682736499400807,0.0333663185118916
0.017,0.02,33,0.01016,19.450572471370208,2.4387317522379064,0.03433922053936095
0.017,0.02,33,0.010794999999999999,19.434173365773916,2.5130469286589094,0.03536416463912853
0.017,0.02,33,0.01143,19.416956387329435,2.5911659721770586,0.03644022579191131
0.017,0.02,33,0.012065,19.398937247054107,2.673031938856635,0.03756642205911848
0.017,0.02,34,0.006985,19.519440738884953,2.1276294104081197,0.03003495381969079
0.017,0.02,34,0.007620000000000001,19.506968792192822,2.18385197147602,0.030814450487949417
0.017,0.02,34,0.008255,19.493589025917856,2.2442246522233624,0.031650685880135095
0.017,0.02,34,0.008889999999999999,19.479312981399175,2.30870757632242,0.03254293866255185
0.017,0.02,34,0.009524999999999999,19.464153220130015,2.377256890036812,0.03349042374187549
0.017,0.02,34,0.01016,19.448123311435836,2.4498247628087393,0.03449229303525924
0.017,0.02,34,0.010794999999999999,19.431237815646966,2.5263594046662163,0.035547636522065176
0.017,0.02,34,0.01143,19.413512262985932,2.6068050997740535,0.03665548356337965
0.017,0.02,34,0.012065,19.394963128391282,2.691102255489612,0.03781480447554594
0.017,0.02,35,0.006985,19.519066557607232,2.1293154355520345,0.030058340149549775
0.017,0.02,35,0.007620000000000001,19.506229433310523,2.1871865732074802,0.03086066041809307
0.017,0.02,35,0.008255,19.49245911013702,2.2493258404141026,0.031721305616437025
0.017,0.02,35,0.008889999999999999,19.477767717868687,2.3156914121438703,0.03263951763320653
0.017,0.02,35,0.009524999999999999,19.462168448296495,2.3862373278140194,0.03361447198147004
0.017,0.02,35,0.01016,19.445675541264052,2.460913495129315,0.03464527867099792
0.017,0.02,35,0.010794999999999999,19.42830426600284,2.539665711462303,0.03573098337482294
0.017,0.02,35,0.01143,19.410070897994842,2.6224357020585907,0.0368705688753211
0.017,0.02,35,0.012065,19.390992691598967,2.709161174390512,0.038062956775065826
0.017,0.02,36,0.006985,19.518692408504705,2.13100136238006,0.030081724468457405
0.017,0.02,36,0.007620000000000001,19.505490200236466,2.190520789998435,0.03090686248522003
0.017,0.02,36,0.008255,19.491329488648944,2.2544261268486316,0.03179190695943954
0.017,0.02,36,0.008889999999999999,19.47622300569003,2.3226735559440823,0.032736062144371726
0.017,0.02,36,0.009524999999999999,19.460184587693107,2.395214964582774,0.03373846326918035
0.017,0.02,36,0.01016,19.44322915969451,2.471997951674151,0.03479817751909364
0.017,0.02,36,0.010794999999999999,19.425372714835873,2.5529658533345403,0.03591420532275707
0.017,0.02,36,0.01143,19.40663228910381,2.638057785999838,0.037085481931012375
0.017,0.02,36,0.012065,19.387025931658854,2.727208706339502,0.03831087927132333
0.017,0.02,37,0.006985,19.518318291573337,2.132687190900796,0.03010510677666808
0.017,0.02,37,0.007620000000000001,19.504751092939216,2.193854621915536,0.03095305669129888
0.017,0.02,37,0.008255,19.49020016134091,2.2595255117660384,0.03186248991619154
0.017,0.02,37,0.008889999999999999,19.474678844573816,2.3296540083378887,0.03283257221413761
0.017,0.02,37,0.009524999999999999,19.45820163770435,2.404189801653327,0.03386239764347665
0.017,0.02,37,0.01016,19.44078416556829,2.4830781349158566,0.03495098965198304
0.017,0.02,37,0.010794999999999999,19.422443160143075,2.566259834566328,0.036097302491058025
0.017,0.02,37,0.01143,19.403196433065318,2.653671358559371,0.037300222933415894
0.017,0.02,37,0.012065,19.38306284356156,2.745244862103155,0.03855857227740168
0.017,0.02,38,0.006985,19.517944206809034,2.134372921122841,0.030128487074436144
0.017,0.02,38,0.007620000000000001,19.504012111387226,2.197188069025419,0.030999243038297642
0.017,0.02,38,0.008255,19.489071128100193,2.2646239954053295,0.0319330544937381
0.017,0.02,38,0.008889999999999999,19.47313523423071,2.3366327699398224,0.03292904786058204
0.017,0.02,38,0.009524999999999999,19.45621959771529,2.4131618403351136,0.03398627514279544
0.017,0.02,38,0.01016,19.4383405577276,2.494154047325136,0.035103715142023734
0.017,0.02,38,0.010794999999999999,19.41951559992401,2.579547659437097,0.036280275004750936
0.017,0.02,38,0.01143,19.399763326637128,2.669276426691182,0.03751479208517933
0.017,0.02,38,0.012065,19.379103422306798,2.76326965243448,0.03880603610582345
0.017,0.02,39,0.006985,19.51757015420776,2.1360585530547915,0.030151865362016094
0.017,0.02,39,0.007620000000000001,19.50327325554906,2.200521131394704,0.031045421528183546
0.017,0.02,39,0.008255,19.487942388814076,2.2697215780054227,0.032003600699120865
0.017,0.02,39,0.008889999999999999,19.471592174371665,2.34360984136412,0.03302548910177036
0.017,0.02,39,0.009524999999999999,19.454238467111395,2.4221310819367528,0.03411009580553909
0.017,0.02,39,0.01016,19.435898335016077,2.5052256913707844,0.0352563540614935
0.017,0.02,39,0.010794999999999999,19.416590032180864,2.5928293322223186,0.036463122988696174
0.017,0.02,39,0.01143,19.396332966581838,2.684872997341686,0.03772918958863656
0.017,0.02,39,0.012065,19.375147662903203,2.7812830880729336,0.03905327106855157
0.017,0.02,40,0.006985,19.517196133765424,2.1377440867052444,0.030175241639662145
0.017,0.02,40,0.007620000000000001,19.50253452539323,2.2038538090899973,0.031091592162923534
0.017,0.02,40,0.008255,19.486813943369953,2.2748182598051554,0.03207412853937803
0.017,0.02,40,0.008889999999999999,19.470049664707915,2.35058522322472,0.033121895955755494
0.017,0.02,40,0.009524999999999999,19.452258245278813,2.4310975277660463,0.03423385967007577
0.017,0.02,40,0.01016,19.43345749627855,2.5162930695197017,0.035408906482591075
0.017,0.02,40,0.010794999999999999,19.41366645491854,2.6061048571935026,0.03664584656759011
0.017,0.02,40,0.01143,19.392905349667046,2.7004610774497397,0.037943415645808366
0.017,0.02,40,0.012065,19.371195560368164,2.799285179744449,0.039300277476991136
0.017,0.02,41,0.006985,19.51682214547793,2.139429522082795,0.0301986159076285
0.017,0.02,41,0.007620000000000001,19.50179592088824,2.2071861021778885,0.031137754944483488
0.017,0.02,41,0.008255,19.48568579165527,2.279914041043278,0.032144638021544124
0.017,0.02,41,0.008889999999999999,19.468507704950753,2.357558916135264,0.033218268440578076
0.017,0.02,41,0.009524999999999999,19.450278931604146,2.440061179129983,0.03435756677473968
0.017,0.02,41,0.01016,19.43101804036104,2.527356184236882,0.03556137247743618
0.017,0.02,41,0.010794999999999999,19.41074486614457,2.619374238618208,0.03682844586596464
0.017,0.02,41,0.01143,19.389480472665525,2.7160406739466447,0.038157470458403
0.017,0.02,41,0.012065,19.36724710972817,2.8172759381614525,0.0395470556419898
0.017,0.02,42,0.006985,19.516448189341304,2.1411148591960374,0.03022198816616936
0.017,0.02,42,0.007620000000000001,19.50105744200272,2.210518010724953,0.031183909874829007
0.017,0.02,42,0.008255,19.484557933557596,2.2850089219584584,0.03221512915265009
0.017,0.02,42,0.008889999999999999,19.466966294811755,2.3645309207090968,0.03331460657426583
0.017,0.02,42,0.009524999999999999,19.448300525474735,2.449022037334735,0.03448121715783071
0.017,0.02,42,0.01016,19.428579966110874,2.538415037985423,0.03571375211806917
0.017,0.02,42,0.010794999999999999,19.407825263868972,2.6326374807600432,0.0370109210081877
0.017,0.02,42,0.01143,19.386058332354935,2.7316117937561613,0.03837135422781667
0.017,0.02,42,0.012065,19.363302306018568,2.8352553740228896,0.03979360587383955
0.017,0.02,43,0.006985,19.516074265351392,2.142800098053564,0.030245358415539162
0.017,0.02,43,0.007620000000000001,19.500319088705226,2.2138495347977467,0.03123005695592463
0.017,0.02,43,0.008255,19.483430368964434,2.2901029027892776,0.03228560193972359
0.017,0.02,43,0.008889999999999999,19.46542543400267,2.3715012375592646,0.03341091037483448
0.017,0.02,43,0.009524999999999999,19.44632302627815,2.4579801036856614,0.034604810857615305
0.017,0.02,43,0.01016,19.42614327237675,2.5494696332265234,0.03586604547645157
0.017,0.02,43,0.010794999999999999,19.40490764610456,2.6458945878786735,0.03719327211846384
0.017,0.02,43,0.01143,19.382638925517824,2.7471744437945156,0.03858506715513429
0.017,0.02,43,0.012065,19.359361144283525,2.853223498014239,0.04003992848227811
0.017,0.02,44,0.006985,19.51570037350416,2.144485238663968,0.0302687266559917
0.017,0.02,44,0.007620000000000001,19.499580860964272,2.217180674462817,0.0312761961897346
0.017,0.02,44,0.008255,19.482303097763406,2.2951959837742355,0.032356056389788314
0.017,0.02,44,0.008889999999999999,19.46388512223541,2.3784698672985187,0.033507179860287055
0.017,0.02,44,0.009524999999999999,19.444346433402814,2.466935379487309,0.034728347912325375
0.017,0.02,44,0.01016,19.42370795800855,2.560519972419489,0.036018252624466285
0.017,0.02,44,0.010794999999999999,19.40199201086665,2.6591455642298225,0.03737549932083406
0.017,0.02,44,0.01143,19.379222248941915,2.762728630970413,0.03879860944112987
0.017,0.02,44,0.012065,19.355423619576186,2.8711803208075404,0.04028602377648948
0.017,0.02,45,0.006985,19.515326513795515,2.146170281035842,0.0302920928877814
0.017,0.02,45,0.007620000000000001,19.498842758748424,2.2205114297866917,0.031322327578222516
0.017,0.02,45,0.008255,19.48117611984219,2.3002881651517453,0.0324264925098648
0.017,0.02,45,0.008889999999999999,19.462345359222184,2.385436810539312,0.03360341504861448
0.017,0.02,45,0.009524999999999999,19.44237074623743,2.47588786604341,0.034851828360159556
0.017,0.02,45,0.01016,19.4212740218573,2.571566058021731,0.03617037363391705
0.017,0.02,45,0.010794999999999999,19.399078356173163,2.672390414065281,0.03755760273917651
0.017,0.02,45,0.01143,19.375808299419703,2.778274362185048,0.03901198128626716
0.017,0.02,45,0.012065,19.351489726958334,2.889125853061414,0.040531892065105705
0.017,0.02,46,0.006985,19.51495268622142,2.1478552251777727,0.03031545711116202
0.017,0.02,46,0.007620000000000001,19.49810478202636,2.2238418008358827,0.031368451123350884
0.017,0.02,46,0.008255,19.48004943508846,2.3053794471601363,0.03249691030696989
0.017,0.02,46,0.008889999999999999,19.460806144675303,2.392402067893804,0.033699615957794894
0.017,0.02,46,0.009524999999999999,19.4403959641715,2.4848375646568868,0.03497525223928193
0.017,0.02,46,0.01016,19.418841462775504,2.5826078924887694,0.03632240857652928
0.017,0.02,46,0.010794999999999999,19.3961666800447,2.6856291416329086,0.037739582497206346
0.017,0.02,46,0.01143,19.3723970737488,2.7938116443321115,0.03922518289070064
0.017,0.02,46,0.012065,19.34755946150068,2.9070601054210785,0.04077753365620828
0.017,0.02,47,0.006985,19.514578890777784,2.149540071098353,0.030338819326387843
0.017,0.02,47,0.007620000000000001,19.497366930766702,2.227171787676889,0.03141456682708221
0.017,0.02,47,0.008255,19.478923043390125,2.310469830037655,0.032567309788117
0.017,0.02,47,0.008889999999999999,19.45926747830731,2.3993656399738548,0.03379578260579444
0.017,0.02,47,0.009524999999999999,19.438422086594812,2.4937844766298483,0.03509861958782337
0.017,0.02,47,0.01016,19.416410279616798,2.593645478274234,0.03647435752394997
0.017,0.02,47,0.010794999999999999,19.39325698050436,2.698861751176637,0.03792143871847619
0.017,0.02,47,0.01143,19.368988568731595,2.8093404842978043,0.03943821445427532
0.017,0.02,47,0.012065,19.343632818282742,2.9249830885183754,0.041022948857328406
0.017,0.02,48,0.006985,19.514205127460627,2.1512248188061687,0.03036217953371248
0.017,0.02,48,0.007620000000000001,19.49662920493796,2.2305013903761917,0.031460674691377935
0.017,0.02,48,0.008255,19.477796944634974,2.315559314022463,0.03263769096031571
0.017,0.02,48,0.008889999999999999,19.45772935983092,2.4063275273910287,0.033891915010566466
0.017,0.02,48,0.009524999999999999,19.43644911289789,2.502728603263593,0.03522193044388059
0.017,0.02,48,0.01016,19.413980471236016,2.604678817829868,0.036626220547747335
0.017,0.02,48,0.010794999999999999,19.390349255577974,2.712088246936478,0.03810317152637634
0.017,0.02,48,0.01143,19.365582781175533,2.824860888960846,0.03965107617652827
0.017,0.02,48,0.012065,19.339709792392796,2.9428948129717893,0.041268137975449544
0.017,0.02,49,0.006985,19.513831396265743,2.152909468309809,0.03038553773339032
0.017,0.02,49,0.007620000000000001,19.495891604508813,2.2338306090002584,0.031506774718198946
0.017,0.02,49,0.008255,19.476671138710856,2.320647899352638,0.03270805383057259
0.017,0.02,49,0.008889999999999999,19.456191788959188,2.4132877307565974,0.03398801319005236
0.017,0.02,49,0.009524999999999999,19.434477042471713,2.511669945858612,0.035345184845516575
0.017,0.02,49,0.01016,19.41155203648941,2.6157079136055272,0.03677799771941159
0.017,0.02,49,0.010794999999999999,19.387443503293866,2.7253086331485257,0.038284781044135074
0.017,0.02,49,0.01143,19.362179707893006,2.840372865192485,0.039863768256688394
0.017,0.02,49,0.012065,19.335790378927868,2.96079528938647,0.04151310131700727
0.017,0.02,50,0.006985,19.51345769718921,2.1545940196178575,0.030408893925674835
0.017,0.02,50,0.007620000000000001,19.49515412944794,2.2371594436155418,0.03155286690950534
0.017,0.02,50,0.008255,19.47554562550573,2.325735586266172,0.03277839840589026
0.017,0.02,50,0.008889999999999999,19.45465476540511,2.4202462506815334,0.03408407716218072
0.017,0.02,50,0.009524999999999999,19.43250587470783,2.5206085057145833,0.03546838283076073
0.017,0.02,50,0.01016,19.409124974234317,2.6267327680491843,0.03692968911035455
0.017,0.02,50,0.010794999999999999,19.38453972168287,2.738522914044962,0.03846626739481894
0.017,0.02,50,0.01143,19.35877934570118,2.855876419856509,0.04007629089367743
0.017,0.02,50,0.012065,19.33187457299374,2.9786845283542487,0.041757839187891464
0.022,0.025,0,0.006985,19.626976259454068,1.6450094336758978,0.02331398378412127
0.022,0.025,0,0.007620000000000001,19.626976259454068,1.6450094336758978,0.02331398378412127
0.022,0.025,0,0.008255,19.626976259454068,1.6450094336758978,0.02331398378412127
0.022,0.025,0,0.008889999999999999,19.626976259454068,1.6450094336758978,0.02331398378412127
0.022,0.025,0,0.009524999999999999,19.626976259454068,1.6450094336758978,0.02331398378412127
0.022,0.025,0,0.01016,19.626976259454068,1.6450094336758978,0.02331398378412127
0.022,0.025,0,0.010794999999999999,19.626976259454068,1.6450094336758978,0.02331398378412127
0.022,0.025,0,0.01143,19.626976259454068,1.6450094336758978,0.02331398378412127
0.022,0.025,0,0.012065,19.626976259454068,1.6450094336758978,0.02331398378412127
0.022,0.025,1,0.006985,19.626673746309052,1.6463617586037835,0.023332890855682856
0.022,0.025,1,0.007620000000000001,19.626376772519166,1.6476893502008925,0.023351451717553057
0.022,0.025,1,0.008255,19.62605722419937,1.6491178913492284,0.023371423487539546
0.022,0.025,1,0.008889999999999999,19.625715162945824,1.6506471137876093,0.023392802315887584
0.022,0.025,1,0.009524999999999999,19.625350660777656,1.652276703128951,0.023415583701398103
0.022,0.025,1,0.01016,19.62496380047338,1.6540062973460568,0.02343976247041436
0.022,0.025,1,0.010794999999999999,19.624554675868865,1.655835485426653,0.023465332758195127
0.022,0.025,1,0.01143,19.624123392119202,1.6577638061888909,0.023492287992549845
0.022,0.025,1,0.012065,19.62367006592575,1.6597907472503872,0.02352062087963991
0.022,0.025,2,0.006985,19.626371253923367,1.6477140208052226,0.02335179662978999
0.022,0.025,2,0.007620000000000001,19.625777367105172,1.6503690203936634,0.02338891455592543
0.022,0.025,2,0.008255,19.62513838052871,1.6532257700930457,0.023428851216955898
0.022,0.025,2,0.008889999999999999,19.624454427162107,1.6562837038214415,0.02347159830236792
0.022,0.025,2,0.009524999999999999,19.623725661462686,1.6595421612958932,0.023517146158581224
0.022,0.025,2,0.01016,19.622952260033117,1.6630003850515784,0.023565483747929224
0.022,0.025,2,0.010794999999999999,19.622134422199508,1.666657517805195,0.023616598612529995
0.022,0.025,2,0.01143,19.621272370515157,1.6705126001450386,0.023670476842802334
0.022,0.025,2,0.012065,19.62036635119307,1.6745645685339001,0.0237271030504337
0.022,0.025,3,0.006985,19.626068782294794,1.649066220284578,0.023370701106573733
0.022,0.025,3,0.007620000000000001,19.625178043195888,1.653048444288171,0.023426372300257483
0.022,0.025,3,0.008255,19.62421972838331,1.6573330700297078,0.02348626697604219
0.022,0.025,3,0.008889999999999999,19.623194051951202,1.6619192040935225,0.02355037175304836
0.022,0.025,3,0.009524999999999999,19.62210126118424,1.6668058088538042,0.023618671175986587
0.022,0.025,3,0.01016,19.620941637516694,1.671991698077041,0.023691147655206853
0.022,0.025,3,0.010794999999999999,19.619715497371715,1.6774755330495075,0.02376778141426627
0.022,0.025,3,0.01143,19.618423192885643,1.6832558192034965,0.023848550444645695
0.022,0.025,3,0.012065,19.617065112522766,1.689330903221483,0.023933430467326395
0.022,0.025,4,0.006985,19.625766331421346,1.650418357046214,0.023389604286165017
0.022,0.025,4,0.007620000000000001,19.624578800774884,1.6557276219183714,0.023463824951568228
0.022,0.025,4,0.008255,19.623301267704505,1.6614397912815384,0.023543670768468895
0.022,0.025,4,0.008889999999999999,19.621934037161452,1.6675536149198593,0.02362912267740984
0.022,0.025,4,0.009524999999999999,19.620477459617348,1.6740676464794264,0.023720158773915485
0.022,0.025,4,0.01016,19.61893193230793,1.6809802377062328,0.023816754230754456
0.022,0.025,4,0.010794999999999999,19.61729790031245,1.6882895333959134,0.02391888123047313
0.022,0.025,4,0.01143,19.615575857476642,1.6959934670202217,0.024026508907709403
0.022,0.025,4,0.012065,19.613766347185674,1.7040897570024163,0.024139603300894583
0.022,0.025,5,0.006985,19.62546390130086,1.6517704310944938,0.023408506168694887
0.022,0.025,5,0.007620000000000001,19.62397963982596,1.658406553318215,0.023501272510876477
0.022,0.025,5,0.008255,19.622382998433523,1.6655459339708265,0.02360106259790483
0.022,0.025,5,0.008889999999999999,19.62067438264114,1.6731869366163366,0.023707851084928122
0.022,0.025,5,0.009524999999999999,19.618854256437544,1.6813276748491655,0.02382160897265494
0.022,0.025,5,0.01016,19.61692314379127,1.6899660052221481,0.02394230351304482
0.022,0.025,5,0.010794999999999999,19.61488162994965,1.699099521079077,0.024069898128148585
0.022,0.025,5,0.01143,19.61273036253624,1.7087255472479743,0.024204352341486005
0.022,0.025,5,0.012065,19.61047005245655,1.7188411355602131,0.02434562172146741
0.022,0.025,6,0.006985,19.625161491931294,1.6531224424337818,0.023427406754294135
0.022,0.025,6,0.007620000000000001,19.623380560332805,1.6610852385216441,0.023538714979200605
0.022,0.025,6,0.008255,19.6214649205117,1.6696514982198278,0.023658442468017675
0.022,0.025,6,0.008889999999999999,19.61941508823884,1.6788191694987156,0.023786556985073554
0.022,0.025,6,0.009524999999999999,19.617231651320367,1.6885858946390906,0.023923021792477465
0.022,0.025,6,0.01016,19.61491527135172,1.6989490019069922,0.024067795540517238
0.022,0.025,6,0.010794999999999999,19.612466685212496,1.7099054983320023,0.024220832174219494
0.022,0.025,6,0.01143,19.609886706314683,1.721452063536323,0.02438208085533097
0.022,0.025,6,0.012065,19.607176225613955,1.7335850445726348,0.02455148589912727
0.022,0.025,7,0.006985,19.624859103310484,1.654474391068438,0.023446306043093678
0.022,0.025,7,0.007620000000000001,19.622781562279044,1.6637636775625961,0.023576152357558784
0.022,0.025,7,0.008255,19.620547033880428,1.6737564841507615,0.02371581038247332
0.022,0.025,7,0.008889999999999999,19.618156153803,1.6844503138826366,0.023865240387311457
0.022,0.025,7,0.009524999999999999,19.615609643941752,1.6958423065249317,0.02402439725364091
0.022,0.025,7,0.01016,19.61290831437475,1.7079292290421766,0.02419323035157699
0.022,0.025,7,0.010794999999999999,19.61005306503131,1.7207074673860385,0.02437168343554174
0.022,0.025,7,0.01143,19.607044887064603,1.7341730195316456,0.02455969455846336
0.022,0.025,7,0.012065,19.603884863940607,1.7483214897116912,0.02475719600371044
0.022,0.025,8,0.006985,19.624556735436386,1.6558262770028265,0.023465204035224552
0.022,0.025,8,0.007620000000000001,19.62218264564848,1.666441870475001,0.02361358464696899
0.022,0.025,8,0.008255,19.619629338481047,1.6778608918858142,0.023773166344936144
0.022,0.025,8,0.008889999999999999,19.616897579182364,1.6900803700836187,0.023943901301101734
0.022,0.025,8,0.009524999999999999,19.61398823397775,1.7030969111820848,0.024125735376389134
0.022,0.025,8,0.01016,19.61090227224645,1.7169066879083255,0.024318607984595238
0.022,0.025,8,0.010794999999999999,19.607640768337603,1.7315054304708797,0.024522451978900236
0.022,0.025,8,0.01143,19.604204903040568,1.7468884188771356,0.02473719355996554
0.022,0.025,8,0.012065,19.600595964723084,1.7630504766436519,0.024962752204807506
0.022,0.025,9,0.006985,19.624254388306895,1.6571781002413084,0.02348410073081753
0.022,0.025,9,0.007620000000000001,19.621583810424795,1.6691198172927844,0.02365101184844875
0.022,0.025,9,0.008255,19.618711834254896,1.681964721547138,0.02383051035906925
0.022,0.025,9,0.008889999999999999,19.615639364225615,1.695709338417057,0.02402253973589914
0.022,0.025,9,0.009524999999999999,19.612367421104807,1.7103497092856081,0.0242270361809511
0.022,0.025,9,0.01016,19.60889714435342,1.7258813797852732,0.024443928477909542
0.022,0.025,9,0.010794999999999999,19.60522979406386,1.7422993898145658,0.024673137871009103
0.022,0.025,9,0.01143,19.601366752499473,1.7595982652128048,0.02491457796878388
0.022,0.025,9,0.012065,19.597309525251774,1.7777720110290525,0.02516815467176358
0.022,0.025,10,0.006985,19.623952061919965,1.6585298607882446,0.023502996130003517
0.022,0.025,10,0.007620000000000001,19.620985056591735,1.6717975180498639,0.023688433963015385
0.022,0.025,10,0.008255,19.61779452114348,1.686067973256849,0.02388784242853421
0.022,0.025,10,0.008889999999999999,19.61438150878155,1.7013372191982263,0.02410115570115313
0.022,0.025,10,0.009524999999999999,19.610747204999313,1.7176007015102244,0.02432829968754153
0.022,0.025,10,0.01016,19.606892930082836,1.7348533059520637,0.024569191869823755
0.022,0.025,10,0.010794999999999999,19.60282014114381,1.7530893476434848,0.024823741178511813
0.022,0.025,10,0.01143,19.59853043370032,1.7723025621754855,0.025091847893728557
0.022,0.025,10,0.012065,19.594025542821157,1.7924860985227018,0.02537340357367876
0.022,0.025,11,0.006985,19.62364975627338,1.6598815586479967,0.02352189023291328
0.022,0.025,11,0.007620000000000001,19.62038638413304,1.6744749727801513,0.023725850991686167
0.022,0.025,11,0.008255,19.61687739908814,1.6901706471370306,0.023945162556991098
0.022,0.025,11,0.008889999999999999,19.613124012699075,1.706964012742279,0.024179749206308023
0.022,0.025,11,0.009524999999999999,19.60912758533823,1.7248498885303196,0.02442952591636102
0.022,0.025,11,0.01016,19.604889628822264,1.7438224676869545,0.024694398198607775
0.022,0.025,11,0.010794999999999999,19.60041180851232,1.763875306182374,0.02497426196798085
0.022,0.025,11,0.01143,19.595695944904435,1.785001313398835,0.02526900344347416
0.022,0.025,11,0.012065,19.590744014729466,1.8071927447736886,0.025578499079408866
0.022,0.025,12,0.006985,19.62334747136515,1.6612331938249243,0.02354078303967771
0.022,0.025,12,0.007620000000000001,19.619787793032344,1.6771521815175527,0.023763262935477775
0.022,0.025,12,0.008255,19.615960468030437,1.6942727433097313,0.02400247074809844
0.022,0.025,12,0.008889999999999999,19.61186687582716,1.7125897193642459,0.024258320260803105
0.022,0.025,12,0.009524999999999999,19.607508561798454,1.7320972710199452,0.024530714887595412
0.022,0.025,12,0.01016,19.602887239960012,1.7527888662674143,0.024819547502497798
0.022,0.025,12,0.010794999999999999,19.598004795105282,1.7746572676543235,0.02512470030591876
0.022,0.025,12,0.01143,19.592863284375028,1.7976945225133398,0.025446044726559324
0.022,0.025,12,0.012065,19.58746493827897,1.8218919554253903,0.025783441357565478
0.022,0.025,13,0.006985,19.623045207193172,1.6625847663233895,0.023559674550427574
0.022,0.025,13,0.007620000000000001,19.6191892832735,1.6798291442959685,0.023800669795406827
0.022,0.025,13,0.008255,19.615043727911768,1.698374261896965,0.024059767005513367
0.022,0.025,13,0.008889999999999999,19.61061009801483,1.7182143393790366,0.024336868874071865
0.022,0.025,13,0.009524999999999999,19.605890134057347,1.739342849652816,0.024631866621416316
0.022,0.025,13,0.01016,19.600885762884843,1.7617525029701266,0.02494463981969648
0.022,0.025,13,0.010794999999999999,19.595599099859896,1.785435234280774,0.025275056258757138
0.022,0.025,13,0.01143,19.590032450377805,1.8103821931463175,0.02562297185138776
0.022,0.025,13,0.012065,19.584188310775744,1.8365837361154784,0.025988230576516825
0.022,0.025,14,0.006985,19.622742963755286,1.6639362761477496,0.023578564765293745
0.022,0.025,14,0.007620000000000001,19.618590854840193,1.6825058611492911,0.023838071572489617
0.022,0.025,14,0.008255,19.614127178673755,1.7024752030207106,0.02411705133289151
0.022,0.025,14,0.008889999999999999,19.60935367911128,1.7238378731014372,0.024415395055543295
0.022,0.025,14,0.009524999999999999,19.60427230179232,1.7465866251023119,0.02473298113798099
0.022,0.025,14,0.01016,19.598885196986032,1.770713379070986,0.02506967518837281
0.022,0.025,14,0.010794999999999999,19.59319472171427,1.7962092082815222,0.025425329892857458
0.022,0.025,14,0.01143,19.58720344118035,1.8230643289219195,0.025799784926227504
0.022,0.025,14,0.012065,19.580914129529788,1.8512680924759273,0.026192866904387557
0.022,0.025,15,0.006985,19.622440741049502,1.665287723302366,0.02359745368440685
0.022,0.025,15,0.007620000000000001,19.61799250771611,1.6851823321114074,0.023875468267742114
0.022,0.025,15,0.008255,19.61321082025779,1.706575566802914,0.024174323733887084
0.022,0.025,15,0.008889999999999999,19.608097618965758,1.7294603208461152,0.02449389881464058
0.022,0.025,15,0.009524999999999999,19.602655064681073,1.7538285980414772,0.024834058457432445
0.022,0.025,15,0.01016,19.59688554165342,1.779671495845103,0.025194653646661996
0.022,0.025,15,0.010794999999999999,19.590791659607817,1.8069791918747182,0.02557552127451082
0.022,0.025,15,0.01143,19.584376255052632,1.8357409334611394,0.025976484059211886
0.022,0.025,15,0.012065,19.577642391855022,1.8659450301330192,0.026397350509060034
0.022,0.025,16,0.006985,19.62213853907366,1.6666391077915956,0.02361634130789777
0.022,0.025,16,0.007620000000000001,19.61739424188511,1.687858557216199,0.023912859882180348
0.022,0.025,16,0.008255,19.612294652605556,1.7106753533654868,0.024231584212152914
0.022,0.025,16,0.008889999999999999,19.60684191742746,1.7350816829276128,0.024572380160782156
0.022,0.025,16,0.009524999999999999,19.601038422401587,1.7610687691430222,0.024935098599899095
0.022,0.025,16,0.01016,19.594886796277365,1.7886268545668027,0.02531957523266572
0.022,0.025,16,0.010794999999999999,19.588389912480977,1.817745187276871,0.025725630469937994
0.022,0.025,16,0.01143,19.581550890266556,1.8484120103818094,0.026153069358339505
0.022,0.025,16,0.012065,19.574373095069234,1.8806145547073556,0.02660168155817395
0.022,0.025,17,0.006985,19.621836357825657,1.667990429619799,0.023635227635897232
0.022,0.025,17,0.007620000000000001,19.616796057330873,1.6905345364975408,0.02395024641681938
0.022,0.025,17,0.008255,19.611378675658557,1.7147745628303044,0.02428883277133993
0.022,0.025,17,0.008889999999999999,19.60558657434592,1.7407019596603555,0.02465083910338092
0.022,0.025,17,0.009524999999999999,19.59942237463207,1.7683071390793228,0.025036101585495393
0.022,0.025,17,0.01016,19.592888960248786,1.7975794565096257,0.025444439984452435
0.022,0.025,17,0.010794999999999999,19.585989479275383,1.8285071967028492,0.025875657545290212
0.022,0.025,17,0.01143,19.57872734509641,1.8610775632986096,0.02632954093147438
0.022,0.025,17,0.012065,19.57110623649396,1.8952766718138585,0.026805860219127495
0.022,0.025,18,0.006985,19.621534197303447,1.669341688791333,0.023654112668535992
0.022,0.025,18,0.007620000000000001,19.616197954037204,1.6932102699892997,0.02398762787267486
0.022,0.025,18,0.008255,19.610462889358416,1.71887319531921,0.024346069415098166
0.022,0.025,18,0.008889999999999999,19.604331589570506,1.7463211513586427,0.024729275651844747
0.022,0.025,18,0.009524999999999999,19.597806921050847,1.7755437085224177,0.025137067434321054
0.022,0.025,18,0.01016,19.59089203295912,1.806529302946328,0.02556924794005684
0.022,0.025,18,0.010794999999999999,19.583590358933634,1.8392652223658785,0.02602560256664804
0.022,0.025,18,0.01143,19.575905617818478,1.873737595823068,0.02650589888634603
0.022,0.025,18,0.012065,19.567841813454777,1.9099313870617833,0.02700988665907698
0.022,0.025,19,0.006985,19.62123205750487,1.670692885310555,0.023672996405944648
0.022,0.025,19,0.007620000000000001,19.615599931987845,1.6958857577253394,0.024025004250761456
0.022,0.025,19,0.008255,19.609547293646813,1.7229712509540114,0.02440329414707589
0.022,0.025,19,0.008889999999999999,19.60307696295075,1.7519392583366558,0.02480768981557625
0.022,0.025,19,0.009524999999999999,19.59619206133658,1.7827784781440152,0.025237996166462103
0.022,0.025,19,0.01016,19.58889601380031,1.8154763951488828,0.025693999137480026
0.022,0.025,19,0.010794999999999999,19.581192550399635,1.8500192664775494,0.026175465600022707
0.022,0.025,19,0.01143,19.573085706711197,1.8863921115635658,0.02668214333055008
0.022,0.025,19,0.012065,19.564579823281008,1.9245787060547217,0.027213761044938015
0.022,0.025,20,0.006985,19.620929938427935,1.6720440191818233,0.02369187884825392
0.022,0.025,20,0.007620000000000001,19.61500199116648,1.698560999739516,0.024062375552093913
0.022,0.025,20,0.008255,19.60863188846531,1.7270687298564822,0.024460506970919834
0.022,0.025,20,0.008889999999999999,19.60182269433642,1.7575562809084524,0.02488608160397302
0.022,0.025,20,0.009524999999999999,19.594577795168163,1.7900114486154868,0.02533888780198958
0.022,0.025,20,0.01016,19.586900902164984,1.8244207343884806,0.025818693614689865
0.022,0.025,20,0.010794999999999999,19.578796052618316,1.8607693312478146,0.026325246711355218
0.022,0.025,20,0.01143,19.570267610055225,1.899041114125339,0.026858274371547895
0.022,0.025,20,0.012065,19.561320263305845,1.9392186343906113,0.02741748354338549
0.022,0.025,21,0.006985,19.620627840070483,1.673395090409494,0.023710759995594417
0.022,0.025,21,0.007620000000000001,19.614404131557023,1.701235996065678,0.024099741777686895
0.022,0.025,21,0.008255,19.60771667375559,1.7311656321483615,0.024517707890275357
0.022,0.025,21,0.008889999999999999,19.60056878357716,1.7631722193879713,0.024964451026427113
0.022,0.025,21,0.009524999999999999,19.5929641222246,1.7972426206078698,0.02543974236096071
0.022,0.025,21,0.01016,19.58490669744606,1.833362321935529,0.02594333140962105
0.022,0.025,21,0.010794999999999999,19.576400864535742,1.871515418884991,0.02647494596651716
0.022,0.025,21,0.01143,19.567451326133323,1.911684607110484,0.027034292116667323
0.022,0.025,21,0.012065,19.558063130866344,1.953851177661742,0.027621054320854384
0.022,0.025,22,0.006985,19.62032576243047,1.674746098997924,0.023729639848096982
0.022,0.025,22,0.007620000000000001,19.613806353143104,1.70391074673767,0.02413710292855424
0.022,0.025,22,0.008255,19.60680164945944,1.7352619579513555,0.02457489690878628
0.022,0.025,22,0.008889999999999999,19.59931523052279,1.7687870740890284,0.02504279809232585
0.022,0.025,22,0.009524999999999999,19.591351042185295,1.8044719947918704,0.025540559863418386
0.022,0.025,22,0.01016,19.58291339903724,1.8423011590596547,0.026067912560174294
0.022,0.025,22,0.010794999999999999,19.57400698509906,1.8822575315957628,0.026624563431310217
0.022,0.025,22,0.01143,19.564636853230354,1.924322594117959,0.02721019667310276
0.022,0.025,22,0.012065,19.55480842330337,1.968476341454763,0.027824473543539504
0.022,0.025,23,0.006985,19.62002370550573,1.6760970449514692,0.02374851840589208
0.022,0.025,23,0.007620000000000001,19.613208655908636,1.706585251789329,0.024174459005709973
0.022,0.025,23,0.008255,19.605886815518488,1.7393577073871347,0.0246320740300953
0.022,0.025,23,0.008889999999999999,19.59806203502319,1.7744008453253186,0.025121122811051007
0.022,0.025,23,0.009524999999999999,19.589738554729763,1.8116995718378597,0.025641340329391187
0.022,0.025,23,0.01016,19.580921006332517,1.8512372470297043,0.026192437104217668
0.022,0.025,23,0.010794999999999999,19.571614413256555,1.8929956715851812,0.026774099171466847
0.022,0.025,23,0.01143,19.56182418963334,1.9369550787435894,0.027385988147915194
0.022,0.025,23,0.012065,19.551556137961654,1.9830941313506891,0.028027741377396893
0.022,0.025,24,0.006985,19.619721669294222,1.6774479282744856,0.023767395669110417
0.022,0.025,24,0.007620000000000001,19.612611039837304,1.7092595112544864,0.024211810010167797
0.022,0.025,24,0.008255,19.604972171874522,1.7434528805773357,0.024689239257843068
0.022,0.025,24,0.008889999999999999,19.596809196928348,1.7800135334104168,0.02519942519197935
0.022,0.025,24,0.009524999999999999,19.588126659537693,1.818925352415875,0.025742083778893487
0.022,0.025,24,0.01016,19.578929518726625,1.8601705871137424,0.026316905079585548
0.022,0.025,24,0.010794999999999999,19.569223147957587,1.9037298410566672,0.026923553252649782
0.022,0.025,24,0.01143,19.55901333363147,1.9495820645800699,0.027561666648032286
0.022,0.025,24,0.012065,19.548306272189734,1.9977045529249113,0.028230857988143215
0.022,0.025,25,0.006985,19.619419653793898,1.6787987489713283,0.023786271637882443
0.022,0.025,25,0.007620000000000001,19.612013504912966,1.7119335251669667,0.02424915594294096
0.022,0.025,25,0.008255,19.604057718469278,1.7475474776435613,0.024746392595669246
0.022,0.025,25,0.008889999999999999,19.59555671608831,1.7856251386577757,0.02527770524448226
0.022,0.025,25,0.009524999999999999,19.58651535628917,1.826149337195622,0.02584279023192561
0.022,0.025,25,0.01016,19.57693893561475,1.8691011805790545,0.026441316524079297
0.022,0.025,25,0.010794999999999999,19.56683318815277,1.9144600422120126,0.02707292574045259
0.022,0.025,25,0.01143,19.556204283516024,1.9622035552169663,0.027737232280249203
0.022,0.025,25,0.012065,19.5450588233399,2.0123076117471985,0.028433823541257036
0.022,0.025,26,0.006985,19.619117659002598,1.680149507046352,0.023805146312338994
0.022,0.025,26,0.007620000000000001,19.611416051119306,1.7146072935605892,0.024286496805042645
0.022,0.025,26,0.008255,19.603143455244606,1.7516414987073792,0.02480353404721182
0.022,0.025,26,0.008889999999999999,19.594304592353183,1.791235661380729,0.025355962977926496
0.022,0.025,26,0.009524999999999999,19.584904644664448,1.8333715268464719,0.025943459708473178
0.022,0.025,26,0.01016,19.57494925639253,1.8780290286921468,0.02656567147546688
0.022,0.025,26,0.010794999999999999,19.56444453279363,1.925186277251382,0.027222216700399426
0.022,0.025,26,0.01143,19.55339703758034,1.9748195542407239,0.027912685151228033
0.022,0.025,26,0.012065,19.541813788768366,2.026903313381708,0.02863663820197883
0.022,0.025,27,0.006985,19.618815684918218,1.6815002025039114,0.023824019692610512
0.022,0.025,27,0.007620000000000001,19.61081867844024,1.7172808164691655,0.024323832597485714
0.022,0.025,27,0.008255,19.602229382142298,1.755734943890325,0.024860663616107413
0.022,0.025,27,0.008889999999999999,19.59305282557324,1.7968451018924863,0.025434198401672894
0.022,0.025,27,0.009524999999999999,19.58329452434384,1.8405919220374656,0.026044092228508276
0.022,0.025,27,0.01016,19.57296048045629,1.8869541327187476,0.026689969971483124
0.022,0.025,27,0.010794999999999999,19.56205718083288,1.935908548373312,0.027371426197945477
0.022,0.025,27,0.01143,19.55059159412002,1.987430065234665,0.028088025367498638
0.022,0.025,27,0.012065,19.538571165835037,2.041491663386993,0.028839302135311367
0.022,0.025,28,0.006985,19.61851373153877,1.6828508353483607,0.023842891778827435
0.022,0.025,28,0.007620000000000001,19.610221386859507,1.719954093926503,0.024361163321282575
0.022,0.025,28,0.008255,19.601315499104146,1.7598278133138963,0.024917781305991118
0.022,0.025,28,0.008889999999999999,19.591801415598752,1.8024534605061395,0.02551241152507782
0.022,0.025,28,0.009524999999999999,19.581684995008175,1.8478105234373086,0.0261446878119883
0.022,0.025,28,0.01016,19.570972607202748,1.895876493923806,0.026814212049830005
0.022,0.025,28,0.010794999999999999,19.559671131224377,1.9466268577747177,0.0275205542984767
0.022,0.025,28,0.01143,19.547787951432667,2.000035091778997,0.02826325303545845
0.022,0.025,28,0.012065,19.53533095190369,2.0560726673160086,0.029041815506020387
0.022,0.025,29,0.006985,19.61821179886209,1.6842014055840522,0.023861762571120448
0.022,0.025,29,0.007620000000000001,19.609624176360853,1.722627125966401,0.024398488977445575
0.022,0.025,29,0.008255,19.600401806072057,1.7639201070995607,0.024974887120496374
0.022,0.025,29,0.008889999999999999,19.590550362280112,1.808060737534658,0.025590602357491974
0.022,0.025,29,0.009524999999999999,19.58007605633827,1.8550273317143768,0.026245246478856732
0.022,0.025,29,0.01016,19.568985636029197,1.9047961135714957,0.026938397748175868
0.022,0.025,29,0.010794999999999999,19.557286382923053,1.9573412076508871,0.027669601067309996
0.022,0.025,29,0.01143,19.544986107818033,2.0126346374508124,0.028438368261372787
0.022,0.025,29,0.012065,19.532093144341843,2.0706463307161163,0.029244178478634687
0.022,0.025,30,0.006985,19.617909886886082,1.6855519132153411,0.023880632069619986
0.022,0.025,30,0.007620000000000001,19.60902704692819,1.7252999126226536,0.024435809566986856
0.022,0.025,30,0.008255,19.599488302987936,1.7680118253687487,0.02503198106325562
0.022,0.025,30,0.008889999999999999,19.58929966546782,1.8136669332908912,0.02566877090826119
0.022,0.025,30,0.009524999999999999,19.578467708015296,1.8622423475367123,0.026345768249042886
0.022,0.025,30,0.01016,19.566999566333493,1.9137129929252115,0.02706252710415649
0.022,0.025,30,0.010794999999999999,19.55490293488492,1.9680516001954902,0.027818566569693493
0.022,0.025,30,0.01143,19.54218606157798,2.025228705824095,0.028613371151375064
0.022,0.025,30,0.012065,19.528857740520834,2.0852126591290974,0.02944639121744694
0.022,0.025,31,0.006985,19.617607995608694,1.6869023582465796,0.02389950027445647
0.022,0.025,31,0.007620000000000001,19.60842999854532,1.727972453929049,0.02447312509091825
0.022,0.025,31,0.008255,19.598574989793633,1.7721029682428586,0.02508906313789952
0.022,0.025,31,0.008889999999999999,19.588049325012378,1.8192720480875677,0.02574691718672591
0.022,0.025,31,0.009524999999999999,19.576859949720586,1.8694555715720271,0.02644625314246165
0.022,0.025,31,0.01016,19.565014397514005,1.9226271332475742,0.027186600155374423
0.022,0.025,31,0.010794999999999999,19.552520786067078,1.9787580376005751,0.027967450870806577
0.022,0.025,31,0.01143,19.539387811016525,2.03781730046972,0.028788261811467087
0.022,0.025,31,0.012065,19.525624737815804,2.0997716580911536,0.029648453886513805
0.022,0.025,32,0.006985,19.617306125027824,1.6882527406821197,0.02391836718576058
0.022,0.025,32,0.007620000000000001,19.60783303119598,1.7306447499193682,0.024510435550250998
0.022,0.025,32,0.008255,19.59766186643111,1.776193535843253,0.025146133348057216
0.022,0.025,32,0.008889999999999999,19.586799340764458,1.8248760822372947,0.025825041202221833
0.022,0.025,32,0.009524999999999999,19.57525278113576,1.8766670044876996,0.026546701179014278
0.022,0.025,32,0.01016,19.563030128969615,1.9315385358004262,0.02731061693939916
0.022,0.025,32,0.010794999999999999,19.550139935427865,1.9894605220565706,0.028116254035759663
0.022,0.025,32,0.01143,19.53659135443968,2.0504004249554617,0.02896304034751928
0.022,0.025,32,0.012065,19.522394133605474,2.114323333132917,0.029850366649656457
0.022,0.025,33,0.006985,19.61700427514137,1.6896030605263128,0.023937232803662736
0.022,0.025,33,0.007620000000000001,19.607236144864032,1.7333168006273858,0.024547740945996408
0.022,0.025,33,0.008255,19.596748932842274,1.780283528291261,0.025203191697356592
0.022,0.025,33,0.008889999999999999,19.585549712574732,1.8304790360525605,0.025903142964079147
0.022,0.025,33,0.009524999999999999,19.57364620194261,1.883876646950779,0.026647112378587468
0.022,0.025,33,0.01016,19.561046760099714,1.9404472018448378,0.027434577493767376
0.022,0.025,33,0.010794999999999999,19.54776038192648,2.00015905575229,0.02826497612959474
0.022,0.025,33,0.01143,19.53379669015567,2.062978082845992,0.029137706865270462
0.022,0.025,33,0.012065,19.519165925272603,2.128867689779458,0.030052129670460836
0.022,0.025,34,0.006985,19.616702445947283,1.690953317783513,0.023956097128293215
0.022,0.025,34,0.007620000000000001,19.60663933953333,1.7359886060868723,0.024585041279165592
0.022,0.025,34,0.008255,19.5958361889692,1.7843729457081783,0.025260238189423884
0.022,0.025,34,0.008889999999999999,19.584300440294044,1.8360809098457322,0.02598122248162303
0.022,0.025,34,0.009524999999999999,19.57204021182315,1.8910844996279803,0.026747486761053905
0.022,0.025,34,0.01016,19.559064290304264,1.9493531326411027,0.027558481855982836
0.022,0.025,34,0.010794999999999999,19.545382124523428,2.01085364087493,0.02841361721728525
0.022,0.025,34,0.01143,19.531003816474765,2.075550277702888,0.02931226147032857
0.022,0.025,34,0.012065,19.51594011020353,2.143404733550289,0.030253743112278686
0.022,0.025,35,0.006985,19.616400637443462,1.6923035124580692,0.023974960159782555
0.022,0.025,35,0.007620000000000001,19.606042615187675,1.7386601663315893,0.02462233655076909
0.022,0.025,35,0.008255,19.594923634753854,1.7884617882152651,0.025317272827884197
0.022,0.025,35,0.008889999999999999,19.583051523773236,1.8416817039290558,0.026059279764173555
0.022,0.025,35,0.009524999999999999,19.57043481045963,1.8982905631856917,0.02684782434627251
0.022,0.025,35,0.01016,19.557082718983736,1.9582563294487434,0.02768233006351613
0.022,0.025,35,0.010794999999999999,19.543005162180236,2.0215442796100733,0.02856217736373603
0.022,0.025,35,0.01143,19.52821273170929,2.088117013084633,0.02948670426817072
0.022,0.025,35,0.012065,19.512716685788348,2.157934469959375,0.03045520713822692
0.022,0.025,36,0.006985,19.616098849627804,1.6936536445543326,0.023993821898261162
0.022,0.025,36,0.007620000000000001,19.605445971810923,1.741331481395294,0.024659626761817495
0.022,0.025,36,0.008255,19.594011270138253,1.7925500559337495,0.025374295616360856
0.022,0.025,36,0.008889999999999999,19.581802962863264,1.8472814186146571,0.026137314821045508
0.022,0.025,36,0.009524999999999999,19.56882999753458,1.9054948382899661,0.026948125154087673
0.022,0.025,36,0.01016,19.555102045539115,1.9671567935265053,0.02780612215380535
0.022,0.025,36,0.010794999999999999,19.540629493859456,2.0322309741416884,0.028710656633783544
0.022,0.025,36,0.01143,19.525423434173717,2.10067829254662,0.029661035364143263
0.022,0.025,36,0.012065,19.509495649420955,2.1724569045151383,0.030656521911189026
0.022,0.025,37,0.006985,19.61579708249826,1.6950037140766545,0.024012682343859428
0.022,0.025,37,0.007620000000000001,19.604849409386873,1.7440025513117374,0.02469691191332095
0.022,0.025,37,0.008255,19.593099095064417,1.7966377489848224,0.025431306558475673
0.022,0.025,37,0.008889999999999999,19.5805547574152,1.8528800542145432,0.026215327661548576
0.022,0.025,37,0.009524999999999999,19.567225772730694,1.9126973256065305,0.027048389204329896
0.022,0.025,37,0.01016,19.553122269371897,1.9760545261323648,0.027929858164255552
0.022,0.025,37,0.010794999999999999,19.53825511852483,2.0429137266521358,0.028859055092196356
0.022,0.025,37,0.01143,19.522635922184634,2.1132341196411564,0.029835254863461988
0.022,0.025,37,0.012065,19.506276998498947,2.1869720427204653,0.030857687593815086
0.022,0.025,38,0.006985,19.615495336052675,1.6963537210293849,0.02403154149670776
0.022,0.025,38,0.007620000000000001,19.60425292789938,1.746673376114663,0.024734192006289277
0.022,0.025,38,0.008255,19.592187109474423,1.800724867489644,0.025488305657849458
0.022,0.025,38,0.008889999999999999,19.579306907280227,1.8584776110405987,0.02629331829498758
0.022,0.025,38,0.009524999999999999,19.565622135730962,1.919898025800777,0.027148616516815677
0.022,0.025,38,0.01016,19.551143389884146,1.9849495285235264,0.028053538132239316
0.022,0.025,38,0.010794999999999999,19.535882035141185,2.0535925393221635,0.02900737280367446
0.022,0.025,38,0.01143,19.51985019406061,2.125784497917465,0.03000936287121269
0.022,0.025,38,0.012065,19.50306073042367,2.2014798900727173,0.031058704348521742
0.022,0.025,39,0.006985,19.615193610288998,1.6977036654168722,0.024050399356936404
0.022,0.025,39,0.007620000000000001,19.603656527332305,1.749343955837809,0.024771467041732106
0.022,0.025,39,0.008255,19.591275313310405,1.8048114115693372,0.02554529291810099
0.022,0.025,39,0.008889999999999999,19.578059412309415,1.8640740894045897,0.026371286730662073
0.022,0.025,39,0.009524999999999999,19.564019086218423,1.9270969395377697,0.027248807111347386
0.022,0.025,39,0.01016,19.549165406478437,1.9938418019564192,0.028177162095096103
0.022,0.025,39,0.010794999999999999,19.533510242674424,2.0642674143309128,0.02915560983284973
0.022,0.025,39,0.01143,19.517066248122376,2.13832943092169,0.03018335949235059
0.022,0.025,39,0.012065,19.499846842600107,2.21598045206373,0.03125957233749366
0.022,0.025,40,0.006985,19.614891905205184,1.699053547243467,0.02406925592467589
0.022,0.025,40,0.007620000000000001,19.603060207669444,1.7520142905149079,0.024808737020658996
0.022,0.025,40,0.008255,19.590363706514438,1.808897381344995,0.025602268342848036
0.022,0.025,40,0.008889999999999999,19.57681227235412,1.8696694896181612,0.02644923297786624
0.022,0.025,40,0.009524999999999999,19.562416623876572,1.9342940674822433,0.027348961007713522
0.022,0.025,40,0.01016,19.547188318557858,2.0027313476867055,0.028300730090132762
0.022,0.025,40,0.010794999999999999,19.53113974009142,2.074938353855917,0.029303766244286315
0.022,0.025,40,0.01143,19.514284082692768,2.150868922196899,0.030357244831701453
0.022,0.025,40,0.012065,19.49663533243705,2.2304737341798284,0.031460291722682984
0.022,0.025,41,0.006985,19.614590220799073,1.7004033665135172,0.02408811120005633
0.022,0.025,41,0.007620000000000001,19.602463968894767,1.7546843801796848,0.0248460019440788
0.022,0.025,41,0.008255,19.589452289028713,1.8129827769376718,0.025659231935706725
0.022,0.025,41,0.008889999999999999,19.57556548726575,1.875263811992838,0.026527157045889403
0.022,0.025,41,0.009524999999999999,19.560814748388964,1.9414894102986027,0.02744907822568819
0.022,0.025,41,0.01016,19.545212125526007,2.0116181669692756,0.0284242421546237
0.022,0.025,41,0.010794999999999999,19.52877052636029,2.0856053600731053,0.0294518421024803
0.022,0.025,41,0.01143,19.51150369609661,2.163402975283086,0.03053101899396134
0.022,0.025,41,0.012065,19.49342619734705,2.244959741901829,0.031660862665810134
0.022,0.025,42,0.006985,19.614288557068676,1.7017531232313716,0.024106965183208113
0.022,0.025,42,0.007620000000000001,19.601867810991962,1.7573542248658598,0.0248832618130007
0.022,0.025,42,0.008255,19.588541060795308,1.8170675984683915,0.025716183700291675
0.022,0.025,42,0.008889999999999999,19.574319056895717,1.880857056840027,0.026605058944015894
0.022,0.025,42,0.009524999999999999,19.55921345943949,1.9486829686509213,0.027549158785032026
0.022,0.025,42,0.01016,19.54323682678705,2.0205022610582515,0.028547698325810496
0.022,0.025,42,0.010794999999999999,19.52640260045024,2.0962684351568033,0.02959983747185971
0.022,0.025,42,0.01143,19.50872508666083,2.1759315937171753,0.030704682083696602
0.022,0.025,42,0.012065,19.490219434746166,2.259438480705048,0.031861285328364145
0.022,0.025,43,0.006985,19.613986914011832,1.703102817401378,0.0241258178742616
0.022,0.025,43,0.007620000000000001,19.601271733945055,1.7600238246071451,0.024920516628432893
0.022,0.025,43,0.008255,19.587630021756524,1.8211518460581417,0.025773123640216236
0.022,0.025,43,0.008889999999999999,19.573072981095606,1.8864492244710116,0.02668293868152454
0.022,0.025,43,0.009524999999999999,19.55761275671216,1.955874743202945,0.027649202705491163
0.022,0.025,43,0.01016,19.541262421745557,2.0293836312069837,0.028671098640902157
0.022,0.025,43,0.010794999999999999,19.524035961331435,2.1069275812797312,0.02974775241678533
0.022,0.025,43,0.01143,19.505948252714518,2.188454781033026,0.030878234205344274
0.022,0.025,43,0.012065,19.487015042054338,2.273909956059307,0.032061559871603106
0.022,0.025,44,0.006985,19.61368529162644,1.704452449027884,0.024144669273346915
0.022,0.025,44,0.007620000000000001,19.600675737737845,1.7626931794372491,0.024957766391384043
0.022,0.025,44,0.008255,19.586719171854554,1.8252355198278776,0.02583005175909212
0.022,0.025,44,0.008889999999999999,19.571827259716997,1.8920403151969587,0.026760796267689436
0.022,0.025,44,0.009524999999999999,19.556012639891208,1.96306473461809,0.027749210006798017
0.022,0.025,44,0.01016,19.53928890980677,2.038262278668056,0.02879444313707514
0.022,0.025,44,0.010794999999999999,19.52167060797518,2.117582800613013,0.02989558700154996
0.022,0.025,44,0.01143,19.503173192588577,2.200972540761431,0.0310516754632127
0.022,0.025,44,0.012065,19.483813016695137,2.288374173428942,0.03226168645655479
0.022,0.025,45,0.006985,19.613383689910506,1.7058020181152378,0.024163519380594547
0.022,0.025,45,0.007620000000000001,19.60007982235419,1.7653622893898724,0.024995011102861963
0.022,0.025,45,0.008255,19.58580851103153,1.8293186198985192,0.025886968060529772
0.022,0.025,45,0.008889999999999999,19.57058189261153,1.8976303293289132,0.02683863171177944
0.022,0.025,45,0.009524999999999999,19.554413108661265,1.9702529435594445,0.027849180708671
0.022,0.025,45,0.01016,19.537316290376452,2.047138204693285,0.028917731851473234
0.022,0.025,45,0.010794999999999999,19.51930653935392,2.12823409532617,0.030043341290378667
0.022,0.025,45,0.01143,19.5003999046163,2.2134848764301256,0.031225005961480916
0.022,0.025,45,0.012065,19.480613356095716,2.302831138272809,0.03246166524401662
0.022,0.025,46,0.006985,19.613082108861875,1.7071515246677846,0.024182368196134466
0.022,0.025,46,0.007620000000000001,19.599483987778,1.7680311544987097,0.02503225076387467
0.022,0.025,46,0.008255,19.584898039229813,1.8334011463909536,0.02594387254813813
0.022,0.025,46,0.008889999999999999,19.569336879631066,1.9032192671778014,0.026916445023058153
0.022,0.025,46,0.009524999999999999,19.552814162706966,1.9774393706897664,0.027949114830814567
0.022,0.025,46,0.01016,19.5353445628607,2.0560114105337184,0.029040964821207965
0.022,0.025,46,0.010794999999999999,19.516943754441115,2.1388814675871273,0.030191015347429382
0.022,0.025,46,0.01143,19.497628387132806,2.2259917915637892,0.031398225804199376
0.022,0.025,46,0.012065,19.477416057687094,2.317280856044292,0.03266149639455636
0.022,0.025,47,0.006985,19.61278054847844,1.7085009686898716,0.024201215720097036
0.022,0.025,47,0.007620000000000001,19.598888233993137,1.7706997747974496,0.025069485375429468
0.022,0.025,47,0.008255,19.583987756391593,1.8374830994260334,0.026000765225524487
0.022,0.025,47,0.008889999999999999,19.568092220627477,1.9088071290544288,0.026994236210784332
0.022,0.025,47,0.009524999999999999,19.551215801713283,1.9846240166714852,0.0280490123929192
0.022,0.025,47,0.01016,19.53337372666624,2.064881897439637,0.029164142083358467
0.022,0.025,47,0.010794999999999999,19.514582252211312,2.1495249195622126,0.030338609236792626
0.022,0.025,47,0.01143,19.494858638475364,2.2384932896840453,0.03157133509529013
0.022,0.025,47,0.012065,19.474221118903813,2.331723332191308,0.032861180068512456
0.022,0.025,48,0.006985,19.612479008758214,1.7098503501858449,0.024220061952612473
0.022,0.025,48,0.007620000000000001,19.598292560983452,1.7733681503197745,0.025106714938533847
0.022,0.025,48,0.008255,19.58307766245929,1.8415644791245762,0.026057646096294868
0.022,0.025,48,0.008889999999999999,19.566847915452627,1.9143939152694824,0.027072005284211616
0.022,0.025,48,0.009524999999999999,19.54961802536542,1.9918068821667028,0.028148873414661393
0.022,0.025,48,0.01016,19.53140378120048,2.0737496666605573,0.029287263674970965
0.022,0.025,48,0.010794999999999999,19.512222031640135,2.1601644534161584,0.0304861230224913
0.022,0.025,48,0.01143,19.492090656983237,2.250989374309471,0.03174433393854689
0.022,0.025,48,0.012065,19.47102853718411,2.346158572156314,0.03306071642599445
0.022,0.025,49,0.006985,19.612177489699036,1.7111996691600506,0.024238906893810874
0.022,0.025,49,0.007620000000000001,19.597696968732862,1.7760362810993608,0.025143939454194467
0.022,0.025,49,0.008255,19.582167757375146,1.8456452856073682,0.0261145151640538
0.022,0.025,49,0.008889999999999999,19.56560396395861,1.9199796261335287,0.027149752252588272
0.022,0.025,49,0.009524999999999999,19.548020833348744,1.998987967837194,0.028248697915703832
0.022,0.025,49,0.01016,19.529434725871056,2.0826147194452296,0.029410329633059857
0.022,0.025,49,0.010794999999999999,19.50986309170429,2.170800071312105,0.03063355676848149
0.022,0.025,49,0.01143,19.489324440997848,2.2634800489555937,0.03191722243763524
0.022,0.025,49,0.012065,19.467838309969864,2.360586581376316,0.03326010562688324
0.022,0.025,50,0.006985,19.61187599129886,1.7125489256168325,0.024257750543822575
0.022,0.025,50,0.007620000000000001,19.59710145722528,1.7787041671698782,0.025181158923418434
0.022,0.025,50,0.008255,19.581258041081526,1.8497255189951594,0.02617137243240454
0.022,0.025,50,0.008889999999999999,19.56436036599746,1.9255642619570152,0.027227477125157728
0.022,0.025,50,0.009524999999999999,19.546424225348858,2.0061672743444032,0.028348485915695346
0.022,0.025,50,0.01016,19.527466560086282,2.0914770570416383,0.029533339994606785
0.022,0.025,50,0.010794999999999999,19.50750543138156,2.1814317754115997,0.030780910538651823
0.022,0.025,50,0.01143,19.486559988862496,2.2759653171348986,0.03209000069609292
0.022,0.025,50,0.012065,19.464650434706698,2.3750073652828747,0.03345934783083207
0.0272,0.032,0,0.006985,19.68555916850346,1.383691601653874,0.019652551968534365
0.0272,0.032,0,0.007620000000000001,19.68555916850346,1.383691601653874,0.019652551968534365
0.0272,0.032,0,0.008255,19.68555916850346,1.383691601653874,0.019652551968534365
0.0272,0.032,0,0.008889999999999999,19.68555916850346,1.383691601653874,0.019652551968534365
0.0272,0.032,0,0.009524999999999999,19.68555916850346,1.383691601653874,0.019652551968534365
0.0272,0.032,0,0.01016,19.68555916850346,1.383691601653874,0.019652551968534365
0.0272,0.032,0,0.010794999999999999,19.68555916850346,1.383691601653874,0.019652551968534365
0.0272,0.032,0,0.01143,19.68555916850346,1.383691601653874,0.019652551968534365
0.0272,0.032,0,0.012065,19.68555916850346,1.383691601653874,0.019652551968534365
0.0272,0.032,1,0.006985,19.685302458006333,1.3848342493053167,0.019668596374603185
0.0272,0.032,1,0.007620000000000001,19.685050436326094,1.3859560474077675,0.0196843477296199
0.0272,0.032,1,0.008255,19.68477923809951,1.3871632272332228,0.019701297618779607
0.0272,0.032,1,0.008889999999999999,19.684488907139723,1.388455598841124,0.019719443303766453
0.0272,0.032,1,0.009524999999999999,19.6841794946842,1.3898329395833793,0.01973878158223647
0.0272,0.032,1,0.01016,19.6838510596408,1.391294993003203,0.019759308772451602
0.0272,0.032,1,0.010794999999999999,19.683503668807816,1.3928414678471233,0.01978102069951258
0.0272,0.032,1,0.01143,19.683137397070368,1.3944720371835049,0.019803912683101436
0.0272,0.032,1,0.012065,19.682752327573496,1.3961863376223151,0.019827979526654726
0.0272,0.032,2,0.006985,19.685045762353923,1.3859768523733953,0.019684639852878938
0.0272,0.032,2,0.007620000000000001,19.684541762446315,1.3882203180707102,0.019716139847105282
0.0272,0.032,2,0.008255,19.683999444711674,1.3906344412871516,0.019750034705520912
0.0272,0.032,2,0.008889999999999999,19.683418903779796,1.3932188210950833,0.019786318513761177
0.0272,0.032,2,0.009524999999999999,19.682800249596085,1.3959729897464406,0.019824984400244692
0.0272,0.032,2,0.01016,19.6821436079033,1.398896410498821,0.019866024506045427
0.0272,0.032,2,0.010794999999999999,19.681449120671402,1.401988475671364,0.01990942995803702
0.0272,0.032,2,0.01143,19.680716946478015,1.4052485049171548,0.019955190845125658
0.0272,0.032,2,0.012065,19.67994726084123,1.4086757437015995,0.020003296197423314
0.0272,0.032,3,0.006985,19.684789081544977,1.3871194108607188,0.019700682403440497
0.0272,0.032,3,0.007620000000000001,19.684033146854347,1.3904844136630086,0.019747928321604578
0.0272,0.032,3,0.008255,19.683219788304484,1.3941052438888286,0.019798763230971305
0.0272,0.032,3,0.008889999999999999,19.682349158332215,1.3979812686048172,0.019853177604236216
0.0272,0.032,3,0.009524999999999999,19.681421433043113,1.40211175254806,0.01991116043480587
0.0272,0.032,3,0.01016,19.68043681291914,1.4064958549092514,0.019972699192554132
0.0272,0.032,3,0.010794999999999999,19.67939552344643,1.4111326264657955,0.020037779784598635
0.0272,0.032,3,0.01143,19.678297815666838,1.416021007044973,0.020106386520822625
0.0272,0.032,3,0.012065,19.677143966657354,1.4211598233013607,0.020178502083916132
0.0272,0.032,4,0.006985,19.684532415578133,1.3882619247698955,0.019716724026366598
0.0272,0.032,4,0.007620000000000001,19.683524589540298,1.3927483342049665,0.019779713153732097
0.0272,0.032,4,0.008255,19.682440268842527,1.3975756351114053,0.01984748319734271
0.0272,0.032,4,0.008889999999999999,19.68127967070552,1.4027429415593307,0.0199200205809064
0.0272,0.032,4,0.009524999999999999,19.68004304482946,1.4082492283930688,0.01999730969815987
0.0272,0.032,4,0.01016,19.678730674316796,1.4140933270026197,0.020079332855198567
0.0272,0.032,4,0.010794999999999999,19.677342876485568,1.4202739215687807,0.020166070219652537
0.0272,0.032,4,0.01143,19.675880003578584,1.4267895457554967,0.02025749977633744
0.0272,0.032,4,0.012065,19.674342443374655,1.4336385798283275,0.020353597289083883
0.0272,0.032,5,0.006985,19.684275764452195,1.3894043941035352,0.01973276472173637
0.0272,0.032,5,0.007620000000000001,19.68301609049439,1.395012079716884,0.019811494344101583
0.0272,0.032,5,0.008255,19.681660886290445,1.401045615028016,0.019896194606846624
0.0272,0.032,5,0.008889999999999999,19.680210440808253,1.4075038401475657,0.019986847449484202
0.0272,0.032,5,0.009524999999999999,19.67866508475936,1.4143854176861301,0.020083432202538925
0.0272,0.032,5,0.01016,19.67702519172508,1.4216888275466524,0.020185925517182655
0.0272,0.032,5,0.010794999999999999,19.675291179142107,1.4294123623178476,0.020294301303617635
0.0272,0.032,5,0.01143,19.67346350915608,1.4375541232356543,0.020408530677745926
0.0272,0.032,5,0.012065,19.671542689347973,1.4461120166863217,0.020528581915751094
0.0272,0.032,6,0.006985,19.68401912816597,1.3905468188642462,0.019748804489628548
0.0272,0.032,6,0.007620000000000001,19.682507649706793,1.3972756502190589,0.01984327189332688
0.0272,0.032,6,0.008255,19.68088164061288,1.4045151837117777,0.019944897461693444
0.0272,0.032,6,0.008889999999999999,19.67914146854912,1.4122639645584043,0.020053658215679133
0.0272,0.032,6,0.009524999999999999,19.677287552637324,1.4205203208317365,0.020169527960168025
0.0272,0.032,6,0.01016,19.675320364772915,1.429282357308678,0.020292477201692482
0.0272,0.032,6,0.010794999999999999,19.673240430769965,1.4385479500496876,0.020422473076876245
0.0272,0.032,6,0.01143,19.671048331343115,1.4483147416707642,0.020559479291054106
0.0272,0.032,6,0.012065,19.668744702934134,1.4585801372762663,0.020703456066616863
0.0272,0.032,7,0.006985,19.68376250671804,1.391689199054637,0.019764843330122125
0.0272,0.032,7,0.007620000000000001,19.68199926716767,1.3995390457317847,0.019875045802021415
0.0272,0.032,7,0.008255,19.68010253177448,1.4079843412357893,0.01999359176409325
0.0272,0.032,7,0.008889999999999999,19.67807275383683,1.4170233149806664,0.02012045288519797
0.0272,0.032,7,0.009524999999999999,19.675910448267757,1.4266539382342105,0.020255596983264783
0.0272,0.032,7,0.01016,19.67361619308963,1.4368739170556253,0.020398987931897348
0.0272,0.032,7,0.010794999999999999,19.671190630723572,1.4476806861001585,0.020550585579775165
0.0272,0.032,7,0.01143,19.66863446908485,1.4590714032445378,0.02071034568219839
0.0272,0.032,7,0.012065,19.6659484824919,1.471042944996183,0.020878219844255013
0.0272,0.032,8,0.006985,19.683505900107264,1.3928315346773155,0.019780881243295963
0.0272,0.032,8,0.007620000000000001,19.681490942867242,1.4018022662753526,0.019906816070798836
0.0272,0.032,8,0.008255,19.67932355973994,1.4114530876731337,0.0200422775162549
0.0272,0.032,8,0.008889999999999999,19.677004296580094,1.4217818916031104,0.020187231463745278
0.0272,0.032,8,0.009524999999999999,19.674533771455344,1.4327862702977054,0.020341639284039453
0.0272,0.032,8,0.01016,19.671912676304828,1.4444635075540277,0.020505457730949382
0.0272,0.032,8,0.010794999999999999,19.669141778357982,1.456810571804284,0.020678638852624623
0.0272,0.032,8,0.01143,19.666221921327235,1.4698241101390814,0.02086112991704611
0.0272,0.032,8,0.012065,19.663154026382188,1.4835004432412007,0.021052873351114044
0.0272,0.032,9,0.006985,19.683249308332336,1.3939738257348906,0.01979691822922892
0.0272,0.032,9,0.007620000000000001,19.680982676795622,1.4040653118700512,0.0199385827002725
0.0272,0.032,9,0.008255,19.678544724473795,1.414921423096875,0.020090954720386956
0.0272,0.032,9,0.008889999999999999,19.67593609668762,1.4265396946144342,0.02025399395702239
0.0272,0.032,9,0.009524999999999999,19.673157522004885,1.4389173174262067,0.02042765487469492
0.0272,0.032,9,0.01016,19.67020981404829,1.4520511295700185,0.02061188662198302
0.0272,0.032,9,0.010794999999999999,19.66709387302882,1.4659376084962545,0.020806632935699083
0.0272,0.032,9,0.01143,19.6638106870177,1.480572864534897,0.02101183206139489
0.0272,0.032,9,0.012065,19.66036133296774,1.495952635403554,0.02122741668951744
0.0272,0.032,10,0.006985,19.682992731392005,1.395116072229969,0.019812954287999854
0.0272,0.032,10,0.007620000000000001,19.68047446894309,1.4063281825361642,0.019970345691055602
0.0272,0.032,10,0.008255,19.677766025940855,1.4183893475800613,0.020139623378696743
0.0272,0.032,10,0.008889999999999999,19.67486815406835,1.4312967242032728,0.020320740370728556
0.0272,0.032,10,0.009524999999999999,19.67178169972118,1.4450470800235282,0.02051364376742696
0.0272,0.032,10,0.01016,19.66850760595014,1.4596367838693354,0.020718274628116064
0.0272,0.032,10,0.010794999999999999,19.665046914092216,1.475061797509428,0.020934567869237
0.0272,0.032,10,0.01143,19.661400765104418,1.4913176686108836,0.021162452180972957
0.0272,0.032,10,0.012065,19.657570400613395,1.5083995248725903,0.021401849961664127
0.0272,0.032,11,0.006985,19.682736169285022,1.396258274165159,0.01982898941968762
0.0272,0.032,11,0.007620000000000001,19.679966319299808,1.4085908782939742,0.02000210504376117
0.0272,0.032,11,0.008255,19.676987464105764,1.4218568611957219,0.020188283493391402
0.0272,0.032,11,0.008889999999999999,19.673800468631043,1.4360529805582014,0.020387470710559914
0.0272,0.032,11,0.009524999999999999,19.670406304409198,1.4511755584933166,0.020599605974423858
0.0272,0.032,11,0.01016,19.666806051640833,1.4672204712173182,0.020824621772448756
0.0272,0.032,11,0.010794999999999999,19.663000900904933,1.4841831401763306,0.021062443693440687
0.0272,0.032,11,0.01143,19.658992154536975,1.5020585245443385,0.021312990341439932
0.0272,0.032,11,0.012065,19.65478122768593,1.520841115034769,0.02157617326962801
0.0272,0.032,12,0.006985,19.682479622010078,1.397400431543068,0.01984502362437094
0.0272,0.032,12,0.007620000000000001,19.679458227855946,1.4108533991637593,0.02003386075900221
0.0272,0.032,12,0.008255,19.676209038933166,1.4253239640168704,0.020236935066676735
0.0272,0.032,12,0.008889999999999999,19.67273304028464,1.4408084638677328,0.020454184982210147
0.0272,0.032,12,0.009524999999999999,19.669031335874138,1.4573027532390481,0.02068554150786641
0.0272,0.032,12,0.01016,19.665105150750946,1.47480219237891,0.020930928078064456
0.0272,0.032,12,0.010794999999999999,19.660955832824357,1.4933016378286574,0.021190260448476748
0.0272,0.032,12,0.01143,19.656584854265816,1.5127954345109604,0.021463446608385693
0.0272,0.032,12,0.012065,19.65199381255428,1.533277409273668,0.021750386715359078
0.0272,0.032,13,0.006985,19.682223089565923,1.3985425443663033,0.01986105690212879
0.0272,0.032,13,0.007620000000000001,19.678950194601725,1.413115745165795,0.020065612837391545
0.0272,0.032,13,0.008255,19.675430750387875,1.4287906561165027,0.020285578100758223
0.0272,0.032,13,0.008889999999999999,19.671665868938078,1.4455631743203192,0.020520883191370205
0.0272,0.032,13,0.009524999999999999,19.66765679392114,1.46342866466403,0.02077145037992857
0.0272,0.032,13,0.01016,19.66340490291151,1.4823819481186582,0.021037193568029113
0.0272,0.032,13,0.010794999999999999,19.658911709208382,1.5024172917972727,0.021318018174475782
0.0272,0.032,13,0.01143,19.65417886324269,1.5235284006848493,0.021613821047331578
0.0272,0.032,13,0.012065,19.649208153589086,1.5457084109699855,0.02192449040068279
0.0272,0.032,14,0.006985,19.681966571951364,1.3996846126374713,0.019877089253040027
0.0272,0.032,14,0.007620000000000001,19.678442219527312,1.415377916320353,0.020097361279541853
0.0272,0.032,14,0.008255,19.674652598434534,1.4322569375675962,0.020334212597840517
0.0272,0.032,14,0.008889999999999999,19.67059895450035,1.4503171121043514,0.02058756534372858
0.0272,0.032,14,0.009524999999999999,19.66628267835557,1.4695532931714017,0.020857332602776547
0.0272,0.032,14,0.01016,19.66170530775372,1.4899597392007111,0.021143418265391782
0.0272,0.032,14,0.010794999999999999,19.656868529415476,1.5115301034122104,0.02144571691153258
0.0272,0.032,14,0.01143,19.65177418042032,1.5342574252385068,0.021764113723730005
0.0272,0.032,14,0.012065,19.646424249163204,1.5581341235015413,0.022098484427300422
0.0272,0.032,15,0.006985,19.681710069165092,1.400826636359179,0.01989312067718323
0.0272,0.032,15,0.007620000000000001,19.67793430262293,1.4176399126477028,0.02012910608606552
0.0272,0.032,15,0.008255,19.673874583037957,1.4357228084431122,0.020382838560127313
0.0272,0.032,15,0.008889999999999999,19.669532296880448,1.4550702774081588,0.02065423144497092
0.0272,0.032,15,0.009524999999999999,19.664908988982916,1.4756766391641325,0.020943188188569318
0.0272,0.032,15,0.01016,19.660006364909066,1.4975355663888248,0.021249602193184274
0.0272,0.032,15,0.010794999999999999,19.654826292804728,1.5206400740026753,0.021573356699706094
0.0272,0.032,15,0.01143,19.64937080475255,1.5449825103428414,0.021914324702964144
0.0272,0.032,15,0.012065,19.643642097651366,1.5705545502432825,0.022272368896789626
0.0272,0.032,16,0.006985,19.6814535812058,1.4019686155340336,0.019909151174637502
0.0272,0.032,16,0.007620000000000001,19.6774264438788,1.4199017341681102,0.020160847257575137
0.0272,0.032,16,0.008255,19.673096704162845,1.4391882688159947,0.02043145598982186
0.0272,0.032,16,0.008889999999999999,19.668465895987538,1.4598226704200095,0.020720881500780268
0.0272,0.032,16,0.009524999999999999,19.663535725608654,1.4817987030450241,0.021029017149459026
0.0272,0.032,16,0.01016,19.658308074009256,1.5051094304463557,0.021355745374421375
0.0272,0.032,16,0.010794999999999999,19.652784998735683,1.529747204897044,0.02170093757901974
0.0272,0.032,16,0.01143,19.646968735194434,1.5557036581671666,0.022064454050348948
0.0272,0.032,16,0.012065,19.640861697430353,1.5829696945672855,0.022446143910604503
0.0272,0.032,17,0.006985,19.681197108072297,1.4031105501646417,0.01992518074548143
0.0272,0.032,17,0.007620000000000001,19.67691864328509,1.4221633809018386,0.020192584794682902
0.0272,0.032,17,0.008255,19.672318961773954,1.4426533187591704,0.020480064889126445
0.0272,0.032,17,0.008889999999999999,19.667399751730613,1.4645742913281112,0.02078751551683696
0.0272,0.032,17,0.009524999999999999,19.66216288803855,1.487919485216709,0.02111481949758982
0.0272,0.032,17,0.01016,19.6566104346864,1.5126813321362684,0.02146184783210088
0.0272,0.032,17,0.010794999999999999,19.650744646568626,1.5388514974228658,0.021828459589460864
0.0272,0.032,17,0.01143,19.644567970701928,1.5664208708792033,0.022214501831130558
0.0272,0.032,17,0.012065,19.63808304687882,1.5953795598427591,0.02261980957007513
0.0272,0.032,18,0.006985,19.680940649763272,1.4042524402536083,0.019941209389793855
0.0272,0.032,18,0.007620000000000001,19.676410900831968,1.4244248528691468,0.02022431869800096
0.0272,0.032,18,0.008255,19.671541355836098,1.446117958345548,0.02052866526024266
0.0272,0.032,18,0.008889999999999999,19.666333864018895,1.4693251403206093,0.020854133498818993
0.0272,0.032,18,0.009524999999999999,19.660790476078432,1.4940389860816505,0.021200595245099135
0.0272,0.032,18,0.01016,19.654913446572778,1.5202512722211285,0.02156790958920308
0.0272,0.032,18,0.010794999999999999,19.648705235664295,1.5479529529068592,0.02195592277098143
0.0272,0.032,18,0.01143,19.64216851023224,1.5771341506450813,0.02236446811048632
0.0272,0.032,18,0.012065,19.635306144377466,1.607784149436046,0.022793365976408936
0.0272,0.032,19,0.006985,19.680684206277533,1.40539428580354,0.01995723710765361
0.0272,0.032,19,0.007620000000000001,19.675903216509766,1.4266861500902916,0.020256048968141295
0.0272,0.032,19,0.008255,19.670763886314035,1.4495821876480193,0.020577257105371255
0.0272,0.032,19,0.008889999999999999,19.665268232761605,1.474075217585589,0.020920735452401393
0.0272,0.032,19,0.009524999999999999,19.65941848953412,1.5001572060421442,0.021286344404116808
0.0272,0.032,19,0.01016,19.653217109300954,1.5278192514631095,0.021673930668691905
0.0272,0.032,19,0.010794999999999999,19.646666765384055,1.557051572674921,0.0220833271634975
0.0272,0.032,19,0.01143,19.639770352743597,1.587843499629342,0.022514352953525458
0.0272,0.032,19,0.012065,19.632530988308986,1.6201834667106292,0.02296681323068968
0.0272,0.032,20,0.006985,19.680427777613772,1.4065360868170431,0.019973263899139396
0.0272,0.032,20,0.007620000000000001,19.67539559030854,1.4289472725855272,0.02028777560571574
0.0272,0.032,20,0.008255,19.669986553172578,1.453046006739459,0.02062584042671255
0.0272,0.032,20,0.008889999999999999,19.664202857867906,1.478824523311074,0.02098732138325659
0.0272,0.032,20,0.009524999999999999,19.658046928211775,1.5062741455003181,0.021372066986765453
0.0272,0.032,20,0.01016,19.651521422503777,1.535385270623989,0.02177991109351368
0.0272,0.032,20,0.010794999999999999,19.64462923508978,1.5661473580521177,0.022210672806889754
0.0272,0.032,20,0.01143,19.63737349719537,1.5985489199949372,0.02266415642528873
0.0272,0.032,20,0.012065,19.629757577057944,1.632577515027133,0.023140151433878608
0.0272,0.032,21,0.006985,19.68017136377074,1.4076778432967225,0.019989289764330058
0.0272,0.032,21,0.007620000000000001,19.674888022218624,1.4312082203751026,0.020319498611336077
0.0272,0.032,21,0.008255,19.66920935637654,1.4565094156927252,0.02067441522646577
0.0272,0.032,21,0.008889999999999999,19.663137739247134,1.4835730576850272,0.02105389129705456
0.0272,0.032,21,0.009524999999999999,19.65667579191745,1.5123898048581295,0.021457763005160595
0.0272,0.032,21,0.01016,19.649826385814436,1.5429493304651491,0.02188585088659799
0.0272,0.032,21,0.010794999999999999,19.642592644143974,1.5752403103626926,0.02233795974100326
0.0272,0.032,21,0.01143,19.634977942548005,1.6092504139032329,0.022813878590748557
0.0272,0.032,21,0.012065,19.626985909010955,1.644966297743324,0.023313380686813937
0.0272,0.032,22,0.006985,19.679914964747127,1.4088195552451837,0.020005314703304158
0.0272,0.032,22,0.007620000000000001,19.674380512230186,1.4334689934792662,0.020351217985613818
0.0272,0.032,22,0.008255,19.66843229589074,1.4599724145806572,0.020722981506829573
0.0272,0.032,22,0.008889999999999999,19.662072876808622,1.4883208208953496,0.02112044519946242
0.0272,0.032,22,0.009524999999999999,19.655305080457424,1.5185041845173695,0.02154343247141042
0.0272,0.032,22,0.01016,19.64813199886629,1.5505114317475794,0.021991750070857328
0.0272,0.032,22,0.010794999999999999,19.640556991909648,1.584330430930063,0.02246518800564736
0.0272,0.032,22,0.01143,19.63258368776303,1.61994798351401,0.022963519514809214
0.0272,0.032,22,0.012065,19.62421598255662,1.657349818214119,0.023486501090211463
0.0272,0.032,23,0.006985,19.67965858054174,1.4099612226650318,0.020021338716140657
0.0272,0.032,23,0.007620000000000001,19.67387306033345,1.4357295919182613,0.02038293372916055
0.0272,0.032,23,0.008255,19.667655371679984,1.463435003476078,0.020771539270001776
0.0272,0.032,23,0.008889999999999999,19.661008270461707,1.4930678131298827,0.021186983096144717
0.0272,0.032,23,0.009524999999999999,19.653934793638143,1.5246172848796609,0.021629075397615636
0.0272,0.032,23,0.01016,19.646438261292985,1.5580715752318743,0.02209760866918721
0.0272,0.032,23,0.010794999999999999,19.63852227775044,1.5934177210768234,0.022592357640596316
0.0272,0.032,23,0.01143,19.63019073180311,1.6306416309854652,0.02311307926230683
0.0272,0.032,23,0.012065,19.621447796085363,1.6697280797915837,0.02365951274466449
0.0272,0.032,24,0.006985,19.67940221115333,1.4111028455588723,0.020037361802918253
0.0272,0.032,24,0.007620000000000001,19.673365666518578,1.4379900157123293,0.02041464584258745
0.0272,0.032,24,0.008255,19.66687858370915,1.4668971824517936,0.020820088518179514
0.0272,0.032,24,0.008889999999999999,19.65994392011578,1.497814034576405,0.02125350499276353
0.0272,0.032,24,0.009524999999999999,19.652564931266056,1.5307291063464579,0.021714691795869875
0.0272,0.032,24,0.01016,19.644745172728562,1.5656297616782346,0.022203426704466327
0.0272,0.032,24,0.010794999999999999,19.636488501030556,1.6025021821247438,0.022719468685588676
0.0272,0.032,24,0.01143,19.627799073631877,1.6413313584742135,0.02326255789800944
0.0272,0.032,24,0.012065,19.618681347989707,1.6821010858249386,0.02383241575064425
0.0272,0.032,25,0.006985,19.679145856580533,1.4122444239293097,0.020053383963715643
0.0272,0.032,25,0.007620000000000001,19.67285833077591,1.4402502648817073,0.020446354326505656
0.0272,0.032,25,0.008255,19.666101931943047,1.470358951580592,0.02086862925355933
0.0272,0.032,25,0.008889999999999999,19.658879825680344,1.5025594854226356,0.021320010894977964
0.0272,0.032,25,0.009524999999999999,19.65119549314784,1.5368396493190468,0.021800281678259818
0.0272,0.032,25,0.01016,19.64305273280712,1.5731859918464672,0.022309204199556145
0.0272,0.032,25,0.010794999999999999,19.63445566111477,1.6115838153947715,0.022846521180327428
0.0272,0.032,25,0.01143,19.625408712214096,1.6520171681352889,0.02341195548661738
0.0272,0.032,25,0.012065,19.615916636663997,1.6944688396605596,0.024005210208499862
0.0272,0.032,26,0.006985,19.67888951682221,1.4133859577789483,0.020069405198611383
0.0272,0.032,26,0.007620000000000001,19.672351053095554,1.4425103394466305,0.02047805918152654
0.0272,0.032,26,0.008255,19.665325416346604,1.4738203109352448,0.020917161478336558
0.0272,0.032,26,0.008889999999999999,19.657815987064907,1.507304165856233,0.02138650080844493
0.0272,0.032,26,0.009524999999999999,19.649826479090166,1.5429489141985455,0.021885845056864285
0.0272,0.032,26,0.01016,19.641360941163157,1.5807402664959869,0.02241494117730157
0.0272,0.032,26,0.010794999999999999,19.632423757368315,1.6206626222070315,0.022973515164480526
0.0272,0.032,26,0.01143,19.623019646515786,1.662699062122145,0.02356127209276293
0.0272,0.032,26,0.012065,19.61315366050468,1.7068313446419827,0.024177896218458762
0.0272,0.032,27,0.006985,19.678633191877054,1.414527447110393,0.02008542550768443
0.0272,0.032,27,0.007620000000000001,19.671843833467847,1.44477023942733,0.020509760408260653
0.0272,0.032,27,0.008255,19.664549036884694,1.477281260588506,0.020965685194706356
0.0272,0.032,27,0.008889999999999999,19.656752404178917,1.5120480760647932,0.021452974738818485
0.0272,0.032,27,0.009524999999999999,19.64845788889994,1.5490569013859055,0.021971381943755416
0.0272,0.032,27,0.01016,19.63966979743151,1.5882925863858146,0.022520637660530033
0.0272,0.032,27,0.010794999999999999,19.6303927891571,1.629738603880827,0.023100450677680497
0.0272,0.032,27,0.01143,19.62063187550382,1.6733770425866596,0.02371050778101075
0.0272,0.032,27,0.012065,19.610392417909964,1.7191886041099065,0.024350473880626642
0.0272,0.032,28,0.006985,19.67837688174376,1.4156688919262475,0.020101444891013467
0.0272,0.032,28,0.007620000000000001,19.671336671882898,1.447029964844035,0.02054145800731891
0.0272,0.032,28,0.008255,19.663772793522185,1.4807418006131117,0.02101420040486279
0.0272,0.032,28,0.008889999999999999,19.655689076931992,1.5167912162358517,0.02151943269174972
0.0272,0.032,28,0.009524999999999999,19.64708972238401,1.5551636112819092,0.022056892350997753
0.0272,0.032,28,0.01016,19.637979301247185,1.5958429522745785,0.022626293672052548
0.0272,0.032,28,0.010794999999999999,19.628362755847604,1.6388117617346416,0.02322732775952435
0.0272,0.032,28,0.01143,19.618245398146257,1.6840511116791321,0.023859662615857754
0.0272,0.032,28,0.012065,19.60763290728022,1.731540621402196,0.02452294329498762
0.0272,0.032,29,0.006985,19.678120586421187,1.416810292229116,0.020117463348676926
0.0272,0.032,29,0.007620000000000001,19.670829568330987,1.4492895157169698,0.020573151979311935
0.0272,0.032,29,0.008255,19.662996686224005,1.4842019310817816,0.021062707110999213
0.0272,0.032,29,0.008889999999999999,19.65462600523381,1.5215335865568844,0.02158587467288779
0.0272,0.032,29,0.009524999999999999,19.645721979349617,1.561269044287173,0.0221423762906489
0.0272,0.032,29,0.01016,19.636289452245364,1.6033913649205147,0.022731909234663186
0.0272,0.032,29,0.010794999999999999,19.62633365680682,1.6478820970861365,0.023354146449574214
0.0272,0.032,29,0.01143,19.615860213412248,1.6947212715482878,0.024008736661733414
0.0272,0.032,29,0.012065,19.60487512701752,1.7438873998538824,0.024695304561404823
0.0272,0.032,30,0.006985,19.677864305907917,1.417951648021602,0.020133480880753743
0.0272,0.032,30,0.007620000000000001,19.670322522802394,1.4515488920663577,0.02060484232485031
0.0272,0.032,30,0.008255,19.662220714955083,1.4876616520672181,0.021111205315308294
0.0272,0.032,30,0.008889999999999999,19.653563188993928,1.5262751872153044,0.021652300687878743
0.0272,0.032,30,0.009524999999999999,19.644354659603835,1.5673732008021437,0.022227833774759113
0.0272,0.032,30,0.01016,19.634600250061794,1.6109378250814665,0.022837484371138826
0.0272,0.032,30,0.010794999999999999,19.62430549140231,1.6569496112521547,0.02348090678735672
0.0272,0.032,30,0.01143,19.613476320272014,1.705387524341278,0.024157729982999507
0.0272,0.032,30,0.012065,19.602119075526105,1.756228942797172,0.024867557779619947
0.0272,0.032,31,0.006985,19.677608040202813,1.4190929593063097,0.020149497487322483
0.0272,0.032,31,0.007620000000000001,19.669815535287285,1.4538080939124167,0.02063652904454433
0.0272,0.032,31,0.008255,19.66144487968029,1.4911209636421066,0.02115969501998187
0.0272,0.032,31,0.008889999999999999,19.65250062812214,1.531016018398466,0.021718710742366042
0.0272,0.032,31,0.009524999999999999,19.64298776295408,1.5734760812271027,0.022313264815371218
0.0272,0.032,31,0.01016,19.632911694332165,1.6184823335148852,0.0229430191042398
0.0272,0.032,31,0.010794999999999999,19.6222782590022,1.6660143055487202,0.023607608812363394
0.0272,0.032,31,0.01143,19.611093717696804,1.7160498722036828,0.02430664264395043
0.0272,0.032,31,0.012065,19.599364751211965,1.768565253561443,0.025039703049253924
0.0272,0.032,32,0.006985,19.677351789304623,1.4202342260858414,0.02016551316846181
0.0272,0.032,32,0.007620000000000001,19.66930860577594,1.4560671212753633,0.02066821213900426
0.0272,0.032,32,0.008255,19.660669180364607,1.4945798658791147,0.02120817622721133
0.0272,0.032,32,0.008889999999999999,19.651438322528122,1.535756080293661,0.021785104841990706
0.0272,0.032,32,0.009524999999999999,19.64162128920765,1.5795776859621624,0.022398669424521338
0.0272,0.032,32,0.01016,19.631223784692622,1.6260248909778312,0.023048513456709392
0.0272,0.032,32,0.010794999999999999,19.62025195897519,1.675076181291037,0.023734252564050793
0.0272,0.032,32,0.01143,19.608712404659002,1.7267083172795101,0.024455474708813603
0.0272,0.032,32,0.012065,19.59661215248309,1.780896335473252,0.025211740469807013
0.0272,0.032,33,0.006985,19.677095553211984,1.4213754483628014,0.020181527924250545
0.0272,0.032,33,0.007620000000000001,19.66880173425858,1.4583259741754098,0.020699891608840327
0.0272,0.032,33,0.008255,19.659893616973022,1.4980383588508932,0.02125664893918698
0.0272,0.032,33,0.008889999999999999,19.65037627212172,1.5404953730881208,0.021851482992391025
0.0272,0.032,33,0.009524999999999999,19.640255238172188,1.5856780154072694,0.02248404761423776
0.0272,0.032,33,0.01016,19.629536520779595,1.6335654982269725,0.023153967451274227
0.0272,0.032,33,0.010794999999999999,19.61822659069054,1.6841352397934934,0.023860838081840134
0.0272,0.032,33,0.01143,19.606332380132017,1.7373628617111996,0.02460422624174883
0.0272,0.032,33,0.012065,19.593861277749454,1.793222191856337,0.02538367014065896
0.0272,0.032,34,0.006985,19.676839331923702,1.4225166261397917,0.020197541754767092
0.0272,0.032,34,0.007620000000000001,19.66829492072543,1.460584652632766,0.020731567454662203
0.0272,0.032,34,0.008255,19.659118189470405,1.5014964426300754,0.021305113158098427
0.0272,0.032,34,0.008889999999999999,19.649314476812776,1.5452338969690178,0.021917845199202726
0.0272,0.032,34,0.009524999999999999,19.638889609655337,1.591777069962202,0.02256939939654236
0.0272,0.032,34,0.01016,19.627849902229684,1.641104156018586,0.023259381110644007
0.0272,0.032,34,0.010794999999999999,19.61620215351809,1.6931914823696597,0.02398736540511783
0.0272,0.032,34,0.01143,19.603953643090392,1.7480135076396226,0.024752897306848883
0.0272,0.032,34,0.012065,19.59111212542291,1.805542826031619,0.025555492161068817
0.0272,0.032,35,0.006985,19.676583125438583,1.423657759419416,0.020213554660090137
0.0272,0.032,35,0.007620000000000001,19.667788165166712,1.462843156667639,0.020763239677079926
0.0272,0.032,35,0.008255,19.658342897821854,1.5049541172892782,0.021353568886134832
0.0272,0.032,35,0.008889999999999999,19.648252936511085,1.549971652123461,0.02198419146805868
0.0272,0.032,35,0.009524999999999999,19.637524403464795,1.597874850026572,0.0226547247834489
0.0272,0.032,35,0.01016,19.62616392867983,1.6486408651085587,0.0233647544575118
0.0272,0.032,35,0.010794999999999999,19.614178646828236,1.7022449103322896,0.02411383457323498
0.0272,0.032,35,0.01143,19.601576192509754,1.758660257204084,0.024901487968139496
0.0272,0.032,35,0.012065,19.588364693917185,1.8178582413172053,0.025727206630175893
0.0272,0.032,36,0.006985,19.676326933755206,1.4247988482042757,0.02022956664029847
0.0272,0.032,36,0.007620000000000001,19.667281467572764,1.4651014863002318,0.02079490827670324
0.0272,0.032,36,0.008255,19.65756774199224,1.5084113829011,0.021402016125484143
0.0272,0.032,36,0.008889999999999999,19.647191651126548,1.5547086387385,0.022050521804589565
0.0272,0.032,36,0.009524999999999999,19.636159619408545,1.6039713559998243,0.022740023786964884
0.0272,0.032,36,0.01016,19.624478599767144,1.656175626252385,0.023470087514553487
0.0272,0.032,36,0.010794999999999999,19.612156069991897,1.7112955249933197,0.024240245625507886
0.0272,0.032,36,0.01143,19.59920002736675,1.7693031125423246,0.025049998289579534
0.0272,0.032,36,0.012065,19.585618981647997,1.8301684410283932,0.02589881364699904
0.0272,0.032,37,0.006985,19.67607075687249,1.4259398924969742,0.020245577695470505
0.0272,0.032,37,0.007620000000000001,19.66677482793375,1.4673596415507448,0.020826573254141587
0.0272,0.032,37,0.008255,19.65679272194666,1.5118682395381224,0.021450454878334
0.0272,0.032,37,0.008889999999999999,19.646130620569238,1.5594448570011237,0.022116836214423105
0.0272,0.032,37,0.009524999999999999,19.63479525729457,1.6100665882812357,0.022825296419089817
0.0272,0.032,37,0.01016,19.622793915129137,1.6637084402051696,0.023575380304428583
0.0272,0.032,37,0.010794999999999999,19.610134422380497,1.7203433276638744,0.024366598601217957
0.0272,0.032,37,0.01143,19.59682514663905,1.7799420757905213,0.0251984283350609
0.0272,0.032,37,0.012065,19.582874987032994,1.8424734284776718,0.02607031331043773
0.0272,0.032,38,0.006985,19.675814594789017,1.4270808923001133,0.020261587825685042
0.0272,0.032,38,0.007620000000000001,19.66626824623995,1.4696176224393749,0.02085823461000439
0.0272,0.032,38,0.008255,19.65601783765004,1.5153246872729118,0.021498885146870948
0.0272,0.032,38,0.008889999999999999,19.64506984474906,1.5641803070982612,0.022183134703184563
0.0272,0.032,38,0.009524999999999999,19.63343131693091,1.6161605472699185,0.022910542691816686
0.0272,0.032,38,0.01016,19.621109874403544,1.6712393077216285,0.0236806328497797
0.0272,0.032,38,0.010794999999999999,19.6081137033662,1.7293883196542612,0.02449289353961145
0.0272,0.032,38,0.01143,19.59445154930546,1.7905771490832876,0.02534677816840868
0.0272,0.032,38,0.012065,19.580132708491647,1.8547732069747278,0.02624170571927136
0.0272,0.032,39,0.006985,19.675558447503647,1.4282218476162942,0.02027759703102048
0.0272,0.032,39,0.007620000000000001,19.66576172248159,1.4718754289863165,0.020889892344901025
0.0272,0.032,39,0.008255,19.655243089067483,1.5187807261780142,0.021547306933281232
0.0272,0.032,39,0.008889999999999999,19.644009323576086,1.5689149892167789,0.02224941727649635
0.0272,0.032,39,0.009524999999999999,19.632067798125888,1.6222532333648159,0.022995762617130766
0.0272,0.032,39,0.01016,19.619426477228274,1.6787682295560848,0.023785845173232695
0.0272,0.032,39,0.010794999999999999,19.60609391232157,1.7384305022739739,0.024619130479900272
0.0272,0.032,39,0.01143,19.592079234345874,1.8012083345536782,0.02549504785338117
0.0272,0.032,39,0.012065,19.57739214444541,1.8670677798264428,0.026412990972160197
0.0272,0.032,40,0.006985,19.67530231501513,1.4293627584481197,0.02029360531155561
0.0272,0.032,40,0.007620000000000001,19.665255256648948,1.4741330612117605,0.02092154645944059
0.0272,0.032,40,0.008255,19.654468476164027,1.522236356325961,0.021595720239749868
0.0272,0.032,40,0.008889999999999999,19.642949056960333,1.5736489035434842,0.02231568393997884
0.0272,0.032,40,0.009524999999999999,19.63070470068783,1.6283446469647052,0.023080956207010672
0.0272,0.032,40,0.01016,19.61774372324163,1.6862952064624748,0.0238910172973968
0.0272,0.032,40,0.010794999999999999,19.604075048619848,1.7474698768316932,0.02474530946126079
0.0272,0.032,40,0.01143,19.589708200741256,1.8118356343331863,0.02564323745367042
0.0272,0.032,40,0.012065,19.57465329331768,1.8793571503369035,0.02658416916764479
0.0272,0.032,41,0.006985,19.675046197322104,1.430503624798191,0.020309612667368974
0.0272,0.032,41,0.007620000000000001,19.6647488487323,1.4763905191358944,0.020953196954232135
0.0272,0.032,41,0.008255,19.6536939989046,1.525691577789265,0.02164412506846143
0.0272,0.032,41,0.008889999999999999,19.64188904481199,1.5783820502651233,0.022381934699249033
0.0272,0.032,41,0.009524999999999999,19.62934202442517,1.6344347884681987,0.023166123473427443
0.0272,0.032,41,0.01016,19.61606161208215,1.693820239194343,0.023996149244864477
0.0272,0.032,41,0.010794999999999999,19.602057111634622,1.7565064446352874,0.024871430522835195
0.0272,0.032,41,0.01143,19.5873384474736,1.8224590505517497,0.025791347032901365
0.0272,0.032,41,0.012065,19.571916153533664,1.8916413218073986,0.026755240404147066
0.0272,0.032,42,0.006985,19.674790094423372,1.4316444466691092,0.02032561909853909
0.0272,0.032,42,0.007620000000000001,19.664242498721876,1.4786478027789036,0.020984843829884428
0.0272,0.032,42,0.008255,19.652919657254415,1.529146390640423,0.021692521421599817
0.0272,0.032,42,0.008889999999999999,19.640829287041242,1.5831144295683828,0.02244816955992201
0.0272,0.032,42,0.009524999999999999,19.627979769146464,1.6405236582737401,0.023251264428345193
0.0272,0.032,42,0.01016,19.614380143388644,1.701343328504846,0.024101241038211468
0.0272,0.032,42,0.010794999999999999,19.60004010074033,1.7655402069918131,0.024997493703730684
0.0272,0.032,42,0.01143,19.584969973525858,1.8330785853377491,0.025939376654633015
0.0272,0.032,42,0.012065,19.569180723520503,1.903920297536426,0.02692620477996973
0.0272,0.032,43,0.006985,19.674534006317685,1.4327852240634753,0.02034162460514449
0.0272,0.032,43,0.007620000000000001,19.663736206607894,1.4809049121609688,0.021016487087006465
0.0272,0.032,43,0.008255,19.652145451178455,1.5326007949519131,0.021740909301347682
0.0272,0.032,43,0.008889999999999999,19.639769783558222,1.5878460416398867,0.022514388527609872
0.0272,0.032,43,0.009524999999999999,19.626617934660487,1.6466112567796074,0.023336379083720868
0.0272,0.032,43,0.01016,19.612699316800047,1.708864475146751,0.024206292699996884
0.0272,0.032,43,0.010794999999999999,19.598024015311694,1.7745711652075136,0.02512349904301963
0.0272,0.032,43,0.01143,19.5826027778823,1.843694240818009,0.02608732638235782
0.0272,0.032,43,0.012065,19.566447001707274,1.916194080819692,0.02709706239329671
0.0272,0.032,44,0.006985,19.674277933003793,1.4339259569838907,0.020357629187263825
0.0272,0.032,44,0.007620000000000001,19.66322997238069,1.483161847302269,0.021048126726206685
0.0272,0.032,44,0.008255,19.65137138064182,1.5360547907961979,0.02178928870988777
0.0272,0.032,44,0.008889999999999999,19.63871053427323,1.592576886666201,0.022580591607922026
0.0272,0.032,44,0.009524999999999999,19.625256520775906,1.652697584383913,0.02342146745150422
0.0272,0.032,44,0.01016,19.6110191319558,1.7163836798724368,0.024311304252763108
0.0272,0.032,44,0.010794999999999999,19.596008854724175,1.7835993205878238,0.025249446579739855
0.0272,0.032,44,0.01143,19.580236859527986,1.8543060191178016,0.02623519627950184
0.0272,0.032,44,0.012065,19.56371498652493,1.9284626749501173,0.027267813342193362
0.0272,0.032,45,0.006985,19.67402187448039,1.4350666454329561,0.020373632844975616
0.0272,0.032,45,0.007620000000000001,19.66272379603049,1.48541860822298,0.021079762748093752
0.0272,0.032,45,0.008255,19.650597445609606,1.5395083782457217,0.02183765964940123
0.0272,0.032,45,0.008889999999999999,19.637651539096566,1.597306964833829,0.02264677880646555
0.0272,0.032,45,0.009524999999999999,19.623895527301784,1.6587826414846016,0.023506529543637716
0.0272,0.032,45,0.01016,19.609339588495402,1.7239009434338932,0.02441627571903592
0.0272,0.032,45,0.010794999999999999,19.59399461835369,1.7926246744373666,0.02537533635289475
0.0272,0.032,45,0.01143,19.57787221744917,1.8649139223608457,0.02638298640942517
0.0272,0.032,45,0.012065,19.560984676406292,1.9407260832178381,0.027438457724606884
0.0272,0.032,46,0.006985,19.673765830746277,1.4362072894132711,0.020389635578358385
0.0272,0.032,46,0.007620000000000001,19.662217677547574,1.4876751949432732,0.021111395153275786
0.0272,0.032,46,0.008255,19.64982364604691,1.5429615573729123,0.02188602212206901
0.0272,0.032,46,0.008889999999999999,19.636592797938476,1.6020362763292149,0.022712950128844823
0.0272,0.032,46,0.009524999999999999,19.62253495404707,1.6648664284794539,0.023591565372057154
0.0272,0.032,46,0.01016,19.607660686058807,1.7314162665827224,0.02452120712132436
0.0272,0.032,46,0.010794999999999999,19.59198130557678,1.8016472280599563,0.025501168401452664
0.0272,0.032,46,0.01143,19.57550885063324,1.8755179526693113,0.026530696835421422
0.0272,0.032,46,0.012065,19.558256069786125,1.9529843089102108,0.027608995638365746
0.0272,0.032,47,0.006985,19.67350980180015,1.4373478889274371,0.020405637387490655
0.0272,0.032,47,0.007620000000000001,19.66171161692222,1.489931607483318,0.02114302394236113
0.0272,0.032,47,0.008255,19.649049981918836,1.5464143282501803,0.021934376130071372
0.0272,0.032,47,0.008889999999999999,19.63553431070943,1.6067648213387424,0.022779105580661648
0.0272,0.032,47,0.009524999999999999,19.62117480082094,1.6709489457660822,0.02367657494869051
0.0272,0.032,47,0.01016,19.605982424286083,1.7389296500701379,0.024626098482121283
0.0272,0.032,47,0.010794999999999999,19.58996891577044,1.8106669827585977,0.025626942764347672
0.0272,0.032,47,0.01143,19.573146758068503,1.8861181121638169,0.026678327620718804
0.0272,0.032,47,0.012065,19.55552916510112,1.9652373553118128,0.027779427181181034
0.0272,0.032,48,0.006985,19.67325378764076,1.4384884439780534,0.02042163827245106
0.0272,0.032,48,0.007620000000000001,19.66120561414465,1.492187845863281,0.021174649115957827
0.0272,0.032,48,0.008255,19.64827645319059,1.5498666909499188,0.021982721675587364
0.0272,0.032,48,0.008889999999999999,19.634476077319732,1.611492600048734,0.022845245167515245
0.0272,0.032,48,0.009524999999999999,19.619815067432626,1.6770301937419347,0.023761558285459373
0.0272,0.032,48,0.01016,19.60430480281758,1.7464410946469662,0.024730949823902428
0.0272,0.032,48,0.010794999999999999,19.587957448312352,1.819683939835488,0.025752659480479348
0.0272,0.032,48,0.01143,19.570785938744336,1.8967144029634349,0.026825878828478984
0.0272,0.032,48,0.012065,19.552803960789674,1.9774852257044477,0.027949752450645196
0.0272,0.032,49,0.006985,19.672997788266912,1.4396289545677214,0.02043763823331787
0.0272,0.032,49,0.007620000000000001,19.6606996692052,1.4944439101033244,0.02120627067467377
0.0272,0.032,49,0.008255,19.647503059827272,1.5533186455445045,0.02203105876079559
0.0272,0.032,49,0.008889999999999999,19.633418097679964,1.6162196126454533,0.02291136889500188
0.0272,0.032,49,0.009524999999999999,19.618455753691535,1.683110172804294,0.023846515394277772
0.0272,0.032,49,0.01016,19.602627821293993,1.7539506010636459,0.024835761169127075
0.0272,0.032,49,0.010794999999999999,19.585946902580588,1.8286981005920162,0.025878318588712756
0.0272,0.032,49,0.01143,19.568426391651258,1.9073068271856903,0.026973350521798015
0.0272,0.032,49,0.012065,19.55008045529229,1.9897279233671463,0.028119971544233683
0.0272,0.032,50,0.006985,19.672741803677297,1.4407694206990387,0.020453637270169838
0.0272,0.032,50,0.007620000000000001,19.660193782094154,1.496699800223608,0.021237888619116945
0.0272,0.032,50,0.008255,19.646729801794038,1.556770192106296,0.022079387387874082
0.0272,0.032,50,0.008889999999999999,19.632360371700543,1.6209458593151012,0.022977476768715886
0.0272,0.032,50,0.009524999999999999,19.617096859407184,1.6891888833502744,0.023931446287052568
0.0272,0.032,50,0.01016,19.600951479356183,1.7614581700702283,0.024940532540238064
0.0272,0.032,50,0.010794999999999999,19.583937277953964,1.8377094663287648,0.02600392012787848
0.0272,0.032,50,0.01143,19.566068115780695,1.9178953869465627,0.027120742763706372
0.0272,0.032,50,0.012065,19.547358647051112,2.00196545157617,0.028290084559303926
0.034,0.04,0,0.006985,19.736490315809533,1.157415476889888,0.01646935526190273
0.034,0.04,0,0.007620000000000001,19.736490315809533,1.157415476889888,0.01646935526190273
0.034,0.04,0,0.008255,19.736490315809533,1.157415476889888,0.01646935526190273
0.034,0.04,0,0.008889999999999999,19.736490315809533,1.157415476889888,0.01646935526190273
0.034,0.04,0,0.009524999999999999,19.736490315809533,1.157415476889888,0.01646935526190273
0.034,0.04,0,0.01016,19.736490315809533,1.157415476889888,0.01646935526190273
0.034,0.04,0,0.010794999999999999,19.736490315809533,1.157415476889888,0.01646935526190273
0.034,0.04,0,0.01143,19.736490315809533,1.157415476889888,0.01646935526190273
0.034,0.04,0,0.012065,19.736490315809533,1.157415476889888,0.01646935526190273
0.034,0.04,1,0.006985,19.73627394281374,1.1583749939324108,0.01648287857414261
0.034,0.04,1,0.007620000000000001,19.73606151327658,1.1593170382639526,0.016496155420213505
0.034,0.04,1,0.008255,19.735832905969005,1.1603308411986706,0.01651044337693786
0.034,0.04,1,0.008889999999999999,19.73558815168758,1.1614162697549038,0.016525740519525454
0.034,0.04,1,0.009524999999999999,19.735327286454094,1.162573168022612,0.016542044596619485
0.034,0.04,1,0.01016,19.735050351692166,1.1638013563749483,0.01655935301924049
0.034,0.04,1,0.010794999999999999,19.73475739438726,1.1651006307550236,0.01657766285079805
0.034,0.04,1,0.01143,19.734448467230436,1.1664707620329444,0.016596970798098545
0.034,0.04,1,0.012065,19.734123628747284,1.167911495429189,0.016617273203295948
0.034,0.04,2,0.006985,19.736057580300383,1.1593344796579197,0.01649640123122779
0.034,0.04,2,0.007620000000000001,19.735632751911908,1.1612184766426665,0.016522953005507168
0.034,0.04,2,0.008255,19.73517559289155,1.1632459164087283,0.016551525444277397
0.034,0.04,2,0.008889999999999999,19.734686169786187,1.165416518186685,0.016582114388362545
0.034,0.04,2,0.009524999999999999,19.7341645599264,1.1677299543511277,0.01661471500459993
0.034,0.04,2,0.01016,19.733610851774642,1.1701858488604744,0.016649321764086004
0.034,0.04,2,0.010794999999999999,19.733025145238457,1.172783775849219,0.016685928422598036
0.034,0.04,2,0.01143,19.7324075519511,1.1755232583628041,0.01672452800305479
0.034,0.04,2,0.012065,19.731758195521536,1.178403767227237,0.016765112779904622
0.034,0.04,3,0.006985,19.735841228268725,1.1602939340679475,0.01650992323320496
0.034,0.04,3,0.007620000000000001,19.735204031709657,1.1631197920379628,0.01654974801814698
0.034,0.04,3,0.008255,19.73451837655631,1.16616070256306,0.01659260146523052
0.034,0.04,3,0.008889999999999999,19.73378437005124,1.1694162222963544,0.016638476871796943
0.034,0.04,3,0.009524999999999999,19.733002136110542,1.1728858361135066,0.01668736649309209
0.034,0.04,3,0.01016,19.73217181583692,1.1765689547982963,0.01673926151019415
0.034,0.04,3,0.010794999999999999,19.731293567979606,1.1804649129599616,0.016794152001274324
0.034,0.04,3,0.01143,19.73036756934431,1.1845729671676017,0.016852026915980423
0.034,0.04,3,0.012065,19.729394015155492,1.1888922942898734,0.016912874052780212
0.034,0.04,4,0.006985,19.735624886718085,1.1612533571640278,0.016523444580120946
0.034,0.04,4,0.007620000000000001,19.734775352664087,1.165020984461773,0.016576540458496325
0.034,0.04,4,0.008255,19.733861256942305,1.169075199704658,0.016633671441106047
0.034,0.04,4,0.008889999999999999,19.732882752428623,1.1734153821950053,0.016694827973210747
0.034,0.04,4,0.009524999999999999,19.731840014890565,1.1780408135477365,0.01675999906933997
0.034,0.04,4,0.01016,19.730733243659017,1.1829506746400502,0.016829172271311053
0.034,0.04,4,0.010794999999999999,19.729562662227522,1.188144042874324,0.016902333610780373
0.034,0.04,4,0.01143,19.7283285187832,1.193619889734678,0.01697946757605007
0.034,0.04,4,0.012065,19.727031086673435,1.1993770786215079,0.017060557082911165
0.034,0.04,5,0.006985,19.735408555647666,1.1622127489476939,0.016536965272022176
0.034,0.04,5,0.007620000000000001,19.734346714769288,1.1669220539260265,0.016603330326918304
0.034,0.04,5,0.008255,19.73320423402862,1.1719894078765052,0.016674735373212457
0.034,0.04,5,0.008889999999999999,19.73198131686422,1.1774139979937008,0.016751167695984427
0.034,0.04,5,0.009524999999999999,19.730678196150677,1.1831948868917215,0.01683261274058421
0.034,0.04,5,0.01016,19.729295135021232,1.1893310088371736,0.016919054061174277
0.034,0.04,5,0.010794999999999999,19.727832427599196,1.1958211663789708,0.017010473275051594
0.034,0.04,5,0.01143,19.726290399641528,1.202664027350582,0.017106850022403502
0.034,0.04,5,0.012065,19.724669409100443,1.2098581222251203,0.017208161931223875
0.034,0.04,6,0.006985,19.73519223505673,1.163172109420478,0.016550485308955473
0.034,0.04,6,0.007620000000000001,19.733918118019574,1.168823000442652,0.016630117623776145
0.034,0.04,6,0.008255,19.732547307794277,1.1749033271215767,0.01671579326285787
0.034,0.04,6,0.008889999999999999,19.731080063304034,1.181412069803473,0.01680749604349723
0.034,0.04,6,0.009524999999999999,19.72951667977503,1.1883480563832827,0.016905207514061583
0.034,0.04,6,0.01016,19.72785748970381,1.1957099578409103,0.017008906893513025
0.034,0.04,6,0.010794999999999999,19.7261028637119,1.2034962842601535,0.017118571018005766
0.034,0.04,6,0.01143,19.72425321129367,1.2117053813010699,0.017234174294146046
0.034,0.04,6,0.012065,19.722308981462675,1.2203354271022613,0.01735568865858218
0.034,0.04,7,0.006985,19.734975924944536,1.1641314385839132,0.016564004690967526
0.034,0.04,7,0.007620000000000001,19.73348956240909,1.1707238240235764,0.016656902349432783
0.034,0.04,7,0.008255,19.731890478218418,1.1778169574828374,0.01675684511135006
0.034,0.04,7,0.008889999999999999,19.730178991693947,1.1854095977353243,0.016863813019127157
0.034,0.04,7,0.009524999999999999,19.728355465647894,1.1935003222601577,0.016977783397005494
0.034,0.04,7,0.01016,19.726420307487217,1.2020875221023053,0.017098730782047662
0.034,0.04,7,0.010794999999999999,19.724373970183308,1.2111693973037132,0.01722662686354236
0.034,0.04,7,0.01143,19.722216953114412,1.2207439528711062,0.01736144043034833
0.034,0.04,7,0.012065,19.71994980278737,1.2308089952530532,0.01750313732578777
0.034,0.04,8,0.006985,19.734759625310346,1.1650907364395324,0.016577523418105023
0.034,0.04,8,0.007620000000000001,19.733061047931983,1.1726245246807236,0.016683684504251402
0.034,0.04,8,0.008255,19.731233745280065,1.1807302990032453,0.016797890919996183
0.034,0.04,8,0.008889999999999999,19.729278101980015,1.1894065819002273,0.016920118626250723
0.034,0.04,8,0.009524999999999999,19.727194553653646,1.19865168476,0.017050340396645464
0.034,0.04,8,0.01016,19.724983588152156,1.208463702072211,0.017188525740490228
0.034,0.04,8,0.010794999999999999,19.722645746631315,1.2188405062950805,0.017334640835543227
0.034,0.04,8,0.01143,19.720181624479267,1.229779743344866,0.01748864847004655
0.034,0.04,8,0.012065,19.71759187210273,1.2412788286761927,0.0176505079935801
0.034,0.04,9,0.006985,19.734543336153365,1.1660500029888679,0.016591041490414522
0.034,0.04,9,0.007620000000000001,19.73263257458251,1.1745251024260186,0.016710464088594786
0.034,0.04,9,0.008255,19.730577108958357,1.1836433517257499,0.01683893069010357
0.034,0.04,9,0.008889999999999999,19.728377394108122,1.1934030224091234,0.01697641286824309
0.034,0.04,9,0.009524999999999999,19.72603394367667,1.2038021441203812,0.01712287852020753
0.034,0.04,9,0.01016,19.723547331479267,1.214838498201282,0.017278291782544166
0.034,0.04,9,0.010794999999999999,19.72091819267405,1.2265096120192764,0.017442612957872316
0.034,0.04,9,0.01143,19.718147224764095,1.2388127540057337,0.01761579845224277
0.034,0.04,9,0.012065,19.715235188437816,1.251744929368951,0.01779780072263652
0.034,0.04,10,0.006985,19.73432705747291,1.1670092382334518,0.016604558907942712
0.034,0.04,10,0.007620000000000001,19.732204142354817,1.1764255572713826,0.0167372411028257
0.034,0.04,10,0.008255,19.72992056923232,1.1865561156932911,0.01687996442297855
0.034,0.04,10,0.008889999999999999,19.727476868024326,1.1973989193729249,0.017032695748478557
0.034,0.04,10,0.009524999999999999,19.724873635601398,1.2089517005787882,0.017195397774913978
0.034,0.04,10,0.01016,19.722111537249532,1.221211910939978,0.017368028921904345
0.034,0.04,10,0.010794999999999999,19.719191307929975,1.2341767152609109,0.017550543254375436
0.034,0.04,10,0.01143,19.716113753345553,1.2478429861363032,0.017742890415904114
0.034,0.04,10,0.012065,19.71287975082282,1.2622072993271753,0.01794501557357219
0.034,0.04,11,0.006985,19.734110789268243,1.1679684421748173,0.016618075670736147
0.034,0.04,11,0.007620000000000001,19.731775751243106,1.1783258892287365,0.01676401554730727
0.034,0.04,11,0.008255,19.729264126081148,1.1894685909488,0.01692099211992762
0.034,0.04,11,0.008889999999999999,19.726576523674737,1.2013942729025129,0.017088967270329432
0.034,0.04,11,0.009524999999999999,19.72371362931227,1.2141003543726254,0.017267898167983485
0.034,0.04,11,0.01016,19.720676205243876,1.2275839407385634,0.01745773717225705
0.034,0.04,11,0.010794999999999999,19.717465092017903,1.241841816804185,0.017658431748880904
0.034,0.04,11,0.01143,19.71408120960058,1.2568704410183804,0.01786992439996359
0.034,0.04,11,0.012065,19.710525558288964,1.27266594054529,0.018092152606940616
0.034,0.04,12,0.006985,19.73389453153851,1.168927614814496,0.016631591778841638
0.034,0.04,12,0.007620000000000001,19.731347401241578,1.180226098309999,0.016790787422401973
0.034,0.04,12,0.008255,19.728607779483923,1.1923807775352013,0.016962013782256407
0.034,0.04,12,0.008889999999999999,19.7256763610053,1.205389083108739,0.017145227437167305
0.034,0.04,12,0.009524999999999999,19.722553924693898,1.2192481057392135,0.017340379706631097
0.034,0.04,12,0.01016,19.71924133524351,1.233954588047106,0.017547416547280367
0.034,0.04,12,0.010794999999999999,19.71573954455681,1.2495049174328905,0.017766278465198907
0.034,0.04,12,0.01143,19.71204959290685,1.2658951199329833,0.017996900443320082
0.034,0.04,12,0.012065,19.708172609868257,1.2831208550162994,0.018239211883233027
0.034,0.04,13,0.006985,19.733678284283087,1.1698867561540205,0.01664510723230574
0.034,0.04,13,0.007620000000000001,19.730919092344436,1.1821261845270878,0.01681755672847239
0.034,0.04,13,0.008255,19.72795152941967,1.1952926754954096,0.01700302941127044
0.034,0.04,13,0.008889999999999999,19.724776379962236,1.209383350102425,0.017201476252362003
0.034,0.04,13,0.009524999999999999,19.721394521630884,1.224394954915791,0.01741284239806826
0.034,0.04,13,0.01016,19.7178069270297,1.2403238533154808,0.01763706706064342
0.034,0.04,13,0.010794999999999999,19.714014665166076,1.2571660179304094,0.017874083427121885
0.034,0.04,13,0.01143,19.710018902642616,1.2749170241603418,0.018123818584837727
0.034,0.04,13,0.012065,19.705820904593963,1.293572044731786,0.018386193462879053
0.034,0.04,14,0.006985,19.733462047501177,1.1708458661949228,0.016658622031175137
0.034,0.04,14,0.007620000000000001,19.730490824545882,1.1840261478919187,0.016844323465881484
0.034,0.04,14,0.008255,19.727295375867584,1.1982042848723309,0.017044039008275048
0.034,0.04,14,0.008889999999999999,19.723876580491492,1.2133770739943612,0.017257713719282402
0.034,0.04,14,0.009524999999999999,19.720235420007953,1.2295409021395118,0.017485286249502918
0.034,0.04,14,0.01016,19.71637298038388,1.2466917369933643,0.017726688726007158
0.034,0.04,14,0.010794999999999999,19.712290453465187,1.264825119079715,0.01798184665842455
0.034,0.04,14,0.01143,19.707989138186463,1.2839361549798973,0.018250678863346817
0.034,0.04,14,0.012065,19.70347044150003,1.3040195116819147,0.01853309740624661
0.034,0.04,15,0.006985,19.733245821192043,1.1718049449387344,0.01667213617549638
0.034,0.04,15,0.007620000000000001,19.730062597840117,1.185925988416406,0.016871087634991407
0.034,0.04,15,0.008255,19.726639318806804,1.2011156057088634,0.017085042574574792
0.034,0.04,15,0.008889999999999999,19.722976962539292,1.2173702548953091,0.01731393984129574
0.034,0.04,15,0.009524999999999999,19.719076619709767,1.234685947647448,0.01755771126813915
0.034,0.04,15,0.01016,19.714939495087606,1.2530582395302408,0.017816281557023805
0.034,0.04,15,0.010794999999999999,19.710566909074203,1.2724822216633729,0.018089568182863752
0.034,0.04,15,0.01143,19.705960298917717,1.292952513670307,0.01837748131764293
0.034,0.04,15,0.012065,19.70112121962171,1.3144632578554316,0.018679923773642068
0.034,0.04,16,0.006985,19.733029605354943,1.1727639923869877,0.016685649665316275
0.034,0.04,16,0.007620000000000001,19.729634412221344,1.1878257061124624,0.016897849236164823
0.034,0.04,16,0.008255,19.72598335821641,1.2040266380478961,0.017126040111474162
0.034,0.04,16,0.008889999999999999,19.72207752605169,1.2213628929159994,0.017370154621768292
0.034,0.04,16,0.009524999999999999,19.717918120621164,1.239830091676588,0.01763011746117755
0.034,0.04,16,0.01016,19.713506470922596,1.2594233613753985,0.017905845567337292
0.034,0.04,16,0.010794999999999999,19.708844031613125,1.2801373264635385,0.01819724802417836
0.034,0.04,16,0.01143,19.703932384216216,1.301966101509441,0.01850422598648808
0.034,0.04,16,0.012065,19.698773237995056,1.3249032852396685,0.01882667262531
0.034,0.04,17,0.006985,19.732813399989084,1.173723008541215,0.016699162500681246
0.034,0.04,17,0.007620000000000001,19.729206267683765,1.1897253009919995,0.016924608269763997
0.034,0.04,17,0.008255,19.725327494075543,1.2069373819323106,0.017167031620277162
0.034,0.04,17,0.008889999999999999,19.721178270974974,1.225354988167134,0.01742635806406458
0.034,0.04,17,0.009524999999999999,19.716759922626977,1.2449733344638372,0.017702504835815105
0.034,0.04,17,0.01016,19.712073907670685,1.2657871029779308,0.017995380770582964
0.034,0.04,17,0.010794999999999999,19.707121820702582,1.2877904342619608,0.018304886206090044
0.034,0.04,17,0.01143,19.701905393462255,1.3109769197743841,0.018630912908609586
0.034,0.04,17,0.012065,19.69642649565708,1.33533959582054,0.018973344021433615
0.034,0.04,18,0.006985,19.732597205093782,1.1746819934029464,0.01671267468163784
0.034,0.04,18,0.007620000000000001,19.72877816422158,1.1916247730669263,0.01695136473615142
0.034,0.04,18,0.008255,19.724671726363397,1.2098478374049784,0.017208017102287438
0.034,0.04,18,0.008889999999999999,19.720279197255252,1.2293465407593824,0.017482550171548157
0.034,0.04,18,0.009524999999999999,19.7156020256121,1.2501156762460177,0.01777487339924505
0.034,0.04,18,0.01016,19.710641805113823,1.2721494647867362,0.01808488718038762
0.034,0.04,18,0.010794999999999999,19.705400275963143,1.29544154583998,0.018412482752302107
0.034,0.04,18,0.01143,19.699879326036807,1.3199849697414363,0.01875754212270084
0.034,0.04,18,0.012065,19.69408099164582,1.3457721915825485,0.019119938022134637
0.034,0.04,19,0.006985,19.7323810206683,1.1756409469737148,0.016726186208232994
0.034,0.04,19,0.007620000000000001,19.728350101828994,1.193524122349152,0.016978118635689196
0.034,0.04,19,0.008255,19.724016055059053,1.2127580045087645,0.01724899655880817
0.034,0.04,19,0.008889999999999999,19.719380304838694,1.2333375508033857,0.017538730947581214
0.034,0.04,19,0.009524999999999999,19.71444442946148,1.2552571172598694,0.017847223158657267
0.034,0.04,19,0.01016,19.709210163034072,1.2785104472505187,0.018174364810369725
0.034,0.04,19,0.010794999999999999,19.703679397016003,1.3030906619785296,0.018520037686500408
0.034,0.04,19,0.01143,19.697854181321247,1.328990252686114,0.01888411366742121
0.034,0.04,19,0.012065,19.691736725000396,1.3562010745087825,0.019266454687473466
0.034,0.04,20,0.006985,19.732164846711783,1.1765998692550514,0.01673969708051312
0.034,0.04,20,0.007620000000000001,19.72792208050015,1.1954233488505825,0.01700486996873953
0.034,0.04,20,0.008255,19.723360480141707,1.215667883286523,0.017289969991142434
0.034,0.04,20,0.008889999999999999,19.718481593671584,1.2373280184097541,0.017594900395524457
0.034,0.04,20,0.009524999999999999,19.71328713406018,1.2603976577420488,0.01791955412123777
0.034,0.04,20,0.01016,19.707778981213778,1.2848700508177884,0.018263813674139207
0.034,0.04,20,0.010794999999999999,19.70195918348236,1.3107377834581346,0.018627551032353102
0.034,0.04,20,0.01143,19.695829958697686,1.3379927698831504,0.019010627581396034
0.034,0.04,20,0.012065,19.689393694760838,1.3666262465809207,0.0194128940774492
0.034,0.04,21,0.006985,19.731948683223607,1.1775587602484874,0.016753207298524767
0.034,0.04,21,0.007620000000000001,19.727494100229364,1.197322452583123,0.01703161873566461
0.034,0.04,21,0.008255,19.722705001590498,1.218577473781102,0.017330937400592702
0.034,0.04,21,0.008889999999999999,19.717583063700204,1.2413179436890687,0.017651058518737616
0.034,0.04,21,0.009524999999999999,19.712130139293322,1.265537297929129,0.0179918662941691
0.034,0.04,21,0.01016,19.70634825943523,1.2912282759368592,0.01835323378529755
0.034,0.04,21,0.010794999999999999,19.700239634983802,1.3183829110589145,0.018735022813510777
0.034,0.04,21,0.01143,19.69380665754852,1.3469925226064938,0.019137083903216518
0.034,0.04,21,0.012065,19.687051899968026,1.3770477097792309,0.019559256251999932
0.034,0.04,22,0.006985,19.731732530202976,1.1785176199555538,0.016766716862314603
0.034,0.04,22,0.007620000000000001,19.727066161010782,1.1992214335586775,0.01705836493682662
0.034,0.04,22,0.008255,19.72204961938462,1.2214867760353392,0.01737189878846097
0.034,0.04,22,0.008889999999999999,19.716684714870723,1.2453073267518793,0.017707205320578675
0.034,0.04,22,0.009524999999999999,19.71097344504591,1.2706760380576012,0.018064159684630054
0.034,0.04,22,0.01016,19.704917997481004,1.297585123055853,0.01844262515743781
0.034,0.04,22,0.010794999999999999,19.698520751142325,1.3260260455605803,0.018842453053606063
0.034,0.04,22,0.01143,19.691784277256943,1.3559895121293133,0.019263482671440128
0.034,0.04,22,0.012065,19.684711339663977,1.3874654660825723,0.019705541271002616
0.034,0.04,23,0.006985,19.73151638764915,1.1794764483777824,0.016780225771929308
0.034,0.04,23,0.007620000000000001,19.726638262838605,1.2011202917891477,0.017085108572587188
0.034,0.04,23,0.008255,19.721394333503213,1.2243957900920646,0.01741285415604926
0.034,0.04,23,0.008889999999999999,19.71578654712954,1.249296167708707,0.017763340804404646
0.034,0.04,23,0.009524999999999999,19.709817051203288,1.2758138783638737,0.01813643429979594
0.034,0.04,23,0.01016,19.703488195133673,1.3039405926226955,0.01853198780414435
0.034,0.04,23,0.010794999999999999,19.69680253157992,1.333667187742438,0.018949841776253914
0.034,0.04,23,0.01143,19.689762817206542,1.3649837397239937,0.019389823924589943
0.034,0.04,23,0.012065,19.68237201289162,1.3978795174683964,0.01985174919427274
0.034,0.04,24,0.006985,19.731300255561337,1.1804352455167042,0.01679373402741542
0.034,0.04,24,0.007620000000000001,19.726210405707036,1.2030190272864338,0.017111849643308592
0.034,0.04,24,0.008255,19.72073914392547,1.2273045159940998,0.017453803504658867
0.034,0.04,24,0.008889999999999999,19.714888560422878,1.2532844666700418,0.017819464973571057
0.034,0.04,24,0.009524999999999999,19.70866095765058,1.280950819084271,0.018208690146838607
0.034,0.04,24,0.01016,19.702058852176094,1.31029468508512,0.018621321738993515
0.034,0.04,24,0.010794999999999999,19.695084975919144,1.341306338383387,0.019057189005051982
0.034,0.04,24,0.01143,19.687742276781535,1.3739752066621405,0.019516107701155735
0.034,0.04,24,0.012065,19.68003391869496,1.4082898659127485,0.019997880081565604
0.034,0.04,25,0.006985,19.731084133938907,1.1813940113738495,0.01680724162881948
0.034,0.04,25,0.007620000000000001,19.725782589610333,1.2049176400624355,0.01713858814935244
0.034,0.04,25,0.008255,19.720084050630533,1.230212953784258,0.017494746835590987
0.034,0.04,25,0.008889999999999999,19.71399075469708,1.2572722237463436,0.017875577831432198
0.034,0.04,25,0.009524999999999999,19.707505164273186,1.286086860455036,0.018280927232926014
0.034,0.04,25,0.01016,19.700629968391127,1.3166474008906641,0.01871062697555295
0.034,0.04,25,0.010794999999999999,19.69336808378273,1.3489434982619202,0.01916449476357998
0.034,0.04,25,0.01143,19.685722655366533,1.3829639142145773,0.01964233403959303
0.034,0.04,25,0.012065,19.677697056118802,1.4186965133902698,0.020143933992574838
0.034,0.04,26,0.006985,19.73086802278101,1.1823527459507497,0.01682074857618802
0.034,0.04,26,0.007620000000000001,19.725354814542698,1.2068161301290492,0.017165324091080708
0.034,0.04,26,0.008255,19.71942905359765,1.2331211035053433,0.01753568415014621
0.034,0.04,26,0.008889999999999999,19.71309312989854,1.2612594390480436,0.017931679381341138
0.034,0.04,26,0.009524999999999999,19.706349670956456,1.2912220027123287,0.018353145565222533
0.034,0.04,26,0.01016,19.699201543561912,1.3229987404866723,0.01879990352738188
0.034,0.04,26,0.010794999999999999,19.691651854793577,1.3565786681561256,0.019271759075400224
0.034,0.04,26,0.01143,19.683703952346832,1.3919498636513485,0.019768502978323558
0.034,0.04,26,0.012065,19.67536142420903,1.429099461874197,0.02028991098693393
0.034,0.04,27,0.006985,19.730651922086906,1.1833114492489358,0.016834254869567855
0.034,0.04,27,0.007620000000000001,19.724927080498333,1.2087144974981716,0.01719205746885497
0.034,0.04,27,0.008255,19.71877415280602,1.2360289652001524,0.01757661544962478
0.034,0.04,27,0.008889999999999999,19.712195685973597,1.2652461126855417,0.017987769626649587
0.034,0.04,27,0.009524999999999999,19.705194477585792,1.296356246092225,0.01842534515088931
0.034,0.04,27,0.01016,19.69777357747148,1.3293487043202958,0.01888915140803125
0.034,0.04,27,0.010794999999999999,19.689936288575097,1.3642118488436845,0.019378981964057084
0.034,0.04,27,0.01143,19.68168616710824,1.4009330562417204,0.019894614555735476
0.034,0.04,27,0.012065,19.673027022012548,1.4394987133363633,0.020435811124215136
0.034,0.04,28,0.006985,19.730435831855914,1.1842701212699382,0.016847760509005376
0.034,0.04,28,0.007620000000000001,19.724499387471383,1.210612742181697,0.017218788283037044
0.034,0.04,28,0.008255,19.71811934823478,1.2389365389114715,0.017617540735326707
0.034,0.04,28,0.008889999999999999,19.71129842286865,1.2692322447692082,0.01804384857070776
0.034,0.04,28,0.009524999999999999,19.704039584046654,1.30148959083072,0.018497525997083368
0.034,0.04,28,0.01016,19.696346069903313,1.3356972928384914,0.01897837063104333
0.034,0.04,28,0.010794999999999999,19.68822138475076,1.3718430411018743,0.019486163453077805
0.034,0.04,28,0.01143,19.679669299037073,1.4099134932541773,0.020020668810183027
0.034,0.04,28,0.012065,19.670693848577116,1.4498942697472028,0.020581634463930493
0.034,0.04,29,0.006985,19.730219752087237,1.185228762015287,0.016861265494546997
0.034,0.04,29,0.007620000000000001,19.724071735456164,1.2125108641915177,0.017245516533988342
0.034,0.04,29,0.008255,19.71746463986318,1.2418438246820807,0.017658460008551667
0.034,0.04,29,0.008889999999999999,19.710401340530154,1.2732178354093833,0.018099916216864652
0.034,0.04,29,0.009524999999999999,19.702884990224675,1.306622037163726,0.018569688110958642
0.034,0.04,29,0.01016,19.694919020640782,1.3420445064880226,0.019067561209952223
0.034,0.04,29,0.010794999999999999,19.686507142944436,1.379472245707567,0.019593303565971706
0.034,0.04,29,0.01143,19.67765334752022,1.418891175956429,0.02014666577998666
0.034,0.04,29,0.012065,19.668361902951517,1.4602861330757473,0.020727381065530962
0.034,0.04,30,0.006985,19.730003682780193,1.1861873714865134,0.016874769826239644
0.034,0.04,30,0.007620000000000001,19.723644124446878,1.2144088635395254,0.017272242222070515
0.034,0.04,30,0.008255,19.71681002767042,1.24475082255475,0.017699373270598718
0.034,0.04,30,0.008889999999999999,19.709504438904503,1.2772028847163777,0.018155972568468157
0.034,0.04,30,0.009524999999999999,19.70173069600537,1.3117535853270712,0.018641831499665078
0.034,0.04,30,0.01016,19.693492429467483,1.3483903457154591,0.01915672315828362
0.034,0.04,30,0.010794999999999999,19.684793562780328,1.3870994634372305,0.019700402326230847
0.034,0.04,30,0.01143,19.67563831194508,1.427866105615406,0.02027260550343344
0.034,0.04,30,0.012065,19.6660311841855,1.4706743052896318,0.020873050988407624
0.034,0.04,31,0.006985,19.72978762393393,1.1871459496851477,0.016888273504129716
0.034,0.04,31,0.007620000000000001,19.72321655443767,1.2163067402376098,0.017298965347644944
0.034,0.04,31,0.008255,19.716155511635748,1.2476575325722425,0.0177402805227667
0.034,0.04,31,0.008889999999999999,19.70860771793815,1.2811873928004716,0.018212017628864808
0.034,0.04,31,0.009524999999999999,19.70057670127443,1.3168842355565031,0.018713956170349277
0.034,0.04,31,0.01016,19.692066296167127,1.3547348109671777,0.01924585648955468
0.034,0.04,31,0.010794999999999999,19.683080643882704,1.394724695066927,0.019807459757329383
0.034,0.04,31,0.01143,19.67362419169956,1.4368382834972626,0.020398488018776542
0.034,0.04,31,0.012065,19.66370169132972,1.4810587883550932,0.021018644291890782
0.034,0.04,32,0.006985,19.729571575547766,1.1881044966127194,0.01690177652826375
0.034,0.04,32,0.007620000000000001,19.722789025422856,1.2182044942976589,0.017325685911072992
0.034,0.04,32,0.008255,19.71550109173836,1.2505639547773106,0.017781181766354227
0.034,0.04,32,0.008889999999999999,19.707711177577607,1.2851713597719154,0.018268051401399525
0.034,0.04,32,0.009524999999999999,19.699423005917538,1.3220139880876853,0.018786062130154105
0.034,0.04,32,0.01016,19.690640620523595,1.3610779026893618,0.019334961217274283
0.034,0.04,32,0.010794999999999999,19.681368385876397,1.4023479413723157,0.019914475882724342
0.034,0.04,32,0.01143,19.671610986172254,1.4458077108673753,0.02052431336423564
0.034,0.04,32,0.012065,19.661373423435975,1.4914395842369712,0.021164161035250248
0.034,0.04,33,0.006985,19.72935553762096,1.1890630122707597,0.016915278898688275
0.034,0.04,33,0.007620000000000001,19.722361537396523,1.2201021257315594,0.017352403912715992
0.034,0.04,33,0.008255,19.714846767957454,1.2534700892127002,0.01782207700265918
0.034,0.04,33,0.008889999999999999,19.706814817769327,1.28915478574093,0.018324073889416388
0.034,0.04,33,0.009524999999999999,19.6982696098205,1.3271428431562002,0.01885814938621909
0.034,0.04,33,0.01016,19.68921540232094,1.367419621328001,0.01942403735494276
0.034,0.04,33,0.010794999999999999,19.679656788386296,1.4099692031286517,0.020021450725855
0.034,0.04,33,0.01143,19.66959869475204,1.4547743889903468,0.020650081577996807
0.034,0.04,33,0.012065,19.659046379556855,1.5018166948987108,0.021309601277695885
0.034,0.04,34,0.006985,19.729139510152777,1.1900214966607985,0.016928780615449827
0.034,0.04,34,0.007620000000000001,19.721934090353045,1.2219996345511963,0.017379119352935287
0.034,0.04,34,0.008255,19.714192540272336,1.256375935921148,0.017862966232979605
0.034,0.04,34,0.008889999999999999,19.705918638459877,1.2931376708177056,0.018380085096257725
0.034,0.04,34,0.009524999999999999,19.697116512869115,1.3322708009975464,0.018930217945679766
0.034,0.04,34,0.01016,19.687790641343156,1.373759967328893,0.019513084916052317
0.034,0.04,34,0.010794999999999999,19.67794585103769,1.4175884811107866,0.020128384310143244
0.034,0.04,34,0.01143,19.667587316828588,1.4637383191300035,0.020775792698212517
0.034,0.04,34,0.012065,19.656720558745974,1.5121901223023642,0.02145496507837725
0.034,0.04,35,0.006985,19.728923493142474,1.1909799497843652,0.01694228167859506
0.034,0.04,35,0.007620000000000001,19.72150668428651,1.2238970207684534,0.017405832232091925
0.034,0.04,35,0.008255,19.713538408662203,1.259281494945382,0.017903849458612557
0.034,0.04,35,0.008889999999999999,19.705022639595768,1.2971200151124032,0.01843608502526478
0.034,0.04,35,0.009524999999999999,19.6959637149493,1.3373978618471414,0.01900226781566846
0.034,0.04,35,0.01016,19.686366337374636,1.3800989411376414,0.019602103914086608
0.034,0.04,35,0.010794999999999999,19.676235573456097,1.4252057760931682,0.02023527665899348
0.034,0.04,35,0.01143,19.66557685179197,1.4726995025493983,0.02090144676300203
0.034,0.04,35,0.012065,19.654395960057855,1.5225598684085901,0.021600252496383737
0.034,0.04,36,0.006985,19.728707486589258,1.1919383716429899,0.016955782088170505
0.034,0.04,36,0.007620000000000001,19.721079319191233,1.2257942843952128,0.01743254255054707
0.034,0.04,36,0.008255,19.712884373106306,1.262186766328122,0.017944726680855252
0.034,0.04,36,0.008889999999999999,19.704126821123566,1.3011018187351528,0.018492073679777694
0.034,0.04,36,0.009524999999999999,19.69481121594697,1.3425240259403193,0.019074299003313762
0.034,0.04,36,0.01016,19.68494249019966,1.3864365431996573,0.01969109436252102
0.034,0.04,36,0.010794999999999999,19.674525955267313,1.432821088849842,0.020342127795792742
0.034,0.04,36,0.01143,19.663567299032763,1.4816579405108088,0.021027043810450917
0.034,0.04,36,0.012065,19.6520725825481,1.532925935176656,0.02174546359074474
0.034,0.04,37,0.006985,19.728491490492445,1.1928967622382025,0.01696928184422256
0.034,0.04,37,0.007620000000000001,19.720651995061417,1.2276914254433549,0.017459250308661873
0.034,0.04,37,0.008255,19.712230433583954,1.2650917501120795,0.017985597901004166
0.034,0.04,37,0.008889999999999999,19.70323118298984,1.305083081796056,0.01854805106313498
0.034,0.04,37,0.009524999999999999,19.693659015748153,1.3476492935123328,0.019146311515740803
0.034,0.04,37,0.01016,19.683519099602847,1.3927727739601596,0.019780056274822554
0.034,0.04,37,0.010794999999999999,19.672816996097424,1.4404344201544501,0.020448937743910465
0.034,0.04,37,0.01143,19.661558657942237,1.4906136342757403,0.021152583878611447
0.034,0.04,37,0.012065,19.649750425273112,1.543288324564439,0.02189059842042967
0.034,0.04,38,0.006985,19.72827550485124,1.1938551215715332,0.01698278094679788
0.034,0.04,38,0.007620000000000001,19.720224711891262,1.2295884439247586,0.017485955506797202
0.034,0.04,38,0.008255,19.711576590074287,1.2679964463399576,0.018026463120355562
0.034,0.04,38,0.008889999999999999,19.70233572514121,1.3090638044051839,0.018604017178673944
0.034,0.04,38,0.009524999999999999,19.69250711423888,1.352773664798352,0.019218305360070978
0.034,0.04,38,0.01016,19.68209616536882,1.3991076338641744,0.019868989664449676
0.034,0.04,38,0.010794999999999999,19.671108695572798,1.448045770780232,0.02055570652669871
0.034,0.04,38,0.01143,19.659550927911937,1.4995665851049251,0.02127806700550218
0.034,0.04,38,0.012065,19.647429487290424,1.5536470385284287,0.022035657044348112
0.034,0.04,39,0.006985,19.728059529664904,1.1948134496445104,0.01699627939594299
0.034,0.04,39,0.007620000000000001,19.719797469674972,1.2314853398513013,0.017512658145314056
0.034,0.04,39,0.008255,19.710922842556727,1.2709008550544498,0.018067322340205482
0.034,0.04,39,0.008889999999999999,19.701440447524305,1.3130439866725767,0.018659972029730652
0.034,0.04,39,0.009524999999999999,19.691355511305233,1.3578971400334632,0.01929028054342209
0.034,0.04,39,0.01016,19.680673687282365,1.405441123356534,0.019957894544852837
0.034,0.04,39,0.010794999999999999,19.669401053320144,1.4556551415000256,0.02066243416749221
0.034,0.04,39,0.01143,19.657544108334264,1.5085167942583233,0.02140349322910881
0.034,0.04,39,0.012065,19.645109767658425,1.564002079023725,0.022180639521349844
0.034,0.04,40,0.006985,19.727843564932755,1.1957717464586644,0.017009777191704416
0.034,0.04,40,0.007620000000000001,19.719370268406806,1.233382113234859,0.017539358224573264
0.034,0.04,40,0.008255,19.71026919101041,1.2738049762982435,0.01810817556184935
0.034,0.04,40,0.008889999999999999,19.700545350085747,1.3170236287082462,0.01871591561963995
0.034,0.04,40,0.009524999999999999,19.69020420683347,1.3630197194526739,0.0193622370729086
0.034,0.04,40,0.01016,19.67925166512839,1.41177324288188,0.020046770929473986
0.034,0.04,40,0.010794999999999999,19.667694068966284,1.463262533086266,0.020769120689608355
0.034,0.04,40,0.01143,19.655538198601846,1.517464262995123,0.021528862587383495
0.034,0.04,40,0.012065,19.642791265436415,1.5743534480040429,0.02232554591022473
0.034,0.04,41,0.006985,19.72762761065394,1.1967300120155246,0.017023274334128556
0.034,0.04,41,0.007620000000000001,19.71894310808102,1.2352787640873062,0.017566055744935527
0.034,0.04,41,0.008255,19.709615635414707,1.2767088101140147,0.018149022786582255
0.034,0.04,41,0.008889999999999999,19.699650432772216,1.3210027306221734,0.018771847951735064
0.034,0.04,41,0.009524999999999999,19.689053200709736,1.3681414032909063,0.01943417495564124
0.034,0.04,41,0.01016,19.677830098692027,1.4181039928846608,0.020135618831746666
0.034,0.04,41,0.010794999999999999,19.66598774213844,1.4708679463109864,0.020875766116346933
0.034,0.04,41,0.01143,19.653533198108107,1.5264089925737425,0.021654175118244988
0.034,0.04,41,0.012065,19.64047397968477,1.5847011474217112,0.022470376269703156
0.034,0.04,42,0.006985,19.727411666827834,1.1976882463166199,0.017036770823262055
0.034,0.04,42,0.007620000000000001,19.71851598869182,1.237175292420516,0.017592750706761653
0.034,0.04,42,0.008255,19.70896217574881,1.2796123565444342,0.018189864015699178
0.034,0.04,42,0.008889999999999999,19.69875569553045,1.324981292524311,0.01882776902934839
0.034,0.04,42,0.009524999999999999,19.687902492820342,1.373262191783002,0.01950609419872729
0.034,0.04,42,0.01016,19.676408987758464,1.424433373809133,0.0202244382650963
0.034,0.04,42,0.010794999999999999,19.664282072464175,1.4784713819458204,0.02098237047099054
0.034,0.04,42,0.01143,19.651529106246755,1.5353509842518287,0.021779430859579077
0.034,0.04,42,0.012065,19.638157909464724,1.595045179227676,0.022615130658455888
0.034,0.04,43,0.006985,19.727195733453584,1.1986464493634799,0.01705026665915144
0.034,0.04,43,0.007620000000000001,19.718088910233405,1.2390716982463583,0.01761944311041217
0.034,0.04,43,0.008255,19.708308811992083,1.2825156156321604,0.018230699250494246
0.034,0.04,43,0.008889999999999999,19.69786113830702,1.3289593145245786,0.018883678855810573
0.034,0.04,43,0.009524999999999999,19.68675208305166,1.3783820851637196,0.01957799480927029
0.034,0.04,43,0.01016,19.674988332112946,1.43076138609936,0.020313229242939653
0.034,0.04,43,0.010794999999999999,19.662577059571106,1.4860728407619974,0.021088933776804562
0.034,0.04,43,0.01143,19.64952592241218,1.5442902392862585,0.021904629849238293
0.034,0.04,43,0.012065,19.63584305383847,1.6053855453714996,0.022759809135094115
0.034,0.04,44,0.006985,19.72697981053051,1.199604621157633,0.017063761841842964
0.034,0.04,44,0.007620000000000001,19.717661872700035,1.2409679815767045,0.017646132956247854
0.034,0.04,44,0.008255,19.70765554412384,1.2854185874198476,0.018271528492261754
0.034,0.04,44,0.008889999999999999,19.69696676104877,1.3329367967328691,0.018939577434451297
0.034,0.04,44,0.009524999999999999,19.685601971290055,1.3835010836677366,0.019649876794370327
0.034,0.04,44,0.01016,19.673568131541003,1.4370880301992142,0.02040199177868564
0.034,0.04,44,0.010794999999999999,19.66087270308742,1.4936723235303484,0.0211954560570367
0.034,0.04,44,0.01143,19.647523645999343,1.5532267589331408,0.022029772125041695
0.034,0.04,44,0.012065,19.63352941186929,1.615722247801363,0.02290441175816961
0.034,0.04,45,0.006985,19.726763898057868,1.200562761700609,0.017077256371383544
0.034,0.04,45,0.007620000000000001,19.71723487608591,1.2428641424234224,0.017672820244629076
0.034,0.04,45,0.008255,19.70700237212327,1.2883212719501385,0.018312351742295375
0.034,0.04,45,0.008889999999999999,19.696072563702444,1.3369137392590449,0.018995464768598626
0.034,0.04,45,0.009524999999999999,19.684452157422015,1.3886191875296485,0.019721740161123883
0.034,0.04,45,0.01016,19.672148385828223,1.443413306552376,0.020490725885734525
0.034,0.04,45,0.010794999999999999,19.659169002641306,1.501269831021302,0.02130193733491783
0.034,0.04,45,0.01143,19.645522276403597,1.5621605444478144,0.022154857724775514
0.034,0.04,45,0.012065,19.631216982621197,1.6260552884640678,0.023048938586174732
0.034,0.04,46,0.006985,19.726547996034867,1.201520870993936,0.0170907502478193
0.034,0.04,46,0.007620000000000001,19.71680792038535,1.2447601807983781,0.01769950497591632
0.034,0.04,46,0.008255,19.7063492959698,1.291223669265668,0.018353169001888325
0.034,0.04,46,0.008889999999999999,19.69517854621472,1.3408901422129376,0.019051340861579797
0.034,0.04,46,0.009524999999999999,19.683302641334024,1.3937363969839676,0.01979358491662412
0.034,0.04,46,0.01016,19.67072909476036,1.4497372156023338,0.020579431577478328
0.034,0.04,46,0.010794999999999999,19.657465957861405,1.5088653640048877,0.021408377633661026
0.034,0.04,46,0.01143,19.643521813020925,1.571091597084852,0.022279886686192903
0.034,0.04,46,0.012065,19.62890576515929,1.636384669305035,0.023193389677542725
0.034,0.04,47,0.006985,19.726332104460823,1.2024789490391439,0.017104243471197017
0.034,0.04,47,0.007620000000000001,19.716381005592496,1.2466560967134375,0.01772618715047005
0.034,0.04,47,0.008255,19.705696315642683,1.2941257794090641,0.018393980272333577
0.034,0.04,47,0.008889999999999999,19.69428470853245,1.3448660057043496,0.0191072057167203
0.034,0.04,47,0.009524999999999999,19.68215342291262,1.3988527122651246,0.01986541106796034
0.034,0.04,47,0.01016,19.669310258123176,1.4560597577923842,0.020668108867300805
0.034,0.04,47,0.010794999999999999,19.655763568376585,1.5164589232507333,0.021514776976462296
0.034,0.04,47,0.01143,19.641522255247764,1.5800199180980563,0.022404859047013833
0.034,0.04,47,0.012065,19.626595758549627,1.6467103922683088,0.023337765090647607
0.034,0.04,48,0.006985,19.726116223334998,1.2034369958377598,0.01711773604156295
0.034,0.04,48,0.007620000000000001,19.715954131701608,1.248551890180464,0.017752866768650455
0.034,0.04,48,0.008255,19.705043431121226,1.2970276024229448,0.018434785554923633
0.034,0.04,48,0.008889999999999999,19.693391050602486,1.3488413298430537,0.01916305933734465
0.034,0.04,48,0.009524999999999999,19.681004502044516,1.4039681336074696,0.01993721862221839
0.034,0.04,48,0.01016,19.667891875702765,1.4623809335656321,0.02075675776857749
0.034,0.04,48,0.010794999999999999,19.654061833816,1.524050509528068,0.02162113538650062
0.034,0.04,48,0.01143,19.639523602481177,1.5889455087404656,0.022529774844925347
0.034,0.04,48,0.012065,19.624286961859127,1.6570324592965564,0.02348206488380381
0.034,0.04,49,0.006985,19.725900352656595,1.2043950113913138,0.017131227958963605
0.034,0.04,49,0.007620000000000001,19.71552729870689,1.2504475612113195,0.017779543830817715
0.034,0.04,49,0.008255,19.704390642384794,1.2999291383499199,0.01847558485095092
0.034,0.04,49,0.008889999999999999,19.692497572371565,1.3528161147387925,0.01921890172677576
0.034,0.04,49,0.009524999999999999,19.67985587861631,1.4090826612452694,0.020009007586480644
0.034,0.04,49,0.01016,19.66647394728517,1.4687007433649917,0.020845378294675514
0.034,0.04,49,0.010794999999999999,19.652360753808978,1.531640123605721,0.02172745288693754
0.034,0.04,49,0.01143,19.637525854118678,1.597868370264351,0.02265463411758132
0.034,0.04,49,0.012065,19.62197937415573,1.66735087233107,0.02362628911526735
0.034,0.04,50,0.006985,19.725684492424875,1.2053529957013334,0.017144719223445636
0.034,0.04,50,0.007620000000000001,19.71510050660271,1.2523431098178648,0.01780621833733224
0.034,0.04,50,0.008255,19.703737949412698,1.302830387232591,0.018516378161707238
0.034,0.04,50,0.008889999999999999,19.691604273786652,1.356790360501279,0.019274732888335446
0.034,0.04,50,0.009524999999999999,19.678707552514766,1.41419629541271,0.0200807779678259
0.034,0.04,50,0.01016,19.665056472656715,1.4750191876331844,0.02093397045895392
0.034,0.04,50,0.010794999999999999,19.65066032798535,1.5392277662521217,0.02183372950091719
0.034,0.04,50,0.01143,19.635529009558354,1.6067885039212169,0.022779436902602864
0.034,0.04,50,0.012065,19.61967299450822,1.6776656333117674,0.02377043784323472
0.0426,0.05,0,0.006985,19.773083545642578,0.995358808054646,0.014182278397338483
0.0426,0.05,0,0.007620000000000001,19.773083545642578,0.995358808054646,0.014182278397338483
0.0426,0.05,0,0.008255,19.773083545642578,0.995358808054646,0.014182278397338483
0.0426,0.05,0,0.008889999999999999,19.773083545642578,0.995358808054646,0.014182278397338483
0.0426,0.05,0,0.009524999999999999,19.773083545642578,0.995358808054646,0.014182278397338483
0.0426,0.05,0,0.01016,19.773083545642578,0.995358808054646,0.014182278397338483
0.0426,0.05,0,0.010794999999999999,19.773083545642578,0.995358808054646,0.014182278397338483
0.0426,0.05,0,0.01143,19.773083545642578,0.995358808054646,0.014182278397338483
0.0426,0.05,0,0.012065,19.773083545642578,0.995358808054646,0.014182278397338483
0.0426,0.05,1,0.006985,19.772896451387737,0.9961862731468363,0.014193971788266448
0.0426,0.05,1,0.007620000000000001,19.772712761679713,0.9969986918710153,0.014205452395019013
0.0426,0.05,1,0.008255,19.772515074391265,0.9978730309366136,0.01421780785054608
0.0426,0.05,1,0.008889999999999999,19.77230341237407,0.998809191949756,0.014231036726621658
0.0426,0.05,1,0.009524999999999999,19.772077802360116,0.9998070595364139,0.014245137352492441
0.0426,0.05,1,0.01016,19.771838275095377,1.0008665007498267,0.014260107806540547
0.0426,0.05,1,0.010794999999999999,19.77158486546074,1.0019873645314255,0.01427594590870472
0.0426,0.05,1,0.01143,19.77131761258221,1.003169481221471,0.01429264921361149
0.0426,0.05,1,0.012065,19.77103655993011,1.0044126621163632,0.014310215004367476
0.0426,0.05,2,0.006985,19.77270936493659,0.9970137150127325,0.01420566469146274
0.0426,0.05,2,0.007620000000000001,19.772342008365626,0.998638484465142,0.014228624477148689
0.0426,0.05,2,0.008255,19.77194667518097,1.0003870393934446,0.01425333280119036
0.0426,0.05,2,0.008889999999999999,19.771523414777675,1.0022591720171827,0.014279786576394417
0.0426,0.05,2,0.009524999999999999,19.771072284562422,1.0042546398481367,0.014307982214850253
0.0426,0.05,2,0.01016,19.770593350216302,1.0063731645157914,0.014337915611481964
0.0426,0.05,2,0.010794999999999999,19.77008668593362,1.0086144307011256,0.014369582129149521
0.0426,0.05,2,0.01143,19.76955237463693,1.010978085171158,0.014402976585192727
0.0426,0.05,2,0.012065,19.768990508170702,1.0134637359081702,0.014438093239331413
0.0426,0.05,3,0.006985,19.772522286288677,0.9978411336533114,0.014217357106956978
0.0426,0.05,3,0.007620000000000001,19.771971285696623,1.000278185844637,0.014251794643960128
0.0426,0.05,3,0.008255,19.771378347998223,1.0029008334525678,0.014288853250110416
0.0426,0.05,3,0.008889999999999999,19.77074355281877,1.005708748327817,0.01432852794882578
0.0426,0.05,3,0.009524999999999999,19.77006699217509,1.0087015491417053,0.01437081298905844
0.0426,0.05,3,0.01016,19.76934877086427,1.0118787996408438,0.014415701820982034
0.0426,0.05,3,0.010794999999999999,19.76858900681526,1.015240007066292,0.014463187074044722
0.0426,0.05,3,0.01143,19.76778783140435,1.0187846207258693,0.014513260537229681
0.0426,0.05,3,0.012065,19.766945389737714,1.022512030710524,0.014565913141392882
0.0426,0.05,4,0.006985,19.772335215443547,0.998668529069551,0.014229049034779171
0.0426,0.05,4,0.007620000000000001,19.771600593669007,1.0019177960171104,0.014274962895686466
0.0426,0.05,4,0.008255,19.770810092829663,1.005414413141409,0.014324369198145174
0.0426,0.05,4,0.008889999999999999,19.769963826462686,1.0091579209525332,0.01437726084608342
0.0426,0.05,4,0.009524999999999999,19.76906192512382,1.0131477875689658,0.014433629679761462
0.0426,0.05,4,0.01016,19.768104536898306,1.0173834064131821,0.014493466443855121
0.0426,0.05,4,0.010794999999999999,19.767091827859986,1.0218640941292432,0.01455676075875257
0.0426,0.05,4,0.01143,19.76602398248241,1.0265890887073306,0.014623501094850439
0.0426,0.05,4,0.012065,19.764901204005128,1.0315575478030954,0.014693674749680499
0.0426,0.05,5,0.006985,19.772148152400632,0.9994959012624296,0.014240740474959332
0.0426,0.05,5,0.007620000000000001,19.771229932279027,1.0035573149901729,0.014298129232560176
0.0426,0.05,5,0.008255,19.770241909661877,1.0079277784873877,0.014359880646133501
0.0426,0.05,5,0.008889999999999999,19.76918423567463,1.012606689962189,0.014425985270334955
0.0426,0.05,5,0.009524999999999999,19.768057083334384,1.0175933552817182,0.014496432291601854
0.0426,0.05,5,0.01016,19.766860648177442,1.0228869851208948,0.014571209488911179
0.0426,0.05,5,0.010794999999999999,19.765595148822,1.0284866923920728,0.014650303198625194
0.0426,0.05,5,0.01143,19.7642608274694,1.0343914899368343,0.01473369828316396
0.0426,0.05,5,0.012065,19.76285795034738,1.0406002884647698,0.014821378103287998
0.0426,0.05,6,0.006985,19.77196109715959,1.0003232502329247,0.014252431427527341
0.0426,0.05,6,0.007620000000000001,19.77085930152299,1.005196742771433,0.014321293654814233
0.0426,0.05,6,0.008255,19.769673798481392,1.0104409295179206,0.014395387594913954
0.0426,0.05,6,0.008889999999999999,19.768404780420042,1.0160550554276255,0.01447470122374679
0.0426,0.05,6,0.009524999999999999,19.76705246673248,1.022038252431718,0.014559220829220352
0.0426,0.05,6,0.01016,19.765617104560704,1.0283895360519648,0.014648930964955098
0.0426,0.05,6,0.010794999999999999,19.764098969455915,1.035107802356649,0.014743814409005013
0.0426,0.05,6,0.01143,19.762498365963836,1.0421918252352362,0.014843852127260337
0.0426,0.05,6,0.012065,19.760815628139596,1.049640253973648,0.01494902324127478
0.0426,0.05,7,0.006985,19.771774049719795,1.0011505759820136,0.014264121892513072
0.0426,0.05,7,0.007620000000000001,19.770488701397085,1.0068360793684985,0.014344456162681228
0.0426,0.05,7,0.008255,19.769105759274794,1.0129538662604176,0.014430890045324912
0.0426,0.05,7,0.008889999999999999,19.76762546066425,1.0195030174196678,0.014523408708484623
0.0426,0.05,7,0.009524999999999999,19.76604807524393,1.0264824791706726,0.014621995297255259
0.0426,0.05,7,0.01016,19.764373905907405,1.033891059494266,0.014726630880787095
0.0426,0.05,7,0.010794999999999999,19.76260328951639,1.0417274245246129,0.014837294405224211
0.0426,0.05,7,0.01143,19.76073659756463,1.049990095422958,0.014953962652210282
0.0426,0.05,7,0.012065,19.758774236757347,1.058677445607045,0.015076610202665786
0.0426,0.05,8,0.006985,19.77158701008085,1.0019778785106745,0.014275811869946538
0.0426,0.05,8,0.007620000000000001,19.770118131897675,1.0084753247889773,0.014367616756393992
0.0426,0.05,8,0.008255,19.768537792028724,1.0154665887422856,0.014466387998204567
0.0426,0.05,8,0.008889999999999999,19.766846276372576,1.0229505760091229,0.014572107726713855
0.0426,0.05,8,0.009524999999999999,19.765043908794496,1.030926035650245,0.014684755700343203
0.0426,0.05,8,0.01016,19.763131052076744,1.039391555735565,0.014804309245202981
0.0426,0.05,8,0.010794999999999999,19.76110810875832,1.0483455593973818,0.014930743202605254
0.0426,0.05,8,0.01143,19.758975521870923,1.0577863013199869,0.015064029883065655
0.0426,0.05,8,0.012065,19.756733775576777,1.0677118646414934,0.015204139026451763
0.0426,0.05,9,0.006985,19.7713999782423,1.0028051578198849,0.014287501359857483
0.0426,0.05,9,0.007620000000000001,19.769747593021066,1.010114479040475,0.014390775436184961
0.0426,0.05,9,0.008255,19.767969896729767,1.0179790969909257,0.01450188145439068
0.0426,0.05,9,0.008889999999999999,19.766067227510405,1.0263977312667831,0.014620798280598653
0.0426,0.05,9,0.009524999999999999,19.76403996731011,1.0353689220220523,0.01474750204311876
0.0426,0.05,9,0.01016,19.76188854292809,1.0448910250635217,0.014881966066993501
0.0426,0.05,9,0.010794999999999999,19.759613426936596,1.0549622074761476,0.015024160816461036
0.0426,0.05,9,0.01143,19.757215138482252,1.0655804437458767,0.015174053844859335
0.0426,0.05,9,0.012065,19.754694243974598,1.0767435123527427,0.015331609751588768
0.0426,0.05,10,0.006985,19.771212954203577,1.003632413910622,0.014299190362275784
0.0426,0.05,10,0.007620000000000001,19.76937708476339,1.0117535421305976,0.014413932202287084
0.0426,0.05,10,0.008255,19.76740207336445,1.0204913910337352,0.014537370414721086
0.0426,0.05,10,0.008889999999999999,19.765288314043175,1.029844483263423,0.014669480372302627
0.0426,0.05,10,0.009524999999999999,19.763036250716596,1.039811138437666,0.014810234330214198
0.0426,0.05,10,0.01016,19.76064637832087,1.0503894677656882,0.014959601354944868
0.0426,0.05,10,0.010794999999999999,19.758119243806505,1.0615773692618757,0.015117547262094088
0.0426,0.05,10,0.01143,19.755455446998326,1.0733725235197467,0.015284034562604841
0.0426,0.05,10,0.012065,19.752655641328033,1.0857723900157592,0.015459022416998952
0.0426,0.05,11,0.006985,19.771025937964282,1.0044596467838633,0.014310878877231578
0.0426,0.05,11,0.007620000000000001,19.76900660712107,1.0133925140669497,0.014437087054932641
0.0426,0.05,11,0.008255,19.766834321919475,1.0230034708981064,0.014572854880033442
0.0426,0.05,11,0.008889999999999999,19.764509535936156,1.0332908320698009,0.014718154003988945
0.0426,0.05,11,0.009524999999999999,19.762032758939824,1.044252685048612,0.014872952566260247
0.0426,0.05,11,0.01016,19.759404558114568,1.0558868841295088,0.015037215117838492
0.0426,0.05,11,0.010794999999999999,19.756625559123222,1.0681910452553072,0.01521090255479711
0.0426,0.05,11,0.01143,19.75369644701925,1.0811625414602826,0.015393972061296982
0.0426,0.05,11,0.012065,19.750617967014875,1.094798498904727,0.015586377061569796
0.0426,0.05,12,0.006985,19.770838929523904,1.0052868564405861,0.014322566904754613
0.0426,0.05,12,0.007620000000000001,19.768636160090352,1.0150313948571352,0.014460239994354305
0.0426,0.05,12,0.008255,19.766266642381368,1.025515336611427,0.014608334851164957
0.0426,0.05,12,0.008889999999999999,19.7637308931549,1.0367367777566583,0.014766819177819423
0.0426,0.05,12,0.009524999999999999,19.761029491905845,1.0486935620063695,0.014935656755885323
0.0426,0.05,12,0.01016,19.758163082168778,1.061383274442321,0.015114807364451118
0.0426,0.05,12,0.010794999999999999,19.755132372642322,1.0748032359569593,0.015304226709853487
0.0426,0.05,12,0.01143,19.75193813814542,1.0889504983857379,0.015503866365911608
0.0426,0.05,12,0.012065,19.74858122041354,1.10382184029305,0.0157136737241549
0.0426,0.05,13,0.006985,19.77065192888199,1.0061140428817685,0.014334254444874628
0.0426,0.05,13,0.007620000000000001,19.768265743667428,1.016670184508757,0.014483391020784475
0.0426,0.05,13,0.008255,19.76569903473677,1.028026988201079,0.014643810328952801
0.0426,0.05,13,0.008889999999999999,19.762952385664732,1.040182320394721,0.01481547589595596
0.0426,0.05,13,0.009524999999999999,19.760026449540533,1.0531337694623735,0.014998346903715794
0.0426,0.05,13,0.01016,19.7569219503431,1.0668786389913554,0.015192378103554833
0.0426,0.05,13,0.010794999999999999,19.753639684119435,1.081413941867123,0.015397519742535998
0.0426,0.05,13,0.01143,19.750180519977505,1.0967363951139326,0.015613717501405354
0.0426,0.05,13,0.012065,19.746545400902846,1.1128424154533503,0.015840912443573347
0.0426,0.05,14,0.006985,19.770464936038024,1.0069412061083869,0.014345941497621894
0.0426,0.05,14,0.007620000000000001,19.767895357848715,1.0183088830294171,0.014506540134455799
0.0426,0.05,14,0.008255,19.765131498972266,1.0305384256944419,0.014679281314233955
0.0426,0.05,14,0.008889999999999999,19.762174013431036,1.043627460054697,0.014864124160558854
0.0426,0.05,14,0.009524999999999999,19.759023631769992,1.0575733075680125,0.015061023014376363
0.0426,0.05,14,0.01016,19.755681162497353,1.072372978063734,0.015269927343916787
0.0426,0.05,14,0.010794999999999999,19.752147493310247,1.088023163485865,0.015490781668108113
0.0426,0.05,14,0.01143,19.748423592116524,1.104520232462253,0.01572352549271616
0.0426,0.05,14,0.012065,19.74451050786223,1.1218602256574701,0.015968093258610233
0.0426,0.05,15,0.006985,19.770277950991556,1.0077683461214189,0.014357628063026021
0.0426,0.05,15,0.007620000000000001,19.767525002630407,1.019947490426717,0.014529687335600526
0.0426,0.05,15,0.008255,19.7645640350745,1.0330496491188885,0.014714747807844965
0.0426,0.05,15,0.008889999999999999,19.761395776419363,1.047072196807279,0.014912763973788469
0.0426,0.05,15,0.009524999999999999,19.758021038520155,1.062012176474629,0.015123685092489295
0.0426,0.05,15,0.01016,19.754440718491196,1.0778662919464734,0.015347455094299866
0.0426,0.05,15,0.010794999999999999,19.750655799970843,1.0946309013130278,0.015584012501823214
0.0426,0.05,15,0.01143,19.746667354163776,1.112302011247655,0.01583329036476278
0.0426,0.05,15,0.012065,19.74247654067176,1.1308752721764723,0.016095216208016416
0.0426,0.05,16,0.006985,19.77009097374213,1.0085954629218417,0.014369314141116881
0.0426,0.05,16,0.007620000000000001,19.767154678008808,1.0215860067082572,0.014552832624451027
0.0426,0.05,16,0.008255,19.763996643030055,1.035560658501788,0.014750209810622581
0.0426,0.05,16,0.008889999999999999,19.760617674595153,1.0505165307231419,0.014961395337803966
0.0426,0.05,16,0.009524999999999999,19.757018669717183,1.0664503763335207,0.015186333142675186
0.0426,0.05,16,0.01016,19.75320061818462,1.0833585809264816,0.015424961363461899
0.0426,0.05,16,0.010794999999999999,19.749164603857196,1.101237155848229,0.015677212258924867
0.0426,0.05,16,0.01143,19.744911805720903,1.120081732286661,0.015943012142445256
0.0426,0.05,16,0.012065,19.74044349871184,1.1398875562806403,0.016222281330509063
0.0426,0.05,17,0.006985,19.76990400428923,1.009422556510633,0.014380999731924481
0.0426,0.05,17,0.007620000000000001,19.766784383980166,1.0232244318816373,0.01457597600123993
0.0426,0.05,17,0.008255,19.763429322825573,1.038071453870505,0.014785667323402862
0.0426,0.05,17,0.008889999999999999,19.75983970792379,1.0539604618729461,0.015010018254763929
0.0426,0.05,17,0.009524999999999999,19.75601652528718,1.0708879072959396,0.015248967169552456
0.0426,0.05,17,0.01016,19.75196086143751,1.0888498452905617,0.015502446160156188
0.0426,0.05,17,0.010794999999999999,19.747673904725673,1.107841927590863,0.015770380954646945
0.0426,0.05,17,0.01143,19.74315694638966,1.1278593963953627,0.0160526908506446
0.0426,0.05,17,0.012065,19.738411381363676,1.14889707923948,0.016349288664770725
0.0426,0.05,18,0.006985,19.76971704263235,1.0102496268887688,0.014392684835478821
0.0426,0.05,18,0.007620000000000001,19.766414120540787,1.0248627659544558,0.014599117466199192
0.0426,0.05,18,0.008255,19.76286207444764,1.0405820352523978,0.014821120347022064
0.0426,0.05,18,0.008889999999999999,19.759061876370765,1.057403990327333,0.015058632726826116
0.0426,0.05,18,0.009524999999999999,19.75501460515619,1.0753247695130912,0.015311587177737607
0.0426,0.05,18,0.01016,19.750721448109914,1.0943400853254064,0.01557990949313124
0.0426,0.05,18,0.010794999999999999,19.746183702332587,1.1144452170400987,0.01586351860421351
0.0426,0.05,18,0.01143,19.74140277577243,1.135635004389419,0.016162326514223013
0.0426,0.05,18,0.012065,19.73638018800881,1.1579038423217192,0.01647623824945029
0.0426,0.05,19,0.006985,19.769530088771035,1.0110766740572266,0.01440436945180951
0.0426,0.05,19,0.007620000000000001,19.766043887687033,1.0265010089343107,0.014622257019561286
0.0426,0.05,19,0.008255,19.762294897882953,1.0430924026748225,0.014856568882316143
0.0426,0.05,19,0.008889999999999999,19.758284179901636,1.0608471161569288,0.015107238756147848
0.0426,0.05,19,0.009524999999999999,19.75401290925049,1.0797609631361367,0.015374193171845215
0.0426,0.05,19,0.01016,19.749482378061884,1.0998293013176046,0.0156573513711309
0.0426,0.05,19,0.010794999999999999,19.74469399643459,1.1210470246948816,0.015956625222838534
0.0426,0.05,19,0.01143,19.739649293471643,1.1434085570840589,0.0162719191580239
0.0426,0.05,19,0.012065,19.73434991802941,1.1669078467953071,0.016603130123162578
0.0426,0.05,20,0.006985,19.769343142704884,1.0119036980169838,0.014416053580946553
0.0426,0.05,20,0.007620000000000001,19.765673685415038,1.0281391608287997,0.014645394661558554
0.0426,0.05,20,0.008255,19.761727793118098,1.0456025561651292,0.01489201293012061
0.0426,0.05,20,0.008889999999999999,19.75750661848184,1.0642898394323432,0.015155836344885229
0.0426,0.05,20,0.009524999999999999,19.753011437496184,1.084196488316191,0.015436785156487675
0.0426,0.05,20,0.01016,19.7482436511537,1.105317493553637,0.015734771802894496
0.0426,0.05,20,0.010794999999999999,19.743204786788397,1.1276473510539335,0.016049700825726584
0.0426,0.05,20,0.01143,19.737896499090084,1.1511800552940803,0.016381468806871496
0.0426,0.05,20,0.012065,19.732320570808156,1.1759090939274193,0.016729964324488495
0.0426,0.05,21,0.006985,19.769156204433273,1.0127306987690166,0.014427737222919818
0.0426,0.05,21,0.007620000000000001,19.76530351372122,1.029777221645518,0.014668530392422927
0.0426,0.05,21,0.008255,19.76116076013966,1.0481124957506636,0.014927452491271058
0.0426,0.05,21,0.008889999999999999,19.756729192076875,1.0677321602241694,0.015204425495194181
0.0426,0.05,21,0.009524999999999999,19.7520101898196,1.0886313452043233,0.01549936313627534
0.0426,0.05,21,0.01016,19.74700526724547,1.1108046623198766,0.015812170797156425
0.0426,0.05,21,0.010794999999999999,19.741716073150826,1.1342461966157522,0.016142745428072022
0.0426,0.05,21,0.01143,19.73614439223087,1.1589494998338488,0.01649097548557178
0.0426,0.05,21,0.012065,19.730292145728413,1.184907584984452,0.016856740891974913
0.0426,0.05,22,0.006985,19.76896927395586,1.0135576763143022,0.014439420377759174
0.0426,0.05,22,0.007620000000000001,19.76493337260183,1.0314151913920615,0.01469166421238685
0.0426,0.05,22,0.008255,19.760593798934337,1.0506222214587657,0.014962887566602768
0.0426,0.05,22,0.008889999999999999,19.75595190065235,1.0711740786029833,0.015253006209229413
0.0426,0.05,22,0.009524999999999999,19.751009166146957,1.0930655339515576,0.015561927115816897
0.0426,0.05,22,0.01016,19.745767226197643,1.116290807902592,0.01588954836264657
0.0426,0.05,22,0.010794999999999999,19.740227855279045,1.1408435618786108,0.016235759045059785
0.0426,0.05,22,0.01143,19.734392972497403,1.166716891517302,0.016600439218911297
0.0426,0.05,22,0.012065,19.728264642173826,1.1939033212320285,0.016983459864135082
0.0426,0.05,23,0.006985,19.76878235127208,1.0143846306538173,0.01445110304549462
0.0426,0.05,23,0.007620000000000001,19.76456326205306,1.033053070076025,0.014714796121682241
0.0426,0.05,23,0.008255,19.760026909488772,1.053131733316773,0.01499831815695097
0.0426,0.05,23,0.008889999999999999,19.7551747441737,1.0746155946393454,0.015301578489145325
0.0426,0.05,23,0.009524999999999999,19.750008366404472,1.0974990547088728,0.015624477099718858
0.0426,0.05,23,0.01016,19.744529527870554,1.1217759305879427,0.015966904508090143
0.0426,0.05,23,0.010794999999999999,19.73874013293016,1.1474394473405611,0.01632874169186489
0.0426,0.05,23,0.01143,19.732642239493487,1.1744822311579461,0.016709860031658086
0.0426,0.05,23,0.012065,19.72623805952884,1.2028963039349967,0.017110121279448366
0.0426,0.05,24,0.006985,19.76859543638153,1.0152115617885389,0.014462785226155768
0.0426,0.05,24,0.007620000000000001,19.764193182071324,1.0346908577050018,0.014737926120541272
0.0426,0.05,24,0.008255,19.759460091789606,1.0556410313520164,0.015033744263150196
0.0426,0.05,24,0.008889999999999999,19.754397722606484,1.0780567084037993,0.015350142337095357
0.0426,0.05,24,0.009524999999999999,19.749007790518647,1.1019319076272018,0.015687013092585682
0.0426,0.05,24,0.01016,19.743292172124654,1.1272600306619824,0.016044239242207457
0.0426,0.05,24,0.010794999999999999,19.737252905861567,1.1540338534994299,0.016421693383652534
0.0426,0.05,24,0.01143,19.730892192823035,1.1822455195688581,0.01681923794856169
0.0426,0.05,24,0.012065,19.724212397178235,1.2118865343574294,0.017236725176359987
0.0426,0.05,25,0.006985,19.768408529283647,1.0160384697194438,0.014474466919772742
0.0426,0.05,25,0.007620000000000001,19.763823132652874,1.0363285542865848,0.014761054209196097
0.0426,0.05,25,0.008255,19.758893345823424,1.0581501155918234,0.015069165886035447
0.0426,0.05,25,0.008889999999999999,19.75362083591631,1.0814974199668712,0.015398697755232256
0.0426,0.05,25,0.009524999999999999,19.748007438415698,1.106364092857432,0.01574953509901978
0.0426,0.05,25,0.01016,19.742055158820563,1.1327431084106585,0.016121552573714684
0.0426,0.05,25,0.010794999999999999,19.73576617383077,1.160626780852821,0.01651461413557826
0.0426,0.05,25,0.01143,19.72914283209036,1.190006757562685,0.016928572994352232
0.0426,0.05,25,0.012065,19.72218765450748,1.2208740137626273,0.01736327159328198
0.0426,0.05,26,0.006985,19.768221629977972,1.0168653544475077,0.01448614812637515
0.0426,0.05,26,0.007620000000000001,19.763453113793958,1.0379661598283663,0.01478418038787861
0.0426,0.05,26,0.008255,19.758326671576924,1.0606589860635154,0.015104583026441024
0.0426,0.05,26,0.008889999999999999,19.75284408406867,1.0849377293990725,0.015447244745708067
0.0426,0.05,26,0.009524999999999999,19.74700731002207,1.110795610550405,0.015812043123621913
0.0426,0.05,26,0.01016,19.740818487818842,1.1382251641198113,0.016198844511322565
0.0426,0.05,26,0.010794999999999999,19.734279936595385,1.1672182298981153,0.01660750396278768
0.0426,0.05,26,0.01143,19.727394156900118,1.197765945951644,0.01703786519374174
0.0426,0.05,26,0.012065,19.72016383090255,1.229858743413116,0.017489760568592264
0.0426,0.05,27,0.006985,19.76803473846411,1.0176922159737087,0.01449782884599312
0.0426,0.05,27,0.007620000000000001,19.76308312549088,1.039603674337937,0.01480730465682082
0.0426,0.05,27,0.008255,19.757760069036806,1.063167642794411,0.015139995685201307
0.0426,0.05,27,0.008889999999999999,19.752067467029235,1.088377636770897,0.01549578331067427
0.0426,0.05,27,0.009524999999999999,19.74600740526415,1.1152264608569185,0.015874537170990393
0.0426,0.05,27,0.01016,19.73958215898017,1.1437061980751744,0.016276115063737964
0.0426,0.05,27,0.010794999999999999,19.73279419391332,1.17380820113247,0.01670036288041699
0.0426,0.05,27,0.01143,19.725646166857246,1.2055230855475259,0.01714711457142324
0.0426,0.05,27,0.012065,19.71814092574982,1.2388407245706514,0.017616192140635326
0.0426,0.05,28,0.006985,19.76784785474149,1.018519054299022,0.014509509078656389
0.0426,0.05,28,0.007620000000000001,19.762713167739946,1.0412410978228877,0.014830427016254604
0.0426,0.05,28,0.008255,19.757193538189597,1.0656760858118224,0.01517540386315024
0.0426,0.05,28,0.008889999999999999,19.7512909847635,1.0918171421528224,0.015544313452281256
0.0426,0.05,28,0.009524999999999999,19.745007724068444,1.1196566439277227,0.015937017245721878
0.0426,0.05,28,0.01016,19.738346172165393,1.1491862105623756,0.016353364239662587
0.0426,0.05,28,0.010794999999999999,19.731308945542537,1.1803966950528204,0.01679319090359222
0.0426,0.05,28,0.01143,19.723898861566852,1.2132781771616896,0.017256321152070875
0.0426,0.05,28,0.012065,19.716118938436466,1.247819958496215,0.017742566347721547
0.0426,0.05,29,0.006985,19.76766097880966,1.0193458694244244,0.014521188824394689
0.0426,0.05,29,0.007620000000000001,19.762343240537405,1.0428784302908074,0.014853547466411945
0.0426,0.05,29,0.008255,19.756627079022053,1.068184315143059,0.015210807561121706
0.0426,0.05,29,0.008889999999999999,19.75051463723713,1.0952562456153092,0.015592835172678988
0.0426,0.05,29,0.009524999999999999,19.744008266361448,1.1240861599135241,0.015999483352410856
0.0426,0.05,29,0.01016,19.737110527235302,1.1546652018669357,0.016430592047793607
0.0426,0.05,29,0.010794999999999999,19.729824191241107,1.1869837121558788,0.01688598804743
0.0426,0.05,29,0.01143,19.722152240634557,1.221031221605068,0.01736548496034045
0.0426,0.05,29,0.012065,19.71409786834994,1.2567964464500185,0.017868883228128307
0.0426,0.05,30,0.006985,19.767474110668218,1.0201726613508924,0.014532868083238146
0.0426,0.05,30,0.007620000000000001,19.761973343879617,1.044515671749285,0.014876666007524835
0.0426,0.05,30,0.008255,19.756060691520815,1.0706923308154233,0.015246206779949291
0.0426,0.05,30,0.008889999999999999,19.74973842441574,1.0986949472288028,0.015641348474016718
0.0426,0.05,30,0.009524999999999999,19.743009032069608,1.1285150089649827,0.01606193549565002
0.0426,0.05,30,0.01016,19.7358752240508,1.1601431722742692,0.016507798496823683
0.0426,0.05,30,0.010794999999999999,19.72833993076739,1.1935692529381343,0.016978754327037018
0.0426,0.05,30,0.01143,19.720406303666095,1.228782219688165,0.01747460602086878
0.0426,0.05,30,0.012065,19.712077714878433,1.2657701896915023,0.01799514282009904
0.0426,0.05,31,0.006985,19.767287250316542,1.0209994300794032,0.014544546855216368
0.0426,0.05,31,0.007620000000000001,19.761603477762776,1.0461528222059084,0.014899782639824983
0.0426,0.05,31,0.008255,19.755494375672527,1.0732001328562153,0.015281601520466655
0.0426,0.05,31,0.008889999999999999,19.748962346264932,1.1021332470637308,0.015689853358442748
0.0426,0.05,31,0.009524999999999999,19.74201002111954,1.1329431912327141,0.01612437368002976
0.0426,0.05,31,0.01016,19.734640262472965,1.1656201220696845,0.016584983595440573
0.0426,0.05,31,0.010794999999999999,19.72685616387986,1.2001533178958537,0.017071489757510466
0.0426,0.05,31,0.01143,19.7186610502676,1.2365311722210564,0.01758368435827447
0.0426,0.05,31,0.012065,19.710058477410485,1.2747411894793375,0.01812134516184378
0.0426,0.05,32,0.006985,19.767100397754234,1.021826175610932,0.014556225140359477
0.0426,0.05,32,0.007620000000000001,19.7612336421833,1.0477898816682645,0.014922897363544097
0.0426,0.05,32,0.008255,19.754928131463885,1.0757077212927286,0.015316991783506886
0.0426,0.05,32,0.008889999999999999,19.74818640275032,1.105571145190505,0.015738349828104948
0.0426,0.05,32,0.009524999999999999,19.741011233437803,1.1373707068672874,0.016186797910139068
0.0426,0.05,32,0.01016,19.733405642362754,1.1710960515383833,0.016662147352327506
0.0426,0.05,32,0.010794999999999999,19.725372890336985,1.2067359075250819,0.01716419435393774
0.0426,0.05,32,0.01143,19.716916480045484,1.2442780800133915,0.017692719997156898
0.0426,0.05,32,0.012065,19.708040155335368,1.2837094470714243,0.018247490291538927
0.0426,0.05,33,0.006985,19.76691355298084,1.022652897946455,0.014567902938696942
0.0426,0.05,33,0.007620000000000001,19.76086383713738,1.0494268501439392,0.014946010178914134
0.0426,0.05,33,0.008255,19.754361958881532,1.0782150961522534,0.015352377569903026
0.0426,0.05,33,0.008889999999999999,19.74741059383757,1.109008641679521,0.015786837885150222
0.0426,0.05,33,0.009524999999999999,19.740012668950953,1.1417975560192277,0.016249208190564118
0.0426,0.05,33,0.01016,19.732171363581415,1.176570960965461,0.016739289776163208
0.0426,0.05,33,0.010794999999999999,19.72389010989764,1.2133170223216398,0.017256868131396333
0.0426,0.05,33,0.01143,19.71517259260645,1.2520229438743908,0.017801712962097233
0.0426,0.05,33,0.012065,19.706022748042756,1.2926749637248955,0.01837357824732763
0.0426,0.05,34,0.006985,19.766726715995844,1.0234795970869492,0.014579580250258888
0.0426,0.05,34,0.007620000000000001,19.76049406262132,1.051063727640518,0.014969121086166652
0.0426,0.05,34,0.008255,19.753795857912166,1.0807222574620747,0.015387758880487934
0.0426,0.05,34,0.008889999999999999,19.746634919492408,1.1124457366011575,0.015835317531724784
0.0426,0.05,34,0.009524999999999999,19.739014327585778,1.1462237388390135,0.016311604525889804
0.0426,0.05,34,0.01016,19.730937425990078,1.1820448506359076,0.01681641087562162
0.0426,0.05,34,0.010794999999999999,19.722407822320747,1.219896662781129,0.017349511104954467
0.0426,0.05,34,0.01143,19.713429387557483,1.2597657646128495,0.01791066327765795
0.0426,0.05,34,0.012065,19.704006254922888,1.3016377406961155,0.018499609067319546
0.0426,0.05,35,0.006985,19.766539886798796,1.0243062730333905,0.01459125707507505
0.0426,0.05,35,0.007620000000000001,19.760124318631483,1.0527005141655852,0.014992230085533327
0.0426,0.05,35,0.008255,19.753229828542487,1.083229205249473,0.015423135716094289
0.0426,0.05,35,0.008889999999999999,19.745859379680383,1.1158824300257768,0.01588378876997441
0.0426,0.05,35,0.009524999999999999,19.738016209268835,1.1506492554770786,0.01637398692069886
0.0426,0.05,35,0.01016,19.729703829450045,1.187517720834606,0.016893510659372175
0.0426,0.05,35,0.010794999999999999,19.720926027365294,1.226474829398927,0.017442123289670344
0.0426,0.05,35,0.01143,19.71168686450585,1.2675065430371357,0.01801957096838281
0.0426,0.05,35,0.012065,19.701990675366574,1.3105977792406793,0.01862558278959072
0.0426,0.05,36,0.006985,19.766353065389183,1.0251329257867547,0.014602933413175416
0.0426,0.05,36,0.007620000000000001,19.759754605164062,1.054337209726724,0.01501533717724596
0.0426,0.05,36,0.008255,19.752663870759136,1.0857359395417243,0.015458508077554466
0.0426,0.05,36,0.008889999999999999,19.745083974367276,1.1193187220237246,0.015932251602043656
0.0426,0.05,36,0.009524999999999999,19.737018313926853,1.155074106083812,0.01643635537957184
0.0426,0.05,36,0.01016,19.728470573822733,1.1929895718463333,0.01697058913607927
0.0426,0.05,36,0.010794999999999999,19.719444724790492,1.2330515226701892,0.017534704700592516
0.0426,0.05,36,0.01143,19.70994502305922,1.2752452799551899,0.018128436058797413
0.0426,0.05,36,0.012065,19.699976008765077,1.3195550806134169,0.018751499452183993
0.0426,0.05,37,0.006985,19.76616625176655,1.0259595553480179,0.014614609264589589
0.0426,0.05,37,0.007620000000000001,19.759384922215418,1.0559738143315176,0.01503844236153608
0.0426,0.05,37,0.008255,19.75209798454881,1.0882424603660992,0.01549387596570078
0.0426,0.05,37,0.008889999999999999,19.744308703518755,1.1227546126653305,0.01598070603007691
0.0426,0.05,37,0.009524999999999999,19.73602064148662,1.1594982908095566,0.016498709907087374
0.0426,0.05,37,0.01016,19.727237658969557,1.1984604039557605,0.017047646314403184
0.0426,0.05,37,0.010794999999999999,19.717963914355835,1.2396267430898507,0.017627255352759892
0.0426,0.05,37,0.01143,19.708203862825485,1.2829819761745282,0.018237258573408258
0.0426,0.05,37,0.012065,19.69796225451023,1.3285096460683896,0.018877359093109128
0.0426,0.05,38,0.006985,19.76597944593044,1.0267861617181566,0.014626284629347688
0.0426,0.05,38,0.007620000000000001,19.759015269781855,1.0576103279875482,0.015061545638635338
0.0426,0.05,38,0.008255,19.751532169898155,1.0907487677498646,0.015529239381365115
0.0426,0.05,38,0.008889999999999999,19.743533567100542,1.1261901020209082,0.016029152056217466
0.0426,0.05,38,0.009524999999999999,19.73502319187486,1.1639218098046107,0.016561050507822327
0.0426,0.05,38,0.01016,19.72600508475199,1.2039302174474533,0.01712468220299942
0.0426,0.05,38,0.010794999999999999,19.716483595820762,1.246200491152624,0.01771977526120201
0.0426,0.05,38,0.01143,19.706463383412768,1.2907166325022401,0.018346038536703694
0.0426,0.05,38,0.012065,19.695949411994548,1.3374614768588955,0.019003161750342185
0.0426,0.05,39,0.006985,19.765792647880346,1.027612744898146,0.014637959507479183
0.0426,0.05,39,0.007620000000000001,19.758645647859623,1.059246750702396,0.015084647008775114
0.0426,0.05,39,0.008255,19.750966426793923,1.0932548617202822,0.015564598325379299
0.0426,0.05,39,0.008889999999999999,19.742758565078248,1.1296251901607535,0.016077589682608057
0.0426,0.05,39,0.009524999999999999,19.73402596501836,1.168344663219226,0.01662337718635137
0.0426,0.05,39,0.01016,19.72477285103173,1.2093990126058705,0.01720169681051859
0.0426,0.05,39,0.010794999999999999,19.715003768944996,1.2527727673530002,0.01781226444093826
0.0426,0.05,39,0.01143,19.70472358442953,1.2984492497449893,0.018454775973153377
0.0426,0.05,39,0.012065,19.69393748061077,1.3464105742374648,0.019128907461826317
0.0426,0.05,40,0.006985,19.765605857615753,1.0284393048889622,0.01464963389901419
0.0426,0.05,40,0.007620000000000001,19.758276056445027,1.0608830824836415,0.015107746472187045
0.0426,0.05,40,0.008255,19.750400755222813,1.0957607423046094,0.015599952798575113
0.0426,0.05,40,0.008889999999999999,19.741983697417766,1.133059877155147,0.016126018911390455
0.0426,0.05,40,0.009524999999999999,19.733028960844024,1.1727668512036116,0.01668568994724728
0.0426,0.05,40,0.01016,19.72354095767031,1.2148667897153653,0.01727869014560717
0.0426,0.05,40,0.010794999999999999,19.713524433488317,1.259343572185249,0.01790472290697876
0.0426,0.05,40,0.01143,19.70298446548469,1.3061798287090143,0.018563470907208435
0.0426,0.05,40,0.012065,19.691926459752437,1.355356939455863,0.019254596265471245
0.0426,0.05,41,0.006985,19.765419075136265,1.0292658416915812,0.014661307803982572
0.0426,0.05,41,0.007620000000000001,19.75790649553437,1.0625193233388646,0.01513084402910262
0.0426,0.05,41,0.008255,19.749835155171468,1.0982664095300987,0.015635302801783768
0.0426,0.05,41,0.008889999999999999,19.741208964084706,1.1364941630743524,0.016174439744706257
0.0426,0.05,41,0.009524999999999999,19.73203217927869,1.177188373907929,0.016747988795081038
0.0426,0.05,41,0.01016,19.722309404529483,1.220333549060185,0.0173556622169065
0.0426,0.05,41,0.010794999999999999,19.712045589210845,1.2659129061434182,0.017997150674323902
0.0426,0.05,41,0.01143,19.701246026187164,1.3139083702001289,0.018672123363301832
0.0426,0.05,41,0.012065,19.68991634881354,1.3643005737650942,0.01938022819915379
0.0426,0.05,42,0.006985,19.76523230044137,1.0300923553069787,0.014672981222413922
0.0426,0.05,42,0.007620000000000001,19.75753696512396,1.0641554732756433,0.01515393967975307
0.0426,0.05,42,0.008255,19.749269626626585,1.100771863423998,0.015670648335836687
0.0426,0.05,42,0.008889999999999999,19.740434365044848,1.1399280479886176,0.016222852184695588
0.0426,0.05,42,0.009524999999999999,19.73103562024926,1.1816092314822955,0.016810273734421195
0.0426,0.05,42,0.01016,19.721078191471122,1.2257992909244717,0.01743261303305353
0.0426,0.05,42,0.010794999999999999,19.71056723587259,1.2724807697213365,0.018089547757964296
0.0426,0.05,42,0.01143,19.699508266146438,1.3216348750237223,0.018780733365847742
0.0426,0.05,42,0.012065,19.687907147188525,1.3732414784153957,0.019505803300717123
0.0426,0.05,43,0.006985,19.76504553353061,1.0309188457361302,0.014684654154338105
0.0426,0.05,43,0.007620000000000001,19.757167465210102,1.065791532301555,0.015177033424369992
0.0426,0.05,43,0.008255,19.748704169574978,1.1032771040135505,0.015705989401564712
0.0426,0.05,43,0.008889999999999999,19.73965990026403,1.1433615319681731,0.016271256233498656
0.0426,0.05,43,0.009524999999999999,19.73003928368263,1.186029424076783,0.016872544769834782
0.0426,0.05,43,0.01016,19.719847318357097,1.2312640155922605,0.017509542602680835
0.0426,0.05,43,0.010794999999999999,19.709089373233894,1.279047163412609,0.018181914172881068
0.0426,0.05,43,0.01143,19.69777118497211,1.3293593439847595,0.018889300939242074
0.0426,0.05,43,0.012065,19.685898854272466,1.3821796546562428,0.019631321607971933
0.0426,0.05,44,0.006985,19.76485877440342,1.0317453129800118,0.0146963265997851
0.0426,0.05,44,0.007620000000000001,19.756797995789043,1.0674275004241773,0.015200125263184601
0.0426,0.05,44,0.008255,19.74813878400323,1.1057821313259952,0.015741325999798658
0.0426,0.05,44,0.008889999999999999,19.738885569707918,1.1467946150832335,0.016319651893254194
0.0426,0.05,44,0.009524999999999999,19.729043169505815,1.1904489518414185,0.016934801905886657
0.0426,0.05,44,0.01016,19.718616785049335,1.2367277233474816,0.017586450934415965
0.0426,0.05,44,0.010794999999999999,19.70761200105528,1.2856120877106214,0.018274249934045847
0.0426,0.05,44,0.01143,19.696034782274182,1.3370817778877804,0.01899782610786208
0.0426,0.05,44,0.012065,19.68389146946089,1.391115103736349,0.0197567831586954
0.0426,0.05,45,0.006985,19.76467202305946,1.032571757039599,0.014707998558784765
0.0426,0.05,45,0.007620000000000001,19.756428556857145,1.0690633776510858,0.01522321519642835
0.0426,0.05,45,0.008255,19.7475734698981,1.1082869453885658,0.015776658131369133
0.0426,0.05,45,0.008889999999999999,19.738111373342406,1.150227297403997,0.016368039166100884
0.0426,0.05,45,0.009524999999999999,19.72804727764577,1.1948678149261842,0.016997045147139633
0.0426,0.05,45,0.01016,19.717386591409877,1.24219041447396,0.017663338036882227
0.0426,0.05,45,0.010794999999999999,19.70613511909727,1.292175543108538,0.018366555056420382
0.0426,0.05,45,0.01143,19.69429905766293,1.3448021775369015,0.019106308896066758
0.0426,0.05,45,0.012065,19.68188499214989,1.400047826903665,0.01988218799063198
0.0426,0.05,46,0.006985,19.76448527949816,1.0333981779158667,0.0147196700313667
0.0426,0.05,46,0.007620000000000001,19.756059148410657,1.0706991639898555,0.015246303224332297
0.0426,0.05,46,0.008255,19.747008227246283,1.1107915462284916,0.01581198579710659
0.0426,0.05,46,0.008889999999999999,19.73733731113316,1.153659579000646,0.016416418054176332
0.0426,0.05,46,0.009524999999999999,19.727051608029512,1.199286013481016,0.01705927449815475
0.0426,0.05,46,0.01016,19.71615673730082,1.2476520892554142,0.017740203918697905
0.0426,0.05,46,0.010794999999999999,19.704658727120716,1.2987375300993034,0.018458829554956934
0.0426,0.05,46,0.01143,19.692564010748868,1.3525205437358159,0.01921474932819685
0.0426,0.05,46,0.012065,19.679879421736132,1.408977825405381,0.020007536141492782
0.0426,0.05,47,0.006985,19.764298543719008,1.034224575609791,0.014731341017560753
0.0426,0.05,47,0.007620000000000001,19.75568977044594,1.072334859448061,0.015269389347128013
0.0426,0.05,47,0.008255,19.746443056034536,1.113295933872998,0.015847308997841286
0.0426,0.05,47,0.008889999999999999,19.736563383046132,1.1570914599433453,0.01646478855961731
0.0426,0.05,47,0.009524999999999999,19.726056160584164,1.2037035476558056,0.017121489963491124
0.0426,0.05,47,0.01016,19.71492722258438,1.2531127479754571,0.017817048588477304
0.0426,0.05,47,0.010794999999999999,19.703182824886426,1.3052980491756399,0.018551073444598144
0.0426,0.05,47,0.01143,19.690829641142784,1.3602368772877926,0.01932314742857447
0.0426,0.05,47,0.012065,19.677874757616678,1.4179051004879255,0.020132827648956214
0.0426,0.05,48,0.006985,19.764111815721662,1.0350509501223468,0.014743011517396784
0.0426,0.05,48,0.007620000000000001,19.755320422959244,1.0739704640332752,0.015292473565046406
0.0426,0.05,48,0.008255,19.745877956249558,1.1158001083493043,0.01588262773440304
0.0426,0.05,48,0.008889999999999999,19.735789589047045,1.1605229403022441,0.016513150684560156
0.0426,0.05,48,0.009524999999999999,19.72506093523674,1.2081204176004,0.01718369154770546
0.0426,0.05,48,0.01016,19.713698047122705,1.258572390917597,0.017893872054829313
0.0426,0.05,48,0.010794999999999999,19.701707412155542,1.3118571008300512,0.01864328674027731
0.0426,0.05,48,0.01143,19.68909594845593,1.3679511789956798,0.01943150322150347
0.0426,0.05,48,0.012065,19.67587099918933,1.4268296533969682,0.020258062550667748
0.0426,0.05,49,0.006985,19.7639250955055,1.0358773014545108,0.014754681530904772
0.0426,0.05,49,0.007620000000000001,19.754951105946873,1.0756059777530718,0.015315555878318772
0.0426,0.05,49,0.008255,19.745312927878047,1.1183040696846267,0.01591794200762176
0.0426,0.05,49,0.008889999999999999,19.735015929101735,1.1639540201474754,0.01656150443114039
0.0426,0.05,49,0.009524999999999999,19.724065931914367,1.2125366234646004,0.017245879255352918
0.0426,0.05,49,0.01016,19.712469210778238,1.2640310183652363,0.017970674326359102
0.0426,0.05,49,0.010794999999999999,19.700232488689323,1.3184146855548193,0.01873546945691785
0.0426,0.05,49,0.01143,19.687362932299663,1.3756634496619005,0.019539816731269498
0.0426,0.05,49,0.012065,19.67386814585217,1.4357514853774176,0.020383240884240036
0.0426,0.05,50,0.006985,19.763738383070176,1.036703629607257,0.01476635105811418
0.0426,0.05,50,0.007620000000000001,19.75458181940519,1.0772414006150213,0.01533863628717626
0.0426,0.05,50,0.008255,19.744747970906758,1.1208078179061753,0.0159532518183269
0.0426,0.05,50,0.008889999999999999,19.734242403176097,1.167384699549155,0.016609849801492826
0.0426,0.05,50,0.009524999999999999,19.72307115054423,1.216952165398163,0.01730805309098677
0.0426,0.05,50,0.01016,19.71124071341336,1.2694886306016713,0.018047455411666562
0.0426,0.05,50,0.010794999999999999,19.698758054249083,1.3249708038420074,0.0188276216094337
0.0426,0.05,50,0.01143,19.685630592285747,1.3833736900884557,0.019648087982139687
0.0426,0.05,50,0.012065,19.671866197003965,1.444670597673425,0.020508362687252573
0.0536,0.063,0,0.006985,19.794324502728273,0.9014893683951968,0.012854718579484458
0.0536,0.063,0,0.007620000000000001,19.794324502728273,0.9014893683951968,0.012854718579484458
0.0536,0.063,0,0.008255,19.794324502728273,0.9014893683951968,0.012854718579484458
0.0536,0.063,0,0.008889999999999999,19.794324502728273,0.9014893683951968,0.012854718579484458
0.0536,0.063,0,0.009524999999999999,19.794324502728273,0.9014893683951968,0.012854718579484458
0.0536,0.063,0,0.01016,19.794324502728273,0.9014893683951968,0.012854718579484458
0.0536,0.063,0,0.010794999999999999,19.794324502728273,0.9014893683951968,0.012854718579484458
0.0536,0.063,0,0.01143,19.794324502728273,0.9014893683951968,0.012854718579484458
0.0536,0.063,0,0.012065,19.794324502728273,0.9014893683951968,0.012854718579484458
0.0536,0.063,1,0.006985,19.79415451747036,0.902240002018798,0.012865342658101825
0.0536,0.063,1,0.007620000000000001,19.79398762264708,0.9029769977106173,0.012875773584558468
0.0536,0.063,1,0.008255,19.793808005584026,0.9037701839180924,0.012886999650999958
0.0536,0.063,1,0.008889999999999999,19.793615685061752,0.9046194799097381,0.012899019683640206
0.0536,0.063,1,0.009524999999999999,19.793410683051604,0.9055247910147224,0.012911832309273622
0.0536,0.063,1,0.01016,19.79319302482628,0.9064860081322955,0.012925435948358063
0.0536,0.063,1,0.010794999999999999,19.79296273906067,0.9075030072841059,0.01293982880870916
0.0536,0.063,1,0.01143,19.792719857923828,0.9085756492062191,0.012955008879759623
0.0536,0.063,1,0.012065,19.79246441716242,0.9097037789782824,0.012970973927347794
0.0536,0.063,2,0.006985,19.793984538638142,0.9029906165594161,0.01287596633511678
0.0536,0.063,2,0.007620000000000001,19.79365076780283,0.9044645520755825,0.012896827012322669
0.0536,0.063,2,0.008255,19.793291567761514,0.906050823259893,0.01291927701490552
0.0536,0.063,2,0.008889999999999999,19.79290697911722,0.9077492596120718,0.01294331380517441
0.0536,0.063,2,0.009524999999999999,19.792497049061808,0.9095596621360085,0.012968934433635471
0.0536,0.063,2,0.01016,19.792061831594708,0.9114818023665195,0.012996135525329416
0.0536,0.063,2,0.010794999999999999,19.791601387721414,0.9135154214828607,0.013024913267409852
0.0536,0.063,2,0.01143,19.79111578563402,0.9156602295026466,0.013055263397874897
0.0536,0.063,2,0.012065,19.79060510087396,0.9179159045510561,0.013087181195377329
0.0536,0.063,3,0.006985,19.793814566231163,0.9037412120177786,0.012886589610551308
0.0536,0.063,3,0.007620000000000001,19.793313938192796,0.9059520314957566,0.012917878862950814
0.0536,0.063,3,0.008255,19.79277518925079,0.9083312864410105,0.012951550671827287
0.0536,0.063,3,0.008889999999999999,19.792198384868698,0.9108787075549558,0.012987600945705342
0.0536,0.063,3,0.009524999999999999,19.791583600703404,0.9135939818721028,0.013026024956037923
0.0536,0.063,3,0.01016,19.790930922928283,0.9164767513124571,0.01306681731698113
0.0536,0.063,3,0.010794999999999999,19.790240448527015,0.9195266113655396,0.013109971967061089
0.0536,0.063,3,0.01143,19.789512285558317,0.9227431098965214,0.013155482152603475
0.0536,0.063,3,0.012065,19.788746553395015,0.9261257460668196,0.013203340412812193
0.0536,0.063,4,0.006985,19.793644600249138,0.9044917883946132,0.012897212484428041
0.0536,0.063,4,0.007620000000000001,19.792977133814134,0.9074394359768032,0.012938929136616527
0.0536,0.063,4,0.008255,19.792258870041735,0.9106115734818553,0.012983820622391517
0.0536,0.063,4,0.008889999999999999,19.79148990229038,0.9140078237911383,0.013031881106851287
0.0536,0.063,4,0.009524999999999999,19.790670337920858,0.9176277503360216,0.013083103879947648
0.0536,0.063,4,0.01016,19.78980029872173,0.9214708551846246,0.013137481329892689
0.0536,0.063,4,0.010794999999999999,19.788879921293926,0.9255365773060676,0.01319500491913097
0.0536,0.063,4,0.01143,19.7879093573967,0.9298242909995926,0.013255665162705602
0.0536,0.063,4,0.012065,19.786888774258102,0.934333304478346,0.013319451608868464
0.0536,0.063,5,0.006985,19.79347464069167,0.9052423456906478,0.012907834956769225
0.0536,0.063,5,0.007620000000000001,19.792640354664115,0.9089267655243852,0.012959977833493683
0.0536,0.063,5,0.008255,19.791742610124402,0.9128916844028337,0.01301608686722429
0.0536,0.063,5,0.008889999999999999,19.790781531356345,0.917136608373355,0.01307615429022963
0.0536,0.063,5,0.009524999999999999,19.789757260658746,0.9216609676407507,0.013140171208829949
0.0536,0.063,5,0.01016,19.788669958869775,0.9264641141974651,0.01320812757064032
0.0536,0.063,5,0.010794999999999999,19.787519805838713,0.931545319678219,0.013280012135080605
0.0536,0.063,5,0.01143,19.78630700084915,0.9369037734233153,0.01335581244692846
0.0536,0.063,5,0.012065,19.785031762996198,0.9425385807378777,0.01343551481273812
0.0536,0.063,6,0.006985,19.793304687558418,0.9059928839066098,0.012918457027597101
0.0536,0.063,6,0.007620000000000001,19.7923036007399,0.9104140201441653,0.012981024953755891
0.0536,0.063,6,0.008255,19.791226409488786,0.9151716192243492,0.013048349406951137
0.0536,0.063,6,0.008889999999999999,19.790073272040672,0.9202650613543311,0.013120420497457498
0.0536,0.063,6,0.009524999999999999,19.788844368861646,0.9256936338992452,0.013197226946148484
0.0536,0.063,6,0.01016,19.78753990326726,0.9314565285653499,0.013278756045797247
0.0536,0.063,6,0.010794999999999999,19.78616010197817,0.9375528388556142,0.013364993626364376
0.0536,0.063,6,0.01143,19.784705215615872,0.9439815577788517,0.013455924024006414
0.0536,0.063,6,0.012065,19.78317551914256,0.9507415757971275,0.01355153005359062
0.0536,0.063,7,0.006985,19.79313474084904,0.9067434030432266,0.012929078696934177
0.0536,0.063,7,0.007620000000000001,19.791966872038756,0.9119011998418051,0.013002070497576885
0.0536,0.063,7,0.008255,19.790710268124826,0.9174513779668015,0.013080608242198075
0.0536,0.063,7,0.008889999999999999,19.789365124317555,0.9233931827867804,0.013164679730151644
0.0536,0.063,7,0.009524999999999999,19.787931662474136,0.9297257492244289,0.01325427109536593
0.0536,0.063,7,0.01016,19.786410131809077,0.9364480985025766,0.013349366761933311
0.0536,0.063,7,0.010794999999999999,19.784800809529145,0.9435591352117229,0.013449949404430074
0.0536,0.063,7,0.01143,19.78310400139742,0.9510576446770699,0.013555999912660896
0.0536,0.063,7,0.012065,19.781320042230846,0.9589422906072795,0.013667497360571603
0.0536,0.063,8,0.006985,19.79296480056314,0.9074939031012259,0.01293969996480243
0.0536,0.063,8,0.007620000000000001,19.7916301685579,0.9133883046229656,0.01302311446513026
0.0536,0.063,8,0.008255,19.790194186022575,0.9197309606505882,0.013112863373590437
0.0536,0.063,8,0.008889999999999999,19.78865708816113,0.9265209727234058,0.013208931989927918
0.0536,0.063,8,0.009524999999999999,19.787019141440908,0.9337573137291946,0.013311303659943584
0.0536,0.063,8,0.01016,19.785280644390184,0.9414388242233717,0.01341995972561509
0.0536,0.063,8,0.010794999999999999,19.78344192830849,0.9495642091198617,0.013534879480719028
0.0536,0.063,8,0.01143,19.781503357894394,0.958132034728546,0.013656040131600405
0.0536,0.063,8,0.012065,19.779465331795166,0.9671407261189893,0.013783416762803426
0.0536,0.063,9,0.006985,19.792794866700433,0.9082443840813353,0.012950320831224629
0.0536,0.063,9,0.007620000000000001,19.79129349029455,0.9148753344933079,0.013044156856589741
0.0536,0.063,9,0.008255,19.789678163171914,0.922010367296103,0.013145114801753777
0.0536,0.063,9,0.008889999999999999,19.78794916354559,0.9296484312168987,0.01325317727840191
0.0536,0.063,9,0.009524999999999999,19.786106805706538,0.9377883275264046,0.013368324643340987
0.0536,0.063,9,0.01016,19.784151440905475,0.9464287059418885,0.013490534943406162
0.0536,0.063,9,0.010794999999999999,19.782083458133343,0.9555680609531965,0.013619783866665326
0.0536,0.063,9,0.01143,19.779903284807688,0.9652047285435637,0.01375604469952065
0.0536,0.063,9,0.012065,19.77761138736986,0.9753368832823832,0.01389928828938554
0.0536,0.063,10,0.006985,19.792624939260463,0.9089948459842817,0.01296094129622262
0.0536,0.063,10,0.007620000000000001,19.790956837245915,0.9163622894584923,0.013065197672128909
0.0536,0.063,10,0.008255,19.78916219956301,0.9242895979237366,0.013177362527313233
0.0536,0.063,10,0.008889999999999999,19.78724135044496,0.9327755583199394,0.01329741559718884
0.0536,0.063,10,0.009524999999999999,19.78519465521572,0.9418187907288907,0.013425334049016682
0.0536,0.063,10,0.01016,19.783022521250132,0.9514177438722077,0.013561092421866861
0.0536,0.063,10,0.010794999999999999,19.780725398820834,0.9615706910847397,0.013704662573696987
0.0536,0.063,10,0.01143,19.778303781838304,0.9722757267321124,0.013856013635104273
0.0536,0.063,10,0.012065,19.77575820848972,0.9835307630470603,0.014015111969394006
0.0536,0.063,11,0.006985,19.79245501824289,0.909745288810793,0.012971561359819035
0.0536,0.063,11,0.007620000000000001,19.79062020940927,0.9178491695241782,0.013086236911921342
0.0536,0.063,11,0.008255,19.788646295185686,0.9265686525538765,0.01320960655089403
0.0536,0.063,11,0.008889999999999999,19.78653364883354,0.9359023540851971,0.01334164694790328
0.0536,0.063,11,0.009524999999999999,19.78428268991314,0.9458487034494532,0.01348233188042785
0.0536,0.063,11,0.01016,19.781893885319107,0.956405938228338,0.013631632167554248
0.0536,0.063,11,0.010794999999999999,19.77936775018827,0.9675720998873532,0.013789515613234797
0.0536,0.063,11,0.01143,19.776704848687643,0.97934502990389,0.013955946957021263
0.0536,0.063,11,0.012065,19.77390579468988,0.9917223663620915,0.014130887831881477
0.0536,0.063,12,0.006985,19.79228510364743,0.9104957125615964,0.012982181022036122
0.0536,0.063,12,0.007620000000000001,19.79028360678177,0.9193359746960243,0.013107274576140485
0.0536,0.063,12,0.008255,19.788130450030053,0.9288475312069077,0.013241846873121237
0.0536,0.063,12,0.008889999999999999,19.785826058685473,0.9390288185653299,0.013385871332159294
0.0536,0.063,12,0.009524999999999999,19.783370909743496,0.949878065800862,0.013539318141030028
0.0536,0.063,12,0.01016,19.78076553300764,0.9613932892242159,0.013702154187022272
0.0536,0.063,12,0.010794999999999999,19.7780105120529,0.9735722877337466,0.013874342996693212
0.0536,0.063,12,0.01143,19.775106485057165,0.986412638668303,0.014055844683928558
0.0536,0.063,12,0.012065,19.772054145505933,0.999911694176021,0.014246615905877481
0.0536,0.063,13,0.006985,19.792115195473684,0.9112461172374198,0.012992800282896245
0.0536,0.063,13,0.007620000000000001,19.789947029360633,0.9208227049796899,0.01312831066496003
0.0536,0.063,13,0.008255,19.787614664086107,0.9311262339032107,0.013274083494619749
0.0536,0.063,13,0.008889999999999999,19.785118579974892,0.9421549518129848,0.01343008875157069
0.0536,0.063,13,0.009524999999999999,19.782459314651533,0.953906877895856,0.013596292834277771
0.0536,0.063,13,0.01016,19.77963746421085,0.9663797970737051,0.013772658486821621
0.0536,0.063,13,0.010794999999999999,19.776653684232315,0.9795712549964785,0.013959144735479843
0.0536,0.063,13,0.01143,19.773508690648498,0.9934785536344646,0.014155706834470441
0.0536,0.063,13,0.012065,19.770203260473806,1.0080987474368661,0.014362296220388815
0.0536,0.063,14,0.006985,19.791945293721255,0.9119965028389893,0.01300341914242152
0.0536,0.063,14,0.007620000000000001,19.78961047714313,0.9223093603808319,0.01314934517855341
0.0536,0.063,14,0.008255,19.787098937343785,0.9334047606631645,0.013306316416014178
0.0536,0.063,14,0.008889999999999999,19.78441121267599,0.9452807538807972,0.013474299207750253
0.0536,0.063,14,0.009524999999999999,19.781547904582,0.9579351398471436,0.013653255963624135
0.0536,0.063,14,0.01016,19.77850967882398,0.9713654619905968,0.013843145073499988
0.0536,0.063,14,0.010794999999999999,19.775297266544044,0.9855690020479551,0.014043920840995722
0.0536,0.063,14,0.01143,19.771911465163555,1.000542775411196,0.01425553342727816
0.0536,0.063,14,0.012065,19.7683531391296,1.0162835270921171,0.014477928804398502
0.0536,0.063,15,0.006985,19.79177539838986,0.9127468693670329,0.01301403760063444
0.0536,0.063,15,0.007620000000000001,19.78927395012647,0.9237959409051079,0.013170378117094048
0.0536,0.063,15,0.008255,19.78658326979314,0.9356831115071435,0.013338545637929092
0.0536,0.063,15,0.008889999999999999,19.78370395676302,0.9484062248213917,0.0135185027023109
0.0536,0.063,15,0.009524999999999999,19.78063667947964,0.9619628517674017,0.013710207532520662
0.0536,0.063,15,0.01016,19.77738217674238,0.9763502841886111,0.013913613953601819
0.0536,0.063,15,0.010794999999999999,19.77394125880585,0.9915655292604314,0.014128671324635298
0.0536,0.063,15,0.01143,19.770314808304477,1.0076053046070277,0.01435532448097018
0.0536,0.063,15,0.012065,19.766503781010158,1.0244660340887375,0.014593513686866856
0.0536,0.063,16,0.006985,19.791605509479098,0.9134972168222776,0.01302465565755712
0.0536,0.063,16,0.007620000000000001,19.788937448307934,0.925282446558175,0.01319140948075536
0.0536,0.063,16,0.008255,19.78606766142417,0.9379612864555198,0.013370771160989033
0.0536,0.063,16,0.008889999999999999,19.782996812210172,0.9515313646873819,0.013562699236864775
0.0536,0.063,16,0.009524999999999999,19.779725639289325,0.9659900137692777,0.013767147544417659
0.0536,0.063,16,0.01016,19.776254957861283,0.9813342638813942,0.013984065133668035
0.0536,0.063,16,0.010794999999999999,19.772585660835432,0.9975608370060111,0.014213396197786185
0.0536,0.063,16,0.01143,19.768718719773574,1.0146661418301977,0.014455080014152452
0.0536,0.063,16,0.012065,19.764655185652316,1.0326462693731668,0.014709050896730956
0.0536,0.063,17,0.006985,19.79143562698863,0.914247545205451,0.013035273313212189
0.0536,0.063,17,0.007620000000000001,19.788600971684616,0.9267688773456892,0.01321243926971089
0.0536,0.063,17,0.008255,19.785552112226924,0.9402392855286622,0.01340299298581824
0.0536,0.063,17,0.008889999999999999,19.78228977899164,0.9546561735313703,0.013606888813023391
0.0536,0.063,17,0.009524999999999999,19.778814783955795,0.9700166259653871,0.013824076002764054
0.0536,0.063,17,0.01016,19.775128022076217,0.9863174012825218,0.014054498620236838
0.0536,0.063,17,0.010794999999999999,19.771230472450725,1.0035549256566472,0.014298095471829543
0.0536,0.063,17,0.01143,19.76712319927333,1.021725287688653,0.014554800045417643
0.0536,0.063,17,0.012065,19.76280735259354,1.0408242338913176,0.014824540462904916
0.0536,0.063,18,0.006985,19.791265750918058,0.9149978545172799,0.013045890567621624
0.0536,0.063,18,0.007620000000000001,19.788264520253847,0.9282552332733055,0.013233467484134039
0.0536,0.063,18,0.008255,19.785036622191342,0.942517108746936,0.013435211113040926
0.0536,0.063,18,0.008889999999999999,19.781582857081617,0.9577806514059478,0.013651071432397998
0.0536,0.063,18,0.009524999999999999,19.77790411342386,0.9740426884683147,0.013880992911007667
0.0536,0.063,18,0.01016,19.77400136928253,0.9912996966054954,0.014124914419843168
0.0536,0.063,18,0.010794999999999999,19.76987569346977,1.00954779558414,0.014382769158139568
0.0536,0.063,18,0.01143,19.76552824650645,1.0287827427900493,0.014654484593345906
0.0536,0.063,18,0.012065,19.760960281371524,1.0489999285885778,0.014939982414279507
0.0536,0.063,19,0.006985,19.791095881267097,0.9157481447584912,0.013056507420807795
0.0536,0.063,19,0.007620000000000001,19.78792809401284,0.9297415143466797,0.013254494124198208
0.0536,0.063,19,0.008255,19.784521191307476,0.9447947561307041,0.013467425543281137
0.0536,0.063,19,0.008889999999999999,19.78087604645441,0.9609047983636938,0.013695247096599217
0.0536,0.063,19,0.009524999999999999,19.77699362763849,0.9780682013906156,0.013937898272594547
0.0536,0.063,19,0.01016,19.772874999375688,0.9962811500637466,0.01419531253901859
0.0536,0.063,19,0.010794999999999999,19.768521323710672,1.01553944716014,0.01446741726808414
0.0536,0.063,19,0.01143,19.76393386117593,1.0358385077417511,0.014754133676504636
0.0536,0.063,19,0.012065,19.759113971524414,1.057173354409811,0.015055376779722808
0.0536,0.063,20,0.006985,19.790926018035293,0.9164984159298125,0.013067123872793067
0.0536,0.063,20,0.007620000000000001,19.787591692958756,0.9312277205714662,0.013275519190076527
0.0536,0.063,20,0.008255,19.78400581956538,0.9470722277003252,0.013499636277162622
0.0536,0.063,20,0.008889999999999999,19.78016934708421,0.9640286144571784,0.013739415807237405
0.0536,0.063,20,0.009524999999999999,19.776083326544494,0.982093164844813,0.013994792090969509
0.0536,0.063,20,0.01016,19.771748912251326,1.0012617618706339,0.014265692984291672
0.0536,0.063,20,0.010794999999999999,19.767167362991586,1.0215298807561455,0.01455203981302431
0.0536,0.063,20,0.01143,19.762340042984818,1.0428925831508327,0.014853747313448332
0.0536,0.063,20,0.012065,19.7572684225907,1.0653445122993557,0.01517072358807983
0.0536,0.063,21,0.006985,19.79075616122242,0.9172486680319702,0.013077739923599813
0.0536,0.063,21,0.007620000000000001,19.78725531708892,0.932713851953318,0.013296542681942648
0.0536,0.063,21,0.008255,19.783490506955047,0.9493495234761561,0.013531843315309489
0.0536,0.063,21,0.008889999999999999,19.77946275894527,0.9671520997389584,0.013783577565922033
0.0536,0.063,21,0.009524999999999999,19.77517321008679,0.9861175789434002,0.01405167436957638
0.0536,0.063,21,0.01016,19.770623107805022,1.0062415322394422,0.014336055762187614
0.0536,0.063,21,0.010794999999999999,19.765813811130954,1.0275190967435048,0.014636636804314552
0.0536,0.063,21,0.01143,19.760746791636507,1.0499449696240766,0.014953325522718742
0.0536,0.063,21,0.012065,19.755423634109263,1.0735134032010263,0.015286022868172383
0.0536,0.063,22,0.006985,19.79058631082802,0.9179989010656916,0.013088355573250136
0.0536,0.063,22,0.007620000000000001,19.786918966400492,0.9341999084978894,0.013317564599969557
0.0536,0.063,22,0.008255,19.782975253466475,0.9516266434785491,0.013564046658345031
0.0536,0.063,22,0.008889999999999999,19.778756282011784,0.9702752542615805,0.013827732374262438
0.0536,0.063,22,0.009524999999999999,19.7742632782103,0.990141443798839,0.014108545111857223
0.0536,0.063,22,0.01016,19.769497585932356,1.011220461383387,0.01440640087922887
0.0536,0.063,22,0.010794999999999999,19.764460667947162,1.0335070954934145,0.014721208253302772
0.0536,0.063,22,0.01143,19.7591541068345,1.0569956677679755,0.015052868322844994
0.0536,0.063,22,0.012065,19.753579605619223,1.0816800280581154,0.015401274648799616
0.0536,0.063,23,0.006985,19.790416466851752,0.9187491150317038,0.013098970821766535
0.0536,0.063,23,0.007620000000000001,19.786582640890686,0.9356858902108328,0.013338584944330758
0.0536,0.063,23,0.008255,19.782460059089715,0.9539035877278549,0.013596246306892767
0.0536,0.063,23,0.008889999999999999,19.778049916258112,0.9733980780775803,0.013871880233867324
0.0536,0.063,23,0.009524999999999999,19.773353530859936,0.9941647595235611,0.014165404321252862
0.0536,0.063,23,0.01016,19.768372346529077,1.01619854951561,0.014476728341934269
0.0536,0.063,23,0.010794999999999999,19.76310793325871,1.0394938773769211,0.014805754171330182
0.0536,0.063,23,0.01143,19.757561988282532,1.0640446781887316,0.015152375732343456
0.0536,0.063,23,0.012065,19.7517363366602,1.0898443878133894,0.015516478958737494
0.0536,0.063,24,0.006985,19.79024662929328,0.9194993099307338,0.013109585669171114
0.0536,0.063,24,0.007620000000000001,19.78624634055683,0.9371717970978003,0.01335960371519949
0.0536,0.063,24,0.008255,19.781944923814763,0.9561803562444198,0.013628442261576185
0.0536,0.063,24,0.008889999999999999,19.777343661658506,0.9765205712394822,0.013916021146344883
0.0536,0.063,24,0.009524999999999999,19.772443967980735,0.9981875262299682,0.01422225200120288
0.0536,0.063,24,0.01016,19.767247389490876,1.021175796849182,0.014547038156819644
0.0536,0.063,24,0.010794999999999999,19.76175560688432,1.045479442764919,0.014890274569731287
0.0536,0.063,24,0.01143,19.755970435684503,1.0710920014922571,0.015251847769717632
0.0536,0.063,24,0.012065,19.749893826772166,1.098006483409095,0.01563163582673933
0.0536,0.063,25,0.006985,19.7900767981522,0.9202494857635083,0.01312020011548637
0.0536,0.063,25,0.007620000000000001,19.785910065396024,0.9386576291644436,0.013380620912748725
0.0536,0.063,25,0.008255,19.781429847631728,0.958456949048587,0.013660634523018472
0.0536,0.063,25,0.008889999999999999,19.776637518187158,0.9796427337997993,0.013960155113302794
0.0536,0.063,25,0.009524999999999999,19.77153458951767,1.0022097440304296,0.01427908815514535
0.0536,0.063,25,0.01016,19.766122714713617,1.0261522035971007,0.014617330330397716
0.0536,0.063,25,0.010794999999999999,19.76040368864267,1.0514637920281533,0.014974769459834295
0.0536,0.063,25,0.01143,19.754379448744658,1.0781376382841743,0.015351284453458274
0.0536,0.063,25,0.012065,19.748052075495423,1.106166315786954,0.015746745281535145
0.0536,0.063,26,0.006985,19.78990697342823,0.9209996425307537,0.013130814160734411
0.0536,0.063,26,0.007620000000000001,19.78557381540554,0.9401433864164135,0.013401636537152076
0.0536,0.063,26,0.008255,19.78091483053049,0.9607333661606973,0.013692823091842526
0.0536,0.063,26,0.008889999999999999,19.775931485818433,0.9827645658110338,0.01400428213634849
0.0536,0.063,26,0.009524999999999999,19.77062539541572,1.0062314130372847,0.014335912786517115
0.0536,0.063,26,0.01016,19.764998322093163,1.0311277699722923,0.014687604869178084
0.0536,0.063,26,0.010794999999999999,19.759052178352647,1.0574469255372179,0.015059238852960325
0.0536,0.063,26,0.01143,19.752789027167296,1.0851815891698147,0.015450685802043791
0.0536,0.063,26,0.012065,19.746211082370678,1.1143238858881663,0.015861807351832572
0.0536,0.063,27,0.006985,19.789737155120974,0.9217497802331978,0.013141427804937472
0.0536,0.063,27,0.007620000000000001,19.78523759058271,0.9416290688593605,0.013422650588582373
0.0536,0.063,27,0.008255,19.780399872501278,0.9630096076010883,0.013725007968671469
0.0536,0.063,27,0.008889999999999999,19.77522556452658,0.9858860673256766,0.01404840221708863
0.0536,0.063,27,0.009524999999999999,19.769716385619972,1.0102525333628432,0.014392725898753506
0.0536,0.063,27,0.01016,19.76387421152532,1.0361024961876113,0.014757861779666972
0.0536,0.063,27,0.010794999999999999,19.75770107583321,1.0634288436625556,0.015143682760424325
0.0536,0.063,27,0.01143,19.751199170656946,1.0922238547542211,0.015550051833939463
0.0536,0.063,27,0.012065,19.74437084693892,1.1224791946534114,0.01597682206631597
0.0536,0.063,28,0.006985,19.78956734323009,0.9224998988715664,0.013152041048118172
0.0536,0.063,28,0.007620000000000001,19.784901390924574,0.9431146764989349,0.013443663067212832
0.0536,0.063,28,0.008255,19.779884973533967,0.9652856733900937,0.013757189154128
0.0536,0.063,28,0.008889999999999999,19.774519754285905,0.9890072383962072,0.014092515357129493
0.0536,0.063,28,0.009524999999999999,19.768807560075402,1.0142731051193825,0.014449527495288881
0.0536,0.063,28,0.01016,19.76275038290612,1.0410763824558402,0.014828101068367882
0.0536,0.063,28,0.010794999999999999,19.756350380903427,1.06940954677446,0.015228101193534554
0.0536,0.063,28,0.01143,19.74960987891842,1.0992644356421466,0.015649382567598097
0.0536,0.063,28,0.012065,19.742531368741652,1.1306322430228455,0.016091789453647077
0.0536,0.063,29,0.006985,19.789397537755235,0.9232499984465867,0.013162653890298363
0.0536,0.063,29,0.007620000000000001,19.78456521642852,0.9446002093407857,0.013464673973216787
0.0536,0.063,29,0.008255,19.77937013361867,0.9675615635480447,0.013789366648834785
0.0536,0.063,29,0.008889999999999999,19.773814055070773,0.9921280790750951,0.014136621558076717
0.0536,0.063,29,0.009524999999999999,19.7678989187271,1.018293128419151,0.014506317579555832
0.0536,0.063,29,0.01016,19.761626836131484,1.0460494289896902,0.014898322741780547
0.0536,0.063,29,0.010794999999999999,19.755000093382534,1.0753890352430724,0.015312494163592318
0.0536,0.063,29,0.01143,19.748021151656644,1.1063033324380551,0.01574867802145991
0.0536,0.063,29,0.012065,19.740692647320543,1.138783031936105,0.01620670954246487
0.0536,0.063,30,0.006985,19.789227738696013,0.9240000789589854,0.013173266331500665
0.0536,0.063,30,0.007620000000000001,19.7842290670917,0.9460856673905621,0.01348568330676705
0.0536,0.063,30,0.008255,19.77885535274538,0.9698372780952689,0.013821540453414192
0.0536,0.063,30,0.008889999999999999,19.773108466855433,0.9952485894147978,0.014180720821535825
0.0536,0.063,30,0.009524999999999999,19.76699046152021,1.0223126033743652,0.014563096154985711
0.0536,0.063,30,0.01016,19.76050357109756,1.0510216360017992,0.014968526806401974
0.0536,0.063,30,0.010794999999999999,19.753650213089713,1.0813673094383858,0.015396861681892885
0.0536,0.063,30,0.01143,19.74643298857677,1.113340545746121,0.015847938213952122
0.0536,0.063,30,0.012065,19.738854682217834,1.1469315623323055,0.016321582361385603
0.0536,0.063,31,0.006985,19.789057946052026,0.9247501404094894,0.013183878371747185
0.0536,0.063,31,0.007620000000000001,19.783892942911393,0.9475710506539116,0.013506691068036945
0.0536,0.063,31,0.008255,19.778340630904154,0.9721128170520918,0.013853710568488819
0.0536,0.063,31,0.008889999999999999,19.772402989614193,0.9983687694677617,0.014224813149111563
0.0536,0.063,31,0.009524999999999999,19.766082188399878,1.0263315300972116,0.014619863225008757
0.0536,0.063,31,0.01016,19.759380587700377,1.0559930037047354,0.015038713268726063
0.0536,0.063,31,0.010794999999999999,19.75230073984443,1.087344369730242,0.015481203759724452
0.0536,0.063,31,0.01143,19.74484538938418,1.1203760761702297,0.015947163163489757
0.0536,0.063,31,0.012065,19.737017472975936,1.155077835150042,0.01643640793900253
0.0536,0.063,32,0.006985,19.788888159823045,0.9255001827988246,0.013194490011060411
0.0536,0.063,32,0.007620000000000001,19.78355684388481,0.9490563591364821,0.0135276972571994
0.0536,0.063,32,0.008255,19.777825968085097,0.9743881804388344,0.01388587699468084
0.0536,0.063,32,0.008889999999999999,19.771697623321472,1.0014886192864219,0.014268898542408297
0.0536,0.063,32,0.009524999999999999,19.76517409931114,1.0303499086998456,0.014676618793053715
0.0536,0.063,32,0.01016,19.758257885836088,1.060963532310993,0.015108882135243333
0.0536,0.063,32,0.010794999999999999,19.75095167346609,1.0933202164883322,0.015565520408368914
0.0536,0.063,32,0.01143,19.743258353784427,1.1274099243139788,0.016046352888474988
0.0536,0.063,32,0.012065,19.735181019137826,1.1632218513273884,0.01655118630388617
0.0536,0.063,33,0.006985,19.788718380008618,0.926250206127718,0.01320510124946232
0.0536,0.063,33,0.007620000000000001,19.783220770009166,0.9505415928439206,0.013548701874427468
0.0536,0.063,33,0.008255,19.777311364278205,0.9766633682758152,0.01391803973261239
0.0536,0.063,33,0.008889999999999999,19.77099236795152,1.0046081389232027,0.014312977003029633
0.0536,0.063,33,0.009524999999999999,19.76426619419925,1.0343677392943935,0.014733362862547825
0.0536,0.063,33,0.01016,19.75713546540095,1.0659332220329962,0.01517903341244119
0.0536,0.063,33,0.010794999999999999,19.74960301377439,1.099294850082198,0.01564981163910162
0.0536,0.063,33,0.01143,19.741671881483228,1.1344420907806756,0.01614550740729715
0.0536,0.063,33,0.012065,19.733345320246656,1.171363611801901,0.016665917484584725
0.0536,0.063,34,0.006985,19.7885486066084,0.9270002103968964,0.01321571208697527
0.0536,0.063,34,0.007620000000000001,19.782884721281675,0.9520267517818737,0.013569704919894064
0.0536,0.063,34,0.008255,19.77679681947353,0.9789383805833498,0.013950198782905316
0.0536,0.063,34,0.008889999999999999,19.77028722347876,1.007727328430518,0.014357048532579044
0.0536,0.063,34,0.009524999999999999,19.763358473009305,1.0383850219929485,0.014790095436917219
0.0536,0.063,34,0.01016,19.75601332629111,1.070902073083097,0.01524916710680407
0.0536,0.063,34,0.010794999999999999,19.748254760588964,1.105268270881231,0.015734077463191096
0.0536,0.063,34,0.01143,19.740085972186648,1.1414725761733406,0.016244626738333247
0.0536,0.063,34,0.012065,19.731510375846028,1.1795031175106154,0.016780601509623426
0.0536,0.063,35,0.006985,19.788378839622055,0.9277501956070863,0.013226322523621757
0.0536,0.063,35,0.007620000000000001,19.782548697699667,0.9535118359559875,0.01359070639377236
0.0536,0.063,35,0.008255,19.776282333661072,0.9812132173817503,0.01398235414618156
0.0536,0.063,35,0.008889999999999999,19.76958218987744,1.0108461878607695,0.014401113132659502
0.0536,0.063,35,0.009524999999999999,19.762450935686616,1.0424017569075756,0.014846816519586654
0.0536,0.063,35,0.01016,19.754891468403002,1.0758700856735752,0.015319283224813154
0.0536,0.063,35,0.010794999999999999,19.746906913729617,1.1112404792546728,0.015818317891899587
0.0536,0.063,35,0.01143,19.738500625600864,1.148501381094705,0.016343710899947444
0.0536,0.063,35,0.012065,19.729676185479946,1.1876403693900484,0.01689523840750453
0.0536,0.063,36,0.006985,19.78820907904924,0.9285001617590135,0.013236932559423755
0.0536,0.063,36,0.007620000000000001,19.782212699260242,0.9549968453719069,0.013611706296235124
0.0536,0.063,36,0.008255,19.775767906830993,0.9834878786913258,0.014014505823062635
0.0536,0.063,36,0.008889999999999999,19.768877267122036,1.0139647172663484,0.014445170804873335
0.0536,0.063,36,0.009524999999999999,19.76154358217633,1.046417944150308,0.014903526113979396
0.0536,0.063,36,0.01016,19.753769891632885,1.0808372600166396,0.015389381772946385
0.0536,0.063,36,0.010794999999999999,19.74555947301627,1.1172114755716154,0.015902532936482527
0.0536,0.063,36,0.01143,19.736915841432108,1.155528506147212,0.016442759910491735
0.0536,0.063,36,0.012065,19.727842748692638,1.1957753683761991,0.017009828206708388
0.0536,0.063,37,0.006985,19.788039324889553,0.9292501088534052,0.01324754219440375
0.0536,0.063,37,0.007620000000000001,19.78187672596073,0.9564817800352772,0.01363270462745526
0.0536,0.063,37,0.008255,19.77525353897329,0.9857623645323822,0.014046653814170288
0.0536,0.063,37,0.008889999999999999,19.768172455186857,1.0170829166996347,0.014489221550822228
0.0536,0.063,37,0.009524999999999999,19.760636412423707,1.0504335838331487,0.014960224223517461
0.0536,0.063,37,0.01016,19.752648595877133,1.085803596324427,0.01545946275767873
0.0536,0.063,37,0.010794999999999999,19.74421243826896,1.1231812602010003,0.01598672260818893
0.0536,0.063,37,0.01143,19.735331619387125,1.1625539519330175,0.016541773788304882
0.0536,0.063,37,0.012065,19.726010065028902,1.2039081154045468,0.017124370935692003
0.0536,0.063,38,0.006985,19.787869577142658,0.9300000368909876,0.013258151428583973
0.0536,0.063,38,0.007620000000000001,19.781540777798284,0.957966639951742,0.013653701387605788
0.0536,0.063,38,0.008255,19.774739230078012,0.9880366749252222,0.014078798120125833
0.0536,0.063,38,0.008889999999999999,19.767467754046265,1.0202007862129974,0.014533265372107756
0.0536,0.063,38,0.009524999999999999,19.759729426374065,1.05444867606807,0.015016910851621636
0.0536,0.063,38,0.01016,19.751527581032292,1.0907690948090034,0.015529526185481915
0.0536,0.063,38,0.010794999999999999,19.74286580930783,1.1291498335116195,0.01607088691826114
0.0536,0.063,38,0.01143,19.733747959172604,1.169577719053989,0.016640752551713725
0.0536,0.063,38,0.012065,19.724178134033764,1.2120386114100552,0.01723886662289035
0.0536,0.063,39,0.006985,19.787699835808212,0.9307499458724865,0.013268760261986659
0.0536,0.063,39,0.007620000000000001,19.781204854770237,0.9594514251269456,0.013674696576859591
0.0536,0.063,39,0.008255,19.774224980135216,0.9903108098901459,0.01411093874155056
0.0536,0.063,39,0.008889999999999999,19.766763163674682,1.023318325858794,0.014577302270330847
0.0536,0.063,39,0.009524999999999999,19.758822623972605,1.0584632209670137,0.015073586001711206
0.0536,0.063,39,0.01016,19.750406846994792,1.0957337556823616,0.01559957206282468
0.0536,0.063,39,0.010794999999999999,19.74151958595303,1.1351171958721162,0.01615502587793534
0.0536,0.063,39,0.01143,19.732164860495516,1.1765998081117064,0.01673969621903203
0.0536,0.063,39,0.012065,19.722346955252533,1.2201668573271676,0.017353315296715327
0.0536,0.063,40,0.006985,19.787530100885874,0.9314998357986288,0.013279368694634034
0.0536,0.063,40,0.007620000000000001,19.780868956873746,0.9609361355665306,0.01369569019538955
0.0536,0.063,40,0.008255,19.773710789134952,0.9925847694474494,0.014143075679065586
0.0536,0.063,40,0.008889999999999999,19.766058684046527,1.0264355356893713,0.014621332247091789
0.0536,0.063,40,0.009524999999999999,19.75791600516476,1.0624772186418912,0.015130249677204081
0.0536,0.063,40,0.01016,19.749286393661237,1.1006975791564249,0.01566960039617241
0.0536,0.063,40,0.010794999999999999,19.74017376802493,1.1410833476509827,0.016239139498440518
0.0536,0.063,40,0.01143,19.730582323063004,1.1836202197074626,0.016838604808561256
0.0536,0.063,40,0.012065,19.720516528231087,1.2282928540898133,0.0174677169855567
0.0536,0.063,41,0.006985,19.787360372375247,0.9322497066701411,0.013289976726548329
0.0536,0.063,41,0.007620000000000001,19.780533084106082,0.9624207712761395,0.013716682243368276
0.0536,0.063,41,0.008255,19.77319665706733,0.9948585536174261,0.014175208933291873
0.0536,0.063,41,0.008889999999999999,19.765354315136165,1.0295524157570648,0.014665355303990624
0.0536,0.063,41,0.009524999999999999,19.75700956989573,1.0664906692045837,0.015186901881517069
0.0536,0.063,41,0.01016,19.748166220928226,1.1056605654430434,0.0157396111919875
0.0536,0.063,41,0.010794999999999999,19.738828355344026,1.1470482892165628,0.016323227790999782
0.0536,0.063,41,0.01143,19.729000346582552,1.1906389544422633,0.016937478338590304
0.0536,0.063,41,0.012065,19.718686852515475,1.2364166026314019,0.017582071717781294
0.0536,0.063,42,0.006985,19.78719065027599,0.932999558487749,0.013300584357752032
0.0536,0.063,42,0.007620000000000001,19.780197236464517,0.9639053322614146,0.013737672720968767
0.0536,0.063,42,0.008255,19.772682583922403,0.9971321624203668,0.014207338504850337
0.0536,0.063,42,0.008889999999999999,19.764650056917958,1.0326689661142,0.01470937144262675
0.0536,0.063,42,0.009524999999999999,19.756103318110945,1.0705035727669407,0.01524354261806548
0.0536,0.063,42,0.01016,19.747046328692306,1.1106227147539975,0.015809604456729107
0.0536,0.063,42,0.010794999999999999,19.737483347730745,1.1530120209370505,0.0164072907668293
0.0536,0.063,42,0.01143,19.727418930761644,1.1976560129168263,0.01703631682739552
0.0536,0.063,42,0.012065,19.716857927652256,1.244538103884829,0.017696379521733818
0.0536,0.063,43,0.006985,19.7870209345877,0.9337493912521789,0.013311191588267114
0.0536,0.063,43,0.007620000000000001,19.77986141394615,0.9653898185279967,0.013758661628363882
0.0536,0.063,43,0.008255,19.772168569690223,0.9994055958765582,0.014239464394361741
0.0536,0.063,43,0.008889999999999999,19.763945909366385,1.0357851868130892,0.014753380664599193
0.0536,0.063,43,0.009524999999999999,19.75519724975578,1.0745159294407831,0.01530017189026312
0.0536,0.063,43,0.01016,19.745926716850363,1.1155840273009945,0.015879580196853555
0.0536,0.063,43,0.010794999999999999,19.736138745005803,1.15897454318049,0.016491328437138707
0.0536,0.063,43,0.01143,19.72583807530816,1.204671395731584,0.017135120293240574
0.0536,0.063,43,0.012065,19.71502975318822,1.252657358782473,0.017810640425736317
0.0536,0.063,44,0.006985,19.78685122531016,0.934499204964157,0.013321798418116062
0.0536,0.063,44,0.007620000000000001,19.77952561654837,0.9668742300815272,0.013779648965726088
0.0536,0.063,44,0.008255,19.77165461436084,1.0016788540062846,0.014271586602446684
0.0536,0.063,44,0.008889999999999999,19.76324187245592,1.0389010779060355,0.01479738297150633
0.0536,0.063,44,0.009524999999999999,19.75429136477561,1.0785277393378991,0.015356789701522955
0.0536,0.063,44,0.01016,19.744807385298998,1.120544503295671,0.01594953841881366
0.0536,0.063,44,0.010794999999999999,19.734794546989917,1.1649358563147774,0.016575340813131355
0.0536,0.063,44,0.01143,19.724257779929985,1.21168510348668,0.01723388875437697
0.0536,0.063,44,0.012065,19.713202328670604,1.2607743682561963,0.01792485445808834
0.0536,0.063,45,0.006985,19.786681522442848,0.9352489996244099,0.013332404847320976
0.0536,0.063,45,0.007620000000000001,19.77918984426833,0.9683585669276461,0.01380063473322823
0.0536,0.063,45,0.008255,19.771140717924368,1.0039519368298266,0.014303705129725465
0.0536,0.063,45,0.008889999999999999,19.762537946160876,1.0420166394453305,0.014841378364946168
0.0536,0.063,45,0.009524999999999999,19.75338566311592,1.082539002570049,0.015413396055256186
0.0536,0.063,45,0.01016,19.74368833393504,1.1255041429495922,0.016019479129059263
0.0536,0.063,45,0.010794999999999999,19.733450753503917,1.1708959607076588,0.016659327906003808
0.0536,0.063,45,0.01143,19.722678044335282,1.2186971367819734,0.017332622229043287
0.0536,0.063,45,0.012065,19.71137565364694,1.2688891332373466,0.018039021647066913
0.0536,0.063,46,0.006985,19.786511825985542,0.9359987752336626,0.013343010875904211
0.0536,0.063,46,0.007620000000000001,19.778854097103306,0.9698428290719929,0.013821618931043155
0.0536,0.063,46,0.008255,19.770626880370912,1.006224844367462,0.014335819976818478
0.0536,0.063,46,0.008889999999999999,19.761834130455725,1.0451318714832536,0.014885366846516326
0.0536,0.063,46,0.009524999999999999,19.75248014472203,1.0865497192489602,0.01546999095487265
0.0536,0.063,46,0.01016,19.742569562655376,1.1304629464742522,0.016089402334037235
0.0536,0.063,46,0.010794999999999999,19.732107364368858,1.176854856726731,0.01674328972694635
0.0536,0.063,46,0.01143,19.72109886823256,1.2257074962170358,0.017431320735466074
0.0536,0.063,46,0.012065,19.70954972766515,1.277001654656756,0.018153142020926837
0.0536,0.063,47,0.006985,19.786342135937787,0.9367485317926423,0.013353616503888124
0.0536,0.063,47,0.007620000000000001,19.77851837505051,0.971327016520207,0.013842601559343304
0.0536,0.063,47,0.008255,19.77011310169047,1.0084975766394657,0.014367931144345964
0.0536,0.063,47,0.008889999999999999,19.761130425315002,1.0482467740720751,0.01492934841781379
0.0536,0.063,47,0.009524999999999999,19.751574809539477,1.090559889486331,0.015526574403781074
0.0536,0.063,47,0.01016,19.74145107135695,1.135420914081073,0.01615930804019108
0.0536,0.063,47,0.010794999999999999,19.73076437940574,1.182812544739442,0.016827226287142734
0.0536,0.063,47,0.01143,19.719520251330266,1.2327161823911523,0.01752998429185896
0.0536,0.063,47,0.012065,19.70772455027361,1.2851119334447425,0.01826721560790043
0.0536,0.063,48,0.006985,19.786172452299297,0.9374982693020745,0.013364221731294684
0.0536,0.063,48,0.007620000000000001,19.778182678107157,0.9728111292779267,0.013863582618301505
0.0536,0.063,48,0.008255,19.76959938187315,1.010770133666109,0.014400038632927858
0.0536,0.063,48,0.008889999999999999,19.760426830713016,1.0513613472640526,0.014973323080435037
0.0536,0.063,48,0.009524999999999999,19.750669657513754,1.094569513393829,0.015583146405388954
0.0536,0.063,48,0.01016,19.740332859936643,1.1403780459814066,0.016229196253961457
0.0536,0.063,48,0.010794999999999999,19.72942179843568,1.1887690251130918,0.016911137597770055
0.0536,0.063,48,0.01143,19.71794219333725,1.2397231959033232,0.017628612916423425
0.0536,0.063,48,0.012065,19.705900121020818,1.2932199705311098,0.018381242436197643
0.0536,0.063,49,0.006985,19.786002775069676,0.9382479877626857,0.013374826558146376
0.0536,0.063,49,0.007620000000000001,19.777847006270576,0.97429516735079,0.013884562108090328
0.0536,0.063,49,0.008255,19.76908572090906,1.0130425154676606,0.014432142443184068
0.0536,0.063,49,0.008889999999999999,19.759723346624355,1.0544755911114336,0.015017290835976029
0.0536,0.063,49,0.009524999999999999,19.749764688590346,1.0985785910830914,0.015639706963102018
0.0536,0.063,49,0.01016,19.739214928291403,1.1453343423865332,0.016299066981785532
0.0536,0.063,49,0.010794999999999999,19.728079621280017,1.1947242982148294,0.01699502366999888
0.0536,0.063,49,0.01143,19.71636469396242,1.2467285373522619,0.017727206627348162
0.0536,0.063,49,0.012065,19.70407643945589,1.3013257668451474,0.018495222534005953
0.0536,0.063,50,0.006985,19.78583310424858,0.9389976871752009,0.013385430984465296
0.0536,0.063,50,0.007620000000000001,19.77751135953787,0.9757791307444343,0.013905540028882328
0.0536,0.063,50,0.008255,19.768572118788256,1.0153147220643852,0.014464242575734467
0.0536,0.063,50,0.008889999999999999,19.7590199730235,1.057589505666454,0.015061251686032484
0.0536,0.063,50,0.009524999999999999,19.7488599027148,1.1025871226657253,0.015696256080325162
0.0536,0.063,50,0.01016,19.738097276318456,1.150289803507661,0.016368920230097762
0.0536,0.063,50,0.010794999999999999,19.72673784776009,1.2006783644116572,0.0170788845149935
0.0536,0.063,50,0.01143,19.714787752915015,1.2537322073363961,0.017825765442809848
0.0536,0.063,50,0.012065,19.70225350512817,1.3094293233156313,0.018609155929490508
