Aletas,D_in_PVC (mm),D_out_PVC (mm),D_aleta (mm),Proporción Serpentín,C_coil (mm),T_out_hot (°C),UA Total (W/K),Efectividad,Altura Serpentín (m),Número de Vueltas
0,8.0,10.0,6.985,0.9,7.2,9.5428,78.4267,0.6536,0.375,38.7073
0,8.0,10.0,7.62,0.9,7.2,9.5428,78.4267,0.6536,0.375,38.7073
0,8.0,10.0,8.255,0.9,7.2,9.5428,78.4267,0.6536,0.375,38.7073
0,8.0,10.0,8.89,0.9,7.2,9.5428,78.4267,0.6536,0.375,38.7073
0,8.0,10.0,9.525,0.9,7.2,9.5428,78.4267,0.6536,0.375,38.7073
0,8.0,10.0,10.16,0.9,7.2,9.5428,78.4267,0.6536,0.375,38.7073
0,8.0,10.0,10.795,0.9,7.2,9.5428,78.4267,0.6536,0.375,38.7073
0,8.0,10.0,11.43,0.9,7.2,9.5428,78.4267,0.6536,0.375,38.7073
0,8.0,10.0,12.065,0.9,7.2,9.5428,78.4267,0.6536,0.375,38.7073
0,10.0,12.0,6.985,0.7,7.0,11.5127,55.154,0.5305,0.3839,39.6406
0,10.0,12.0,7.62,0.7,7.0,11.5127,55.154,0.5305,0.3839,39.6406
0,10.0,12.0,8.255,0.7,7.0,11.5127,55.154,0.5305,0.3839,39.6406
0,10.0,12.0,8.89,0.7,7.0,11.5127,55.154,0.5305,0.3839,39.6406
0,10.0,12.0,9.525,0.7,7.0,11.5127,55.154,0.5305,0.3839,39.6406
0,10.0,12.0,10.16,0.7,7.0,11.5127,55.154,0.5305,0.3839,39.6406
0,10.0,12.0,10.795,0.7,7.0,11.5127,55.154,0.5305,0.3839,39.6406
0,10.0,12.0,11.43,0.7,7.0,11.5127,55.154,0.5305,0.3839,39.6406
0,10.0,12.0,12.065,0.7,7.0,11.5127,55.154,0.5305,0.3839,39.6406
0,10.0,12.0,6.985,0.8,8.0,11.6066,54.2141,0.5246,0.343,35.346
0,10.0,12.0,7.62,0.8,8.0,11.6066,54.2141,0.5246,0.343,35.346
0,10.0,12.0,8.255,0.8,8.0,11.6066,54.2141,0.5246,0.343,35.346
0,10.0,12.0,8.89,0.8,8.0,11.6066,54.2141,0.5246,0.343,35.346
0,10.0,12.0,9.525,0.8,8.0,11.6066,54.2141,0.5246,0.343,35.346
0,10.0,12.0,10.16,0.8,8.0,11.6066,54.2141,0.5246,0.343,35.346
0,10.0,12.0,10.795,0.8,8.0,11.6066,54.2141,0.5246,0.343,35.346
0,10.0,12.0,11.43,0.8,8.0,11.6066,54.2141,0.5246,0.343,35.346
0,10.0,12.0,12.065,0.8,8.0,11.6066,54.2141,0.5246,0.343,35.346
0,10.0,12.0,6.985,0.9,9.0,11.6903,53.3862,0.5194,0.3096,31.8411
0,10.0,12.0,7.62,0.9,9.0,11.6903,53.3862,0.5194,0.3096,31.8411
0,10.0,12.0,8.255,0.9,9.0,11.6903,53.3862,0.5194,0.3096,31.8411
0,10.0,12.0,8.89,0.9,9.0,11.6903,53.3862,0.5194,0.3096,31.8411
0,10.0,12.0,9.525,0.9,9.0,11.6903,53.3862,0.5194,0.3096,31.8411
0,10.0,12.0,10.16,0.9,9.0,11.6903,53.3862,0.5194,0.3096,31.8411
0,10.0,12.0,10.795,0.9,9.0,11.6903,53.3862,0.5194,0.3096,31.8411
0,10.0,12.0,11.43,0.9,9.0,11.6903,53.3862,0.5194,0.3096,31.8411
0,10.0,12.0,12.065,0.9,9.0,11.6903,53.3862,0.5194,0.3096,31.8411
0,13.6,16.0,6.985,0.6,8.16,14.3443,31.2683,0.3535,0.3372,34.7378
0,13.6,16.0,7.62,0.6,8.16,14.3443,31.2683,0.3535,0.3372,34.7378
0,13.6,16.0,8.255,0.6,8.16,14.3443,31.2683,0.3535,0.3372,34.7378
0,13.6,16.0,8.89,0.6,8.16,14.3443,31.2683,0.3535,0.3372,34.7378
0,13.6,16.0,9.525,0.6,8.16,14.3443,31.2683,0.3535,0.3372,34.7378
0,13.6,16.0,10.16,0.6,8.16,14.3443,31.2683,0.3535,0.3372,34.7378
0,13.6,16.0,10.795,0.6,8.16,14.3443,31.2683,0.3535,0.3372,34.7378
0,13.6,16.0,11.43,0.6,8.16,14.3443,31.2683,0.3535,0.3372,34.7378
0,13.6,16.0,12.065,0.6,8.16,14.3443,31.2683,0.3535,0.3372,34.7378
0,13.6,16.0,6.985,0.7,9.52,14.3958,30.9031,0.3503,0.2946,30.2663
0,13.6,16.0,7.62,0.7,9.52,14.3958,30.9031,0.3503,0.2946,30.2663
0,13.6,16.0,8.255,0.7,9.52,14.3958,30.9031,0.3503,0.2946,30.2663
0,13.6,16.0,8.89,0.7,9.52,14.3958,30.9031,0.3503,0.2946,30.2663
0,13.6,16.0,9.525,0.7,9.52,14.3958,30.9031,0.3503,0.2946,30.2663
0,13.6,16.0,10.16,0.7,9.52,14.3958,30.9031,0.3503,0.2946,30.2663
0,13.6,16.0,10.795,0.7,9.52,14.3958,30.9031,0.3503,0.2946,30.2663
0,13.6,16.0,11.43,0.7,9.52,14.3958,30.9031,0.3503,0.2946,30.2663
0,13.6,16.0,12.065,0.7,9.52,14.3958,30.9031,0.3503,0.2946,30.2663
0,13.6,16.0,6.985,0.8,10.88,14.4412,30.5825,0.3474,0.2614,26.7735
0,13.6,16.0,7.62,0.8,10.88,14.4412,30.5825,0.3474,0.2614,26.7735
0,13.6,16.0,8.255,0.8,10.88,14.4412,30.5825,0.3474,0.2614,26.7735
0,13.6,16.0,8.89,0.8,10.88,14.4412,30.5825,0.3474,0.2614,26.7735
0,13.6,16.0,9.525,0.8,10.88,14.4412,30.5825,0.3474,0.2614,26.7735
0,13.6,16.0,10.16,0.8,10.88,14.4412,30.5825,0.3474,0.2614,26.7735
0,13.6,16.0,10.795,0.8,10.88,14.4412,30.5825,0.3474,0.2614,26.7735
0,13.6,16.0,11.43,0.8,10.88,14.4412,30.5825,0.3474,0.2614,26.7735
0,13.6,16.0,12.065,0.8,10.88,14.4412,30.5825,0.3474,0.2614,26.7735
0,13.6,16.0,6.985,0.9,12.24,14.4819,30.2966,0.3449,0.2348,23.9807
0,13.6,16.0,7.62,0.9,12.24,14.4819,30.2966,0.3449,0.2348,23.9807
0,13.6,16.0,8.255,0.9,12.24,14.4819,30.2966,0.3449,0.2348,23.9807
0,13.6,16.0,8.89,0.9,12.24,14.4819,30.2966,0.3449,0.2348,23.9807
0,13.6,16.0,9.525,0.9,12.24,14.4819,30.2966,0.3449,0.2348,23.9807
0,13.6,16.0,10.16,0.9,12.24,14.4819,30.2966,0.3449,0.2348,23.9807
0,13.6,16.0,10.795,0.9,12.24,14.4819,30.2966,0.3449,0.2348,23.9807
0,13.6,16.0,11.43,0.9,12.24,14.4819,30.2966,0.3449,0.2348,23.9807
0,13.6,16.0,12.065,0.9,12.24,14.4819,30.2966,0.3449,0.2348,23.9807
0,17.0,20.0,6.985,0.5,8.5,15.9974,20.4503,0.2502,0.3255,33.508
0,17.0,20.0,7.62,0.5,8.5,15.9974,20.4503,0.2502,0.3255,33.508
0,17.0,20.0,8.255,0.5,8.5,15.9974,20.4503,0.2502,0.3255,33.508
0,17.0,20.0,8.89,0.5,8.5,15.9974,20.4503,0.2502,0.3255,33.508
0,17.0,20.0,9.525,0.5,8.5,15.9974,20.4503,0.2502,0.3255,33.508
0,17.0,20.0,10.16,0.5,8.5,15.9974,20.4503,0.2502,0.3255,33.508
0,17.0,20.0,10.795,0.5,8.5,15.9974,20.4503,0.2502,0.3255,33.508
0,17.0,20.0,11.43,0.5,8.5,15.9974,20.4503,0.2502,0.3255,33.508
0,17.0,20.0,12.065,0.5,8.5,15.9974,20.4503,0.2502,0.3255,33.508
0,17.0,20.0,6.985,0.6,10.2,16.0285,20.2625,0.2482,0.277,28.4177
0,17.0,20.0,7.62,0.6,10.2,16.0285,20.2625,0.2482,0.277,28.4177
0,17.0,20.0,8.255,0.6,10.2,16.0285,20.2625,0.2482,0.277,28.4177
0,17.0,20.0,8.89,0.6,10.2,16.0285,20.2625,0.2482,0.277,28.4177
0,17.0,20.0,9.525,0.6,10.2,16.0285,20.2625,0.2482,0.277,28.4177
0,17.0,20.0,10.16,0.6,10.2,16.0285,20.2625,0.2482,0.277,28.4177
0,17.0,20.0,10.795,0.6,10.2,16.0285,20.2625,0.2482,0.277,28.4177
0,17.0,20.0,11.43,0.6,10.2,16.0285,20.2625,0.2482,0.277,28.4177
0,17.0,20.0,12.065,0.6,10.2,16.0285,20.2625,0.2482,0.277,28.4177
0,17.0,20.0,6.985,0.7,11.9,16.0556,20.0999,0.2465,0.2409,24.6246
0,17.0,20.0,7.62,0.7,11.9,16.0556,20.0999,0.2465,0.2409,24.6246
0,17.0,20.0,8.255,0.7,11.9,16.0556,20.0999,0.2465,0.2409,24.6246
0,17.0,20.0,8.89,0.7,11.9,16.0556,20.0999,0.2465,0.2409,24.6246
0,17.0,20.0,9.525,0.7,11.9,16.0556,20.0999,0.2465,0.2409,24.6246
0,17.0,20.0,10.16,0.7,11.9,16.0556,20.0999,0.2465,0.2409,24.6246
0,17.0,20.0,10.795,0.7,11.9,16.0556,20.0999,0.2465,0.2409,24.6246
0,17.0,20.0,11.43,0.7,11.9,16.0556,20.0999,0.2465,0.2409,24.6246
0,17.0,20.0,12.065,0.7,11.9,16.0556,20.0999,0.2465,0.2409,24.6246
0,17.0,20.0,6.985,0.8,13.6,16.0796,19.9561,0.245,0.2131,21.7021
0,17.0,20.0,7.62,0.8,13.6,16.0796,19.9561,0.245,0.2131,21.7021
0,17.0,20.0,8.255,0.8,13.6,16.0796,19.9561,0.245,0.2131,21.7021
0,17.0,20.0,8.89,0.8,13.6,16.0796,19.9561,0.245,0.2131,21.7021
0,17.0,20.0,9.525,0.8,13.6,16.0796,19.9561,0.245,0.2131,21.7021
0,17.0,20.0,10.16,0.8,13.6,16.0796,19.9561,0.245,0.2131,21.7021
0,17.0,20.0,10.795,0.8,13.6,16.0796,19.9561,0.245,0.2131,21.7021
0,17.0,20.0,11.43,0.8,13.6,16.0796,19.9561,0.245,0.2131,21.7021
0,17.0,20.0,12.065,0.8,13.6,16.0796,19.9561,0.245,0.2131,21.7021
0,17.0,20.0,6.985,0.9,15.3,16.1012,19.8271,0.2437,0.191,19.3873
0,17.0,20.0,7.62,0.9,15.3,16.1012,19.8271,0.2437,0.191,19.3873
0,17.0,20.0,8.255,0.9,15.3,16.1012,19.8271,0.2437,0.191,19.3873
0,17.0,20.0,8.89,0.9,15.3,16.1012,19.8271,0.2437,0.191,19.3873
0,17.0,20.0,9.525,0.9,15.3,16.1012,19.8271,0.2437,0.191,19.3873
0,17.0,20.0,10.16,0.9,15.3,16.1012,19.8271,0.2437,0.191,19.3873
0,17.0,20.0,10.795,0.9,15.3,16.1012,19.8271,0.2437,0.191,19.3873
0,17.0,20.0,11.43,0.9,15.3,16.1012,19.8271,0.2437,0.191,19.3873
0,17.0,20.0,12.065,0.9,15.3,16.1012,19.8271,0.2437,0.191,19.3873
0,22.0,25.0,6.985,0.4,8.8,17.4145,12.4263,0.1616,0.3158,32.4888
0,22.0,25.0,7.62,0.4,8.8,17.4145,12.4263,0.1616,0.3158,32.4888
0,22.0,25.0,8.255,0.4,8.8,17.4145,12.4263,0.1616,0.3158,32.4888
0,22.0,25.0,8.89,0.4,8.8,17.4145,12.4263,0.1616,0.3158,32.4888
0,22.0,25.0,9.525,0.4,8.8,17.4145,12.4263,0.1616,0.3158,32.4888
0,22.0,25.0,10.16,0.4,8.8,17.4145,12.4263,0.1616,0.3158,32.4888
0,22.0,25.0,10.795,0.4,8.8,17.4145,12.4263,0.1616,0.3158,32.4888
0,22.0,25.0,11.43,0.4,8.8,17.4145,12.4263,0.1616,0.3158,32.4888
0,22.0,25.0,12.065,0.4,8.8,17.4145,12.4263,0.1616,0.3158,32.4888
0,22.0,25.0,6.985,0.5,11.0,17.4307,12.3401,0.1606,0.2588,26.5021
0,22.0,25.0,7.62,0.5,11.0,17.4307,12.3401,0.1606,0.2588,26.5021
0,22.0,25.0,8.255,0.5,11.0,17.4307,12.3401,0.1606,0.2588,26.5021
0,22.0,25.0,8.89,0.5,11.0,17.4307,12.3401,0.1606,0.2588,26.5021
0,22.0,25.0,9.525,0.5,11.0,17.4307,12.3401,0.1606,0.2588,26.5021
0,22.0,25.0,10.16,0.5,11.0,17.4307,12.3401,0.1606,0.2588,26.5021
0,22.0,25.0,10.795,0.5,11.0,17.4307,12.3401,0.1606,0.2588,26.5021
0,22.0,25.0,11.43,0.5,11.0,17.4307,12.3401,0.1606,0.2588,26.5021
0,22.0,25.0,12.065,0.5,11.0,17.4307,12.3401,0.1606,0.2588,26.5021
0,22.0,25.0,6.985,0.6,13.2,17.4445,12.2671,0.1597,0.219,22.3273
0,22.0,25.0,7.62,0.6,13.2,17.4445,12.2671,0.1597,0.219,22.3273
0,22.0,25.0,8.255,0.6,13.2,17.4445,12.2671,0.1597,0.219,22.3273
0,22.0,25.0,8.89,0.6,13.2,17.4445,12.2671,0.1597,0.219,22.3273
0,22.0,25.0,9.525,0.6,13.2,17.4445,12.2671,0.1597,0.219,22.3273
0,22.0,25.0,10.16,0.6,13.2,17.4445,12.2671,0.1597,0.219,22.3273
0,22.0,25.0,10.795,0.6,13.2,17.4445,12.2671,0.1597,0.219,22.3273
0,22.0,25.0,11.43,0.6,13.2,17.4445,12.2671,0.1597,0.219,22.3273
0,22.0,25.0,12.065,0.6,13.2,17.4445,12.2671,0.1597,0.219,22.3273
0,22.0,25.0,6.985,0.7,15.4,17.4565,12.2034,0.159,0.1899,19.2662
0,22.0,25.0,7.62,0.7,15.4,17.4565,12.2034,0.159,0.1899,19.2662
0,22.0,25.0,8.255,0.7,15.4,17.4565,12.2034,0.159,0.1899,19.2662
0,22.0,25.0,8.89,0.7,15.4,17.4565,12.2034,0.159,0.1899,19.2662
0,22.0,25.0,9.525,0.7,15.4,17.4565,12.2034,0.159,0.1899,19.2662
0,22.0,25.0,10.16,0.7,15.4,17.4565,12.2034,0.159,0.1899,19.2662
0,22.0,25.0,10.795,0.7,15.4,17.4565,12.2034,0.159,0.1899,19.2662
0,22.0,25.0,11.43,0.7,15.4,17.4565,12.2034,0.159,0.1899,19.2662
0,22.0,25.0,12.065,0.7,15.4,17.4565,12.2034,0.159,0.1899,19.2662
0,22.0,25.0,6.985,0.8,17.6,17.4672,12.1468,0.1583,0.1676,16.9321
0,22.0,25.0,7.62,0.8,17.6,17.4672,12.1468,0.1583,0.1676,16.9321
0,22.0,25.0,8.255,0.8,17.6,17.4672,12.1468,0.1583,0.1676,16.9321
0,22.0,25.0,8.89,0.8,17.6,17.4672,12.1468,0.1583,0.1676,16.9321
0,22.0,25.0,9.525,0.8,17.6,17.4672,12.1468,0.1583,0.1676,16.9321
0,22.0,25.0,10.16,0.8,17.6,17.4672,12.1468,0.1583,0.1676,16.9321
0,22.0,25.0,10.795,0.8,17.6,17.4672,12.1468,0.1583,0.1676,16.9321
0,22.0,25.0,11.43,0.8,17.6,17.4672,12.1468,0.1583,0.1676,16.9321
0,22.0,25.0,12.065,0.8,17.6,17.4672,12.1468,0.1583,0.1676,16.9321
0,22.0,25.0,6.985,0.9,19.8,17.4768,12.0957,0.1577,0.1501,15.0965
0,22.0,25.0,7.62,0.9,19.8,17.4768,12.0957,0.1577,0.1501,15.0965
0,22.0,25.0,8.255,0.9,19.8,17.4768,12.0957,0.1577,0.1501,15.0965
0,22.0,25.0,8.89,0.9,19.8,17.4768,12.0957,0.1577,0.1501,15.0965
0,22.0,25.0,9.525,0.9,19.8,17.4768,12.0957,0.1577,0.1501,15.0965
0,22.0,25.0,10.16,0.9,19.8,17.4768,12.0957,0.1577,0.1501,15.0965
0,22.0,25.0,10.795,0.9,19.8,17.4768,12.0957,0.1577,0.1501,15.0965
0,22.0,25.0,11.43,0.9,19.8,17.4768,12.0957,0.1577,0.1501,15.0965
0,22.0,25.0,12.065,0.9,19.8,17.4768,12.0957,0.1577,0.1501,15.0965
0,27.2,32.0,6.985,0.3,8.16,18.2251,8.256,0.1109,0.3372,34.7378
0,27.2,32.0,7.62,0.3,8.16,18.2251,8.256,0.1109,0.3372,34.7378
0,27.2,32.0,8.255,0.3,8.16,18.2251,8.256,0.1109,0.3372,34.7378
0,27.2,32.0,8.89,0.3,8.16,18.2251,8.256,0.1109,0.3372,34.7378
0,27.2,32.0,9.525,0.3,8.16,18.2251,8.256,0.1109,0.3372,34.7378
0,27.2,32.0,10.16,0.3,8.16,18.2251,8.256,0.1109,0.3372,34.7378
0,27.2,32.0,10.795,0.3,8.16,18.2251,8.256,0.1109,0.3372,34.7378
0,27.2,32.0,11.43,0.3,8.16,18.2251,8.256,0.1109,0.3372,34.7378
0,27.2,32.0,12.065,0.3,8.16,18.2251,8.256,0.1109,0.3372,34.7378
0,27.2,32.0,6.985,0.4,10.88,18.2348,8.2074,0.1103,0.2614,26.7735
0,27.2,32.0,7.62,0.4,10.88,18.2348,8.2074,0.1103,0.2614,26.7735
0,27.2,32.0,8.255,0.4,10.88,18.2348,8.2074,0.1103,0.2614,26.7735
0,27.2,32.0,8.89,0.4,10.88,18.2348,8.2074,0.1103,0.2614,26.7735
0,27.2,32.0,9.525,0.4,10.88,18.2348,8.2074,0.1103,0.2614,26.7735
0,27.2,32.0,10.16,0.4,10.88,18.2348,8.2074,0.1103,0.2614,26.7735
0,27.2,32.0,10.795,0.4,10.88,18.2348,8.2074,0.1103,0.2614,26.7735
0,27.2,32.0,11.43,0.4,10.88,18.2348,8.2074,0.1103,0.2614,26.7735
0,27.2,32.0,12.065,0.4,10.88,18.2348,8.2074,0.1103,0.2614,26.7735
0,27.2,32.0,6.985,0.5,13.6,18.2428,8.1677,0.1098,0.2131,21.7021
0,27.2,32.0,7.62,0.5,13.6,18.2428,8.1677,0.1098,0.2131,21.7021
0,27.2,32.0,8.255,0.5,13.6,18.2428,8.1677,0.1098,0.2131,21.7021
0,27.2,32.0,8.89,0.5,13.6,18.2428,8.1677,0.1098,0.2131,21.7021
0,27.2,32.0,9.525,0.5,13.6,18.2428,8.1677,0.1098,0.2131,21.7021
0,27.2,32.0,10.16,0.5,13.6,18.2428,8.1677,0.1098,0.2131,21.7021
0,27.2,32.0,10.795,0.5,13.6,18.2428,8.1677,0.1098,0.2131,21.7021
0,27.2,32.0,11.43,0.5,13.6,18.2428,8.1677,0.1098,0.2131,21.7021
0,27.2,32.0,12.065,0.5,13.6,18.2428,8.1677,0.1098,0.2131,21.7021
0,27.2,32.0,6.985,0.6,16.32,18.2496,8.1339,0.1094,0.1799,18.2174
0,27.2,32.0,7.62,0.6,16.32,18.2496,8.1339,0.1094,0.1799,18.2174
0,27.2,32.0,8.255,0.6,16.32,18.2496,8.1339,0.1094,0.1799,18.2174
0,27.2,32.0,8.89,0.6,16.32,18.2496,8.1339,0.1094,0.1799,18.2174
0,27.2,32.0,9.525,0.6,16.32,18.2496,8.1339,0.1094,0.1799,18.2174
0,27.2,32.0,10.16,0.6,16.32,18.2496,8.1339,0.1094,0.1799,18.2174
0,27.2,32.0,10.795,0.6,16.32,18.2496,8.1339,0.1094,0.1799,18.2174
0,27.2,32.0,11.43,0.6,16.32,18.2496,8.1339,0.1094,0.1799,18.2174
0,27.2,32.0,12.065,0.6,16.32,18.2496,8.1339,0.1094,0.1799,18.2174
0,27.2,32.0,6.985,0.7,19.04,18.2556,8.1044,0.109,0.1557,15.6844
0,27.2,32.0,7.62,0.7,19.04,18.2556,8.1044,0.109,0.1557,15.6844
0,27.2,32.0,8.255,0.7,19.04,18.2556,8.1044,0.109,0.1557,15.6844
0,27.2,32.0,8.89,0.7,19.04,18.2556,8.1044,0.109,0.1557,15.6844
0,27.2,32.0,9.525,0.7,19.04,18.2556,8.1044,0.109,0.1557,15.6844
0,27.2,32.0,10.16,0.7,19.04,18.2556,8.1044,0.109,0.1557,15.6844
0,27.2,32.0,10.795,0.7,19.04,18.2556,8.1044,0.109,0.1557,15.6844
0,27.2,32.0,11.43,0.7,19.04,18.2556,8.1044,0.109,0.1557,15.6844
0,27.2,32.0,12.065,0.7,19.04,18.2556,8.1044,0.109,0.1557,15.6844
0,27.2,32.0,6.985,0.8,21.76,18.2609,8.0781,0.1087,0.1375,13.7638
0,27.2,32.0,7.62,0.8,21.76,18.2609,8.0781,0.1087,0.1375,13.7638
0,27.2,32.0,8.255,0.8,21.76,18.2609,8.0781,0.1087,0.1375,13.7638
0,27.2,32.0,8.89,0.8,21.76,18.2609,8.0781,0.1087,0.1375,13.7638
0,27.2,32.0,9.525,0.8,21.76,18.2609,8.0781,0.1087,0.1375,13.7638
0,27.2,32.0,10.16,0.8,21.76,18.2609,8.0781,0.1087,0.1375,13.7638
0,27.2,32.0,10.795,0.8,21.76,18.2609,8.0781,0.1087,0.1375,13.7638
0,27.2,32.0,11.43,0.8,21.76,18.2609,8.0781,0.1087,0.1375,13.7638
0,27.2,32.0,12.065,0.8,21.76,18.2609,8.0781,0.1087,0.1375,13.7638
0,27.2,32.0,6.985,0.9,24.48,18.2657,8.0542,0.1084,0.1231,12.259
0,27.2,32.0,7.62,0.9,24.48,18.2657,8.0542,0.1084,0.1231,12.259
0,27.2,32.0,8.255,0.9,24.48,18.2657,8.0542,0.1084,0.1231,12.259
0,27.2,32.0,8.89,0.9,24.48,18.2657,8.0542,0.1084,0.1231,12.259
0,27.2,32.0,9.525,0.9,24.48,18.2657,8.0542,0.1084,0.1231,12.259
0,27.2,32.0,10.16,0.9,24.48,18.2657,8.0542,0.1084,0.1231,12.259
0,27.2,32.0,10.795,0.9,24.48,18.2657,8.0542,0.1084,0.1231,12.259
0,27.2,32.0,11.43,0.9,24.48,18.2657,8.0542,0.1084,0.1231,12.259
0,27.2,32.0,12.065,0.9,24.48,18.2657,8.0542,0.1084,0.1231,12.259
0,34.0,40.0,6.985,0.3,10.2,18.8225,5.3512,0.0736,0.277,28.4177
0,34.0,40.0,7.62,0.3,10.2,18.8225,5.3512,0.0736,0.277,28.4177
0,34.0,40.0,8.255,0.3,10.2,18.8225,5.3512,0.0736,0.277,28.4177
0,34.0,40.0,8.89,0.3,10.2,18.8225,5.3512,0.0736,0.277,28.4177
0,34.0,40.0,9.525,0.3,10.2,18.8225,5.3512,0.0736,0.277,28.4177
0,34.0,40.0,10.16,0.3,10.2,18.8225,5.3512,0.0736,0.277,28.4177
0,34.0,40.0,10.795,0.3,10.2,18.8225,5.3512,0.0736,0.277,28.4177
0,34.0,40.0,11.43,0.3,10.2,18.8225,5.3512,0.0736,0.277,28.4177
0,34.0,40.0,12.065,0.3,10.2,18.8225,5.3512,0.0736,0.277,28.4177
0,34.0,40.0,6.985,0.4,13.6,18.8271,5.3296,0.0733,0.2131,21.7021
0,34.0,40.0,7.62,0.4,13.6,18.8271,5.3296,0.0733,0.2131,21.7021
0,34.0,40.0,8.255,0.4,13.6,18.8271,5.3296,0.0733,0.2131,21.7021
0,34.0,40.0,8.89,0.4,13.6,18.8271,5.3296,0.0733,0.2131,21.7021
0,34.0,40.0,9.525,0.4,13.6,18.8271,5.3296,0.0733,0.2131,21.7021
0,34.0,40.0,10.16,0.4,13.6,18.8271,5.3296,0.0733,0.2131,21.7021
0,34.0,40.0,10.795,0.4,13.6,18.8271,5.3296,0.0733,0.2131,21.7021
0,34.0,40.0,11.43,0.4,13.6,18.8271,5.3296,0.0733,0.2131,21.7021
0,34.0,40.0,12.065,0.4,13.6,18.8271,5.3296,0.0733,0.2131,21.7021
0,34.0,40.0,6.985,0.5,17.0,18.8308,5.3119,0.0731,0.1731,17.5116
0,34.0,40.0,7.62,0.5,17.0,18.8308,5.3119,0.0731,0.1731,17.5116
0,34.0,40.0,8.255,0.5,17.0,18.8308,5.3119,0.0731,0.1731,17.5116
0,34.0,40.0,8.89,0.5,17.0,18.8308,5.3119,0.0731,0.1731,17.5116
0,34.0,40.0,9.525,0.5,17.0,18.8308,5.3119,0.0731,0.1731,17.5116
0,34.0,40.0,10.16,0.5,17.0,18.8308,5.3119,0.0731,0.1731,17.5116
0,34.0,40.0,10.795,0.5,17.0,18.8308,5.3119,0.0731,0.1731,17.5116
0,34.0,40.0,11.43,0.5,17.0,18.8308,5.3119,0.0731,0.1731,17.5116
0,34.0,40.0,12.065,0.5,17.0,18.8308,5.3119,0.0731,0.1731,17.5116
0,34.0,40.0,6.985,0.6,20.4,18.834,5.2968,0.0729,0.146,14.6622
0,34.0,40.0,7.62,0.6,20.4,18.834,5.2968,0.0729,0.146,14.6622
0,34.0,40.0,8.255,0.6,20.4,18.834,5.2968,0.0729,0.146,14.6622
0,34.0,40.0,8.89,0.6,20.4,18.834,5.2968,0.0729,0.146,14.6622
0,34.0,40.0,9.525,0.6,20.4,18.834,5.2968,0.0729,0.146,14.6622
0,34.0,40.0,10.16,0.6,20.4,18.834,5.2968,0.0729,0.146,14.6622
0,34.0,40.0,10.795,0.6,20.4,18.834,5.2968,0.0729,0.146,14.6622
0,34.0,40.0,11.43,0.6,20.4,18.834,5.2968,0.0729,0.146,14.6622
0,34.0,40.0,12.065,0.6,20.4,18.834,5.2968,0.0729,0.146,14.6622
0,34.0,40.0,6.985,0.7,23.8,18.8368,5.2835,0.0727,0.1264,12.6038
0,34.0,40.0,7.62,0.7,23.8,18.8368,5.2835,0.0727,0.1264,12.6038
0,34.0,40.0,8.255,0.7,23.8,18.8368,5.2835,0.0727,0.1264,12.6038
0,34.0,40.0,8.89,0.7,23.8,18.8368,5.2835,0.0727,0.1264,12.6038
0,34.0,40.0,9.525,0.7,23.8,18.8368,5.2835,0.0727,0.1264,12.6038
0,34.0,40.0,10.16,0.7,23.8,18.8368,5.2835,0.0727,0.1264,12.6038
0,34.0,40.0,10.795,0.7,23.8,18.8368,5.2835,0.0727,0.1264,12.6038
0,34.0,40.0,11.43,0.7,23.8,18.8368,5.2835,0.0727,0.1264,12.6038
0,34.0,40.0,12.065,0.7,23.8,18.8368,5.2835,0.0727,0.1264,12.6038
0,34.0,40.0,6.985,0.8,27.2,18.8393,5.2717,0.0725,0.1116,11.049
0,34.0,40.0,7.62,0.8,27.2,18.8393,5.2717,0.0725,0.1116,11.049
0,34.0,40.0,8.255,0.8,27.2,18.8393,5.2717,0.0725,0.1116,11.049
0,34.0,40.0,8.89,0.8,27.2,18.8393,5.2717,0.0725,0.1116,11.049
0,34.0,40.0,9.525,0.8,27.2,18.8393,5.2717,0.0725,0.1116,11.049
0,34.0,40.0,10.16,0.8,27.2,18.8393,5.2717,0.0725,0.1116,11.049
0,34.0,40.0,10.795,0.8,27.2,18.8393,5.2717,0.0725,0.1116,11.049
0,34.0,40.0,11.43,0.8,27.2,18.8393,5.2717,0.0725,0.1116,11.049
0,34.0,40.0,12.065,0.8,27.2,18.8393,5.2717,0.0725,0.1116,11.049
0,34.0,40.0,6.985,0.9,30.6,18.8416,5.261,0.0724,0.1,9.834
0,34.0,40.0,7.62,0.9,30.6,18.8416,5.261,0.0724,0.1,9.834
0,34.0,40.0,8.255,0.9,30.6,18.8416,5.261,0.0724,0.1,9.834
0,34.0,40.0,8.89,0.9,30.6,18.8416,5.261,0.0724,0.1,9.834
0,34.0,40.0,9.525,0.9,30.6,18.8416,5.261,0.0724,0.1,9.834
0,34.0,40.0,10.16,0.9,30.6,18.8416,5.261,0.0724,0.1,9.834
0,34.0,40.0,10.795,0.9,30.6,18.8416,5.261,0.0724,0.1,9.834
0,34.0,40.0,11.43,0.9,30.6,18.8416,5.261,0.0724,0.1,9.834
0,34.0,40.0,12.065,0.9,30.6,18.8416,5.261,0.0724,0.1,9.834
0,42.6,50.0,6.985,0.2,8.52,19.222,3.4829,0.0486,0.3248,33.4382
0,42.6,50.0,7.62,0.2,8.52,19.222,3.4829,0.0486,0.3248,33.4382
0,42.6,50.0,8.255,0.2,8.52,19.222,3.4829,0.0486,0.3248,33.4382
0,42.6,50.0,8.89,0.2,8.52,19.222,3.4829,0.0486,0.3248,33.4382
0,42.6,50.0,9.525,0.2,8.52,19.222,3.4829,0.0486,0.3248,33.4382
0,42.6,50.0,10.16,0.2,8.52,19.222,3.4829,0.0486,0.3248,33.4382
0,42.6,50.0,10.795,0.2,8.52,19.222,3.4829,0.0486,0.3248,33.4382
0,42.6,50.0,11.43,0.2,8.52,19.222,3.4829,0.0486,0.3248,33.4382
0,42.6,50.0,12.065,0.2,8.52,19.222,3.4829,0.0486,0.3248,33.4382
0,42.6,50.0,6.985,0.3,12.78,19.2247,3.4704,0.0485,0.2256,23.0225
0,42.6,50.0,7.62,0.3,12.78,19.2247,3.4704,0.0485,0.2256,23.0225
0,42.6,50.0,8.255,0.3,12.78,19.2247,3.4704,0.0485,0.2256,23.0225
0,42.6,50.0,8.89,0.3,12.78,19.2247,3.4704,0.0485,0.2256,23.0225
0,42.6,50.0,9.525,0.3,12.78,19.2247,3.4704,0.0485,0.2256,23.0225
0,42.6,50.0,10.16,0.3,12.78,19.2247,3.4704,0.0485,0.2256,23.0225
0,42.6,50.0,10.795,0.3,12.78,19.2247,3.4704,0.0485,0.2256,23.0225
0,42.6,50.0,11.43,0.3,12.78,19.2247,3.4704,0.0485,0.2256,23.0225
0,42.6,50.0,12.065,0.3,12.78,19.2247,3.4704,0.0485,0.2256,23.0225
0,42.6,50.0,6.985,0.4,17.04,19.2268,3.4608,0.0483,0.1728,17.4717
0,42.6,50.0,7.62,0.4,17.04,19.2268,3.4608,0.0483,0.1728,17.4717
0,42.6,50.0,8.255,0.4,17.04,19.2268,3.4608,0.0483,0.1728,17.4717
0,42.6,50.0,8.89,0.4,17.04,19.2268,3.4608,0.0483,0.1728,17.4717
0,42.6,50.0,9.525,0.4,17.04,19.2268,3.4608,0.0483,0.1728,17.4717
0,42.6,50.0,10.16,0.4,17.04,19.2268,3.4608,0.0483,0.1728,17.4717
0,42.6,50.0,10.795,0.4,17.04,19.2268,3.4608,0.0483,0.1728,17.4717
0,42.6,50.0,11.43,0.4,17.04,19.2268,3.4608,0.0483,0.1728,17.4717
0,42.6,50.0,12.065,0.4,17.04,19.2268,3.4608,0.0483,0.1728,17.4717
0,42.6,50.0,6.985,0.5,21.3,19.2285,3.4529,0.0482,0.1402,14.0552
0,42.6,50.0,7.62,0.5,21.3,19.2285,3.4529,0.0482,0.1402,14.0552
0,42.6,50.0,8.255,0.5,21.3,19.2285,3.4529,0.0482,0.1402,14.0552
0,42.6,50.0,8.89,0.5,21.3,19.2285,3.4529,0.0482,0.1402,14.0552
0,42.6,50.0,9.525,0.5,21.3,19.2285,3.4529,0.0482,0.1402,14.0552
0,42.6,50.0,10.16,0.5,21.3,19.2285,3.4529,0.0482,0.1402,14.0552
0,42.6,50.0,10.795,0.5,21.3,19.2285,3.4529,0.0482,0.1402,14.0552
0,42.6,50.0,11.43,0.5,21.3,19.2285,3.4529,0.0482,0.1402,14.0552
0,42.6,50.0,12.065,0.5,21.3,19.2285,3.4529,0.0482,0.1402,14.0552
0,42.6,50.0,6.985,0.6,25.56,19.23,3.4461,0.0481,0.1183,11.7484
0,42.6,50.0,7.62,0.6,25.56,19.23,3.4461,0.0481,0.1183,11.7484
0,42.6,50.0,8.255,0.6,25.56,19.23,3.4461,0.0481,0.1183,11.7484
0,42.6,50.0,8.89,0.6,25.56,19.23,3.4461,0.0481,0.1183,11.7484
0,42.6,50.0,9.525,0.6,25.56,19.23,3.4461,0.0481,0.1183,11.7484
0,42.6,50.0,10.16,0.6,25.56,19.23,3.4461,0.0481,0.1183,11.7484
0,42.6,50.0,10.795,0.6,25.56,19.23,3.4461,0.0481,0.1183,11.7484
0,42.6,50.0,11.43,0.6,25.56,19.23,3.4461,0.0481,0.1183,11.7484
0,42.6,50.0,12.065,0.6,25.56,19.23,3.4461,0.0481,0.1183,11.7484
0,42.6,50.0,6.985,0.7,29.82,19.2313,3.4402,0.048,0.1024,10.0886
0,42.6,50.0,7.62,0.7,29.82,19.2313,3.4402,0.048,0.1024,10.0886
0,42.6,50.0,8.255,0.7,29.82,19.2313,3.4402,0.048,0.1024,10.0886
0,42.6,50.0,8.89,0.7,29.82,19.2313,3.4402,0.048,0.1024,10.0886
0,42.6,50.0,9.525,0.7,29.82,19.2313,3.4402,0.048,0.1024,10.0886
0,42.6,50.0,10.16,0.7,29.82,19.2313,3.4402,0.048,0.1024,10.0886
0,42.6,50.0,10.795,0.7,29.82,19.2313,3.4402,0.048,0.1024,10.0886
0,42.6,50.0,11.43,0.7,29.82,19.2313,3.4402,0.048,0.1024,10.0886
0,42.6,50.0,12.065,0.7,29.82,19.2313,3.4402,0.048,0.1024,10.0886
0,42.6,50.0,6.985,0.8,34.08,19.2324,3.4349,0.048,0.0905,8.8382
0,42.6,50.0,7.62,0.8,34.08,19.2324,3.4349,0.048,0.0905,8.8382
0,42.6,50.0,8.255,0.8,34.08,19.2324,3.4349,0.048,0.0905,8.8382
0,42.6,50.0,8.89,0.8,34.08,19.2324,3.4349,0.048,0.0905,8.8382
0,42.6,50.0,9.525,0.8,34.08,19.2324,3.4349,0.048,0.0905,8.8382
0,42.6,50.0,10.16,0.8,34.08,19.2324,3.4349,0.048,0.0905,8.8382
0,42.6,50.0,10.795,0.8,34.08,19.2324,3.4349,0.048,0.0905,8.8382
0,42.6,50.0,11.43,0.8,34.08,19.2324,3.4349,0.048,0.0905,8.8382
0,42.6,50.0,12.065,0.8,34.08,19.2324,3.4349,0.048,0.0905,8.8382
0,42.6,50.0,6.985,0.9,38.34,19.2335,3.4301,0.0479,0.0812,7.8626
0,42.6,50.0,7.62,0.9,38.34,19.2335,3.4301,0.0479,0.0812,7.8626
0,42.6,50.0,8.255,0.9,38.34,19.2335,3.4301,0.0479,0.0812,7.8626
0,42.6,50.0,8.89,0.9,38.34,19.2335,3.4301,0.0479,0.0812,7.8626
0,42.6,50.0,9.525,0.9,38.34,19.2335,3.4301,0.0479,0.0812,7.8626
0,42.6,50.0,10.16,0.9,38.34,19.2335,3.4301,0.0479,0.0812,7.8626
0,42.6,50.0,10.795,0.9,38.34,19.2335,3.4301,0.0479,0.0812,7.8626
0,42.6,50.0,11.43,0.9,38.34,19.2335,3.4301,0.0479,0.0812,7.8626
0,42.6,50.0,12.065,0.9,38.34,19.2335,3.4301,0.0479,0.0812,7.8626
0,53.6,63.0,6.985,0.2,10.72,19.4926,2.2485,0.0317,0.2649,27.1437
0,53.6,63.0,7.62,0.2,10.72,19.4926,2.2485,0.0317,0.2649,27.1437
0,53.6,63.0,8.255,0.2,10.72,19.4926,2.2485,0.0317,0.2649,27.1437
0,53.6,63.0,8.89,0.2,10.72,19.4926,2.2485,0.0317,0.2649,27.1437
0,53.6,63.0,9.525,0.2,10.72,19.4926,2.2485,0.0317,0.2649,27.1437
0,53.6,63.0,10.16,0.2,10.72,19.4926,2.2485,0.0317,0.2649,27.1437
0,53.6,63.0,10.795,0.2,10.72,19.4926,2.2485,0.0317,0.2649,27.1437
0,53.6,63.0,11.43,0.2,10.72,19.4926,2.2485,0.0317,0.2649,27.1437
0,53.6,63.0,12.065,0.2,10.72,19.4926,2.2485,0.0317,0.2649,27.1437
0,53.6,63.0,6.985,0.3,16.08,19.4939,2.243,0.0316,0.1824,18.48
0,53.6,63.0,7.62,0.3,16.08,19.4939,2.243,0.0316,0.1824,18.48
0,53.6,63.0,8.255,0.3,16.08,19.4939,2.243,0.0316,0.1824,18.48
0,53.6,63.0,8.89,0.3,16.08,19.4939,2.243,0.0316,0.1824,18.48
0,53.6,63.0,9.525,0.3,16.08,19.4939,2.243,0.0316,0.1824,18.48
0,53.6,63.0,10.16,0.3,16.08,19.4939,2.243,0.0316,0.1824,18.48
0,53.6,63.0,10.795,0.3,16.08,19.4939,2.243,0.0316,0.1824,18.48
0,53.6,63.0,11.43,0.3,16.08,19.4939,2.243,0.0316,0.1824,18.48
0,53.6,63.0,12.065,0.3,16.08,19.4939,2.243,0.0316,0.1824,18.48
0,53.6,63.0,6.985,0.4,21.44,19.4948,2.2387,0.0316,0.1394,13.9653
0,53.6,63.0,7.62,0.4,21.44,19.4948,2.2387,0.0316,0.1394,13.9653
0,53.6,63.0,8.255,0.4,21.44,19.4948,2.2387,0.0316,0.1394,13.9653
0,53.6,63.0,8.89,0.4,21.44,19.4948,2.2387,0.0316,0.1394,13.9653
0,53.6,63.0,9.525,0.4,21.44,19.4948,2.2387,0.0316,0.1394,13.9653
0,53.6,63.0,10.16,0.4,21.44,19.4948,2.2387,0.0316,0.1394,13.9653
0,53.6,63.0,10.795,0.4,21.44,19.4948,2.2387,0.0316,0.1394,13.9653
0,53.6,63.0,11.43,0.4,21.44,19.4948,2.2387,0.0316,0.1394,13.9653
0,53.6,63.0,12.065,0.4,21.44,19.4948,2.2387,0.0316,0.1394,13.9653
0,53.6,63.0,6.985,0.5,26.8,19.4956,2.2352,0.0315,0.1131,11.2119
0,53.6,63.0,7.62,0.5,26.8,19.4956,2.2352,0.0315,0.1131,11.2119
0,53.6,63.0,8.255,0.5,26.8,19.4956,2.2352,0.0315,0.1131,11.2119
0,53.6,63.0,8.89,0.5,26.8,19.4956,2.2352,0.0315,0.1131,11.2119
0,53.6,63.0,9.525,0.5,26.8,19.4956,2.2352,0.0315,0.1131,11.2119
0,53.6,63.0,10.16,0.5,26.8,19.4956,2.2352,0.0315,0.1131,11.2119
0,53.6,63.0,10.795,0.5,26.8,19.4956,2.2352,0.0315,0.1131,11.2119
0,53.6,63.0,11.43,0.5,26.8,19.4956,2.2352,0.0315,0.1131,11.2119
0,53.6,63.0,12.065,0.5,26.8,19.4956,2.2352,0.0315,0.1131,11.2119
0,53.6,63.0,6.985,0.6,32.16,19.4962,2.2322,0.0315,0.0955,9.3613
0,53.6,63.0,7.62,0.6,32.16,19.4962,2.2322,0.0315,0.0955,9.3613
0,53.6,63.0,8.255,0.6,32.16,19.4962,2.2322,0.0315,0.0955,9.3613
0,53.6,63.0,8.89,0.6,32.16,19.4962,2.2322,0.0315,0.0955,9.3613
0,53.6,63.0,9.525,0.6,32.16,19.4962,2.2322,0.0315,0.0955,9.3613
0,53.6,63.0,10.16,0.6,32.16,19.4962,2.2322,0.0315,0.0955,9.3613
0,53.6,63.0,10.795,0.6,32.16,19.4962,2.2322,0.0315,0.0955,9.3613
0,53.6,63.0,11.43,0.6,32.16,19.4962,2.2322,0.0315,0.0955,9.3613
0,53.6,63.0,12.065,0.6,32.16,19.4962,2.2322,0.0315,0.0955,9.3613
0,53.6,63.0,6.985,0.7,37.52,19.4968,2.2296,0.0314,0.0829,8.0334
0,53.6,63.0,7.62,0.7,37.52,19.4968,2.2296,0.0314,0.0829,8.0334
0,53.6,63.0,8.255,0.7,37.52,19.4968,2.2296,0.0314,0.0829,8.0334
0,53.6,63.0,8.89,0.7,37.52,19.4968,2.2296,0.0314,0.0829,8.0334
0,53.6,63.0,9.525,0.7,37.52,19.4968,2.2296,0.0314,0.0829,8.0334
0,53.6,63.0,10.16,0.7,37.52,19.4968,2.2296,0.0314,0.0829,8.0334
0,53.6,63.0,10.795,0.7,37.52,19.4968,2.2296,0.0314,0.0829,8.0334
0,53.6,63.0,11.43,0.7,37.52,19.4968,2.2296,0.0314,0.0829,8.0334
0,53.6,63.0,12.065,0.7,37.52,19.4968,2.2296,0.0314,0.0829,8.0334
0,53.6,63.0,6.985,0.8,42.88,19.4973,2.2273,0.0314,0.0734,7.0345
0,53.6,63.0,7.62,0.8,42.88,19.4973,2.2273,0.0314,0.0734,7.0345
0,53.6,63.0,8.255,0.8,42.88,19.4973,2.2273,0.0314,0.0734,7.0345
0,53.6,63.0,8.89,0.8,42.88,19.4973,2.2273,0.0314,0.0734,7.0345
0,53.6,63.0,9.525,0.8,42.88,19.4973,2.2273,0.0314,0.0734,7.0345
0,53.6,63.0,10.16,0.8,42.88,19.4973,2.2273,0.0314,0.0734,7.0345
0,53.6,63.0,10.795,0.8,42.88,19.4973,2.2273,0.0314,0.0734,7.0345
0,53.6,63.0,11.43,0.8,42.88,19.4973,2.2273,0.0314,0.0734,7.0345
0,53.6,63.0,12.065,0.8,42.88,19.4973,2.2273,0.0314,0.0734,7.0345
0,53.6,63.0,6.985,0.9,48.24,19.4978,2.2251,0.0314,0.0659,6.2562
0,53.6,63.0,7.62,0.9,48.24,19.4978,2.2251,0.0314,0.0659,6.2562
0,53.6,63.0,8.255,0.9,48.24,19.4978,2.2251,0.0314,0.0659,6.2562
0,53.6,63.0,8.89,0.9,48.24,19.4978,2.2251,0.0314,0.0659,6.2562
0,53.6,63.0,9.525,0.9,48.24,19.4978,2.2251,0.0314,0.0659,6.2562
0,53.6,63.0,10.16,0.9,48.24,19.4978,2.2251,0.0314,0.0659,6.2562
0,53.6,63.0,10.795,0.9,48.24,19.4978,2.2251,0.0314,0.0659,6.2562
0,53.6,63.0,11.43,0.9,48.24,19.4978,2.2251,0.0314,0.0659,6.2562
0,53.6,63.0,12.065,0.9,48.24,19.4978,2.2251,0.0314,0.0659,6.2562
1,17.0,20.0,6.985,0.8,13.6,16.0773,19.9699,0.2452,0.2131,21.7021
1,17.0,20.0,6.985,0.9,15.3,16.0989,19.8407,0.2438,0.191,19.3873
1,17.0,20.0,7.62,0.9,15.3,16.0967,19.8541,0.244,0.191,19.3873
1,17.0,20.0,8.255,0.9,15.3,16.0943,19.8683,0.2441,0.191,19.3873
1,17.0,20.0,8.89,0.9,15.3,16.0918,19.8834,0.2443,0.191,19.3873
1,22.0,25.0,6.985,0.7,15.4,17.4547,12.2127,0.1591,0.1899,19.2662
1,22.0,25.0,7.62,0.7,15.4,17.453,12.2218,0.1592,0.1899,19.2662
1,22.0,25.0,8.255,0.7,15.4,17.4512,12.2316,0.1593,0.1899,19.2662
1,22.0,25.0,8.89,0.7,15.4,17.4492,12.2421,0.1594,0.1899,19.2662
1,22.0,25.0,6.985,0.8,17.6,17.4654,12.156,0.1584,0.1676,16.9321
1,22.0,25.0,7.62,0.8,17.6,17.4637,12.1651,0.1585,0.1676,16.9321
1,22.0,25.0,8.255,0.8,17.6,17.4619,12.1748,0.1586,0.1676,16.9321
1,22.0,25.0,8.89,0.8,17.6,17.4599,12.1851,0.1588,0.1676,16.9321
1,22.0,25.0,9.525,0.8,17.6,17.4579,12.1961,0.1589,0.1676,16.9321
1,22.0,25.0,10.16,0.8,17.6,17.4557,12.2077,0.159,0.1676,16.9321
1,22.0,25.0,10.795,0.8,17.6,17.4534,12.2199,0.1592,0.1676,16.9321
1,22.0,25.0,6.985,0.9,19.8,17.4751,12.1049,0.1578,0.1501,15.0965
1,22.0,25.0,7.62,0.9,19.8,17.4734,12.1139,0.1579,0.1501,15.0965
1,22.0,25.0,8.255,0.9,19.8,17.4716,12.1235,0.158,0.1501,15.0965
1,22.0,25.0,8.89,0.9,19.8,17.4696,12.1338,0.1581,0.1501,15.0965
1,22.0,25.0,9.525,0.9,19.8,17.4676,12.1447,0.1583,0.1501,15.0965
1,22.0,25.0,10.16,0.9,19.8,17.4654,12.1562,0.1584,0.1501,15.0965
1,22.0,25.0,10.795,0.9,19.8,17.4631,12.1682,0.1586,0.1501,15.0965
1,22.0,25.0,11.43,0.9,19.8,17.4607,12.1808,0.1587,0.1501,15.0965
1,22.0,25.0,12.065,0.9,19.8,17.4583,12.194,0.1589,0.1501,15.0965
1,27.2,32.0,6.985,0.5,13.6,18.2415,8.1743,0.1099,0.2131,21.7021
1,27.2,32.0,6.985,0.6,16.32,18.2483,8.1405,0.1095,0.1799,18.2174
1,27.2,32.0,7.62,0.6,16.32,18.247,8.1469,0.1096,0.1799,18.2174
1,27.2,32.0,8.255,0.6,16.32,18.2456,8.1538,0.1096,0.1799,18.2174
1,27.2,32.0,8.89,0.6,16.32,18.2441,8.1612,0.1097,0.1799,18.2174
1,27.2,32.0,9.525,0.6,16.32,18.2426,8.169,0.1098,0.1799,18.2174
1,27.2,32.0,6.985,0.7,19.04,18.2542,8.1109,0.1091,0.1557,15.6844
1,27.2,32.0,7.62,0.7,19.04,18.253,8.1173,0.1092,0.1557,15.6844
1,27.2,32.0,8.255,0.7,19.04,18.2516,8.1241,0.1093,0.1557,15.6844
1,27.2,32.0,8.89,0.7,19.04,18.2501,8.1314,0.1094,0.1557,15.6844
1,27.2,32.0,9.525,0.7,19.04,18.2485,8.1392,0.1095,0.1557,15.6844
1,27.2,32.0,10.16,0.7,19.04,18.2469,8.1474,0.1096,0.1557,15.6844
1,27.2,32.0,10.795,0.7,19.04,18.2452,8.1561,0.1097,0.1557,15.6844
1,27.2,32.0,11.43,0.7,19.04,18.2433,8.1652,0.1098,0.1557,15.6844
1,27.2,32.0,12.065,0.7,19.04,18.2414,8.1746,0.1099,0.1557,15.6844
1,27.2,32.0,6.985,0.8,21.76,18.2596,8.0845,0.1088,0.1375,13.7638
1,27.2,32.0,7.62,0.8,21.76,18.2583,8.0908,0.1089,0.1375,13.7638
1,27.2,32.0,8.255,0.8,21.76,18.2569,8.0976,0.1089,0.1375,13.7638
1,27.2,32.0,8.89,0.8,21.76,18.2555,8.1049,0.109,0.1375,13.7638
1,27.2,32.0,9.525,0.8,21.76,18.2539,8.1126,0.1091,0.1375,13.7638
1,27.2,32.0,10.16,0.8,21.76,18.2523,8.1208,0.1092,0.1375,13.7638
1,27.2,32.0,10.795,0.8,21.76,18.2505,8.1294,0.1093,0.1375,13.7638
1,27.2,32.0,11.43,0.8,21.76,18.2487,8.1384,0.1095,0.1375,13.7638
1,27.2,32.0,12.065,0.8,21.76,18.2468,8.1479,0.1096,0.1375,13.7638
1,27.2,32.0,6.985,0.9,24.48,18.2644,8.0607,0.1085,0.1231,12.259
1,27.2,32.0,7.62,0.9,24.48,18.2631,8.067,0.1086,0.1231,12.259
1,27.2,32.0,8.255,0.9,24.48,18.2617,8.0737,0.1086,0.1231,12.259
1,27.2,32.0,8.89,0.9,24.48,18.2603,8.081,0.1087,0.1231,12.259
1,27.2,32.0,9.525,0.9,24.48,18.2587,8.0886,0.1088,0.1231,12.259
1,27.2,32.0,10.16,0.9,24.48,18.2571,8.0967,0.1089,0.1231,12.259
1,27.2,32.0,10.795,0.9,24.48,18.2554,8.1053,0.109,0.1231,12.259
1,27.2,32.0,11.43,0.9,24.48,18.2536,8.1143,0.1092,0.1231,12.259
1,27.2,32.0,12.065,0.9,24.48,18.2517,8.1236,0.1093,0.1231,12.259
1,34.0,40.0,6.985,0.4,13.6,18.8262,5.3341,0.0734,0.2131,21.7021
1,34.0,40.0,6.985,0.5,17.0,18.8299,5.3163,0.0731,0.1731,17.5116
1,34.0,40.0,7.62,0.5,17.0,18.829,5.3207,0.0732,0.1731,17.5116
1,34.0,40.0,8.255,0.5,17.0,18.828,5.3254,0.0733,0.1731,17.5116
1,34.0,40.0,8.89,0.5,17.0,18.8269,5.3303,0.0733,0.1731,17.5116
1,34.0,40.0,9.525,0.5,17.0,18.8258,5.3357,0.0734,0.1731,17.5116
1,34.0,40.0,10.16,0.5,17.0,18.8246,5.3413,0.0735,0.1731,17.5116
1,34.0,40.0,6.985,0.6,20.4,18.8331,5.3012,0.0729,0.146,14.6622
1,34.0,40.0,7.62,0.6,20.4,18.8322,5.3055,0.073,0.146,14.6622
1,34.0,40.0,8.255,0.6,20.4,18.8312,5.3102,0.0731,0.146,14.6622
1,34.0,40.0,8.89,0.6,20.4,18.8301,5.3151,0.0731,0.146,14.6622
1,34.0,40.0,9.525,0.6,20.4,18.829,5.3204,0.0732,0.146,14.6622
1,34.0,40.0,10.16,0.6,20.4,18.8279,5.326,0.0733,0.146,14.6622
1,34.0,40.0,10.795,0.6,20.4,18.8266,5.3319,0.0733,0.146,14.6622
1,34.0,40.0,11.43,0.6,20.4,18.8253,5.3381,0.0734,0.146,14.6622
1,34.0,40.0,12.065,0.6,20.4,18.8239,5.3446,0.0735,0.146,14.6622
1,34.0,40.0,6.985,0.7,23.8,18.8359,5.2879,0.0728,0.1264,12.6038
1,34.0,40.0,7.62,0.7,23.8,18.835,5.2922,0.0728,0.1264,12.6038
1,34.0,40.0,8.255,0.7,23.8,18.834,5.2968,0.0729,0.1264,12.6038
1,34.0,40.0,8.89,0.7,23.8,18.833,5.3018,0.0729,0.1264,12.6038
1,34.0,40.0,9.525,0.7,23.8,18.8319,5.307,0.073,0.1264,12.6038
1,34.0,40.0,10.16,0.7,23.8,18.8307,5.3126,0.0731,0.1264,12.6038
1,34.0,40.0,10.795,0.7,23.8,18.8294,5.3185,0.0732,0.1264,12.6038
1,34.0,40.0,11.43,0.7,23.8,18.8281,5.3247,0.0732,0.1264,12.6038
1,34.0,40.0,12.065,0.7,23.8,18.8268,5.3311,0.0733,0.1264,12.6038
1,34.0,40.0,6.985,0.8,27.2,18.8384,5.2761,0.0726,0.1116,11.049
1,34.0,40.0,7.62,0.8,27.2,18.8375,5.2803,0.0727,0.1116,11.049
1,34.0,40.0,8.255,0.8,27.2,18.8365,5.2849,0.0727,0.1116,11.049
1,34.0,40.0,8.89,0.8,27.2,18.8355,5.2899,0.0728,0.1116,11.049
1,34.0,40.0,9.525,0.8,27.2,18.8344,5.2951,0.0729,0.1116,11.049
1,34.0,40.0,10.16,0.8,27.2,18.8332,5.3006,0.0729,0.1116,11.049
1,34.0,40.0,10.795,0.8,27.2,18.832,5.3065,0.073,0.1116,11.049
1,34.0,40.0,11.43,0.8,27.2,18.8307,5.3127,0.0731,0.1116,11.049
1,34.0,40.0,12.065,0.8,27.2,18.8293,5.3191,0.0732,0.1116,11.049
1,34.0,40.0,6.985,0.9,30.6,18.8406,5.2653,0.0725,0.1,9.834
1,34.0,40.0,7.62,0.9,30.6,18.8397,5.2696,0.0725,0.1,9.834
1,34.0,40.0,8.255,0.9,30.6,18.8388,5.2742,0.0726,0.1,9.834
1,34.0,40.0,8.89,0.9,30.6,18.8377,5.2791,0.0726,0.1,9.834
1,34.0,40.0,9.525,0.9,30.6,18.8366,5.2843,0.0727,0.1,9.834
1,34.0,40.0,10.16,0.9,30.6,18.8355,5.2898,0.0728,0.1,9.834
1,34.0,40.0,10.795,0.9,30.6,18.8343,5.2956,0.0729,0.1,9.834
1,34.0,40.0,11.43,0.9,30.6,18.833,5.3018,0.0729,0.1,9.834
1,34.0,40.0,12.065,0.9,30.6,18.8316,5.3082,0.073,0.1,9.834
1,42.6,50.0,6.985,0.4,17.04,19.2261,3.4637,0.0484,0.1728,17.4717
1,42.6,50.0,7.62,0.4,17.04,19.2255,3.4666,0.0484,0.1728,17.4717
1,42.6,50.0,8.255,0.4,17.04,19.2248,3.4697,0.0484,0.1728,17.4717
1,42.6,50.0,8.89,0.4,17.04,19.2241,3.4731,0.0485,0.1728,17.4717
1,42.6,50.0,9.525,0.4,17.04,19.2233,3.4766,0.0485,0.1728,17.4717
1,42.6,50.0,10.16,0.4,17.04,19.2225,3.4804,0.0486,0.1728,17.4717
1,42.6,50.0,6.985,0.5,21.3,19.2279,3.4558,0.0483,0.1402,14.0552
1,42.6,50.0,7.62,0.5,21.3,19.2272,3.4587,0.0483,0.1402,14.0552
1,42.6,50.0,8.255,0.5,21.3,19.2266,3.4618,0.0483,0.1402,14.0552
1,42.6,50.0,8.89,0.5,21.3,19.2258,3.4651,0.0484,0.1402,14.0552
1,42.6,50.0,9.525,0.5,21.3,19.2251,3.4686,0.0484,0.1402,14.0552
1,42.6,50.0,10.16,0.5,21.3,19.2243,3.4724,0.0485,0.1402,14.0552
1,42.6,50.0,10.795,0.5,21.3,19.2234,3.4764,0.0485,0.1402,14.0552
1,42.6,50.0,11.43,0.5,21.3,19.2225,3.4805,0.0486,0.1402,14.0552
1,42.6,50.0,12.065,0.5,21.3,19.2215,3.4849,0.0487,0.1402,14.0552
1,42.6,50.0,6.985,0.6,25.56,19.2293,3.449,0.0482,0.1183,11.7484
1,42.6,50.0,7.62,0.6,25.56,19.2287,3.4519,0.0482,0.1183,11.7484
1,42.6,50.0,8.255,0.6,25.56,19.228,3.455,0.0482,0.1183,11.7484
1,42.6,50.0,8.89,0.6,25.56,19.2273,3.4583,0.0483,0.1183,11.7484
1,42.6,50.0,9.525,0.6,25.56,19.2266,3.4618,0.0483,0.1183,11.7484
1,42.6,50.0,10.16,0.6,25.56,19.2257,3.4656,0.0484,0.1183,11.7484
1,42.6,50.0,10.795,0.6,25.56,19.2249,3.4695,0.0484,0.1183,11.7484
1,42.6,50.0,11.43,0.6,25.56,19.224,3.4737,0.0485,0.1183,11.7484
1,42.6,50.0,12.065,0.6,25.56,19.223,3.478,0.0486,0.1183,11.7484
1,42.6,50.0,6.985,0.7,29.82,19.2306,3.4431,0.0481,0.1024,10.0886
1,42.6,50.0,7.62,0.7,29.82,19.23,3.446,0.0481,0.1024,10.0886
1,42.6,50.0,8.255,0.7,29.82,19.2293,3.449,0.0482,0.1024,10.0886
1,42.6,50.0,8.89,0.7,29.82,19.2286,3.4523,0.0482,0.1024,10.0886
1,42.6,50.0,9.525,0.7,29.82,19.2279,3.4558,0.0483,0.1024,10.0886
1,42.6,50.0,10.16,0.7,29.82,19.227,3.4596,0.0483,0.1024,10.0886
1,42.6,50.0,10.795,0.7,29.82,19.2262,3.4635,0.0484,0.1024,10.0886
1,42.6,50.0,11.43,0.7,29.82,19.2253,3.4676,0.0484,0.1024,10.0886
1,42.6,50.0,12.065,0.7,29.82,19.2243,3.472,0.0485,0.1024,10.0886
1,42.6,50.0,6.985,0.8,34.08,19.2318,3.4378,0.048,0.0905,8.8382
1,42.6,50.0,7.62,0.8,34.08,19.2312,3.4406,0.0481,0.0905,8.8382
1,42.6,50.0,8.255,0.8,34.08,19.2305,3.4437,0.0481,0.0905,8.8382
1,42.6,50.0,8.89,0.8,34.08,19.2298,3.447,0.0481,0.0905,8.8382
1,42.6,50.0,9.525,0.8,34.08,19.229,3.4505,0.0482,0.0905,8.8382
1,42.6,50.0,10.16,0.8,34.08,19.2282,3.4542,0.0482,0.0905,8.8382
1,42.6,50.0,10.795,0.8,34.08,19.2274,3.4581,0.0483,0.0905,8.8382
1,42.6,50.0,11.43,0.8,34.08,19.2265,3.4622,0.0483,0.0905,8.8382
1,42.6,50.0,12.065,0.8,34.08,19.2255,3.4666,0.0484,0.0905,8.8382
1,42.6,50.0,6.985,0.9,38.34,19.2328,3.433,0.0479,0.0812,7.8626
1,42.6,50.0,7.62,0.9,38.34,19.2322,3.4358,0.048,0.0812,7.8626
1,42.6,50.0,8.255,0.9,38.34,19.2315,3.4389,0.048,0.0812,7.8626
1,42.6,50.0,8.89,0.9,38.34,19.2308,3.4421,0.0481,0.0812,7.8626
1,42.6,50.0,9.525,0.9,38.34,19.2301,3.4456,0.0481,0.0812,7.8626
1,42.6,50.0,10.16,0.9,38.34,19.2293,3.4493,0.0482,0.0812,7.8626
1,42.6,50.0,10.795,0.9,38.34,19.2284,3.4532,0.0482,0.0812,7.8626
1,42.6,50.0,11.43,0.9,38.34,19.2275,3.4574,0.0483,0.0812,7.8626
1,42.6,50.0,12.065,0.9,38.34,19.2266,3.4617,0.0483,0.0812,7.8626
1,53.6,63.0,6.985,0.3,16.08,19.4934,2.2449,0.0317,0.1824,18.48
1,53.6,63.0,7.62,0.3,16.08,19.493,2.2468,0.0317,0.1824,18.48
1,53.6,63.0,8.255,0.3,16.08,19.4926,2.2489,0.0317,0.1824,18.48
1,53.6,63.0,8.89,0.3,16.08,19.4921,2.2511,0.0317,0.1824,18.48
1,53.6,63.0,9.525,0.3,16.08,19.4915,2.2534,0.0318,0.1824,18.48
1,53.6,63.0,6.985,0.4,21.44,19.4944,2.2407,0.0316,0.1394,13.9653
1,53.6,63.0,7.62,0.4,21.44,19.494,2.2426,0.0316,0.1394,13.9653
1,53.6,63.0,8.255,0.4,21.44,19.4935,2.2446,0.0317,0.1394,13.9653
1,53.6,63.0,8.89,0.4,21.44,19.493,2.2468,0.0317,0.1394,13.9653
1,53.6,63.0,9.525,0.4,21.44,19.4925,2.2491,0.0317,0.1394,13.9653
1,53.6,63.0,10.16,0.4,21.44,19.492,2.2516,0.0318,0.1394,13.9653
1,53.6,63.0,10.795,0.4,21.44,19.4914,2.2542,0.0318,0.1394,13.9653
1,53.6,63.0,11.43,0.4,21.44,19.4908,2.257,0.0318,0.1394,13.9653
1,53.6,63.0,12.065,0.4,21.44,19.4901,2.2599,0.0319,0.1394,13.9653
1,53.6,63.0,6.985,0.5,26.8,19.4952,2.2372,0.0316,0.1131,11.2119
1,53.6,63.0,7.62,0.5,26.8,19.4947,2.2391,0.0316,0.1131,11.2119
1,53.6,63.0,8.255,0.5,26.8,19.4943,2.2411,0.0316,0.1131,11.2119
1,53.6,63.0,8.89,0.5,26.8,19.4938,2.2433,0.0316,0.1131,11.2119
1,53.6,63.0,9.525,0.5,26.8,19.4933,2.2456,0.0317,0.1131,11.2119
1,53.6,63.0,10.16,0.5,26.8,19.4927,2.2481,0.0317,0.1131,11.2119
1,53.6,63.0,10.795,0.5,26.8,19.4922,2.2507,0.0317,0.1131,11.2119
1,53.6,63.0,11.43,0.5,26.8,19.4915,2.2534,0.0318,0.1131,11.2119
1,53.6,63.0,12.065,0.5,26.8,19.4909,2.2563,0.0318,0.1131,11.2119
1,53.6,63.0,6.985,0.6,32.16,19.4958,2.2342,0.0315,0.0955,9.3613
1,53.6,63.0,7.62,0.6,32.16,19.4954,2.2361,0.0315,0.0955,9.3613
1,53.6,63.0,8.255,0.6,32.16,19.4949,2.2381,0.0316,0.0955,9.3613
1,53.6,63.0,8.89,0.6,32.16,19.4945,2.2403,0.0316,0.0955,9.3613
1,53.6,63.0,9.525,0.6,32.16,19.494,2.2426,0.0316,0.0955,9.3613
1,53.6,63.0,10.16,0.6,32.16,19.4934,2.245,0.0317,0.0955,9.3613
1,53.6,63.0,10.795,0.6,32.16,19.4928,2.2476,0.0317,0.0955,9.3613
1,53.6,63.0,11.43,0.6,32.16,19.4922,2.2504,0.0317,0.0955,9.3613
1,53.6,63.0,12.065,0.6,32.16,19.4916,2.2533,0.0318,0.0955,9.3613
1,53.6,63.0,6.985,0.7,37.52,19.4964,2.2315,0.0315,0.0829,8.0334
1,53.6,63.0,7.62,0.7,37.52,19.496,2.2334,0.0315,0.0829,8.0334
1,53.6,63.0,8.255,0.7,37.52,19.4955,2.2354,0.0315,0.0829,8.0334
1,53.6,63.0,8.89,0.7,37.52,19.4951,2.2376,0.0316,0.0829,8.0334
1,53.6,63.0,9.525,0.7,37.52,19.4945,2.2399,0.0316,0.0829,8.0334
1,53.6,63.0,10.16,0.7,37.52,19.494,2.2424,0.0316,0.0829,8.0334
1,53.6,63.0,10.795,0.7,37.52,19.4934,2.245,0.0317,0.0829,8.0334
1,53.6,63.0,11.43,0.7,37.52,19.4928,2.2477,0.0317,0.0829,8.0334
1,53.6,63.0,12.065,0.7,37.52,19.4922,2.2506,0.0317,0.0829,8.0334
1,53.6,63.0,6.985,0.8,42.88,19.4969,2.2292,0.0314,0.0734,7.0345
1,53.6,63.0,7.62,0.8,42.88,19.4965,2.2311,0.0315,0.0734,7.0345
1,53.6,63.0,8.255,0.8,42.88,19.4961,2.2331,0.0315,0.0734,7.0345
1,53.6,63.0,8.89,0.8,42.88,19.4956,2.2352,0.0315,0.0734,7.0345
1,53.6,63.0,9.525,0.8,42.88,19.4951,2.2376,0.0316,0.0734,7.0345
1,53.6,63.0,10.16,0.8,42.88,19.4945,2.24,0.0316,0.0734,7.0345
1,53.6,63.0,10.795,0.8,42.88,19.494,2.2426,0.0316,0.0734,7.0345
1,53.6,63.0,11.43,0.8,42.88,19.4933,2.2453,0.0317,0.0734,7.0345
1,53.6,63.0,12.065,0.8,42.88,19.4927,2.2482,0.0317,0.0734,7.0345
1,53.6,63.0,6.985,0.9,48.24,19.4974,2.227,0.0314,0.0659,6.2562
1,53.6,63.0,7.62,0.9,48.24,19.497,2.2289,0.0314,0.0659,6.2562
1,53.6,63.0,8.255,0.9,48.24,19.4965,2.2309,0.0315,0.0659,6.2562
1,53.6,63.0,8.89,0.9,48.24,19.4961,2.2331,0.0315,0.0659,6.2562
1,53.6,63.0,9.525,0.9,48.24,19.4955,2.2354,0.0315,0.0659,6.2562
1,53.6,63.0,10.16,0.9,48.24,19.495,2.2378,0.0316,0.0659,6.2562
1,53.6,63.0,10.795,0.9,48.24,19.4944,2.2404,0.0316,0.0659,6.2562
1,53.6,63.0,11.43,0.9,48.24,19.4938,2.2431,0.0316,0.0659,6.2562
1,53.6,63.0,12.065,0.9,48.24,19.4932,2.246,0.0317,0.0659,6.2562
2,17.0,20.0,6.985,0.8,13.6,16.075,19.9837,0.2453,0.2131,21.7021
2,17.0,20.0,6.985,0.9,15.3,16.0966,19.8544,0.244,0.191,19.3873
2,17.0,20.0,7.62,0.9,15.3,16.0922,19.881,0.2442,0.191,19.3873
2,17.0,20.0,8.255,0.9,15.3,16.0874,19.9094,0.2445,0.191,19.3873
2,17.0,20.0,8.89,0.9,15.3,16.0824,19.9397,0.2449,0.191,19.3873
2,22.0,25.0,6.985,0.7,15.4,17.453,12.222,0.1592,0.1899,19.2662
2,22.0,25.0,7.62,0.7,15.4,17.4495,12.2403,0.1594,0.1899,19.2662
2,22.0,25.0,8.255,0.7,15.4,17.4458,12.2599,0.1596,0.1899,19.2662
2,22.0,25.0,8.89,0.7,15.4,17.4419,12.2808,0.1599,0.1899,19.2662
2,22.0,25.0,6.985,0.8,17.6,17.4637,12.1652,0.1585,0.1676,16.9321
2,22.0,25.0,7.62,0.8,17.6,17.4603,12.1833,0.1587,0.1676,16.9321
2,22.0,25.0,8.255,0.8,17.6,17.4566,12.2028,0.159,0.1676,16.9321
2,22.0,25.0,8.89,0.8,17.6,17.4527,12.2235,0.1592,0.1676,16.9321
2,22.0,25.0,9.525,0.8,17.6,17.4486,12.2454,0.1595,0.1676,16.9321
2,22.0,25.0,10.16,0.8,17.6,17.4442,12.2686,0.1597,0.1676,16.9321
2,22.0,25.0,10.795,0.8,17.6,17.4396,12.2929,0.16,0.1676,16.9321
2,22.0,25.0,6.985,0.9,19.8,17.4734,12.114,0.1579,0.1501,15.0965
2,22.0,25.0,7.62,0.9,19.8,17.47,12.132,0.1581,0.1501,15.0965
2,22.0,25.0,8.255,0.9,19.8,17.4663,12.1513,0.1584,0.1501,15.0965
2,22.0,25.0,8.89,0.9,19.8,17.4625,12.1718,0.1586,0.1501,15.0965
2,22.0,25.0,9.525,0.9,19.8,17.4584,12.1935,0.1589,0.1501,15.0965
2,22.0,25.0,10.16,0.9,19.8,17.454,12.2165,0.1591,0.1501,15.0965
2,22.0,25.0,10.795,0.9,19.8,17.4495,12.2406,0.1594,0.1501,15.0965
2,22.0,25.0,11.43,0.9,19.8,17.4447,12.2658,0.1597,0.1501,15.0965
2,22.0,25.0,12.065,0.9,19.8,17.4398,12.292,0.16,0.1501,15.0965
2,27.2,32.0,6.985,0.5,13.6,18.2401,8.1809,0.11,0.2131,21.7021
2,27.2,32.0,6.985,0.6,16.32,18.247,8.147,0.1096,0.1799,18.2174
2,27.2,32.0,7.62,0.6,16.32,18.2444,8.1599,0.1097,0.1799,18.2174
2,27.2,32.0,8.255,0.6,16.32,18.2416,8.1737,0.1099,0.1799,18.2174
2,27.2,32.0,8.89,0.6,16.32,18.2387,8.1884,0.1101,0.1799,18.2174
2,27.2,32.0,9.525,0.6,16.32,18.2355,8.204,0.1103,0.1799,18.2174
2,27.2,32.0,6.985,0.7,19.04,18.2529,8.1174,0.1092,0.1557,15.6844
2,27.2,32.0,7.62,0.7,19.04,18.2504,8.1301,0.1094,0.1557,15.6844
2,27.2,32.0,8.255,0.7,19.04,18.2476,8.1438,0.1095,0.1557,15.6844
2,27.2,32.0,8.89,0.7,19.04,18.2447,8.1584,0.1097,0.1557,15.6844
2,27.2,32.0,9.525,0.7,19.04,18.2416,8.174,0.1099,0.1557,15.6844
2,27.2,32.0,10.16,0.7,19.04,18.2382,8.1904,0.1101,0.1557,15.6844
2,27.2,32.0,10.795,0.7,19.04,18.2348,8.2077,0.1103,0.1557,15.6844
2,27.2,32.0,11.43,0.7,19.04,18.2311,8.2258,0.1106,0.1557,15.6844
2,27.2,32.0,12.065,0.7,19.04,18.2273,8.2448,0.1108,0.1557,15.6844
2,27.2,32.0,6.985,0.8,21.76,18.2583,8.091,0.1089,0.1375,13.7638
2,27.2,32.0,7.62,0.8,21.76,18.2557,8.1036,0.109,0.1375,13.7638
2,27.2,32.0,8.255,0.8,21.76,18.253,8.1172,0.1092,0.1375,13.7638
2,27.2,32.0,8.89,0.8,21.76,18.25,8.1318,0.1094,0.1375,13.7638
2,27.2,32.0,9.525,0.8,21.76,18.2469,8.1472,0.1096,0.1375,13.7638
2,27.2,32.0,10.16,0.8,21.76,18.2437,8.1635,0.1098,0.1375,13.7638
2,27.2,32.0,10.795,0.8,21.76,18.2402,8.1807,0.11,0.1375,13.7638
2,27.2,32.0,11.43,0.8,21.76,18.2366,8.1987,0.1102,0.1375,13.7638
2,27.2,32.0,12.065,0.8,21.76,18.2328,8.2175,0.1105,0.1375,13.7638
2,27.2,32.0,6.985,0.9,24.48,18.2631,8.0671,0.1086,0.1231,12.259
2,27.2,32.0,7.62,0.9,24.48,18.2605,8.0797,0.1087,0.1231,12.259
2,27.2,32.0,8.255,0.9,24.48,18.2578,8.0932,0.1089,0.1231,12.259
2,27.2,32.0,8.89,0.9,24.48,18.2549,8.1076,0.1091,0.1231,12.259
2,27.2,32.0,9.525,0.9,24.48,18.2518,8.123,0.1093,0.1231,12.259
2,27.2,32.0,10.16,0.9,24.48,18.2486,8.1392,0.1095,0.1231,12.259
2,27.2,32.0,10.795,0.9,24.48,18.2451,8.1563,0.1097,0.1231,12.259
2,27.2,32.0,11.43,0.9,24.48,18.2415,8.1742,0.1099,0.1231,12.259
2,27.2,32.0,12.065,0.9,24.48,18.2377,8.1929,0.1101,0.1231,12.259
2,34.0,40.0,6.985,0.4,13.6,18.8252,5.3385,0.0734,0.2131,21.7021
2,34.0,40.0,6.985,0.5,17.0,18.829,5.3208,0.0732,0.1731,17.5116
2,34.0,40.0,7.62,0.5,17.0,18.8271,5.3295,0.0733,0.1731,17.5116
2,34.0,40.0,8.255,0.5,17.0,18.8252,5.3388,0.0734,0.1731,17.5116
2,34.0,40.0,8.89,0.5,17.0,18.8231,5.3488,0.0736,0.1731,17.5116
2,34.0,40.0,9.525,0.5,17.0,18.8208,5.3594,0.0737,0.1731,17.5116
2,34.0,40.0,10.16,0.5,17.0,18.8185,5.3707,0.0738,0.1731,17.5116
2,34.0,40.0,6.985,0.6,20.4,18.8322,5.3056,0.073,0.146,14.6622
2,34.0,40.0,7.62,0.6,20.4,18.8303,5.3142,0.0731,0.146,14.6622
2,34.0,40.0,8.255,0.6,20.4,18.8284,5.3235,0.0732,0.146,14.6622
2,34.0,40.0,8.89,0.6,20.4,18.8263,5.3335,0.0734,0.146,14.6622
2,34.0,40.0,9.525,0.6,20.4,18.8241,5.344,0.0735,0.146,14.6622
2,34.0,40.0,10.16,0.6,20.4,18.8217,5.3552,0.0736,0.146,14.6622
2,34.0,40.0,10.795,0.6,20.4,18.8192,5.367,0.0738,0.146,14.6622
2,34.0,40.0,11.43,0.6,20.4,18.8166,5.3794,0.074,0.146,14.6622
2,34.0,40.0,12.065,0.6,20.4,18.8139,5.3924,0.0741,0.146,14.6622
2,34.0,40.0,6.985,0.7,23.8,18.835,5.2923,0.0728,0.1264,12.6038
2,34.0,40.0,7.62,0.7,23.8,18.8331,5.3009,0.0729,0.1264,12.6038
2,34.0,40.0,8.255,0.7,23.8,18.8312,5.3101,0.0731,0.1264,12.6038
2,34.0,40.0,8.89,0.7,23.8,18.8291,5.32,0.0732,0.1264,12.6038
2,34.0,40.0,9.525,0.7,23.8,18.8269,5.3305,0.0733,0.1264,12.6038
2,34.0,40.0,10.16,0.7,23.8,18.8246,5.3417,0.0735,0.1264,12.6038
2,34.0,40.0,10.795,0.7,23.8,18.8221,5.3534,0.0736,0.1264,12.6038
2,34.0,40.0,11.43,0.7,23.8,18.8195,5.3658,0.0738,0.1264,12.6038
2,34.0,40.0,12.065,0.7,23.8,18.8168,5.3787,0.074,0.1264,12.6038
2,34.0,40.0,6.985,0.8,27.2,18.8375,5.2804,0.0727,0.1116,11.049
2,34.0,40.0,7.62,0.8,27.2,18.8357,5.289,0.0728,0.1116,11.049
2,34.0,40.0,8.255,0.8,27.2,18.8337,5.2982,0.0729,0.1116,11.049
2,34.0,40.0,8.89,0.8,27.2,18.8316,5.308,0.073,0.1116,11.049
2,34.0,40.0,9.525,0.8,27.2,18.8294,5.3185,0.0732,0.1116,11.049
2,34.0,40.0,10.16,0.8,27.2,18.8271,5.3296,0.0733,0.1116,11.049
2,34.0,40.0,10.795,0.8,27.2,18.8246,5.3413,0.0735,0.1116,11.049
2,34.0,40.0,11.43,0.8,27.2,18.8221,5.3536,0.0736,0.1116,11.049
2,34.0,40.0,12.065,0.8,27.2,18.8193,5.3664,0.0738,0.1116,11.049
2,34.0,40.0,6.985,0.9,30.6,18.8397,5.2697,0.0725,0.1,9.834
2,34.0,40.0,7.62,0.9,30.6,18.8379,5.2782,0.0726,0.1,9.834
2,34.0,40.0,8.255,0.9,30.6,18.836,5.2874,0.0728,0.1,9.834
2,34.0,40.0,8.89,0.9,30.6,18.8339,5.2972,0.0729,0.1,9.834
2,34.0,40.0,9.525,0.9,30.6,18.8317,5.3076,0.073,0.1,9.834
2,34.0,40.0,10.16,0.9,30.6,18.8294,5.3186,0.0732,0.1,9.834
2,34.0,40.0,10.795,0.9,30.6,18.827,5.3303,0.0733,0.1,9.834
2,34.0,40.0,11.43,0.9,30.6,18.8244,5.3425,0.0735,0.1,9.834
2,34.0,40.0,12.065,0.9,30.6,18.8217,5.3553,0.0736,0.1,9.834
2,42.6,50.0,6.985,0.4,17.04,19.2255,3.4667,0.0484,0.1728,17.4717
2,42.6,50.0,7.62,0.4,17.04,19.2242,3.4725,0.0485,0.1728,17.4717
2,42.6,50.0,8.255,0.4,17.04,19.2229,3.4787,0.0486,0.1728,17.4717
2,42.6,50.0,8.89,0.4,17.04,19.2214,3.4854,0.0487,0.1728,17.4717
2,42.6,50.0,9.525,0.4,17.04,19.2199,3.4925,0.0488,0.1728,17.4717
2,42.6,50.0,10.16,0.4,17.04,19.2183,3.5,0.0489,0.1728,17.4717
2,42.6,50.0,6.985,0.5,21.3,19.2272,3.4587,0.0483,0.1402,14.0552
2,42.6,50.0,7.62,0.5,21.3,19.226,3.4645,0.0484,0.1402,14.0552
2,42.6,50.0,8.255,0.5,21.3,19.2246,3.4707,0.0485,0.1402,14.0552
2,42.6,50.0,8.89,0.5,21.3,19.2232,3.4774,0.0486,0.1402,14.0552
2,42.6,50.0,9.525,0.5,21.3,19.2216,3.4844,0.0486,0.1402,14.0552
2,42.6,50.0,10.16,0.5,21.3,19.22,3.4919,0.0487,0.1402,14.0552
2,42.6,50.0,10.795,0.5,21.3,19.2183,3.4998,0.0489,0.1402,14.0552
2,42.6,50.0,11.43,0.5,21.3,19.2165,3.5082,0.049,0.1402,14.0552
2,42.6,50.0,12.065,0.5,21.3,19.2146,3.5169,0.0491,0.1402,14.0552
2,42.6,50.0,6.985,0.6,25.56,19.2287,3.452,0.0482,0.1183,11.7484
2,42.6,50.0,7.62,0.6,25.56,19.2274,3.4577,0.0483,0.1183,11.7484
2,42.6,50.0,8.255,0.6,25.56,19.2261,3.4639,0.0484,0.1183,11.7484
2,42.6,50.0,8.89,0.6,25.56,19.2247,3.4705,0.0485,0.1183,11.7484
2,42.6,50.0,9.525,0.6,25.56,19.2231,3.4775,0.0486,0.1183,11.7484
2,42.6,50.0,10.16,0.6,25.56,19.2215,3.485,0.0487,0.1183,11.7484
2,42.6,50.0,10.795,0.6,25.56,19.2198,3.4929,0.0488,0.1183,11.7484
2,42.6,50.0,11.43,0.6,25.56,19.218,3.5012,0.0489,0.1183,11.7484
2,42.6,50.0,12.065,0.6,25.56,19.2161,3.5099,0.049,0.1183,11.7484
2,42.6,50.0,6.985,0.7,29.82,19.23,3.446,0.0481,0.1024,10.0886
2,42.6,50.0,7.62,0.7,29.82,19.2287,3.4517,0.0482,0.1024,10.0886
2,42.6,50.0,8.255,0.7,29.82,19.2274,3.4579,0.0483,0.1024,10.0886
2,42.6,50.0,8.89,0.7,29.82,19.226,3.4645,0.0484,0.1024,10.0886
2,42.6,50.0,9.525,0.7,29.82,19.2245,3.4715,0.0485,0.1024,10.0886
2,42.6,50.0,10.16,0.7,29.82,19.2228,3.4789,0.0486,0.1024,10.0886
2,42.6,50.0,10.795,0.7,29.82,19.2211,3.4868,0.0487,0.1024,10.0886
2,42.6,50.0,11.43,0.7,29.82,19.2193,3.4951,0.0488,0.1024,10.0886
2,42.6,50.0,12.065,0.7,29.82,19.2175,3.5037,0.0489,0.1024,10.0886
2,42.6,50.0,6.985,0.8,34.08,19.2311,3.4407,0.0481,0.0905,8.8382
2,42.6,50.0,7.62,0.8,34.08,19.2299,3.4464,0.0481,0.0905,8.8382
2,42.6,50.0,8.255,0.8,34.08,19.2286,3.4525,0.0482,0.0905,8.8382
2,42.6,50.0,8.89,0.8,34.08,19.2271,3.4591,0.0483,0.0905,8.8382
2,42.6,50.0,9.525,0.8,34.08,19.2256,3.4661,0.0484,0.0905,8.8382
2,42.6,50.0,10.16,0.8,34.08,19.224,3.4735,0.0485,0.0905,8.8382
2,42.6,50.0,10.795,0.8,34.08,19.2223,3.4814,0.0486,0.0905,8.8382
2,42.6,50.0,11.43,0.8,34.08,19.2205,3.4896,0.0487,0.0905,8.8382
2,42.6,50.0,12.065,0.8,34.08,19.2186,3.4982,0.0488,0.0905,8.8382
2,42.6,50.0,6.985,0.9,38.34,19.2322,3.4359,0.048,0.0812,7.8626
2,42.6,50.0,7.62,0.9,38.34,19.231,3.4416,0.0481,0.0812,7.8626
2,42.6,50.0,8.255,0.9,38.34,19.2296,3.4477,0.0481,0.0812,7.8626
2,42.6,50.0,8.89,0.9,38.34,19.2282,3.4542,0.0482,0.0812,7.8626
2,42.6,50.0,9.525,0.9,38.34,19.2267,3.4612,0.0483,0.0812,7.8626
2,42.6,50.0,10.16,0.9,38.34,19.2251,3.4686,0.0484,0.0812,7.8626
2,42.6,50.0,10.795,0.9,38.34,19.2234,3.4764,0.0485,0.0812,7.8626
2,42.6,50.0,11.43,0.9,38.34,19.2216,3.4846,0.0487,0.0812,7.8626
2,42.6,50.0,12.065,0.9,38.34,19.2197,3.4933,0.0488,0.0812,7.8626
2,53.6,63.0,6.985,0.3,16.08,19.493,2.2469,0.0317,0.1824,18.48
2,53.6,63.0,7.62,0.3,16.08,19.4922,2.2507,0.0317,0.1824,18.48
2,53.6,63.0,8.255,0.3,16.08,19.4912,2.2548,0.0318,0.1824,18.48
2,53.6,63.0,8.89,0.3,16.08,19.4903,2.2592,0.0319,0.1824,18.48
2,53.6,63.0,9.525,0.3,16.08,19.4892,2.2639,0.0319,0.1824,18.48
2,53.6,63.0,6.985,0.4,21.44,19.4939,2.2426,0.0316,0.1394,13.9653
2,53.6,63.0,7.62,0.4,21.44,19.4931,2.2464,0.0317,0.1394,13.9653
2,53.6,63.0,8.255,0.4,21.44,19.4922,2.2505,0.0317,0.1394,13.9653
2,53.6,63.0,8.89,0.4,21.44,19.4912,2.2549,0.0318,0.1394,13.9653
2,53.6,63.0,9.525,0.4,21.44,19.4902,2.2595,0.0319,0.1394,13.9653
2,53.6,63.0,10.16,0.4,21.44,19.4891,2.2645,0.0319,0.1394,13.9653
2,53.6,63.0,10.795,0.4,21.44,19.4879,2.2697,0.032,0.1394,13.9653
2,53.6,63.0,11.43,0.4,21.44,19.4867,2.2752,0.0321,0.1394,13.9653
2,53.6,63.0,12.065,0.4,21.44,19.4854,2.281,0.0322,0.1394,13.9653
2,53.6,63.0,6.985,0.5,26.8,19.4947,2.2391,0.0316,0.1131,11.2119
2,53.6,63.0,7.62,0.5,26.8,19.4939,2.2429,0.0316,0.1131,11.2119
2,53.6,63.0,8.255,0.5,26.8,19.493,2.247,0.0317,0.1131,11.2119
2,53.6,63.0,8.89,0.5,26.8,19.492,2.2513,0.0317,0.1131,11.2119
2,53.6,63.0,9.525,0.5,26.8,19.491,2.256,0.0318,0.1131,11.2119
2,53.6,63.0,10.16,0.5,26.8,19.4899,2.2609,0.0319,0.1131,11.2119
2,53.6,63.0,10.795,0.5,26.8,19.4887,2.2661,0.032,0.1131,11.2119
2,53.6,63.0,11.43,0.5,26.8,19.4875,2.2716,0.032,0.1131,11.2119
2,53.6,63.0,12.065,0.5,26.8,19.4862,2.2774,0.0321,0.1131,11.2119
2,53.6,63.0,6.985,0.6,32.16,19.4954,2.2361,0.0315,0.0955,9.3613
2,53.6,63.0,7.62,0.6,32.16,19.4946,2.2399,0.0316,0.0955,9.3613
2,53.6,63.0,8.255,0.6,32.16,19.4937,2.2439,0.0316,0.0955,9.3613
2,53.6,63.0,8.89,0.6,32.16,19.4927,2.2483,0.0317,0.0955,9.3613
2,53.6,63.0,9.525,0.6,32.16,19.4917,2.2529,0.0318,0.0955,9.3613
2,53.6,63.0,10.16,0.6,32.16,19.4906,2.2578,0.0318,0.0955,9.3613
2,53.6,63.0,10.795,0.6,32.16,19.4894,2.263,0.0319,0.0955,9.3613
2,53.6,63.0,11.43,0.6,32.16,19.4882,2.2685,0.032,0.0955,9.3613
2,53.6,63.0,12.065,0.6,32.16,19.4869,2.2743,0.0321,0.0955,9.3613
2,53.6,63.0,6.985,0.7,37.52,19.496,2.2335,0.0315,0.0829,8.0334
2,53.6,63.0,7.62,0.7,37.52,19.4951,2.2372,0.0316,0.0829,8.0334
2,53.6,63.0,8.255,0.7,37.52,19.4942,2.2413,0.0316,0.0829,8.0334
2,53.6,63.0,8.89,0.7,37.52,19.4933,2.2456,0.0317,0.0829,8.0334
2,53.6,63.0,9.525,0.7,37.52,19.4923,2.2502,0.0317,0.0829,8.0334
2,53.6,63.0,10.16,0.7,37.52,19.4912,2.2552,0.0318,0.0829,8.0334
2,53.6,63.0,10.795,0.7,37.52,19.49,2.2603,0.0319,0.0829,8.0334
2,53.6,63.0,11.43,0.7,37.52,19.4888,2.2658,0.0319,0.0829,8.0334
2,53.6,63.0,12.065,0.7,37.52,19.4875,2.2715,0.032,0.0829,8.0334
2,53.6,63.0,6.985,0.8,42.88,19.4965,2.2311,0.0315,0.0734,7.0345
2,53.6,63.0,7.62,0.8,42.88,19.4957,2.2349,0.0315,0.0734,7.0345
2,53.6,63.0,8.255,0.8,42.88,19.4948,2.2389,0.0316,0.0734,7.0345
2,53.6,63.0,8.89,0.8,42.88,19.4938,2.2432,0.0316,0.0734,7.0345
2,53.6,63.0,9.525,0.8,42.88,19.4928,2.2478,0.0317,0.0734,7.0345
2,53.6,63.0,10.16,0.8,42.88,19.4917,2.2527,0.0318,0.0734,7.0345
2,53.6,63.0,10.795,0.8,42.88,19.4906,2.2579,0.0318,0.0734,7.0345
2,53.6,63.0,11.43,0.8,42.88,19.4893,2.2634,0.0319,0.0734,7.0345
2,53.6,63.0,12.065,0.8,42.88,19.4881,2.2691,0.032,0.0734,7.0345
2,53.6,63.0,6.985,0.9,48.24,19.497,2.2289,0.0314,0.0659,6.2562
2,53.6,63.0,7.62,0.9,48.24,19.4961,2.2327,0.0315,0.0659,6.2562
2,53.6,63.0,8.255,0.9,48.24,19.4952,2.2367,0.0315,0.0659,6.2562
2,53.6,63.0,8.89,0.9,48.24,19.4943,2.2411,0.0316,0.0659,6.2562
2,53.6,63.0,9.525,0.9,48.24,19.4933,2.2457,0.0317,0.0659,6.2562
2,53.6,63.0,10.16,0.9,48.24,19.4922,2.2506,0.0317,0.0659,6.2562
2,53.6,63.0,10.795,0.9,48.24,19.491,2.2557,0.0318,0.0659,6.2562
2,53.6,63.0,11.43,0.9,48.24,19.4898,2.2612,0.0319,0.0659,6.2562
2,53.6,63.0,12.065,0.9,48.24,19.4886,2.2669,0.032,0.0659,6.2562
3,17.0,20.0,6.985,0.8,13.6,16.0727,19.9975,0.2455,0.2131,21.7021
3,17.0,20.0,6.985,0.9,15.3,16.0943,19.868,0.2441,0.191,19.3873
3,17.0,20.0,7.62,0.9,15.3,16.0877,19.9079,0.2445,0.191,19.3873
3,17.0,20.0,8.255,0.9,15.3,16.0805,19.9505,0.245,0.191,19.3873
3,17.0,20.0,8.89,0.9,15.3,16.073,19.9958,0.2454,0.191,19.3873
3,22.0,25.0,6.985,0.7,15.4,17.4512,12.2313,0.1593,0.1899,19.2662
3,22.0,25.0,7.62,0.7,15.4,17.4461,12.2587,0.1596,0.1899,19.2662
3,22.0,25.0,8.255,0.7,15.4,17.4405,12.2881,0.16,0.1899,19.2662
3,22.0,25.0,8.89,0.7,15.4,17.4346,12.3194,0.1603,0.1899,19.2662
3,22.0,25.0,6.985,0.8,17.6,17.4619,12.1745,0.1586,0.1676,16.9321
3,22.0,25.0,7.62,0.8,17.6,17.4568,12.2016,0.1589,0.1676,16.9321
3,22.0,25.0,8.255,0.8,17.6,17.4513,12.2307,0.1593,0.1676,16.9321
3,22.0,25.0,8.89,0.8,17.6,17.4455,12.2618,0.1597,0.1676,16.9321
3,22.0,25.0,9.525,0.8,17.6,17.4393,12.2946,0.16,0.1676,16.9321
3,22.0,25.0,10.16,0.8,17.6,17.4328,12.3293,0.1605,0.1676,16.9321
3,22.0,25.0,10.795,0.8,17.6,17.4259,12.3657,0.1609,0.1676,16.9321
3,22.0,25.0,6.985,0.9,19.8,17.4716,12.1232,0.158,0.1501,15.0965
3,22.0,25.0,7.62,0.9,19.8,17.4665,12.1501,0.1583,0.1501,15.0965
3,22.0,25.0,8.255,0.9,19.8,17.4611,12.179,0.1587,0.1501,15.0965
3,22.0,25.0,8.89,0.9,19.8,17.4553,12.2098,0.159,0.1501,15.0965
3,22.0,25.0,9.525,0.9,19.8,17.4491,12.2424,0.1594,0.1501,15.0965
3,22.0,25.0,10.16,0.9,19.8,17.4427,12.2767,0.1598,0.1501,15.0965
3,22.0,25.0,10.795,0.9,19.8,17.4359,12.3128,0.1603,0.1501,15.0965
3,22.0,25.0,11.43,0.9,19.8,17.4288,12.3505,0.1607,0.1501,15.0965
3,22.0,25.0,12.065,0.9,19.8,17.4214,12.3897,0.1612,0.1501,15.0965
3,27.2,32.0,6.985,0.5,13.6,18.2388,8.1875,0.1101,0.2131,21.7021
3,27.2,32.0,6.985,0.6,16.32,18.2457,8.1536,0.1096,0.1799,18.2174
3,27.2,32.0,7.62,0.6,16.32,18.2418,8.1728,0.1099,0.1799,18.2174
3,27.2,32.0,8.255,0.6,16.32,18.2376,8.1935,0.1101,0.1799,18.2174
3,27.2,32.0,8.89,0.6,16.32,18.2332,8.2156,0.1104,0.1799,18.2174
3,27.2,32.0,9.525,0.6,16.32,18.2285,8.239,0.1107,0.1799,18.2174
3,27.2,32.0,6.985,0.7,19.04,18.2516,8.1239,0.1093,0.1557,15.6844
3,27.2,32.0,7.62,0.7,19.04,18.2478,8.143,0.1095,0.1557,15.6844
3,27.2,32.0,8.255,0.7,19.04,18.2437,8.1635,0.1098,0.1557,15.6844
3,27.2,32.0,8.89,0.7,19.04,18.2392,8.1854,0.11,0.1557,15.6844
3,27.2,32.0,9.525,0.7,19.04,18.2346,8.2087,0.1103,0.1557,15.6844
3,27.2,32.0,10.16,0.7,19.04,18.2296,8.2333,0.1106,0.1557,15.6844
3,27.2,32.0,10.795,0.7,19.04,18.2244,8.2592,0.111,0.1557,15.6844
3,27.2,32.0,11.43,0.7,19.04,18.219,8.2864,0.1113,0.1557,15.6844
3,27.2,32.0,12.065,0.7,19.04,18.2133,8.3148,0.1117,0.1557,15.6844
3,27.2,32.0,6.985,0.8,21.76,18.257,8.0974,0.1089,0.1375,13.7638
3,27.2,32.0,7.62,0.8,21.76,18.2531,8.1164,0.1092,0.1375,13.7638
3,27.2,32.0,8.255,0.8,21.76,18.249,8.1368,0.1094,0.1375,13.7638
3,27.2,32.0,8.89,0.8,21.76,18.2446,8.1586,0.1097,0.1375,13.7638
3,27.2,32.0,9.525,0.8,21.76,18.24,8.1817,0.11,0.1375,13.7638
3,27.2,32.0,10.16,0.8,21.76,18.2351,8.2061,0.1103,0.1375,13.7638
3,27.2,32.0,10.795,0.8,21.76,18.2299,8.2319,0.1106,0.1375,13.7638
3,27.2,32.0,11.43,0.8,21.76,18.2245,8.2589,0.111,0.1375,13.7638
3,27.2,32.0,12.065,0.8,21.76,18.2188,8.2871,0.1113,0.1375,13.7638
3,27.2,32.0,6.985,0.9,24.48,18.2618,8.0735,0.1086,0.1231,12.259
3,27.2,32.0,7.62,0.9,24.48,18.258,8.0924,0.1089,0.1231,12.259
3,27.2,32.0,8.255,0.9,24.48,18.2539,8.1127,0.1091,0.1231,12.259
3,27.2,32.0,8.89,0.9,24.48,18.2495,8.1343,0.1094,0.1231,12.259
3,27.2,32.0,9.525,0.9,24.48,18.2449,8.1573,0.1097,0.1231,12.259
3,27.2,32.0,10.16,0.9,24.48,18.24,8.1816,0.11,0.1231,12.259
3,27.2,32.0,10.795,0.9,24.48,18.2349,8.2072,0.1103,0.1231,12.259
3,27.2,32.0,11.43,0.9,24.48,18.2295,8.234,0.1107,0.1231,12.259
3,27.2,32.0,12.065,0.9,24.48,18.2239,8.262,0.111,0.1231,12.259
3,34.0,40.0,6.985,0.4,13.6,18.8243,5.343,0.0735,0.2131,21.7021
3,34.0,40.0,6.985,0.5,17.0,18.828,5.3252,0.0732,0.1731,17.5116
3,34.0,40.0,7.62,0.5,17.0,18.8253,5.3382,0.0734,0.1731,17.5116
3,34.0,40.0,8.255,0.5,17.0,18.8223,5.3522,0.0736,0.1731,17.5116
3,34.0,40.0,8.89,0.5,17.0,18.8192,5.3672,0.0738,0.1731,17.5116
3,34.0,40.0,9.525,0.5,17.0,18.8158,5.3831,0.074,0.1731,17.5116
3,34.0,40.0,10.16,0.5,17.0,18.8123,5.4,0.0742,0.1731,17.5116
3,34.0,40.0,6.985,0.6,20.4,18.8312,5.31,0.073,0.146,14.6622
3,34.0,40.0,7.62,0.6,20.4,18.8285,5.323,0.0732,0.146,14.6622
3,34.0,40.0,8.255,0.6,20.4,18.8256,5.3369,0.0734,0.146,14.6622
3,34.0,40.0,8.89,0.6,20.4,18.8224,5.3518,0.0736,0.146,14.6622
3,34.0,40.0,9.525,0.6,20.4,18.8191,5.3676,0.0738,0.146,14.6622
3,34.0,40.0,10.16,0.6,20.4,18.8156,5.3844,0.074,0.146,14.6622
3,34.0,40.0,10.795,0.6,20.4,18.8118,5.4021,0.0743,0.146,14.6622
3,34.0,40.0,11.43,0.6,20.4,18.8079,5.4207,0.0745,0.146,14.6622
3,34.0,40.0,12.065,0.6,20.4,18.8038,5.4402,0.0748,0.146,14.6622
3,34.0,40.0,6.985,0.7,23.8,18.834,5.2967,0.0729,0.1264,12.6038
3,34.0,40.0,7.62,0.7,23.8,18.8313,5.3096,0.073,0.1264,12.6038
3,34.0,40.0,8.255,0.7,23.8,18.8284,5.3234,0.0732,0.1264,12.6038
3,34.0,40.0,8.89,0.7,23.8,18.8253,5.3383,0.0734,0.1264,12.6038
3,34.0,40.0,9.525,0.7,23.8,18.822,5.354,0.0736,0.1264,12.6038
3,34.0,40.0,10.16,0.7,23.8,18.8184,5.3707,0.0738,0.1264,12.6038
3,34.0,40.0,10.795,0.7,23.8,18.8147,5.3883,0.0741,0.1264,12.6038
3,34.0,40.0,11.43,0.7,23.8,18.8108,5.4068,0.0743,0.1264,12.6038
3,34.0,40.0,12.065,0.7,23.8,18.8068,5.4262,0.0746,0.1264,12.6038
3,34.0,40.0,6.985,0.8,27.2,18.8365,5.2848,0.0727,0.1116,11.049
3,34.0,40.0,7.62,0.8,27.2,18.8338,5.2976,0.0729,0.1116,11.049
3,34.0,40.0,8.255,0.8,27.2,18.8309,5.3114,0.0731,0.1116,11.049
3,34.0,40.0,8.89,0.8,27.2,18.8278,5.3262,0.0733,0.1116,11.049
3,34.0,40.0,9.525,0.8,27.2,18.8245,5.3419,0.0735,0.1116,11.049
3,34.0,40.0,10.16,0.8,27.2,18.821,5.3585,0.0737,0.1116,11.049
3,34.0,40.0,10.795,0.8,27.2,18.8173,5.376,0.0739,0.1116,11.049
3,34.0,40.0,11.43,0.8,27.2,18.8135,5.3944,0.0742,0.1116,11.049
3,34.0,40.0,12.065,0.8,27.2,18.8094,5.4137,0.0744,0.1116,11.049
3,34.0,40.0,6.985,0.9,30.6,18.8388,5.274,0.0726,0.1,9.834
3,34.0,40.0,7.62,0.9,30.6,18.8361,5.2868,0.0727,0.1,9.834
3,34.0,40.0,8.255,0.9,30.6,18.8332,5.3006,0.0729,0.1,9.834
3,34.0,40.0,8.89,0.9,30.6,18.8301,5.3152,0.0731,0.1,9.834
3,34.0,40.0,9.525,0.9,30.6,18.8268,5.3309,0.0733,0.1,9.834
3,34.0,40.0,10.16,0.9,30.6,18.8234,5.3474,0.0735,0.1,9.834
3,34.0,40.0,10.795,0.9,30.6,18.8197,5.3648,0.0738,0.1,9.834
3,34.0,40.0,11.43,0.9,30.6,18.8158,5.3832,0.074,0.1,9.834
3,34.0,40.0,12.065,0.9,30.6,18.8118,5.4024,0.0743,0.1,9.834
3,42.6,50.0,6.985,0.4,17.04,19.2249,3.4696,0.0484,0.1728,17.4717
3,42.6,50.0,7.62,0.4,17.04,19.223,3.4783,0.0486,0.1728,17.4717
3,42.6,50.0,8.255,0.4,17.04,19.2209,3.4877,0.0487,0.1728,17.4717
3,42.6,50.0,8.89,0.4,17.04,19.2188,3.4977,0.0488,0.1728,17.4717
3,42.6,50.0,9.525,0.4,17.04,19.2165,3.5083,0.049,0.1728,17.4717
3,42.6,50.0,10.16,0.4,17.04,19.214,3.5196,0.0491,0.1728,17.4717
3,42.6,50.0,6.985,0.5,21.3,19.2266,3.4617,0.0483,0.1402,14.0552
3,42.6,50.0,7.62,0.5,21.3,19.2247,3.4703,0.0485,0.1402,14.0552
3,42.6,50.0,8.255,0.5,21.3,19.2227,3.4796,0.0486,0.1402,14.0552
3,42.6,50.0,8.89,0.5,21.3,19.2205,3.4896,0.0487,0.1402,14.0552
3,42.6,50.0,9.525,0.5,21.3,19.2182,3.5002,0.0489,0.1402,14.0552
3,42.6,50.0,10.16,0.5,21.3,19.2158,3.5114,0.049,0.1402,14.0552
3,42.6,50.0,10.795,0.5,21.3,19.2132,3.5233,0.0492,0.1402,14.0552
3,42.6,50.0,11.43,0.5,21.3,19.2105,3.5358,0.0493,0.1402,14.0552
3,42.6,50.0,12.065,0.5,21.3,19.2077,3.5489,0.0495,0.1402,14.0552
3,42.6,50.0,6.985,0.6,25.56,19.2281,3.4549,0.0482,0.1183,11.7484
3,42.6,50.0,7.62,0.6,25.56,19.2262,3.4635,0.0484,0.1183,11.7484
3,42.6,50.0,8.255,0.6,25.56,19.2242,3.4728,0.0485,0.1183,11.7484
3,42.6,50.0,8.89,0.6,25.56,19.222,3.4827,0.0486,0.1183,11.7484
3,42.6,50.0,9.525,0.6,25.56,19.2197,3.4933,0.0488,0.1183,11.7484
3,42.6,50.0,10.16,0.6,25.56,19.2173,3.5044,0.0489,0.1183,11.7484
3,42.6,50.0,10.795,0.6,25.56,19.2147,3.5163,0.0491,0.1183,11.7484
3,42.6,50.0,11.43,0.6,25.56,19.212,3.5287,0.0492,0.1183,11.7484
3,42.6,50.0,12.065,0.6,25.56,19.2092,3.5418,0.0494,0.1183,11.7484
3,42.6,50.0,6.985,0.7,29.82,19.2294,3.4489,0.0482,0.1024,10.0886
3,42.6,50.0,7.62,0.7,29.82,19.2275,3.4575,0.0483,0.1024,10.0886
3,42.6,50.0,8.255,0.7,29.82,19.2255,3.4668,0.0484,0.1024,10.0886
3,42.6,50.0,8.89,0.7,29.82,19.2233,3.4766,0.0485,0.1024,10.0886
3,42.6,50.0,9.525,0.7,29.82,19.2211,3.4872,0.0487,0.1024,10.0886
3,42.6,50.0,10.16,0.7,29.82,19.2186,3.4983,0.0488,0.1024,10.0886
3,42.6,50.0,10.795,0.7,29.82,19.2161,3.5101,0.049,0.1024,10.0886
3,42.6,50.0,11.43,0.7,29.82,19.2134,3.5225,0.0492,0.1024,10.0886
3,42.6,50.0,12.065,0.7,29.82,19.2106,3.5355,0.0493,0.1024,10.0886
3,42.6,50.0,6.985,0.8,34.08,19.2305,3.4436,0.0481,0.0905,8.8382
3,42.6,50.0,7.62,0.8,34.08,19.2287,3.4522,0.0482,0.0905,8.8382
3,42.6,50.0,8.255,0.8,34.08,19.2267,3.4614,0.0483,0.0905,8.8382
3,42.6,50.0,8.89,0.8,34.08,19.2245,3.4712,0.0485,0.0905,8.8382
3,42.6,50.0,9.525,0.8,34.08,19.2222,3.4817,0.0486,0.0905,8.8382
3,42.6,50.0,10.16,0.8,34.08,19.2198,3.4928,0.0488,0.0905,8.8382
3,42.6,50.0,10.795,0.8,34.08,19.2173,3.5046,0.0489,0.0905,8.8382
3,42.6,50.0,11.43,0.8,34.08,19.2146,3.5169,0.0491,0.0905,8.8382
3,42.6,50.0,12.065,0.8,34.08,19.2118,3.5299,0.0493,0.0905,8.8382
3,42.6,50.0,6.985,0.9,38.34,19.2316,3.4388,0.048,0.0812,7.8626
3,42.6,50.0,7.62,0.9,38.34,19.2297,3.4473,0.0481,0.0812,7.8626
3,42.6,50.0,8.255,0.9,38.34,19.2277,3.4565,0.0483,0.0812,7.8626
3,42.6,50.0,8.89,0.9,38.34,19.2256,3.4663,0.0484,0.0812,7.8626
3,42.6,50.0,9.525,0.9,38.34,19.2233,3.4768,0.0485,0.0812,7.8626
3,42.6,50.0,10.16,0.9,38.34,19.2209,3.4879,0.0487,0.0812,7.8626
3,42.6,50.0,10.795,0.9,38.34,19.2184,3.4996,0.0489,0.0812,7.8626
3,42.6,50.0,11.43,0.9,38.34,19.2157,3.5119,0.049,0.0812,7.8626
3,42.6,50.0,12.065,0.9,38.34,19.2129,3.5248,0.0492,0.0812,7.8626
3,53.6,63.0,6.985,0.3,16.08,19.4926,2.2488,0.0317,0.1824,18.48
3,53.6,63.0,7.62,0.3,16.08,19.4913,2.2546,0.0318,0.1824,18.48
3,53.6,63.0,8.255,0.3,16.08,19.4899,2.2607,0.0319,0.1824,18.48
3,53.6,63.0,8.89,0.3,16.08,19.4885,2.2673,0.032,0.1824,18.48
3,53.6,63.0,9.525,0.3,16.08,19.4869,2.2743,0.0321,0.1824,18.48
3,53.6,63.0,6.985,0.4,21.44,19.4935,2.2446,0.0317,0.1394,13.9653
3,53.6,63.0,7.62,0.4,21.44,19.4923,2.2503,0.0317,0.1394,13.9653
3,53.6,63.0,8.255,0.4,21.44,19.4909,2.2564,0.0318,0.1394,13.9653
3,53.6,63.0,8.89,0.4,21.44,19.4894,2.263,0.0319,0.1394,13.9653
3,53.6,63.0,9.525,0.4,21.44,19.4879,2.2699,0.032,0.1394,13.9653
3,53.6,63.0,10.16,0.4,21.44,19.4863,2.2774,0.0321,0.1394,13.9653
3,53.6,63.0,10.795,0.4,21.44,19.4845,2.2852,0.0322,0.1394,13.9653
3,53.6,63.0,11.43,0.4,21.44,19.4827,2.2935,0.0323,0.1394,13.9653
3,53.6,63.0,12.065,0.4,21.44,19.4808,2.3021,0.0325,0.1394,13.9653
3,53.6,63.0,6.985,0.5,26.8,19.4943,2.241,0.0316,0.1131,11.2119
3,53.6,63.0,7.62,0.5,26.8,19.493,2.2467,0.0317,0.1131,11.2119
3,53.6,63.0,8.255,0.5,26.8,19.4917,2.2528,0.0318,0.1131,11.2119
3,53.6,63.0,8.89,0.5,26.8,19.4902,2.2594,0.0319,0.1131,11.2119
3,53.6,63.0,9.525,0.5,26.8,19.4887,2.2663,0.032,0.1131,11.2119
3,53.6,63.0,10.16,0.5,26.8,19.4871,2.2737,0.0321,0.1131,11.2119
3,53.6,63.0,10.795,0.5,26.8,19.4853,2.2816,0.0322,0.1131,11.2119
3,53.6,63.0,11.43,0.5,26.8,19.4835,2.2898,0.0323,0.1131,11.2119
3,53.6,63.0,12.065,0.5,26.8,19.4816,2.2984,0.0324,0.1131,11.2119
3,53.6,63.0,6.985,0.6,32.16,19.495,2.238,0.0316,0.0955,9.3613
3,53.6,63.0,7.62,0.6,32.16,19.4937,2.2437,0.0316,0.0955,9.3613
3,53.6,63.0,8.255,0.6,32.16,19.4924,2.2498,0.0317,0.0955,9.3613
3,53.6,63.0,8.89,0.6,32.16,19.4909,2.2563,0.0318,0.0955,9.3613
3,53.6,63.0,9.525,0.6,32.16,19.4894,2.2633,0.0319,0.0955,9.3613
3,53.6,63.0,10.16,0.6,32.16,19.4877,2.2706,0.032,0.0955,9.3613
3,53.6,63.0,10.795,0.6,32.16,19.486,2.2784,0.0321,0.0955,9.3613
3,53.6,63.0,11.43,0.6,32.16,19.4842,2.2866,0.0322,0.0955,9.3613
3,53.6,63.0,12.065,0.6,32.16,19.4823,2.2953,0.0324,0.0955,9.3613
3,53.6,63.0,6.985,0.7,37.52,19.4956,2.2354,0.0315,0.0829,8.0334
3,53.6,63.0,7.62,0.7,37.52,19.4943,2.241,0.0316,0.0829,8.0334
3,53.6,63.0,8.255,0.7,37.52,19.4929,2.2471,0.0317,0.0829,8.0334
3,53.6,63.0,8.89,0.7,37.52,19.4915,2.2536,0.0318,0.0829,8.0334
3,53.6,63.0,9.525,0.7,37.52,19.49,2.2606,0.0319,0.0829,8.0334
3,53.6,63.0,10.16,0.7,37.52,19.4883,2.2679,0.032,0.0829,8.0334
3,53.6,63.0,10.795,0.7,37.52,19.4866,2.2757,0.0321,0.0829,8.0334
3,53.6,63.0,11.43,0.7,37.52,19.4848,2.2839,0.0322,0.0829,8.0334
3,53.6,63.0,12.065,0.7,37.52,19.4829,2.2925,0.0323,0.0829,8.0334
3,53.6,63.0,6.985,0.8,42.88,19.4961,2.233,0.0315,0.0734,7.0345
3,53.6,63.0,7.62,0.8,42.88,19.4948,2.2386,0.0316,0.0734,7.0345
3,53.6,63.0,8.255,0.8,42.88,19.4935,2.2447,0.0317,0.0734,7.0345
3,53.6,63.0,8.89,0.8,42.88,19.492,2.2512,0.0317,0.0734,7.0345
3,53.6,63.0,9.525,0.8,42.88,19.4905,2.2581,0.0318,0.0734,7.0345
3,53.6,63.0,10.16,0.8,42.88,19.4889,2.2655,0.0319,0.0734,7.0345
3,53.6,63.0,10.795,0.8,42.88,19.4872,2.2732,0.0321,0.0734,7.0345
3,53.6,63.0,11.43,0.8,42.88,19.4854,2.2814,0.0322,0.0734,7.0345
3,53.6,63.0,12.065,0.8,42.88,19.4835,2.29,0.0323,0.0734,7.0345
3,53.6,63.0,6.985,0.9,48.24,19.4966,2.2309,0.0315,0.0659,6.2562
3,53.6,63.0,7.62,0.9,48.24,19.4953,2.2365,0.0315,0.0659,6.2562
3,53.6,63.0,8.255,0.9,48.24,19.494,2.2425,0.0316,0.0659,6.2562
3,53.6,63.0,8.89,0.9,48.24,19.4925,2.249,0.0317,0.0659,6.2562
3,53.6,63.0,9.525,0.9,48.24,19.491,2.2559,0.0318,0.0659,6.2562
3,53.6,63.0,10.16,0.9,48.24,19.4894,2.2633,0.0319,0.0659,6.2562
3,53.6,63.0,10.795,0.9,48.24,19.4877,2.271,0.032,0.0659,6.2562
3,53.6,63.0,11.43,0.9,48.24,19.4859,2.2792,0.0321,0.0659,6.2562
3,53.6,63.0,12.065,0.9,48.24,19.484,2.2877,0.0323,0.0659,6.2562
4,17.0,20.0,6.985,0.8,13.6,16.0704,20.0113,0.2456,0.2131,21.7021
4,17.0,20.0,6.985,0.9,15.3,16.0921,19.8816,0.2442,0.191,19.3873
4,17.0,20.0,7.62,0.9,15.3,16.0832,19.9347,0.2448,0.191,19.3873
4,17.0,20.0,8.255,0.9,15.3,16.0737,19.9915,0.2454,0.191,19.3873
4,17.0,20.0,8.89,0.9,15.3,16.0636,20.0518,0.246,0.191,19.3873
4,22.0,25.0,6.985,0.7,15.4,17.4495,12.2407,0.1594,0.1899,19.2662
4,22.0,25.0,7.62,0.7,15.4,17.4426,12.2772,0.1598,0.1899,19.2662
4,22.0,25.0,8.255,0.7,15.4,17.4352,12.3163,0.1603,0.1899,19.2662
4,22.0,25.0,8.89,0.7,15.4,17.4274,12.3581,0.1608,0.1899,19.2662
4,22.0,25.0,6.985,0.8,17.6,17.4602,12.1837,0.1587,0.1676,16.9321
4,22.0,25.0,7.62,0.8,17.6,17.4534,12.2199,0.1592,0.1676,16.9321
4,22.0,25.0,8.255,0.8,17.6,17.4461,12.2587,0.1596,0.1676,16.9321
4,22.0,25.0,8.89,0.8,17.6,17.4383,12.3,0.1601,0.1676,16.9321
4,22.0,25.0,9.525,0.8,17.6,17.43,12.3438,0.1606,0.1676,16.9321
4,22.0,25.0,10.16,0.8,17.6,17.4214,12.39,0.1612,0.1676,16.9321
4,22.0,25.0,10.795,0.8,17.6,17.4122,12.4384,0.1617,0.1676,16.9321
4,22.0,25.0,6.985,0.9,19.8,17.4699,12.1324,0.1581,0.1501,15.0965
4,22.0,25.0,7.62,0.9,19.8,17.4631,12.1683,0.1586,0.1501,15.0965
4,22.0,25.0,8.255,0.9,19.8,17.4559,12.2067,0.159,0.1501,15.0965
4,22.0,25.0,8.89,0.9,19.8,17.4481,12.2477,0.1595,0.1501,15.0965
4,22.0,25.0,9.525,0.9,19.8,17.44,12.2911,0.16,0.1501,15.0965
4,22.0,25.0,10.16,0.9,19.8,17.4313,12.3369,0.1605,0.1501,15.0965
4,22.0,25.0,10.795,0.9,19.8,17.4223,12.3849,0.1611,0.1501,15.0965
4,22.0,25.0,11.43,0.9,19.8,17.4129,12.435,0.1617,0.1501,15.0965
4,22.0,25.0,12.065,0.9,19.8,17.4031,12.4872,0.1623,0.1501,15.0965
4,27.2,32.0,6.985,0.5,13.6,18.2375,8.1941,0.1102,0.2131,21.7021
4,27.2,32.0,6.985,0.6,16.32,18.2443,8.1601,0.1097,0.1799,18.2174
4,27.2,32.0,7.62,0.6,16.32,18.2392,8.1858,0.1101,0.1799,18.2174
4,27.2,32.0,8.255,0.6,16.32,18.2336,8.2134,0.1104,0.1799,18.2174
4,27.2,32.0,8.89,0.6,16.32,18.2277,8.2428,0.1108,0.1799,18.2174
4,27.2,32.0,9.525,0.6,16.32,18.2214,8.274,0.1112,0.1799,18.2174
4,27.2,32.0,6.985,0.7,19.04,18.2503,8.1304,0.1094,0.1557,15.6844
4,27.2,32.0,7.62,0.7,19.04,18.2452,8.1559,0.1097,0.1557,15.6844
4,27.2,32.0,8.255,0.7,19.04,18.2397,8.1832,0.11,0.1557,15.6844
4,27.2,32.0,8.89,0.7,19.04,18.2338,8.2124,0.1104,0.1557,15.6844
4,27.2,32.0,9.525,0.7,19.04,18.2276,8.2434,0.1108,0.1557,15.6844
4,27.2,32.0,10.16,0.7,19.04,18.221,8.2762,0.1112,0.1557,15.6844
4,27.2,32.0,10.795,0.7,19.04,18.2141,8.3107,0.1116,0.1557,15.6844
4,27.2,32.0,11.43,0.7,19.04,18.2068,8.3469,0.1121,0.1557,15.6844
4,27.2,32.0,12.065,0.7,19.04,18.1992,8.3847,0.1125,0.1557,15.6844
4,27.2,32.0,6.985,0.8,21.76,18.2557,8.1039,0.109,0.1375,13.7638
4,27.2,32.0,7.62,0.8,21.76,18.2506,8.1292,0.1093,0.1375,13.7638
4,27.2,32.0,8.255,0.8,21.76,18.2451,8.1564,0.1097,0.1375,13.7638
4,27.2,32.0,8.89,0.8,21.76,18.2393,8.1854,0.11,0.1375,13.7638
4,27.2,32.0,9.525,0.8,21.76,18.2331,8.2162,0.1104,0.1375,13.7638
4,27.2,32.0,10.16,0.8,21.76,18.2265,8.2487,0.1108,0.1375,13.7638
4,27.2,32.0,10.795,0.8,21.76,18.2196,8.283,0.1113,0.1375,13.7638
4,27.2,32.0,11.43,0.8,21.76,18.2124,8.3189,0.1117,0.1375,13.7638
4,27.2,32.0,12.065,0.8,21.76,18.2049,8.3565,0.1122,0.1375,13.7638
4,27.2,32.0,6.985,0.9,24.48,18.2605,8.0799,0.1087,0.1231,12.259
4,27.2,32.0,7.62,0.9,24.48,18.2554,8.1051,0.109,0.1231,12.259
4,27.2,32.0,8.255,0.9,24.48,18.25,8.1321,0.1094,0.1231,12.259
4,27.2,32.0,8.89,0.9,24.48,18.2442,8.1609,0.1097,0.1231,12.259
4,27.2,32.0,9.525,0.9,24.48,18.238,8.1916,0.1101,0.1231,12.259
4,27.2,32.0,10.16,0.9,24.48,18.2315,8.2239,0.1105,0.1231,12.259
4,27.2,32.0,10.795,0.9,24.48,18.2247,8.258,0.111,0.1231,12.259
4,27.2,32.0,11.43,0.9,24.48,18.2175,8.2937,0.1114,0.1231,12.259
4,27.2,32.0,12.065,0.9,24.48,18.21,8.331,0.1119,0.1231,12.259
4,34.0,40.0,6.985,0.4,13.6,18.8233,5.3475,0.0735,0.2131,21.7021
4,34.0,40.0,6.985,0.5,17.0,18.8271,5.3296,0.0733,0.1731,17.5116
4,34.0,40.0,7.62,0.5,17.0,18.8234,5.347,0.0735,0.1731,17.5116
4,34.0,40.0,8.255,0.5,17.0,18.8195,5.3657,0.0738,0.1731,17.5116
4,34.0,40.0,8.89,0.5,17.0,18.8153,5.3856,0.074,0.1731,17.5116
4,34.0,40.0,9.525,0.5,17.0,18.8108,5.4069,0.0743,0.1731,17.5116
4,34.0,40.0,10.16,0.5,17.0,18.8061,5.4293,0.0746,0.1731,17.5116
4,34.0,40.0,6.985,0.6,20.4,18.8303,5.3144,0.0731,0.146,14.6622
4,34.0,40.0,7.62,0.6,20.4,18.8267,5.3317,0.0733,0.146,14.6622
4,34.0,40.0,8.255,0.6,20.4,18.8228,5.3502,0.0736,0.146,14.6622
4,34.0,40.0,8.89,0.6,20.4,18.8186,5.3701,0.0738,0.146,14.6622
4,34.0,40.0,9.525,0.6,20.4,18.8141,5.3912,0.0741,0.146,14.6622
4,34.0,40.0,10.16,0.6,20.4,18.8094,5.4135,0.0744,0.146,14.6622
4,34.0,40.0,10.795,0.6,20.4,18.8045,5.4371,0.0747,0.146,14.6622
4,34.0,40.0,11.43,0.6,20.4,18.7993,5.4619,0.075,0.146,14.6622
4,34.0,40.0,12.065,0.6,20.4,18.7938,5.4878,0.0754,0.146,14.6622
4,34.0,40.0,6.985,0.7,23.8,18.8331,5.3011,0.0729,0.1264,12.6038
4,34.0,40.0,7.62,0.7,23.8,18.8295,5.3183,0.0732,0.1264,12.6038
4,34.0,40.0,8.255,0.7,23.8,18.8256,5.3367,0.0734,0.1264,12.6038
4,34.0,40.0,8.89,0.7,23.8,18.8214,5.3565,0.0737,0.1264,12.6038
4,34.0,40.0,9.525,0.7,23.8,18.817,5.3775,0.0739,0.1264,12.6038
4,34.0,40.0,10.16,0.7,23.8,18.8123,5.3997,0.0742,0.1264,12.6038
4,34.0,40.0,10.795,0.7,23.8,18.8074,5.4232,0.0745,0.1264,12.6038
4,34.0,40.0,11.43,0.7,23.8,18.8022,5.4478,0.0749,0.1264,12.6038
4,34.0,40.0,12.065,0.7,23.8,18.7968,5.4736,0.0752,0.1264,12.6038
4,34.0,40.0,6.985,0.8,27.2,18.8356,5.2892,0.0728,0.1116,11.049
4,34.0,40.0,7.62,0.8,27.2,18.832,5.3063,0.073,0.1116,11.049
4,34.0,40.0,8.255,0.8,27.2,18.8281,5.3247,0.0732,0.1116,11.049
4,34.0,40.0,8.89,0.8,27.2,18.824,5.3443,0.0735,0.1116,11.049
4,34.0,40.0,9.525,0.8,27.2,18.8196,5.3652,0.0738,0.1116,11.049
4,34.0,40.0,10.16,0.8,27.2,18.8149,5.3873,0.0741,0.1116,11.049
4,34.0,40.0,10.795,0.8,27.2,18.81,5.4107,0.0744,0.1116,11.049
4,34.0,40.0,11.43,0.8,27.2,18.8049,5.4352,0.0747,0.1116,11.049
4,34.0,40.0,12.065,0.8,27.2,18.7995,5.4609,0.075,0.1116,11.049
4,34.0,40.0,6.985,0.9,30.6,18.8379,5.2784,0.0726,0.1,9.834
4,34.0,40.0,7.62,0.9,30.6,18.8343,5.2954,0.0729,0.1,9.834
4,34.0,40.0,8.255,0.9,30.6,18.8304,5.3137,0.0731,0.1,9.834
4,34.0,40.0,8.89,0.9,30.6,18.8263,5.3333,0.0734,0.1,9.834
4,34.0,40.0,9.525,0.9,30.6,18.8219,5.3541,0.0736,0.1,9.834
4,34.0,40.0,10.16,0.9,30.6,18.8173,5.3762,0.0739,0.1,9.834
4,34.0,40.0,10.795,0.9,30.6,18.8124,5.3994,0.0742,0.1,9.834
4,34.0,40.0,11.43,0.9,30.6,18.8073,5.4238,0.0745,0.1,9.834
4,34.0,40.0,12.065,0.9,30.6,18.8019,5.4494,0.0749,0.1,9.834
4,42.6,50.0,6.985,0.4,17.04,19.2242,3.4726,0.0485,0.1728,17.4717
4,42.6,50.0,7.62,0.4,17.04,19.2217,3.4842,0.0486,0.1728,17.4717
4,42.6,50.0,8.255,0.4,17.04,19.219,3.4966,0.0488,0.1728,17.4717
4,42.6,50.0,8.89,0.4,17.04,19.2161,3.51,0.049,0.1728,17.4717
4,42.6,50.0,9.525,0.4,17.04,19.213,3.5242,0.0492,0.1728,17.4717
4,42.6,50.0,10.16,0.4,17.04,19.2098,3.5392,0.0494,0.1728,17.4717
4,42.6,50.0,6.985,0.5,21.3,19.2259,3.4646,0.0484,0.1402,14.0552
4,42.6,50.0,7.62,0.5,21.3,19.2234,3.4762,0.0485,0.1402,14.0552
4,42.6,50.0,8.255,0.5,21.3,19.2207,3.4886,0.0487,0.1402,14.0552
4,42.6,50.0,8.89,0.5,21.3,19.2179,3.5018,0.0489,0.1402,14.0552
4,42.6,50.0,9.525,0.5,21.3,19.2148,3.516,0.0491,0.1402,14.0552
4,42.6,50.0,10.16,0.5,21.3,19.2116,3.5309,0.0493,0.1402,14.0552
4,42.6,50.0,10.795,0.5,21.3,19.2081,3.5468,0.0495,0.1402,14.0552
4,42.6,50.0,11.43,0.5,21.3,19.2045,3.5634,0.0497,0.1402,14.0552
4,42.6,50.0,12.065,0.5,21.3,19.2007,3.5809,0.05,0.1402,14.0552
4,42.6,50.0,6.985,0.6,25.56,19.2274,3.4578,0.0483,0.1183,11.7484
4,42.6,50.0,7.62,0.6,25.56,19.2249,3.4693,0.0484,0.1183,11.7484
4,42.6,50.0,8.255,0.6,25.56,19.2222,3.4817,0.0486,0.1183,11.7484
4,42.6,50.0,8.89,0.6,25.56,19.2194,3.4949,0.0488,0.1183,11.7484
4,42.6,50.0,9.525,0.6,25.56,19.2163,3.509,0.049,0.1183,11.7484
4,42.6,50.0,10.16,0.6,25.56,19.2131,3.5239,0.0492,0.1183,11.7484
4,42.6,50.0,10.795,0.6,25.56,19.2097,3.5396,0.0494,0.1183,11.7484
4,42.6,50.0,11.43,0.6,25.56,19.2061,3.5562,0.0496,0.1183,11.7484
4,42.6,50.0,12.065,0.6,25.56,19.2023,3.5736,0.0499,0.1183,11.7484
4,42.6,50.0,6.985,0.7,29.82,19.2287,3.4518,0.0482,0.1024,10.0886
4,42.6,50.0,7.62,0.7,29.82,19.2262,3.4633,0.0484,0.1024,10.0886
4,42.6,50.0,8.255,0.7,29.82,19.2236,3.4756,0.0485,0.1024,10.0886
4,42.6,50.0,8.89,0.7,29.82,19.2207,3.4888,0.0487,0.1024,10.0886
4,42.6,50.0,9.525,0.7,29.82,19.2177,3.5028,0.0489,0.1024,10.0886
4,42.6,50.0,10.16,0.7,29.82,19.2144,3.5177,0.0491,0.1024,10.0886
4,42.6,50.0,10.795,0.7,29.82,19.211,3.5334,0.0493,0.1024,10.0886
4,42.6,50.0,11.43,0.7,29.82,19.2074,3.5499,0.0495,0.1024,10.0886
4,42.6,50.0,12.065,0.7,29.82,19.2037,3.5672,0.0498,0.1024,10.0886
4,42.6,50.0,6.985,0.8,34.08,19.2299,3.4465,0.0481,0.0905,8.8382
4,42.6,50.0,7.62,0.8,34.08,19.2274,3.4579,0.0483,0.0905,8.8382
4,42.6,50.0,8.255,0.8,34.08,19.2247,3.4702,0.0485,0.0905,8.8382
4,42.6,50.0,8.89,0.8,34.08,19.2219,3.4833,0.0486,0.0905,8.8382
4,42.6,50.0,9.525,0.8,34.08,19.2188,3.4973,0.0488,0.0905,8.8382
4,42.6,50.0,10.16,0.8,34.08,19.2156,3.5121,0.049,0.0905,8.8382
4,42.6,50.0,10.795,0.8,34.08,19.2122,3.5278,0.0492,0.0905,8.8382
4,42.6,50.0,11.43,0.8,34.08,19.2087,3.5442,0.0495,0.0905,8.8382
4,42.6,50.0,12.065,0.8,34.08,19.2049,3.5615,0.0497,0.0905,8.8382
4,42.6,50.0,6.985,0.9,38.34,19.2309,3.4417,0.0481,0.0812,7.8626
4,42.6,50.0,7.62,0.9,38.34,19.2285,3.4531,0.0482,0.0812,7.8626
4,42.6,50.0,8.255,0.9,38.34,19.2258,3.4653,0.0484,0.0812,7.8626
4,42.6,50.0,8.89,0.9,38.34,19.223,3.4784,0.0486,0.0812,7.8626
4,42.6,50.0,9.525,0.9,38.34,19.2199,3.4923,0.0488,0.0812,7.8626
4,42.6,50.0,10.16,0.9,38.34,19.2167,3.5071,0.049,0.0812,7.8626
4,42.6,50.0,10.795,0.9,38.34,19.2133,3.5227,0.0492,0.0812,7.8626
4,42.6,50.0,11.43,0.9,38.34,19.2098,3.5391,0.0494,0.0812,7.8626
4,42.6,50.0,12.065,0.9,38.34,19.206,3.5563,0.0496,0.0812,7.8626
4,53.6,63.0,6.985,0.3,16.08,19.4921,2.2508,0.0317,0.1824,18.48
4,53.6,63.0,7.62,0.3,16.08,19.4904,2.2584,0.0318,0.1824,18.48
4,53.6,63.0,8.255,0.3,16.08,19.4886,2.2666,0.032,0.1824,18.48
4,53.6,63.0,8.89,0.3,16.08,19.4867,2.2754,0.0321,0.1824,18.48
4,53.6,63.0,9.525,0.3,16.08,19.4846,2.2848,0.0322,0.1824,18.48
4,53.6,63.0,6.985,0.4,21.44,19.4931,2.2465,0.0317,0.1394,13.9653
4,53.6,63.0,7.62,0.4,21.44,19.4914,2.2541,0.0318,0.1394,13.9653
4,53.6,63.0,8.255,0.4,21.44,19.4896,2.2623,0.0319,0.1394,13.9653
4,53.6,63.0,8.89,0.4,21.44,19.4877,2.271,0.032,0.1394,13.9653
4,53.6,63.0,9.525,0.4,21.44,19.4856,2.2803,0.0322,0.1394,13.9653
4,53.6,63.0,10.16,0.4,21.44,19.4834,2.2902,0.0323,0.1394,13.9653
4,53.6,63.0,10.795,0.4,21.44,19.4811,2.3007,0.0324,0.1394,13.9653
4,53.6,63.0,11.43,0.4,21.44,19.4787,2.3117,0.0326,0.1394,13.9653
4,53.6,63.0,12.065,0.4,21.44,19.4761,2.3233,0.0327,0.1394,13.9653
4,53.6,63.0,6.985,0.5,26.8,19.4939,2.243,0.0316,0.1131,11.2119
4,53.6,63.0,7.62,0.5,26.8,19.4922,2.2505,0.0317,0.1131,11.2119
4,53.6,63.0,8.255,0.5,26.8,19.4904,2.2587,0.0319,0.1131,11.2119
4,53.6,63.0,8.89,0.5,26.8,19.4885,2.2674,0.032,0.1131,11.2119
4,53.6,63.0,9.525,0.5,26.8,19.4864,2.2767,0.0321,0.1131,11.2119
4,53.6,63.0,10.16,0.5,26.8,19.4842,2.2866,0.0322,0.1131,11.2119
4,53.6,63.0,10.795,0.5,26.8,19.4819,2.297,0.0324,0.1131,11.2119
4,53.6,63.0,11.43,0.5,26.8,19.4795,2.308,0.0325,0.1131,11.2119
4,53.6,63.0,12.065,0.5,26.8,19.4769,2.3195,0.0327,0.1131,11.2119
4,53.6,63.0,6.985,0.6,32.16,19.4945,2.2399,0.0316,0.0955,9.3613
4,53.6,63.0,7.62,0.6,32.16,19.4929,2.2475,0.0317,0.0955,9.3613
4,53.6,63.0,8.255,0.6,32.16,19.4911,2.2556,0.0318,0.0955,9.3613
4,53.6,63.0,8.89,0.6,32.16,19.4891,2.2643,0.0319,0.0955,9.3613
4,53.6,63.0,9.525,0.6,32.16,19.4871,2.2736,0.0321,0.0955,9.3613
4,53.6,63.0,10.16,0.6,32.16,19.4849,2.2834,0.0322,0.0955,9.3613
4,53.6,63.0,10.795,0.6,32.16,19.4826,2.2938,0.0323,0.0955,9.3613
4,53.6,63.0,11.43,0.6,32.16,19.4802,2.3048,0.0325,0.0955,9.3613
4,53.6,63.0,12.065,0.6,32.16,19.4776,2.3163,0.0326,0.0955,9.3613
4,53.6,63.0,6.985,0.7,37.52,19.4951,2.2373,0.0316,0.0829,8.0334
4,53.6,63.0,7.62,0.7,37.52,19.4935,2.2448,0.0317,0.0829,8.0334
4,53.6,63.0,8.255,0.7,37.52,19.4917,2.2529,0.0318,0.0829,8.0334
4,53.6,63.0,8.89,0.7,37.52,19.4897,2.2616,0.0319,0.0829,8.0334
4,53.6,63.0,9.525,0.7,37.52,19.4877,2.2709,0.032,0.0829,8.0334
4,53.6,63.0,10.16,0.7,37.52,19.4855,2.2807,0.0322,0.0829,8.0334
4,53.6,63.0,10.795,0.7,37.52,19.4832,2.291,0.0323,0.0829,8.0334
4,53.6,63.0,11.43,0.7,37.52,19.4808,2.302,0.0324,0.0829,8.0334
4,53.6,63.0,12.065,0.7,37.52,19.4783,2.3134,0.0326,0.0829,8.0334
4,53.6,63.0,6.985,0.8,42.88,19.4957,2.2349,0.0315,0.0734,7.0345
4,53.6,63.0,7.62,0.8,42.88,19.494,2.2424,0.0316,0.0734,7.0345
4,53.6,63.0,8.255,0.8,42.88,19.4922,2.2505,0.0317,0.0734,7.0345
4,53.6,63.0,8.89,0.8,42.88,19.4903,2.2592,0.0319,0.0734,7.0345
4,53.6,63.0,9.525,0.8,42.88,19.4882,2.2684,0.032,0.0734,7.0345
4,53.6,63.0,10.16,0.8,42.88,19.4861,2.2782,0.0321,0.0734,7.0345
4,53.6,63.0,10.795,0.8,42.88,19.4838,2.2886,0.0323,0.0734,7.0345
4,53.6,63.0,11.43,0.8,42.88,19.4814,2.2994,0.0324,0.0734,7.0345
4,53.6,63.0,12.065,0.8,42.88,19.4788,2.3109,0.0326,0.0734,7.0345
4,53.6,63.0,6.985,0.9,48.24,19.4961,2.2328,0.0315,0.0659,6.2562
4,53.6,63.0,7.62,0.9,48.24,19.4945,2.2403,0.0316,0.0659,6.2562
4,53.6,63.0,8.255,0.9,48.24,19.4927,2.2484,0.0317,0.0659,6.2562
4,53.6,63.0,8.89,0.9,48.24,19.4908,2.257,0.0318,0.0659,6.2562
4,53.6,63.0,9.525,0.9,48.24,19.4887,2.2662,0.032,0.0659,6.2562
4,53.6,63.0,10.16,0.9,48.24,19.4866,2.276,0.0321,0.0659,6.2562
4,53.6,63.0,10.795,0.9,48.24,19.4843,2.2863,0.0322,0.0659,6.2562
4,53.6,63.0,11.43,0.9,48.24,19.4819,2.2972,0.0324,0.0659,6.2562
4,53.6,63.0,12.065,0.9,48.24,19.4793,2.3086,0.0325,0.0659,6.2562
5,17.0,20.0,6.985,0.8,13.6,16.0681,20.025,0.2457,0.2131,21.7021
5,17.0,20.0,6.985,0.9,15.3,16.0898,19.8951,0.2444,0.191,19.3873
5,17.0,20.0,7.62,0.9,15.3,16.0787,19.9616,0.2451,0.191,19.3873
5,17.0,20.0,8.255,0.9,15.3,16.0668,20.0325,0.2458,0.191,19.3873
5,17.0,20.0,8.89,0.9,15.3,16.0543,20.1077,0.2466,0.191,19.3873
5,22.0,25.0,6.985,0.7,15.4,17.4477,12.25,0.1595,0.1899,19.2662
5,22.0,25.0,7.62,0.7,15.4,17.4391,12.2956,0.1601,0.1899,19.2662
5,22.0,25.0,8.255,0.7,15.4,17.4299,12.3445,0.1606,0.1899,19.2662
5,22.0,25.0,8.89,0.7,15.4,17.4201,12.3966,0.1612,0.1899,19.2662
5,22.0,25.0,6.985,0.8,17.6,17.4585,12.1929,0.1588,0.1676,16.9321
5,22.0,25.0,7.62,0.8,17.6,17.4499,12.2382,0.1594,0.1676,16.9321
5,22.0,25.0,8.255,0.8,17.6,17.4408,12.2866,0.1599,0.1676,16.9321
5,22.0,25.0,8.89,0.8,17.6,17.4311,12.3382,0.1606,0.1676,16.9321
5,22.0,25.0,9.525,0.8,17.6,17.4208,12.3929,0.1612,0.1676,16.9321
5,22.0,25.0,10.16,0.8,17.6,17.41,12.4505,0.1619,0.1676,16.9321
5,22.0,25.0,10.795,0.8,17.6,17.3986,12.5109,0.1626,0.1676,16.9321
5,22.0,25.0,6.985,0.9,19.8,17.4682,12.1415,0.1582,0.1501,15.0965
5,22.0,25.0,7.62,0.9,19.8,17.4597,12.1864,0.1588,0.1501,15.0965
5,22.0,25.0,8.255,0.9,19.8,17.4506,12.2344,0.1593,0.1501,15.0965
5,22.0,25.0,8.89,0.9,19.8,17.441,12.2856,0.1599,0.1501,15.0965
5,22.0,25.0,9.525,0.9,19.8,17.4308,12.3398,0.1606,0.1501,15.0965
5,22.0,25.0,10.16,0.9,19.8,17.42,12.3969,0.1612,0.1501,15.0965
5,22.0,25.0,10.795,0.9,19.8,17.4088,12.4568,0.162,0.1501,15.0965
5,22.0,25.0,11.43,0.9,19.8,17.397,12.5193,0.1627,0.1501,15.0965
5,22.0,25.0,12.065,0.9,19.8,17.3848,12.5844,0.1634,0.1501,15.0965
5,27.2,32.0,6.985,0.5,13.6,18.2362,8.2007,0.1102,0.2131,21.7021
5,27.2,32.0,6.985,0.6,16.32,18.243,8.1667,0.1098,0.1799,18.2174
5,27.2,32.0,7.62,0.6,16.32,18.2366,8.1988,0.1102,0.1799,18.2174
5,27.2,32.0,8.255,0.6,16.32,18.2296,8.2332,0.1106,0.1799,18.2174
5,27.2,32.0,8.89,0.6,16.32,18.2223,8.2699,0.1111,0.1799,18.2174
5,27.2,32.0,9.525,0.6,16.32,18.2144,8.309,0.1116,0.1799,18.2174
5,27.2,32.0,6.985,0.7,19.04,18.249,8.1369,0.1094,0.1557,15.6844
5,27.2,32.0,7.62,0.7,19.04,18.2426,8.1687,0.1098,0.1557,15.6844
5,27.2,32.0,8.255,0.7,19.04,18.2357,8.2029,0.1103,0.1557,15.6844
5,27.2,32.0,8.89,0.7,19.04,18.2284,8.2394,0.1107,0.1557,15.6844
5,27.2,32.0,9.525,0.7,19.04,18.2206,8.2781,0.1112,0.1557,15.6844
5,27.2,32.0,10.16,0.7,19.04,18.2124,8.319,0.1117,0.1557,15.6844
5,27.2,32.0,10.795,0.7,19.04,18.2038,8.3621,0.1123,0.1557,15.6844
5,27.2,32.0,11.43,0.7,19.04,18.1947,8.4073,0.1128,0.1557,15.6844
5,27.2,32.0,12.065,0.7,19.04,18.1853,8.4544,0.1134,0.1557,15.6844
5,27.2,32.0,6.985,0.8,21.76,18.2544,8.1103,0.1091,0.1375,13.7638
5,27.2,32.0,7.62,0.8,21.76,18.248,8.142,0.1095,0.1375,13.7638
5,27.2,32.0,8.255,0.8,21.76,18.2412,8.1759,0.1099,0.1375,13.7638
5,27.2,32.0,8.89,0.8,21.76,18.2339,8.2122,0.1104,0.1375,13.7638
5,27.2,32.0,9.525,0.8,21.76,18.2261,8.2506,0.1109,0.1375,13.7638
5,27.2,32.0,10.16,0.8,21.76,18.218,8.2913,0.1114,0.1375,13.7638
5,27.2,32.0,10.795,0.8,21.76,18.2094,8.3341,0.1119,0.1375,13.7638
5,27.2,32.0,11.43,0.8,21.76,18.2004,8.3789,0.1125,0.1375,13.7638
5,27.2,32.0,12.065,0.8,21.76,18.191,8.4257,0.1131,0.1375,13.7638
5,27.2,32.0,6.985,0.9,24.48,18.2592,8.0863,0.1088,0.1231,12.259
5,27.2,32.0,7.62,0.9,24.48,18.2529,8.1178,0.1092,0.1231,12.259
5,27.2,32.0,8.255,0.9,24.48,18.2461,8.1515,0.1096,0.1231,12.259
5,27.2,32.0,8.89,0.9,24.48,18.2388,8.1876,0.1101,0.1231,12.259
5,27.2,32.0,9.525,0.9,24.48,18.2311,8.2258,0.1106,0.1231,12.259
5,27.2,32.0,10.16,0.9,24.48,18.223,8.2662,0.1111,0.1231,12.259
5,27.2,32.0,10.795,0.9,24.48,18.2145,8.3087,0.1116,0.1231,12.259
5,27.2,32.0,11.43,0.9,24.48,18.2055,8.3533,0.1122,0.1231,12.259
5,27.2,32.0,12.065,0.9,24.48,18.1962,8.3999,0.1127,0.1231,12.259
5,34.0,40.0,6.985,0.4,13.6,18.8224,5.3519,0.0736,0.2131,21.7021
5,34.0,40.0,6.985,0.5,17.0,18.8262,5.3341,0.0734,0.1731,17.5116
5,34.0,40.0,7.62,0.5,17.0,18.8216,5.3558,0.0737,0.1731,17.5116
5,34.0,40.0,8.255,0.5,17.0,18.8167,5.3791,0.074,0.1731,17.5116
5,34.0,40.0,8.89,0.5,17.0,18.8114,5.404,0.0743,0.1731,17.5116
5,34.0,40.0,9.525,0.5,17.0,18.8058,5.4306,0.0746,0.1731,17.5116
5,34.0,40.0,10.16,0.5,17.0,18.7999,5.4586,0.075,0.1731,17.5116
5,34.0,40.0,6.985,0.6,20.4,18.8294,5.3188,0.0732,0.146,14.6622
5,34.0,40.0,7.62,0.6,20.4,18.8248,5.3404,0.0734,0.146,14.6622
5,34.0,40.0,8.255,0.6,20.4,18.8199,5.3636,0.0738,0.146,14.6622
5,34.0,40.0,8.89,0.6,20.4,18.8147,5.3884,0.0741,0.146,14.6622
5,34.0,40.0,9.525,0.6,20.4,18.8092,5.4148,0.0744,0.146,14.6622
5,34.0,40.0,10.16,0.6,20.4,18.8033,5.4427,0.0748,0.146,14.6622
5,34.0,40.0,10.795,0.6,20.4,18.7971,5.4721,0.0752,0.146,14.6622
5,34.0,40.0,11.43,0.6,20.4,18.7906,5.503,0.0756,0.146,14.6622
5,34.0,40.0,12.065,0.6,20.4,18.7838,5.5354,0.076,0.146,14.6622
5,34.0,40.0,6.985,0.7,23.8,18.8322,5.3054,0.073,0.1264,12.6038
5,34.0,40.0,7.62,0.7,23.8,18.8277,5.3269,0.0733,0.1264,12.6038
5,34.0,40.0,8.255,0.7,23.8,18.8228,5.35,0.0736,0.1264,12.6038
5,34.0,40.0,8.89,0.7,23.8,18.8176,5.3747,0.0739,0.1264,12.6038
5,34.0,40.0,9.525,0.7,23.8,18.8121,5.4009,0.0742,0.1264,12.6038
5,34.0,40.0,10.16,0.7,23.8,18.8062,5.4287,0.0746,0.1264,12.6038
5,34.0,40.0,10.795,0.7,23.8,18.8001,5.458,0.075,0.1264,12.6038
5,34.0,40.0,11.43,0.7,23.8,18.7936,5.4887,0.0754,0.1264,12.6038
5,34.0,40.0,12.065,0.7,23.8,18.7869,5.521,0.0758,0.1264,12.6038
5,34.0,40.0,6.985,0.8,27.2,18.8347,5.2935,0.0728,0.1116,11.049
5,34.0,40.0,7.62,0.8,27.2,18.8302,5.3149,0.0731,0.1116,11.049
5,34.0,40.0,8.255,0.8,27.2,18.8254,5.3379,0.0734,0.1116,11.049
5,34.0,40.0,8.89,0.8,27.2,18.8202,5.3624,0.0737,0.1116,11.049
5,34.0,40.0,9.525,0.8,27.2,18.8147,5.3886,0.0741,0.1116,11.049
5,34.0,40.0,10.16,0.8,27.2,18.8089,5.4162,0.0744,0.1116,11.049
5,34.0,40.0,10.795,0.8,27.2,18.8027,5.4453,0.0748,0.1116,11.049
5,34.0,40.0,11.43,0.8,27.2,18.7963,5.476,0.0752,0.1116,11.049
5,34.0,40.0,12.065,0.8,27.2,18.7896,5.508,0.0757,0.1116,11.049
5,34.0,40.0,6.985,0.9,30.6,18.837,5.2827,0.0727,0.1,9.834
5,34.0,40.0,7.62,0.9,30.6,18.8325,5.304,0.073,0.1,9.834
5,34.0,40.0,8.255,0.9,30.6,18.8277,5.3269,0.0733,0.1,9.834
5,34.0,40.0,8.89,0.9,30.6,18.8225,5.3514,0.0736,0.1,9.834
5,34.0,40.0,9.525,0.9,30.6,18.817,5.3774,0.0739,0.1,9.834
5,34.0,40.0,10.16,0.9,30.6,18.8113,5.4049,0.0743,0.1,9.834
5,34.0,40.0,10.795,0.9,30.6,18.8051,5.4339,0.0747,0.1,9.834
5,34.0,40.0,11.43,0.9,30.6,18.7987,5.4644,0.0751,0.1,9.834
5,34.0,40.0,12.065,0.9,30.6,18.792,5.4964,0.0755,0.1,9.834
5,42.6,50.0,6.985,0.4,17.04,19.2236,3.4755,0.0485,0.1728,17.4717
5,42.6,50.0,7.62,0.4,17.04,19.2204,3.49,0.0487,0.1728,17.4717
5,42.6,50.0,8.255,0.4,17.04,19.2171,3.5056,0.0489,0.1728,17.4717
5,42.6,50.0,8.89,0.4,17.04,19.2134,3.5223,0.0492,0.1728,17.4717
5,42.6,50.0,9.525,0.4,17.04,19.2096,3.54,0.0494,0.1728,17.4717
5,42.6,50.0,10.16,0.4,17.04,19.2055,3.5588,0.0497,0.1728,17.4717
5,42.6,50.0,6.985,0.5,21.3,19.2253,3.4676,0.0484,0.1402,14.0552
5,42.6,50.0,7.62,0.5,21.3,19.2222,3.482,0.0486,0.1402,14.0552
5,42.6,50.0,8.255,0.5,21.3,19.2188,3.4975,0.0488,0.1402,14.0552
5,42.6,50.0,8.89,0.5,21.3,19.2152,3.5141,0.049,0.1402,14.0552
5,42.6,50.0,9.525,0.5,21.3,19.2114,3.5317,0.0493,0.1402,14.0552
5,42.6,50.0,10.16,0.5,21.3,19.2073,3.5504,0.0495,0.1402,14.0552
5,42.6,50.0,10.795,0.5,21.3,19.203,3.5702,0.0498,0.1402,14.0552
5,42.6,50.0,11.43,0.5,21.3,19.1985,3.591,0.0501,0.1402,14.0552
5,42.6,50.0,12.065,0.5,21.3,19.1938,3.6128,0.0504,0.1402,14.0552
5,42.6,50.0,6.985,0.6,25.56,19.2268,3.4607,0.0483,0.1183,11.7484
5,42.6,50.0,7.62,0.6,25.56,19.2237,3.4751,0.0485,0.1183,11.7484
5,42.6,50.0,8.255,0.6,25.56,19.2203,3.4906,0.0487,0.1183,11.7484
5,42.6,50.0,8.89,0.6,25.56,19.2167,3.5071,0.049,0.1183,11.7484
5,42.6,50.0,9.525,0.6,25.56,19.2129,3.5247,0.0492,0.1183,11.7484
5,42.6,50.0,10.16,0.6,25.56,19.2089,3.5433,0.0494,0.1183,11.7484
5,42.6,50.0,10.795,0.6,25.56,19.2046,3.563,0.0497,0.1183,11.7484
5,42.6,50.0,11.43,0.6,25.56,19.2001,3.5837,0.05,0.1183,11.7484
5,42.6,50.0,12.065,0.6,25.56,19.1954,3.6054,0.0503,0.1183,11.7484
5,42.6,50.0,6.985,0.7,29.82,19.2281,3.4548,0.0482,0.1024,10.0886
5,42.6,50.0,7.62,0.7,29.82,19.225,3.4691,0.0484,0.1024,10.0886
5,42.6,50.0,8.255,0.7,29.82,19.2216,3.4845,0.0486,0.1024,10.0886
5,42.6,50.0,8.89,0.7,29.82,19.2181,3.5009,0.0489,0.1024,10.0886
5,42.6,50.0,9.525,0.7,29.82,19.2143,3.5184,0.0491,0.1024,10.0886
5,42.6,50.0,10.16,0.7,29.82,19.2102,3.537,0.0494,0.1024,10.0886
5,42.6,50.0,10.795,0.7,29.82,19.206,3.5566,0.0496,0.1024,10.0886
5,42.6,50.0,11.43,0.7,29.82,19.2015,3.5773,0.0499,0.1024,10.0886
5,42.6,50.0,12.065,0.7,29.82,19.1968,3.5989,0.0502,0.1024,10.0886
5,42.6,50.0,6.985,0.8,34.08,19.2292,3.4494,0.0482,0.0905,8.8382
5,42.6,50.0,7.62,0.8,34.08,19.2261,3.4637,0.0484,0.0905,8.8382
5,42.6,50.0,8.255,0.8,34.08,19.2228,3.479,0.0486,0.0905,8.8382
5,42.6,50.0,8.89,0.8,34.08,19.2193,3.4954,0.0488,0.0905,8.8382
5,42.6,50.0,9.525,0.8,34.08,19.2155,3.5129,0.049,0.0905,8.8382
5,42.6,50.0,10.16,0.8,34.08,19.2114,3.5314,0.0493,0.0905,8.8382
5,42.6,50.0,10.795,0.8,34.08,19.2072,3.551,0.0495,0.0905,8.8382
5,42.6,50.0,11.43,0.8,34.08,19.2028,3.5715,0.0498,0.0905,8.8382
5,42.6,50.0,12.065,0.8,34.08,19.1981,3.5931,0.0501,0.0905,8.8382
5,42.6,50.0,6.985,0.9,38.34,19.2303,3.4446,0.0481,0.0812,7.8626
5,42.6,50.0,7.62,0.9,38.34,19.2272,3.4588,0.0483,0.0812,7.8626
5,42.6,50.0,8.255,0.9,38.34,19.2239,3.4741,0.0485,0.0812,7.8626
5,42.6,50.0,8.89,0.9,38.34,19.2203,3.4905,0.0487,0.0812,7.8626
5,42.6,50.0,9.525,0.9,38.34,19.2166,3.5079,0.049,0.0812,7.8626
5,42.6,50.0,10.16,0.9,38.34,19.2126,3.5263,0.0492,0.0812,7.8626
5,42.6,50.0,10.795,0.9,38.34,19.2083,3.5458,0.0495,0.0812,7.8626
5,42.6,50.0,11.43,0.9,38.34,19.2039,3.5663,0.0498,0.0812,7.8626
5,42.6,50.0,12.065,0.9,38.34,19.1992,3.5878,0.05,0.0812,7.8626
5,53.6,63.0,6.985,0.3,16.08,19.4917,2.2527,0.0318,0.1824,18.48
5,53.6,63.0,7.62,0.3,16.08,19.4896,2.2623,0.0319,0.1824,18.48
5,53.6,63.0,8.255,0.3,16.08,19.4873,2.2725,0.032,0.1824,18.48
5,53.6,63.0,8.89,0.3,16.08,19.4849,2.2835,0.0322,0.1824,18.48
5,53.6,63.0,9.525,0.3,16.08,19.4823,2.2952,0.0324,0.1824,18.48
5,53.6,63.0,6.985,0.4,21.44,19.4927,2.2484,0.0317,0.1394,13.9653
5,53.6,63.0,7.62,0.4,21.44,19.4906,2.2579,0.0318,0.1394,13.9653
5,53.6,63.0,8.255,0.4,21.44,19.4883,2.2681,0.032,0.1394,13.9653
5,53.6,63.0,8.89,0.4,21.44,19.4859,2.2791,0.0321,0.1394,13.9653
5,53.6,63.0,9.525,0.4,21.44,19.4833,2.2907,0.0323,0.1394,13.9653
5,53.6,63.0,10.16,0.4,21.44,19.4806,2.3031,0.0325,0.1394,13.9653
5,53.6,63.0,10.795,0.4,21.44,19.4777,2.3161,0.0326,0.1394,13.9653
5,53.6,63.0,11.43,0.4,21.44,19.4746,2.3299,0.0328,0.1394,13.9653
5,53.6,63.0,12.065,0.4,21.44,19.4714,2.3444,0.033,0.1394,13.9653
5,53.6,63.0,6.985,0.5,26.8,19.4934,2.2449,0.0317,0.1131,11.2119
5,53.6,63.0,7.62,0.5,26.8,19.4913,2.2544,0.0318,0.1131,11.2119
5,53.6,63.0,8.255,0.5,26.8,19.4891,2.2646,0.0319,0.1131,11.2119
5,53.6,63.0,8.89,0.5,26.8,19.4867,2.2755,0.0321,0.1131,11.2119
5,53.6,63.0,9.525,0.5,26.8,19.4841,2.2871,0.0322,0.1131,11.2119
5,53.6,63.0,10.16,0.5,26.8,19.4814,2.2994,0.0324,0.1131,11.2119
5,53.6,63.0,10.795,0.5,26.8,19.4785,2.3124,0.0326,0.1131,11.2119
5,53.6,63.0,11.43,0.5,26.8,19.4755,2.3261,0.0328,0.1131,11.2119
5,53.6,63.0,12.065,0.5,26.8,19.4723,2.3405,0.033,0.1131,11.2119
5,53.6,63.0,6.985,0.6,32.16,19.4941,2.2419,0.0316,0.0955,9.3613
5,53.6,63.0,7.62,0.6,32.16,19.492,2.2513,0.0317,0.0955,9.3613
5,53.6,63.0,8.255,0.6,32.16,19.4898,2.2615,0.0319,0.0955,9.3613
5,53.6,63.0,8.89,0.6,32.16,19.4874,2.2723,0.032,0.0955,9.3613
5,53.6,63.0,9.525,0.6,32.16,19.4848,2.2839,0.0322,0.0955,9.3613
5,53.6,63.0,10.16,0.6,32.16,19.4821,2.2962,0.0324,0.0955,9.3613
5,53.6,63.0,10.795,0.6,32.16,19.4792,2.3092,0.0325,0.0955,9.3613
5,53.6,63.0,11.43,0.6,32.16,19.4762,2.3229,0.0327,0.0955,9.3613
5,53.6,63.0,12.065,0.6,32.16,19.473,2.3372,0.0329,0.0955,9.3613
5,53.6,63.0,6.985,0.7,37.52,19.4947,2.2392,0.0316,0.0829,8.0334
5,53.6,63.0,7.62,0.7,37.52,19.4926,2.2486,0.0317,0.0829,8.0334
5,53.6,63.0,8.255,0.7,37.52,19.4904,2.2588,0.0319,0.0829,8.0334
5,53.6,63.0,8.89,0.7,37.52,19.488,2.2696,0.032,0.0829,8.0334
5,53.6,63.0,9.525,0.7,37.52,19.4854,2.2812,0.0322,0.0829,8.0334
5,53.6,63.0,10.16,0.7,37.52,19.4827,2.2934,0.0323,0.0829,8.0334
5,53.6,63.0,10.795,0.7,37.52,19.4798,2.3064,0.0325,0.0829,8.0334
5,53.6,63.0,11.43,0.7,37.52,19.4768,2.32,0.0327,0.0829,8.0334
5,53.6,63.0,12.065,0.7,37.52,19.4736,2.3343,0.0329,0.0829,8.0334
5,53.6,63.0,6.985,0.8,42.88,19.4952,2.2368,0.0315,0.0734,7.0345
5,53.6,63.0,7.62,0.8,42.88,19.4931,2.2462,0.0317,0.0734,7.0345
5,53.6,63.0,8.255,0.8,42.88,19.4909,2.2564,0.0318,0.0734,7.0345
5,53.6,63.0,8.89,0.8,42.88,19.4885,2.2672,0.032,0.0734,7.0345
5,53.6,63.0,9.525,0.8,42.88,19.486,2.2787,0.0321,0.0734,7.0345
5,53.6,63.0,10.16,0.8,42.88,19.4832,2.2909,0.0323,0.0734,7.0345
5,53.6,63.0,10.795,0.8,42.88,19.4804,2.3039,0.0325,0.0734,7.0345
5,53.6,63.0,11.43,0.8,42.88,19.4774,2.3175,0.0327,0.0734,7.0345
5,53.6,63.0,12.065,0.8,42.88,19.4742,2.3318,0.0329,0.0734,7.0345
5,53.6,63.0,6.985,0.9,48.24,19.4957,2.2347,0.0315,0.0659,6.2562
5,53.6,63.0,7.62,0.9,48.24,19.4936,2.2441,0.0316,0.0659,6.2562
5,53.6,63.0,8.255,0.9,48.24,19.4914,2.2542,0.0318,0.0659,6.2562
5,53.6,63.0,8.89,0.9,48.24,19.489,2.265,0.0319,0.0659,6.2562
5,53.6,63.0,9.525,0.9,48.24,19.4864,2.2765,0.0321,0.0659,6.2562
5,53.6,63.0,10.16,0.9,48.24,19.4837,2.2887,0.0323,0.0659,6.2562
5,53.6,63.0,10.795,0.9,48.24,19.4809,2.3016,0.0324,0.0659,6.2562
5,53.6,63.0,11.43,0.9,48.24,19.4779,2.3152,0.0326,0.0659,6.2562
5,53.6,63.0,12.065,0.9,48.24,19.4747,2.3294,0.0328,0.0659,6.2562
6,17.0,20.0,6.985,0.8,13.6,16.0658,20.0388,0.2459,0.2131,21.7021
6,17.0,20.0,6.985,0.9,15.3,16.0875,19.9087,0.2445,0.191,19.3873
6,17.0,20.0,7.62,0.9,15.3,16.0742,19.9884,0.2454,0.191,19.3873
6,17.0,20.0,8.255,0.9,15.3,16.06,20.0734,0.2462,0.191,19.3873
6,17.0,20.0,8.89,0.9,15.3,16.045,20.1636,0.2472,0.191,19.3873
6,22.0,25.0,6.985,0.7,15.4,17.446,12.2593,0.1596,0.1899,19.2662
6,22.0,25.0,7.62,0.7,15.4,17.4356,12.3141,0.1603,0.1899,19.2662
6,22.0,25.0,8.255,0.7,15.4,17.4246,12.3727,0.161,0.1899,19.2662
6,22.0,25.0,8.89,0.7,15.4,17.4128,12.4352,0.1617,0.1899,19.2662
6,22.0,25.0,6.985,0.8,17.6,17.4567,12.2022,0.159,0.1676,16.9321
6,22.0,25.0,7.62,0.8,17.6,17.4465,12.2564,0.1596,0.1676,16.9321
6,22.0,25.0,8.255,0.8,17.6,17.4355,12.3145,0.1603,0.1676,16.9321
6,22.0,25.0,8.89,0.8,17.6,17.4239,12.3764,0.161,0.1676,16.9321
6,22.0,25.0,9.525,0.8,17.6,17.4116,12.4419,0.1618,0.1676,16.9321
6,22.0,25.0,10.16,0.8,17.6,17.3986,12.5109,0.1626,0.1676,16.9321
6,22.0,25.0,10.795,0.8,17.6,17.385,12.5833,0.1634,0.1676,16.9321
6,22.0,25.0,6.985,0.9,19.8,17.4664,12.1507,0.1583,0.1501,15.0965
6,22.0,25.0,7.62,0.9,19.8,17.4563,12.2045,0.159,0.1501,15.0965
6,22.0,25.0,8.255,0.9,19.8,17.4454,12.2621,0.1597,0.1501,15.0965
6,22.0,25.0,8.89,0.9,19.8,17.4339,12.3234,0.1604,0.1501,15.0965
6,22.0,25.0,9.525,0.9,19.8,17.4216,12.3884,0.1611,0.1501,15.0965
6,22.0,25.0,10.16,0.9,19.8,17.4088,12.4568,0.162,0.1501,15.0965
6,22.0,25.0,10.795,0.9,19.8,17.3953,12.5286,0.1628,0.1501,15.0965
6,22.0,25.0,11.43,0.9,19.8,17.3813,12.6034,0.1637,0.1501,15.0965
6,22.0,25.0,12.065,0.9,19.8,17.3667,12.6813,0.1646,0.1501,15.0965
6,27.2,32.0,6.985,0.5,13.6,18.2348,8.2073,0.1103,0.2131,21.7021
6,27.2,32.0,6.985,0.6,16.32,18.2417,8.1732,0.1099,0.1799,18.2174
6,27.2,32.0,7.62,0.6,16.32,18.234,8.2117,0.1104,0.1799,18.2174
6,27.2,32.0,8.255,0.6,16.32,18.2257,8.253,0.1109,0.1799,18.2174
6,27.2,32.0,8.89,0.6,16.32,18.2168,8.2971,0.1114,0.1799,18.2174
6,27.2,32.0,9.525,0.6,16.32,18.2074,8.3439,0.112,0.1799,18.2174
6,27.2,32.0,6.985,0.7,19.04,18.2477,8.1434,0.1095,0.1557,15.6844
6,27.2,32.0,7.62,0.7,19.04,18.24,8.1816,0.11,0.1557,15.6844
6,27.2,32.0,8.255,0.7,19.04,18.2318,8.2226,0.1105,0.1557,15.6844
6,27.2,32.0,8.89,0.7,19.04,18.223,8.2663,0.1111,0.1557,15.6844
6,27.2,32.0,9.525,0.7,19.04,18.2137,8.3128,0.1116,0.1557,15.6844
6,27.2,32.0,10.16,0.7,19.04,18.2038,8.3618,0.1123,0.1557,15.6844
6,27.2,32.0,10.795,0.7,19.04,18.1935,8.4134,0.1129,0.1557,15.6844
6,27.2,32.0,11.43,0.7,19.04,18.1826,8.4675,0.1136,0.1557,15.6844
6,27.2,32.0,12.065,0.7,19.04,18.1713,8.524,0.1143,0.1557,15.6844
6,27.2,32.0,6.985,0.8,21.76,18.2531,8.1168,0.1092,0.1375,13.7638
6,27.2,32.0,7.62,0.8,21.76,18.2454,8.1547,0.1097,0.1375,13.7638
6,27.2,32.0,8.255,0.8,21.76,18.2372,8.1955,0.1102,0.1375,13.7638
6,27.2,32.0,8.89,0.8,21.76,18.2285,8.2389,0.1107,0.1375,13.7638
6,27.2,32.0,9.525,0.8,21.76,18.2192,8.2851,0.1113,0.1375,13.7638
6,27.2,32.0,10.16,0.8,21.76,18.2094,8.3338,0.1119,0.1375,13.7638
6,27.2,32.0,10.795,0.8,21.76,18.1992,8.3851,0.1126,0.1375,13.7638
6,27.2,32.0,11.43,0.8,21.76,18.1884,8.4388,0.1132,0.1375,13.7638
6,27.2,32.0,12.065,0.8,21.76,18.1772,8.4949,0.1139,0.1375,13.7638
6,27.2,32.0,6.985,0.9,24.48,18.2579,8.0928,0.1089,0.1231,12.259
6,27.2,32.0,7.62,0.9,24.48,18.2503,8.1305,0.1094,0.1231,12.259
6,27.2,32.0,8.255,0.9,24.48,18.2422,8.171,0.1099,0.1231,12.259
6,27.2,32.0,8.89,0.9,24.48,18.2335,8.2142,0.1104,0.1231,12.259
6,27.2,32.0,9.525,0.9,24.48,18.2243,8.26,0.111,0.1231,12.259
6,27.2,32.0,10.16,0.9,24.48,18.2145,8.3085,0.1116,0.1231,12.259
6,27.2,32.0,10.795,0.9,24.48,18.2043,8.3594,0.1122,0.1231,12.259
6,27.2,32.0,11.43,0.9,24.48,18.1936,8.4128,0.1129,0.1231,12.259
6,27.2,32.0,12.065,0.9,24.48,18.1824,8.4686,0.1136,0.1231,12.259
6,34.0,40.0,6.985,0.4,13.6,18.8215,5.3564,0.0737,0.2131,21.7021
6,34.0,40.0,6.985,0.5,17.0,18.8252,5.3385,0.0734,0.1731,17.5116
6,34.0,40.0,7.62,0.5,17.0,18.8197,5.3645,0.0738,0.1731,17.5116
6,34.0,40.0,8.255,0.5,17.0,18.8138,5.3925,0.0741,0.1731,17.5116
6,34.0,40.0,8.89,0.5,17.0,18.8076,5.4225,0.0745,0.1731,17.5116
6,34.0,40.0,9.525,0.5,17.0,18.8009,5.4543,0.0749,0.1731,17.5116
6,34.0,40.0,10.16,0.5,17.0,18.7938,5.4879,0.0754,0.1731,17.5116
6,34.0,40.0,6.985,0.6,20.4,18.8284,5.3232,0.0732,0.146,14.6622
6,34.0,40.0,7.62,0.6,20.4,18.823,5.3491,0.0736,0.146,14.6622
6,34.0,40.0,8.255,0.6,20.4,18.8171,5.377,0.0739,0.146,14.6622
6,34.0,40.0,8.89,0.6,20.4,18.8109,5.4067,0.0743,0.146,14.6622
6,34.0,40.0,9.525,0.6,20.4,18.8042,5.4383,0.0747,0.146,14.6622
6,34.0,40.0,10.16,0.6,20.4,18.7972,5.4718,0.0752,0.146,14.6622
6,34.0,40.0,10.795,0.6,20.4,18.7898,5.5071,0.0756,0.146,14.6622
6,34.0,40.0,11.43,0.6,20.4,18.782,5.5442,0.0761,0.146,14.6622
6,34.0,40.0,12.065,0.6,20.4,18.7738,5.583,0.0766,0.146,14.6622
6,34.0,40.0,6.985,0.7,23.8,18.8313,5.3098,0.073,0.1264,12.6038
6,34.0,40.0,7.62,0.7,23.8,18.8258,5.3356,0.0734,0.1264,12.6038
6,34.0,40.0,8.255,0.7,23.8,18.82,5.3633,0.0737,0.1264,12.6038
6,34.0,40.0,8.89,0.7,23.8,18.8138,5.3929,0.0741,0.1264,12.6038
6,34.0,40.0,9.525,0.7,23.8,18.8072,5.4243,0.0746,0.1264,12.6038
6,34.0,40.0,10.16,0.7,23.8,18.8002,5.4576,0.075,0.1264,12.6038
6,34.0,40.0,10.795,0.7,23.8,18.7928,5.4928,0.0755,0.1264,12.6038
6,34.0,40.0,11.43,0.7,23.8,18.785,5.5296,0.0759,0.1264,12.6038
6,34.0,40.0,12.065,0.7,23.8,18.7769,5.5683,0.0764,0.1264,12.6038
6,34.0,40.0,6.985,0.8,27.2,18.8338,5.2979,0.0729,0.1116,11.049
6,34.0,40.0,7.62,0.8,27.2,18.8284,5.3235,0.0732,0.1116,11.049
6,34.0,40.0,8.255,0.8,27.2,18.8226,5.3511,0.0736,0.1116,11.049
6,34.0,40.0,8.89,0.8,27.2,18.8164,5.3806,0.074,0.1116,11.049
6,34.0,40.0,9.525,0.8,27.2,18.8098,5.4119,0.0744,0.1116,11.049
6,34.0,40.0,10.16,0.8,27.2,18.8028,5.445,0.0748,0.1116,11.049
6,34.0,40.0,10.795,0.8,27.2,18.7955,5.48,0.0753,0.1116,11.049
6,34.0,40.0,11.43,0.8,27.2,18.7878,5.5167,0.0758,0.1116,11.049
6,34.0,40.0,12.065,0.8,27.2,18.7797,5.5551,0.0763,0.1116,11.049
6,34.0,40.0,6.985,0.9,30.6,18.8361,5.2871,0.0727,0.1,9.834
6,34.0,40.0,7.62,0.9,30.6,18.8307,5.3126,0.0731,0.1,9.834
6,34.0,40.0,8.255,0.9,30.6,18.8249,5.3401,0.0734,0.1,9.834
6,34.0,40.0,8.89,0.9,30.6,18.8187,5.3694,0.0738,0.1,9.834
6,34.0,40.0,9.525,0.9,30.6,18.8122,5.4006,0.0742,0.1,9.834
6,34.0,40.0,10.16,0.9,30.6,18.8052,5.4336,0.0747,0.1,9.834
6,34.0,40.0,10.795,0.9,30.6,18.7979,5.4684,0.0751,0.1,9.834
6,34.0,40.0,11.43,0.9,30.6,18.7902,5.505,0.0756,0.1,9.834
6,34.0,40.0,12.065,0.9,30.6,18.7822,5.5432,0.0761,0.1,9.834
6,42.6,50.0,6.985,0.4,17.04,19.2229,3.4785,0.0486,0.1728,17.4717
6,42.6,50.0,7.62,0.4,17.04,19.2192,3.4959,0.0488,0.1728,17.4717
6,42.6,50.0,8.255,0.4,17.04,19.2151,3.5146,0.0491,0.1728,17.4717
6,42.6,50.0,8.89,0.4,17.04,19.2108,3.5345,0.0493,0.1728,17.4717
6,42.6,50.0,9.525,0.4,17.04,19.2062,3.5558,0.0496,0.1728,17.4717
6,42.6,50.0,10.16,0.4,17.04,19.2013,3.5784,0.0499,0.1728,17.4717
6,42.6,50.0,6.985,0.5,21.3,19.2247,3.4705,0.0485,0.1402,14.0552
6,42.6,50.0,7.62,0.5,21.3,19.2209,3.4878,0.0487,0.1402,14.0552
6,42.6,50.0,8.255,0.5,21.3,19.2169,3.5064,0.0489,0.1402,14.0552
6,42.6,50.0,8.89,0.5,21.3,19.2126,3.5263,0.0492,0.1402,14.0552
6,42.6,50.0,9.525,0.5,21.3,19.208,3.5475,0.0495,0.1402,14.0552
6,42.6,50.0,10.16,0.5,21.3,19.2031,3.5699,0.0498,0.1402,14.0552
6,42.6,50.0,10.795,0.5,21.3,19.198,3.5936,0.0501,0.1402,14.0552
6,42.6,50.0,11.43,0.5,21.3,19.1926,3.6185,0.0505,0.1402,14.0552
6,42.6,50.0,12.065,0.5,21.3,19.1869,3.6447,0.0508,0.1402,14.0552
6,42.6,50.0,6.985,0.6,25.56,19.2262,3.4637,0.0484,0.1183,11.7484
6,42.6,50.0,7.62,0.6,25.56,19.2224,3.4809,0.0486,0.1183,11.7484
6,42.6,50.0,8.255,0.6,25.56,19.2184,3.4994,0.0489,0.1183,11.7484
6,42.6,50.0,8.89,0.6,25.56,19.2141,3.5193,0.0491,0.1183,11.7484
6,42.6,50.0,9.525,0.6,25.56,19.2095,3.5403,0.0494,0.1183,11.7484
6,42.6,50.0,10.16,0.6,25.56,19.2047,3.5627,0.0497,0.1183,11.7484
6,42.6,50.0,10.795,0.6,25.56,19.1996,3.5863,0.05,0.1183,11.7484
6,42.6,50.0,11.43,0.6,25.56,19.1942,3.6111,0.0504,0.1183,11.7484
6,42.6,50.0,12.065,0.6,25.56,19.1885,3.6372,0.0507,0.1183,11.7484
6,42.6,50.0,6.985,0.7,29.82,19.2275,3.4577,0.0483,0.1024,10.0886
6,42.6,50.0,7.62,0.7,29.82,19.2237,3.4749,0.0485,0.1024,10.0886
6,42.6,50.0,8.255,0.7,29.82,19.2197,3.4933,0.0488,0.1024,10.0886
6,42.6,50.0,8.89,0.7,29.82,19.2154,3.5131,0.049,0.1024,10.0886
6,42.6,50.0,9.525,0.7,29.82,19.2109,3.5341,0.0493,0.1024,10.0886
6,42.6,50.0,10.16,0.7,29.82,19.206,3.5564,0.0496,0.1024,10.0886
6,42.6,50.0,10.795,0.7,29.82,19.2009,3.5799,0.0499,0.1024,10.0886
6,42.6,50.0,11.43,0.7,29.82,19.1956,3.6046,0.0503,0.1024,10.0886
6,42.6,50.0,12.065,0.7,29.82,19.19,3.6306,0.0506,0.1024,10.0886
6,42.6,50.0,6.985,0.8,34.08,19.2286,3.4523,0.0482,0.0905,8.8382
6,42.6,50.0,7.62,0.8,34.08,19.2249,3.4694,0.0484,0.0905,8.8382
6,42.6,50.0,8.255,0.8,34.08,19.2209,3.4879,0.0487,0.0905,8.8382
6,42.6,50.0,8.89,0.8,34.08,19.2166,3.5075,0.049,0.0905,8.8382
6,42.6,50.0,9.525,0.8,34.08,19.2121,3.5285,0.0492,0.0905,8.8382
6,42.6,50.0,10.16,0.8,34.08,19.2073,3.5507,0.0495,0.0905,8.8382
6,42.6,50.0,10.795,0.8,34.08,19.2022,3.5741,0.0499,0.0905,8.8382
6,42.6,50.0,11.43,0.8,34.08,19.1968,3.5988,0.0502,0.0905,8.8382
6,42.6,50.0,12.065,0.8,34.08,19.1912,3.6247,0.0505,0.0905,8.8382
6,42.6,50.0,6.985,0.9,38.34,19.2297,3.4475,0.0481,0.0812,7.8626
6,42.6,50.0,7.62,0.9,38.34,19.226,3.4645,0.0484,0.0812,7.8626
6,42.6,50.0,8.255,0.9,38.34,19.222,3.4829,0.0486,0.0812,7.8626
6,42.6,50.0,8.89,0.9,38.34,19.2177,3.5025,0.0489,0.0812,7.8626
6,42.6,50.0,9.525,0.9,38.34,19.2132,3.5234,0.0492,0.0812,7.8626
6,42.6,50.0,10.16,0.9,38.34,19.2084,3.5456,0.0495,0.0812,7.8626
6,42.6,50.0,10.795,0.9,38.34,19.2033,3.5689,0.0498,0.0812,7.8626
6,42.6,50.0,11.43,0.9,38.34,19.198,3.5935,0.0501,0.0812,7.8626
6,42.6,50.0,12.065,0.9,38.34,19.1924,3.6193,0.0505,0.0812,7.8626
6,53.6,63.0,6.985,0.3,16.08,19.4913,2.2547,0.0318,0.1824,18.48
6,53.6,63.0,7.62,0.3,16.08,19.4887,2.2661,0.032,0.1824,18.48
6,53.6,63.0,8.255,0.3,16.08,19.486,2.2784,0.0321,0.1824,18.48
6,53.6,63.0,8.89,0.3,16.08,19.4831,2.2916,0.0323,0.1824,18.48
6,53.6,63.0,9.525,0.3,16.08,19.48,2.3056,0.0325,0.1824,18.48
6,53.6,63.0,6.985,0.4,21.44,19.4922,2.2504,0.0317,0.1394,13.9653
6,53.6,63.0,7.62,0.4,21.44,19.4897,2.2618,0.0319,0.1394,13.9653
6,53.6,63.0,8.255,0.4,21.44,19.487,2.274,0.0321,0.1394,13.9653
6,53.6,63.0,8.89,0.4,21.44,19.4841,2.2871,0.0322,0.1394,13.9653
6,53.6,63.0,9.525,0.4,21.44,19.481,2.3011,0.0324,0.1394,13.9653
6,53.6,63.0,10.16,0.4,21.44,19.4777,2.3159,0.0326,0.1394,13.9653
6,53.6,63.0,10.795,0.4,21.44,19.4742,2.3316,0.0329,0.1394,13.9653
6,53.6,63.0,11.43,0.4,21.44,19.4706,2.3481,0.0331,0.1394,13.9653
6,53.6,63.0,12.065,0.4,21.44,19.4668,2.3654,0.0333,0.1394,13.9653
6,53.6,63.0,6.985,0.5,26.8,19.493,2.2468,0.0317,0.1131,11.2119
6,53.6,63.0,7.62,0.5,26.8,19.4905,2.2582,0.0318,0.1131,11.2119
6,53.6,63.0,8.255,0.5,26.8,19.4878,2.2704,0.032,0.1131,11.2119
6,53.6,63.0,8.89,0.5,26.8,19.4849,2.2835,0.0322,0.1131,11.2119
6,53.6,63.0,9.525,0.5,26.8,19.4818,2.2974,0.0324,0.1131,11.2119
6,53.6,63.0,10.16,0.5,26.8,19.4785,2.3122,0.0326,0.1131,11.2119
6,53.6,63.0,10.795,0.5,26.8,19.4751,2.3278,0.0328,0.1131,11.2119
6,53.6,63.0,11.43,0.5,26.8,19.4714,2.3443,0.033,0.1131,11.2119
6,53.6,63.0,12.065,0.5,26.8,19.4676,2.3615,0.0333,0.1131,11.2119
6,53.6,63.0,6.985,0.6,32.16,19.4937,2.2438,0.0316,0.0955,9.3613
6,53.6,63.0,7.62,0.6,32.16,19.4912,2.2551,0.0318,0.0955,9.3613
6,53.6,63.0,8.255,0.6,32.16,19.4885,2.2673,0.032,0.0955,9.3613
6,53.6,63.0,8.89,0.6,32.16,19.4856,2.2804,0.0322,0.0955,9.3613
6,53.6,63.0,9.525,0.6,32.16,19.4825,2.2943,0.0323,0.0955,9.3613
6,53.6,63.0,10.16,0.6,32.16,19.4792,2.309,0.0325,0.0955,9.3613
6,53.6,63.0,10.795,0.6,32.16,19.4758,2.3246,0.0328,0.0955,9.3613
6,53.6,63.0,11.43,0.6,32.16,19.4722,2.341,0.033,0.0955,9.3613
6,53.6,63.0,12.065,0.6,32.16,19.4684,2.3582,0.0332,0.0955,9.3613
6,53.6,63.0,6.985,0.7,37.52,19.4943,2.2411,0.0316,0.0829,8.0334
6,53.6,63.0,7.62,0.7,37.52,19.4918,2.2524,0.0318,0.0829,8.0334
6,53.6,63.0,8.255,0.7,37.52,19.4891,2.2646,0.0319,0.0829,8.0334
6,53.6,63.0,8.89,0.7,37.52,19.4862,2.2776,0.0321,0.0829,8.0334
6,53.6,63.0,9.525,0.7,37.52,19.4831,2.2915,0.0323,0.0829,8.0334
6,53.6,63.0,10.16,0.7,37.52,19.4799,2.3062,0.0325,0.0829,8.0334
6,53.6,63.0,10.795,0.7,37.52,19.4764,2.3217,0.0327,0.0829,8.0334
6,53.6,63.0,11.43,0.7,37.52,19.4728,2.3381,0.0329,0.0829,8.0334
6,53.6,63.0,12.065,0.7,37.52,19.469,2.3553,0.0332,0.0829,8.0334
6,53.6,63.0,6.985,0.8,42.88,19.4948,2.2388,0.0316,0.0734,7.0345
6,53.6,63.0,7.62,0.8,42.88,19.4923,2.25,0.0317,0.0734,7.0345
6,53.6,63.0,8.255,0.8,42.88,19.4896,2.2622,0.0319,0.0734,7.0345
6,53.6,63.0,8.89,0.8,42.88,19.4867,2.2752,0.0321,0.0734,7.0345
6,53.6,63.0,9.525,0.8,42.88,19.4837,2.289,0.0323,0.0734,7.0345
6,53.6,63.0,10.16,0.8,42.88,19.4804,2.3037,0.0325,0.0734,7.0345
6,53.6,63.0,10.795,0.8,42.88,19.477,2.3192,0.0327,0.0734,7.0345
6,53.6,63.0,11.43,0.8,42.88,19.4734,2.3355,0.0329,0.0734,7.0345
6,53.6,63.0,12.065,0.8,42.88,19.4696,2.3526,0.0332,0.0734,7.0345
6,53.6,63.0,6.985,0.9,48.24,19.4953,2.2366,0.0315,0.0659,6.2562
6,53.6,63.0,7.62,0.9,48.24,19.4928,2.2479,0.0317,0.0659,6.2562
6,53.6,63.0,8.255,0.9,48.24,19.4901,2.26,0.0319,0.0659,6.2562
6,53.6,63.0,8.89,0.9,48.24,19.4872,2.2729,0.032,0.0659,6.2562
6,53.6,63.0,9.525,0.9,48.24,19.4842,2.2867,0.0322,0.0659,6.2562
6,53.6,63.0,10.16,0.9,48.24,19.4809,2.3014,0.0324,0.0659,6.2562
6,53.6,63.0,10.795,0.9,48.24,19.4775,2.3168,0.0327,0.0659,6.2562
6,53.6,63.0,11.43,0.9,48.24,19.4739,2.3331,0.0329,0.0659,6.2562
6,53.6,63.0,12.065,0.9,48.24,19.4701,2.3502,0.0331,0.0659,6.2562
7,17.0,20.0,6.985,0.8,13.6,16.0635,20.0526,0.246,0.2131,21.7021
7,17.0,20.0,6.985,0.9,15.3,16.0853,19.9223,0.2447,0.191,19.3873
7,17.0,20.0,7.62,0.9,15.3,16.0697,20.0152,0.2456,0.191,19.3873
7,17.0,20.0,8.255,0.9,15.3,16.0532,20.1143,0.2467,0.191,19.3873
7,17.0,20.0,8.89,0.9,15.3,16.0357,20.2193,0.2478,0.191,19.3873
7,22.0,25.0,6.985,0.7,15.4,17.4442,12.2686,0.1597,0.1899,19.2662
7,22.0,25.0,7.62,0.7,15.4,17.4322,12.3325,0.1605,0.1899,19.2662
7,22.0,25.0,8.255,0.7,15.4,17.4193,12.4009,0.1613,0.1899,19.2662
7,22.0,25.0,8.89,0.7,15.4,17.4056,12.4737,0.1621,0.1899,19.2662
7,22.0,25.0,6.985,0.8,17.6,17.455,12.2114,0.1591,0.1676,16.9321
7,22.0,25.0,7.62,0.8,17.6,17.4431,12.2747,0.1598,0.1676,16.9321
7,22.0,25.0,8.255,0.8,17.6,17.4303,12.3424,0.1606,0.1676,16.9321
7,22.0,25.0,8.89,0.8,17.6,17.4167,12.4146,0.1615,0.1676,16.9321
7,22.0,25.0,9.525,0.8,17.6,17.4024,12.4909,0.1624,0.1676,16.9321
7,22.0,25.0,10.16,0.8,17.6,17.3873,12.5713,0.1633,0.1676,16.9321
7,22.0,25.0,10.795,0.8,17.6,17.3715,12.6556,0.1643,0.1676,16.9321
7,22.0,25.0,6.985,0.9,19.8,17.4647,12.1598,0.1585,0.1501,15.0965
7,22.0,25.0,7.62,0.9,19.8,17.4529,12.2226,0.1592,0.1501,15.0965
7,22.0,25.0,8.255,0.9,19.8,17.4402,12.2897,0.16,0.1501,15.0965
7,22.0,25.0,8.89,0.9,19.8,17.4268,12.3612,0.1608,0.1501,15.0965
7,22.0,25.0,9.525,0.9,19.8,17.4125,12.4369,0.1617,0.1501,15.0965
7,22.0,25.0,10.16,0.9,19.8,17.3975,12.5166,0.1627,0.1501,15.0965
7,22.0,25.0,10.795,0.9,19.8,17.3819,12.6002,0.1636,0.1501,15.0965
7,22.0,25.0,11.43,0.9,19.8,17.3655,12.6874,0.1647,0.1501,15.0965
7,22.0,25.0,12.065,0.9,19.8,17.3486,12.778,0.1657,0.1501,15.0965
7,27.2,32.0,6.985,0.5,13.6,18.2335,8.2139,0.1104,0.2131,21.7021
7,27.2,32.0,6.985,0.6,16.32,18.2404,8.1798,0.11,0.1799,18.2174
7,27.2,32.0,7.62,0.6,16.32,18.2314,8.2246,0.1105,0.1799,18.2174
7,27.2,32.0,8.255,0.6,16.32,18.2217,8.2728,0.1111,0.1799,18.2174
7,27.2,32.0,8.89,0.6,16.32,18.2114,8.3242,0.1118,0.1799,18.2174
7,27.2,32.0,9.525,0.6,16.32,18.2004,8.3787,0.1125,0.1799,18.2174
7,27.2,32.0,6.985,0.7,19.04,18.2464,8.1499,0.1096,0.1557,15.6844
7,27.2,32.0,7.62,0.7,19.04,18.2374,8.1944,0.1102,0.1557,15.6844
7,27.2,32.0,8.255,0.7,19.04,18.2278,8.2422,0.1108,0.1557,15.6844
7,27.2,32.0,8.89,0.7,19.04,18.2176,8.2933,0.1114,0.1557,15.6844
7,27.2,32.0,9.525,0.7,19.04,18.2067,8.3474,0.1121,0.1557,15.6844
7,27.2,32.0,10.16,0.7,19.04,18.1952,8.4046,0.1128,0.1557,15.6844
7,27.2,32.0,10.795,0.7,19.04,18.1832,8.4647,0.1136,0.1557,15.6844
7,27.2,32.0,11.43,0.7,19.04,18.1706,8.5277,0.1143,0.1557,15.6844
7,27.2,32.0,12.065,0.7,19.04,18.1574,8.5935,0.1152,0.1557,15.6844
7,27.2,32.0,6.985,0.8,21.76,18.2518,8.1232,0.1093,0.1375,13.7638
7,27.2,32.0,7.62,0.8,21.76,18.2429,8.1675,0.1098,0.1375,13.7638
7,27.2,32.0,8.255,0.8,21.76,18.2333,8.215,0.1104,0.1375,13.7638
7,27.2,32.0,8.89,0.8,21.76,18.2231,8.2657,0.1111,0.1375,13.7638
7,27.2,32.0,9.525,0.8,21.76,18.2123,8.3195,0.1117,0.1375,13.7638
7,27.2,32.0,10.16,0.8,21.76,18.2009,8.3762,0.1124,0.1375,13.7638
7,27.2,32.0,10.795,0.8,21.76,18.189,8.436,0.1132,0.1375,13.7638
7,27.2,32.0,11.43,0.8,21.76,18.1764,8.4986,0.114,0.1375,13.7638
7,27.2,32.0,12.065,0.8,21.76,18.1634,8.5639,0.1148,0.1375,13.7638
7,27.2,32.0,6.985,0.9,24.48,18.2566,8.0992,0.109,0.1231,12.259
7,27.2,32.0,7.62,0.9,24.48,18.2477,8.1432,0.1095,0.1231,12.259
7,27.2,32.0,8.255,0.9,24.48,18.2382,8.1904,0.1101,0.1231,12.259
7,27.2,32.0,8.89,0.9,24.48,18.2281,8.2408,0.1107,0.1231,12.259
7,27.2,32.0,9.525,0.9,24.48,18.2174,8.2942,0.1114,0.1231,12.259
7,27.2,32.0,10.16,0.9,24.48,18.2061,8.3507,0.1121,0.1231,12.259
7,27.2,32.0,10.795,0.9,24.48,18.1942,8.41,0.1129,0.1231,12.259
7,27.2,32.0,11.43,0.9,24.48,18.1817,8.4722,0.1136,0.1231,12.259
7,27.2,32.0,12.065,0.9,24.48,18.1687,8.5371,0.1145,0.1231,12.259
7,34.0,40.0,6.985,0.4,13.6,18.8205,5.3608,0.0737,0.2131,21.7021
7,34.0,40.0,6.985,0.5,17.0,18.8243,5.3429,0.0735,0.1731,17.5116
7,34.0,40.0,7.62,0.5,17.0,18.8179,5.3733,0.0739,0.1731,17.5116
7,34.0,40.0,8.255,0.5,17.0,18.811,5.406,0.0743,0.1731,17.5116
7,34.0,40.0,8.89,0.5,17.0,18.8037,5.4408,0.0748,0.1731,17.5116
7,34.0,40.0,9.525,0.5,17.0,18.7959,5.4779,0.0753,0.1731,17.5116
7,34.0,40.0,10.16,0.5,17.0,18.7876,5.5172,0.0758,0.1731,17.5116
7,34.0,40.0,6.985,0.6,20.4,18.8275,5.3276,0.0733,0.146,14.6622
7,34.0,40.0,7.62,0.6,20.4,18.8212,5.3578,0.0737,0.146,14.6622
7,34.0,40.0,8.255,0.6,20.4,18.8143,5.3903,0.0741,0.146,14.6622
7,34.0,40.0,8.89,0.6,20.4,18.807,5.425,0.0746,0.146,14.6622
7,34.0,40.0,9.525,0.6,20.4,18.7993,5.4619,0.075,0.146,14.6622
7,34.0,40.0,10.16,0.6,20.4,18.7911,5.5009,0.0756,0.146,14.6622
7,34.0,40.0,10.795,0.6,20.4,18.7824,5.542,0.0761,0.146,14.6622
7,34.0,40.0,11.43,0.6,20.4,18.7734,5.5852,0.0767,0.146,14.6622
7,34.0,40.0,12.065,0.6,20.4,18.7639,5.6305,0.0773,0.146,14.6622
7,34.0,40.0,6.985,0.7,23.8,18.8303,5.3142,0.0731,0.1264,12.6038
7,34.0,40.0,7.62,0.7,23.8,18.824,5.3443,0.0735,0.1264,12.6038
7,34.0,40.0,8.255,0.7,23.8,18.8172,5.3766,0.0739,0.1264,12.6038
7,34.0,40.0,8.89,0.7,23.8,18.8099,5.4111,0.0744,0.1264,12.6038
7,34.0,40.0,9.525,0.7,23.8,18.8022,5.4478,0.0749,0.1264,12.6038
7,34.0,40.0,10.16,0.7,23.8,18.7941,5.4866,0.0754,0.1264,12.6038
7,34.0,40.0,10.795,0.7,23.8,18.7855,5.5275,0.0759,0.1264,12.6038
7,34.0,40.0,11.43,0.7,23.8,18.7765,5.5705,0.0765,0.1264,12.6038
7,34.0,40.0,12.065,0.7,23.8,18.767,5.6155,0.0771,0.1264,12.6038
7,34.0,40.0,6.985,0.8,27.2,18.8329,5.3022,0.0729,0.1116,11.049
7,34.0,40.0,7.62,0.8,27.2,18.8266,5.3322,0.0733,0.1116,11.049
7,34.0,40.0,8.255,0.8,27.2,18.8198,5.3643,0.0738,0.1116,11.049
7,34.0,40.0,8.89,0.8,27.2,18.8126,5.3987,0.0742,0.1116,11.049
7,34.0,40.0,9.525,0.8,27.2,18.8049,5.4352,0.0747,0.1116,11.049
7,34.0,40.0,10.16,0.8,27.2,18.7968,5.4738,0.0752,0.1116,11.049
7,34.0,40.0,10.795,0.8,27.2,18.7882,5.5146,0.0757,0.1116,11.049
7,34.0,40.0,11.43,0.8,27.2,18.7792,5.5574,0.0763,0.1116,11.049
7,34.0,40.0,12.065,0.8,27.2,18.7698,5.6021,0.0769,0.1116,11.049
7,34.0,40.0,6.985,0.9,30.6,18.8351,5.2914,0.0728,0.1,9.834
7,34.0,40.0,7.62,0.9,30.6,18.8289,5.3212,0.0732,0.1,9.834
7,34.0,40.0,8.255,0.9,30.6,18.8221,5.3532,0.0736,0.1,9.834
7,34.0,40.0,8.89,0.9,30.6,18.8149,5.3874,0.0741,0.1,9.834
7,34.0,40.0,9.525,0.9,30.6,18.8073,5.4238,0.0745,0.1,9.834
7,34.0,40.0,10.16,0.9,30.6,18.7992,5.4623,0.0751,0.1,9.834
7,34.0,40.0,10.795,0.9,30.6,18.7907,5.5028,0.0756,0.1,9.834
7,34.0,40.0,11.43,0.9,30.6,18.7817,5.5454,0.0761,0.1,9.834
7,34.0,40.0,12.065,0.9,30.6,18.7724,5.5901,0.0767,0.1,9.834
7,42.6,50.0,6.985,0.4,17.04,19.2223,3.4814,0.0486,0.1728,17.4717
7,42.6,50.0,7.62,0.4,17.04,19.2179,3.5017,0.0489,0.1728,17.4717
7,42.6,50.0,8.255,0.4,17.04,19.2132,3.5235,0.0492,0.1728,17.4717
7,42.6,50.0,8.89,0.4,17.04,19.2081,3.5468,0.0495,0.1728,17.4717
7,42.6,50.0,9.525,0.4,17.04,19.2027,3.5716,0.0498,0.1728,17.4717
7,42.6,50.0,10.16,0.4,17.04,19.197,3.5979,0.0502,0.1728,17.4717
7,42.6,50.0,6.985,0.5,21.3,19.224,3.4734,0.0485,0.1402,14.0552
7,42.6,50.0,7.62,0.5,21.3,19.2196,3.4936,0.0488,0.1402,14.0552
7,42.6,50.0,8.255,0.5,21.3,19.2149,3.5153,0.0491,0.1402,14.0552
7,42.6,50.0,8.89,0.5,21.3,19.2099,3.5385,0.0494,0.1402,14.0552
7,42.6,50.0,9.525,0.5,21.3,19.2046,3.5632,0.0497,0.1402,14.0552
7,42.6,50.0,10.16,0.5,21.3,19.1989,3.5894,0.0501,0.1402,14.0552
7,42.6,50.0,10.795,0.5,21.3,19.1929,3.617,0.0504,0.1402,14.0552
7,42.6,50.0,11.43,0.5,21.3,19.1866,3.6461,0.0508,0.1402,14.0552
7,42.6,50.0,12.065,0.5,21.3,19.18,3.6766,0.0512,0.1402,14.0552
7,42.6,50.0,6.985,0.6,25.56,19.2255,3.4666,0.0484,0.1183,11.7484
7,42.6,50.0,7.62,0.6,25.56,19.2212,3.4867,0.0487,0.1183,11.7484
7,42.6,50.0,8.255,0.6,25.56,19.2165,3.5083,0.049,0.1183,11.7484
7,42.6,50.0,8.89,0.6,25.56,19.2114,3.5314,0.0493,0.1183,11.7484
7,42.6,50.0,9.525,0.6,25.56,19.2061,3.556,0.0496,0.1183,11.7484
7,42.6,50.0,10.16,0.6,25.56,19.2005,3.5821,0.05,0.1183,11.7484
7,42.6,50.0,10.795,0.6,25.56,19.1945,3.6096,0.0503,0.1183,11.7484
7,42.6,50.0,11.43,0.6,25.56,19.1882,3.6386,0.0507,0.1183,11.7484
7,42.6,50.0,12.065,0.6,25.56,19.1817,3.6689,0.0511,0.1183,11.7484
7,42.6,50.0,6.985,0.7,29.82,19.2268,3.4606,0.0483,0.1024,10.0886
7,42.6,50.0,7.62,0.7,29.82,19.2225,3.4806,0.0486,0.1024,10.0886
7,42.6,50.0,8.255,0.7,29.82,19.2178,3.5022,0.0489,0.1024,10.0886
7,42.6,50.0,8.89,0.7,29.82,19.2128,3.5252,0.0492,0.1024,10.0886
7,42.6,50.0,9.525,0.7,29.82,19.2075,3.5497,0.0495,0.1024,10.0886
7,42.6,50.0,10.16,0.7,29.82,19.2019,3.5757,0.0499,0.1024,10.0886
7,42.6,50.0,10.795,0.7,29.82,19.1959,3.6031,0.0503,0.1024,10.0886
7,42.6,50.0,11.43,0.7,29.82,19.1897,3.6319,0.0506,0.1024,10.0886
7,42.6,50.0,12.065,0.7,29.82,19.1831,3.6622,0.0511,0.1024,10.0886
7,42.6,50.0,6.985,0.8,34.08,19.228,3.4552,0.0483,0.0905,8.8382
7,42.6,50.0,7.62,0.8,34.08,19.2236,3.4752,0.0485,0.0905,8.8382
7,42.6,50.0,8.255,0.8,34.08,19.219,3.4967,0.0488,0.0905,8.8382
7,42.6,50.0,8.89,0.8,34.08,19.214,3.5196,0.0491,0.0905,8.8382
7,42.6,50.0,9.525,0.8,34.08,19.2087,3.5441,0.0495,0.0905,8.8382
7,42.6,50.0,10.16,0.8,34.08,19.2031,3.57,0.0498,0.0905,8.8382
7,42.6,50.0,10.795,0.8,34.08,19.1972,3.5973,0.0502,0.0905,8.8382
7,42.6,50.0,11.43,0.8,34.08,19.1909,3.626,0.0506,0.0905,8.8382
7,42.6,50.0,12.065,0.8,34.08,19.1844,3.6562,0.051,0.0905,8.8382
7,42.6,50.0,6.985,0.9,38.34,19.229,3.4504,0.0482,0.0812,7.8626
7,42.6,50.0,7.62,0.9,38.34,19.2247,3.4703,0.0485,0.0812,7.8626
7,42.6,50.0,8.255,0.9,38.34,19.2201,3.4917,0.0487,0.0812,7.8626
7,42.6,50.0,8.89,0.9,38.34,19.2151,3.5146,0.0491,0.0812,7.8626
7,42.6,50.0,9.525,0.9,38.34,19.2098,3.5389,0.0494,0.0812,7.8626
7,42.6,50.0,10.16,0.9,38.34,19.2042,3.5648,0.0497,0.0812,7.8626
7,42.6,50.0,10.795,0.9,38.34,19.1983,3.592,0.0501,0.0812,7.8626
7,42.6,50.0,11.43,0.9,38.34,19.1921,3.6207,0.0505,0.0812,7.8626
7,42.6,50.0,12.065,0.9,38.34,19.1856,3.6507,0.0509,0.0812,7.8626
7,53.6,63.0,6.985,0.3,16.08,19.4908,2.2566,0.0318,0.1824,18.48
7,53.6,63.0,7.62,0.3,16.08,19.4879,2.27,0.032,0.1824,18.48
7,53.6,63.0,8.255,0.3,16.08,19.4847,2.2843,0.0322,0.1824,18.48
7,53.6,63.0,8.89,0.3,16.08,19.4813,2.2997,0.0324,0.1824,18.48
7,53.6,63.0,9.525,0.3,16.08,19.4777,2.316,0.0326,0.1824,18.48
7,53.6,63.0,6.985,0.4,21.44,19.4918,2.2523,0.0318,0.1394,13.9653
7,53.6,63.0,7.62,0.4,21.44,19.4889,2.2656,0.0319,0.1394,13.9653
7,53.6,63.0,8.255,0.4,21.44,19.4857,2.2799,0.0321,0.1394,13.9653
7,53.6,63.0,8.89,0.4,21.44,19.4823,2.2952,0.0324,0.1394,13.9653
7,53.6,63.0,9.525,0.4,21.44,19.4787,2.3115,0.0326,0.1394,13.9653
7,53.6,63.0,10.16,0.4,21.44,19.4749,2.3288,0.0328,0.1394,13.9653
7,53.6,63.0,10.795,0.4,21.44,19.4708,2.3471,0.0331,0.1394,13.9653
7,53.6,63.0,11.43,0.4,21.44,19.4666,2.3663,0.0333,0.1394,13.9653
7,53.6,63.0,12.065,0.4,21.44,19.4621,2.3865,0.0336,0.1394,13.9653
7,53.6,63.0,6.985,0.5,26.8,19.4926,2.2488,0.0317,0.1131,11.2119
7,53.6,63.0,7.62,0.5,26.8,19.4896,2.262,0.0319,0.1131,11.2119
7,53.6,63.0,8.255,0.5,26.8,19.4865,2.2763,0.0321,0.1131,11.2119
7,53.6,63.0,8.89,0.5,26.8,19.4831,2.2915,0.0323,0.1131,11.2119
7,53.6,63.0,9.525,0.5,26.8,19.4795,2.3078,0.0325,0.1131,11.2119
7,53.6,63.0,10.16,0.5,26.8,19.4757,2.325,0.0328,0.1131,11.2119
7,53.6,63.0,10.795,0.5,26.8,19.4717,2.3432,0.033,0.1131,11.2119
7,53.6,63.0,11.43,0.5,26.8,19.4674,2.3624,0.0333,0.1131,11.2119
7,53.6,63.0,12.065,0.5,26.8,19.463,2.3825,0.0336,0.1131,11.2119
7,53.6,63.0,6.985,0.6,32.16,19.4933,2.2457,0.0317,0.0955,9.3613
7,53.6,63.0,7.62,0.6,32.16,19.4903,2.2589,0.0319,0.0955,9.3613
7,53.6,63.0,8.255,0.6,32.16,19.4872,2.2732,0.0321,0.0955,9.3613
7,53.6,63.0,8.89,0.6,32.16,19.4838,2.2884,0.0323,0.0955,9.3613
7,53.6,63.0,9.525,0.6,32.16,19.4802,2.3046,0.0325,0.0955,9.3613
7,53.6,63.0,10.16,0.6,32.16,19.4764,2.3218,0.0327,0.0955,9.3613
7,53.6,63.0,10.795,0.6,32.16,19.4724,2.3399,0.033,0.0955,9.3613
7,53.6,63.0,11.43,0.6,32.16,19.4682,2.3591,0.0332,0.0955,9.3613
7,53.6,63.0,12.065,0.6,32.16,19.4637,2.3791,0.0335,0.0955,9.3613
7,53.6,63.0,6.985,0.7,37.52,19.4938,2.2431,0.0316,0.0829,8.0334
7,53.6,63.0,7.62,0.7,37.52,19.4909,2.2562,0.0318,0.0829,8.0334
7,53.6,63.0,8.255,0.7,37.52,19.4878,2.2704,0.032,0.0829,8.0334
7,53.6,63.0,8.89,0.7,37.52,19.4844,2.2856,0.0322,0.0829,8.0334
7,53.6,63.0,9.525,0.7,37.52,19.4808,2.3018,0.0324,0.0829,8.0334
7,53.6,63.0,10.16,0.7,37.52,19.4771,2.3189,0.0327,0.0829,8.0334
7,53.6,63.0,10.795,0.7,37.52,19.473,2.337,0.0329,0.0829,8.0334
7,53.6,63.0,11.43,0.7,37.52,19.4688,2.3561,0.0332,0.0829,8.0334
7,53.6,63.0,12.065,0.7,37.52,19.4644,2.3762,0.0335,0.0829,8.0334
7,53.6,63.0,6.985,0.8,42.88,19.4944,2.2407,0.0316,0.0734,7.0345
7,53.6,63.0,7.62,0.8,42.88,19.4915,2.2538,0.0318,0.0734,7.0345
7,53.6,63.0,8.255,0.8,42.88,19.4883,2.268,0.032,0.0734,7.0345
7,53.6,63.0,8.89,0.8,42.88,19.485,2.2831,0.0322,0.0734,7.0345
7,53.6,63.0,9.525,0.8,42.88,19.4814,2.2993,0.0324,0.0734,7.0345
7,53.6,63.0,10.16,0.8,42.88,19.4776,2.3164,0.0326,0.0734,7.0345
7,53.6,63.0,10.795,0.8,42.88,19.4736,2.3344,0.0329,0.0734,7.0345
7,53.6,63.0,11.43,0.8,42.88,19.4694,2.3535,0.0332,0.0734,7.0345
7,53.6,63.0,12.065,0.8,42.88,19.465,2.3735,0.0334,0.0734,7.0345
7,53.6,63.0,6.985,0.9,48.24,19.4949,2.2385,0.0316,0.0659,6.2562
7,53.6,63.0,7.62,0.9,48.24,19.4919,2.2516,0.0318,0.0659,6.2562
7,53.6,63.0,8.255,0.9,48.24,19.4888,2.2658,0.0319,0.0659,6.2562
7,53.6,63.0,8.89,0.9,48.24,19.4855,2.2809,0.0322,0.0659,6.2562
7,53.6,63.0,9.525,0.9,48.24,19.4819,2.297,0.0324,0.0659,6.2562
7,53.6,63.0,10.16,0.9,48.24,19.4781,2.3141,0.0326,0.0659,6.2562
7,53.6,63.0,10.795,0.9,48.24,19.4741,2.3321,0.0329,0.0659,6.2562
7,53.6,63.0,11.43,0.9,48.24,19.4699,2.3511,0.0331,0.0659,6.2562
7,53.6,63.0,12.065,0.9,48.24,19.4655,2.371,0.0334,0.0659,6.2562
8,17.0,20.0,6.985,0.8,13.6,16.0612,20.0663,0.2462,0.2131,21.7021
8,17.0,20.0,6.985,0.9,15.3,16.083,19.9359,0.2448,0.191,19.3873
8,17.0,20.0,7.62,0.9,15.3,16.0653,20.042,0.2459,0.191,19.3873
8,17.0,20.0,8.255,0.9,15.3,16.0464,20.1551,0.2471,0.191,19.3873
8,17.0,20.0,8.89,0.9,15.3,16.0265,20.275,0.2483,0.191,19.3873
8,22.0,25.0,6.985,0.7,15.4,17.4424,12.2779,0.1598,0.1899,19.2662
8,22.0,25.0,7.62,0.7,15.4,17.4287,12.3509,0.1607,0.1899,19.2662
8,22.0,25.0,8.255,0.7,15.4,17.414,12.429,0.1616,0.1899,19.2662
8,22.0,25.0,8.89,0.7,15.4,17.3984,12.5121,0.1626,0.1899,19.2662
8,22.0,25.0,6.985,0.8,17.6,17.4532,12.2206,0.1592,0.1676,16.9321
8,22.0,25.0,7.62,0.8,17.6,17.4396,12.2929,0.16,0.1676,16.9321
8,22.0,25.0,8.255,0.8,17.6,17.425,12.3703,0.1609,0.1676,16.9321
8,22.0,25.0,8.89,0.8,17.6,17.4096,12.4526,0.1619,0.1676,16.9321
8,22.0,25.0,9.525,0.8,17.6,17.3932,12.5398,0.1629,0.1676,16.9321
8,22.0,25.0,10.16,0.8,17.6,17.376,12.6315,0.164,0.1676,16.9321
8,22.0,25.0,10.795,0.8,17.6,17.358,12.7277,0.1651,0.1676,16.9321
8,22.0,25.0,6.985,0.9,19.8,17.463,12.169,0.1586,0.1501,15.0965
8,22.0,25.0,7.62,0.9,19.8,17.4495,12.2406,0.1594,0.1501,15.0965
8,22.0,25.0,8.255,0.9,19.8,17.435,12.3174,0.1603,0.1501,15.0965
8,22.0,25.0,8.89,0.9,19.8,17.4196,12.399,0.1613,0.1501,15.0965
8,22.0,25.0,9.525,0.9,19.8,17.4034,12.4854,0.1623,0.1501,15.0965
8,22.0,25.0,10.16,0.9,19.8,17.3863,12.5764,0.1634,0.1501,15.0965
8,22.0,25.0,10.795,0.9,19.8,17.3685,12.6717,0.1645,0.1501,15.0965
8,22.0,25.0,11.43,0.9,19.8,17.3499,12.7711,0.1656,0.1501,15.0965
8,22.0,25.0,12.065,0.9,19.8,17.3306,12.8743,0.1668,0.1501,15.0965
8,27.2,32.0,6.985,0.5,13.6,18.2322,8.2205,0.1105,0.2131,21.7021
8,27.2,32.0,6.985,0.6,16.32,18.2391,8.1863,0.1101,0.1799,18.2174
8,27.2,32.0,7.62,0.6,16.32,18.2288,8.2376,0.1107,0.1799,18.2174
8,27.2,32.0,8.255,0.6,16.32,18.2177,8.2926,0.1114,0.1799,18.2174
8,27.2,32.0,8.89,0.6,16.32,18.2059,8.3513,0.1121,0.1799,18.2174
8,27.2,32.0,9.525,0.6,16.32,18.1934,8.4136,0.1129,0.1799,18.2174
8,27.2,32.0,6.985,0.7,19.04,18.2451,8.1564,0.1097,0.1557,15.6844
8,27.2,32.0,7.62,0.7,19.04,18.2349,8.2073,0.1103,0.1557,15.6844
8,27.2,32.0,8.255,0.7,19.04,18.2239,8.2619,0.111,0.1557,15.6844
8,27.2,32.0,8.89,0.7,19.04,18.2122,8.3202,0.1117,0.1557,15.6844
8,27.2,32.0,9.525,0.7,19.04,18.1998,8.382,0.1125,0.1557,15.6844
8,27.2,32.0,10.16,0.7,19.04,18.1867,8.4473,0.1133,0.1557,15.6844
8,27.2,32.0,10.795,0.7,19.04,18.173,8.5159,0.1142,0.1557,15.6844
8,27.2,32.0,11.43,0.7,19.04,18.1586,8.5878,0.1151,0.1557,15.6844
8,27.2,32.0,12.065,0.7,19.04,18.1436,8.6628,0.116,0.1557,15.6844
8,27.2,32.0,6.985,0.8,21.76,18.2505,8.1297,0.1093,0.1375,13.7638
8,27.2,32.0,7.62,0.8,21.76,18.2403,8.1803,0.11,0.1375,13.7638
8,27.2,32.0,8.255,0.8,21.76,18.2294,8.2345,0.1107,0.1375,13.7638
8,27.2,32.0,8.89,0.8,21.76,18.2177,8.2924,0.1114,0.1375,13.7638
8,27.2,32.0,9.525,0.8,21.76,18.2054,8.3538,0.1122,0.1375,13.7638
8,27.2,32.0,10.16,0.8,21.76,18.1924,8.4186,0.113,0.1375,13.7638
8,27.2,32.0,10.795,0.8,21.76,18.1788,8.4868,0.1138,0.1375,13.7638
8,27.2,32.0,11.43,0.8,21.76,18.1645,8.5582,0.1147,0.1375,13.7638
8,27.2,32.0,12.065,0.8,21.76,18.1496,8.6328,0.1157,0.1375,13.7638
8,27.2,32.0,6.985,0.9,24.48,18.2553,8.1056,0.109,0.1231,12.259
8,27.2,32.0,7.62,0.9,24.48,18.2452,8.1559,0.1097,0.1231,12.259
8,27.2,32.0,8.255,0.9,24.48,18.2343,8.2098,0.1104,0.1231,12.259
8,27.2,32.0,8.89,0.9,24.48,18.2228,8.2673,0.1111,0.1231,12.259
8,27.2,32.0,9.525,0.9,24.48,18.2105,8.3284,0.1118,0.1231,12.259
8,27.2,32.0,10.16,0.9,24.48,18.1976,8.3928,0.1126,0.1231,12.259
8,27.2,32.0,10.795,0.9,24.48,18.184,8.4606,0.1135,0.1231,12.259
8,27.2,32.0,11.43,0.9,24.48,18.1698,8.5315,0.1144,0.1231,12.259
8,27.2,32.0,12.065,0.9,24.48,18.155,8.6056,0.1153,0.1231,12.259
8,34.0,40.0,6.985,0.4,13.6,18.8196,5.3653,0.0738,0.2131,21.7021
8,34.0,40.0,6.985,0.5,17.0,18.8234,5.3473,0.0735,0.1731,17.5116
8,34.0,40.0,7.62,0.5,17.0,18.8161,5.3821,0.074,0.1731,17.5116
8,34.0,40.0,8.255,0.5,17.0,18.8082,5.4194,0.0745,0.1731,17.5116
8,34.0,40.0,8.89,0.5,17.0,18.7998,5.4592,0.075,0.1731,17.5116
8,34.0,40.0,9.525,0.5,17.0,18.7909,5.5016,0.0756,0.1731,17.5116
8,34.0,40.0,10.16,0.5,17.0,18.7815,5.5464,0.0762,0.1731,17.5116
8,34.0,40.0,6.985,0.6,20.4,18.8266,5.332,0.0733,0.146,14.6622
8,34.0,40.0,7.62,0.6,20.4,18.8193,5.3665,0.0738,0.146,14.6622
8,34.0,40.0,8.255,0.6,20.4,18.8115,5.4036,0.0743,0.146,14.6622
8,34.0,40.0,8.89,0.6,20.4,18.8032,5.4433,0.0748,0.146,14.6622
8,34.0,40.0,9.525,0.6,20.4,18.7943,5.4854,0.0754,0.146,14.6622
8,34.0,40.0,10.16,0.6,20.4,18.785,5.5299,0.0759,0.146,14.6622
8,34.0,40.0,10.795,0.6,20.4,18.7751,5.5769,0.0766,0.146,14.6622
8,34.0,40.0,11.43,0.6,20.4,18.7648,5.6263,0.0772,0.146,14.6622
8,34.0,40.0,12.065,0.6,20.4,18.7539,5.6779,0.0779,0.146,14.6622
8,34.0,40.0,6.985,0.7,23.8,18.8294,5.3186,0.0732,0.1264,12.6038
8,34.0,40.0,7.62,0.7,23.8,18.8222,5.3529,0.0736,0.1264,12.6038
8,34.0,40.0,8.255,0.7,23.8,18.8144,5.3899,0.0741,0.1264,12.6038
8,34.0,40.0,8.89,0.7,23.8,18.8061,5.4293,0.0746,0.1264,12.6038
8,34.0,40.0,9.525,0.7,23.8,18.7973,5.4712,0.0752,0.1264,12.6038
8,34.0,40.0,10.16,0.7,23.8,18.788,5.5155,0.0757,0.1264,12.6038
8,34.0,40.0,10.795,0.7,23.8,18.7782,5.5622,0.0764,0.1264,12.6038
8,34.0,40.0,11.43,0.7,23.8,18.7679,5.6113,0.077,0.1264,12.6038
8,34.0,40.0,12.065,0.7,23.8,18.7571,5.6627,0.0777,0.1264,12.6038
8,34.0,40.0,6.985,0.8,27.2,18.8319,5.3066,0.073,0.1116,11.049
8,34.0,40.0,7.62,0.8,27.2,18.8247,5.3408,0.0735,0.1116,11.049
8,34.0,40.0,8.255,0.8,27.2,18.817,5.3775,0.0739,0.1116,11.049
8,34.0,40.0,8.89,0.8,27.2,18.8087,5.4168,0.0745,0.1116,11.049
8,34.0,40.0,9.525,0.8,27.2,18.8,5.4585,0.075,0.1116,11.049
8,34.0,40.0,10.16,0.8,27.2,18.7907,5.5026,0.0756,0.1116,11.049
8,34.0,40.0,10.795,0.8,27.2,18.7809,5.5491,0.0762,0.1116,11.049
8,34.0,40.0,11.43,0.8,27.2,18.7707,5.598,0.0768,0.1116,11.049
8,34.0,40.0,12.065,0.8,27.2,18.76,5.6491,0.0775,0.1116,11.049
8,34.0,40.0,6.985,0.9,30.6,18.8342,5.2957,0.0729,0.1,9.834
8,34.0,40.0,7.62,0.9,30.6,18.8271,5.3298,0.0733,0.1,9.834
8,34.0,40.0,8.255,0.9,30.6,18.8194,5.3664,0.0738,0.1,9.834
8,34.0,40.0,8.89,0.9,30.6,18.8111,5.4055,0.0743,0.1,9.834
8,34.0,40.0,9.525,0.9,30.6,18.8024,5.447,0.0749,0.1,9.834
8,34.0,40.0,10.16,0.9,30.6,18.7932,5.4909,0.0754,0.1,9.834
8,34.0,40.0,10.795,0.9,30.6,18.7834,5.5373,0.076,0.1,9.834
8,34.0,40.0,11.43,0.9,30.6,18.7732,5.5859,0.0767,0.1,9.834
8,34.0,40.0,12.065,0.9,30.6,18.7626,5.6368,0.0773,0.1,9.834
8,42.6,50.0,6.985,0.4,17.04,19.2217,3.4844,0.0486,0.1728,17.4717
8,42.6,50.0,7.62,0.4,17.04,19.2166,3.5076,0.049,0.1728,17.4717
8,42.6,50.0,8.255,0.4,17.04,19.2112,3.5325,0.0493,0.1728,17.4717
8,42.6,50.0,8.89,0.4,17.04,19.2054,3.5591,0.0497,0.1728,17.4717
8,42.6,50.0,9.525,0.4,17.04,19.1993,3.5875,0.05,0.1728,17.4717
8,42.6,50.0,10.16,0.4,17.04,19.1928,3.6175,0.0505,0.1728,17.4717
8,42.6,50.0,6.985,0.5,21.3,19.2234,3.4764,0.0485,0.1402,14.0552
8,42.6,50.0,7.62,0.5,21.3,19.2184,3.4994,0.0489,0.1402,14.0552
8,42.6,50.0,8.255,0.5,21.3,19.213,3.5242,0.0492,0.1402,14.0552
8,42.6,50.0,8.89,0.5,21.3,19.2073,3.5507,0.0495,0.1402,14.0552
8,42.6,50.0,9.525,0.5,21.3,19.2011,3.579,0.0499,0.1402,14.0552
8,42.6,50.0,10.16,0.5,21.3,19.1947,3.6089,0.0503,0.1402,14.0552
8,42.6,50.0,10.795,0.5,21.3,19.1878,3.6404,0.0508,0.1402,14.0552
8,42.6,50.0,11.43,0.5,21.3,19.1806,3.6736,0.0512,0.1402,14.0552
8,42.6,50.0,12.065,0.5,21.3,19.1731,3.7084,0.0517,0.1402,14.0552
8,42.6,50.0,6.985,0.6,25.56,19.2249,3.4695,0.0484,0.1183,11.7484
8,42.6,50.0,7.62,0.6,25.56,19.2199,3.4925,0.0488,0.1183,11.7484
8,42.6,50.0,8.255,0.6,25.56,19.2145,3.5172,0.0491,0.1183,11.7484
8,42.6,50.0,8.89,0.6,25.56,19.2088,3.5436,0.0494,0.1183,11.7484
8,42.6,50.0,9.525,0.6,25.56,19.2027,3.5717,0.0498,0.1183,11.7484
8,42.6,50.0,10.16,0.6,25.56,19.1963,3.6015,0.0502,0.1183,11.7484
8,42.6,50.0,10.795,0.6,25.56,19.1895,3.6329,0.0507,0.1183,11.7484
8,42.6,50.0,11.43,0.6,25.56,19.1823,3.666,0.0511,0.1183,11.7484
8,42.6,50.0,12.065,0.6,25.56,19.1748,3.7006,0.0516,0.1183,11.7484
8,42.6,50.0,6.985,0.7,29.82,19.2262,3.4635,0.0484,0.1024,10.0886
8,42.6,50.0,7.62,0.7,29.82,19.2212,3.4864,0.0487,0.1024,10.0886
8,42.6,50.0,8.255,0.7,29.82,19.2159,3.511,0.049,0.1024,10.0886
8,42.6,50.0,8.89,0.7,29.82,19.2102,3.5373,0.0494,0.1024,10.0886
8,42.6,50.0,9.525,0.7,29.82,19.2041,3.5653,0.0497,0.1024,10.0886
8,42.6,50.0,10.16,0.7,29.82,19.1977,3.595,0.0501,0.1024,10.0886
8,42.6,50.0,10.795,0.7,29.82,19.1909,3.6263,0.0506,0.1024,10.0886
8,42.6,50.0,11.43,0.7,29.82,19.1837,3.6593,0.051,0.1024,10.0886
8,42.6,50.0,12.065,0.7,29.82,19.1763,3.6938,0.0515,0.1024,10.0886
8,42.6,50.0,6.985,0.8,34.08,19.2274,3.4581,0.0483,0.0905,8.8382
8,42.6,50.0,7.62,0.8,34.08,19.2224,3.481,0.0486,0.0905,8.8382
8,42.6,50.0,8.255,0.8,34.08,19.2171,3.5055,0.0489,0.0905,8.8382
8,42.6,50.0,8.89,0.8,34.08,19.2114,3.5317,0.0493,0.0905,8.8382
8,42.6,50.0,9.525,0.8,34.08,19.2053,3.5596,0.0497,0.0905,8.8382
8,42.6,50.0,10.16,0.8,34.08,19.1989,3.5892,0.0501,0.0905,8.8382
8,42.6,50.0,10.795,0.8,34.08,19.1922,3.6204,0.0505,0.0905,8.8382
8,42.6,50.0,11.43,0.8,34.08,19.185,3.6533,0.0509,0.0905,8.8382
8,42.6,50.0,12.065,0.8,34.08,19.1776,3.6877,0.0514,0.0905,8.8382
8,42.6,50.0,6.985,0.9,38.34,19.2284,3.4533,0.0482,0.0812,7.8626
8,42.6,50.0,7.62,0.9,38.34,19.2235,3.476,0.0485,0.0812,7.8626
8,42.6,50.0,8.255,0.9,38.34,19.2182,3.5005,0.0489,0.0812,7.8626
8,42.6,50.0,8.89,0.9,38.34,19.2125,3.5266,0.0492,0.0812,7.8626
8,42.6,50.0,9.525,0.9,38.34,19.2064,3.5545,0.0496,0.0812,7.8626
8,42.6,50.0,10.16,0.9,38.34,19.2001,3.584,0.05,0.0812,7.8626
8,42.6,50.0,10.795,0.9,38.34,19.1933,3.6151,0.0504,0.0812,7.8626
8,42.6,50.0,11.43,0.9,38.34,19.1862,3.6478,0.0509,0.0812,7.8626
8,42.6,50.0,12.065,0.9,38.34,19.1788,3.6822,0.0513,0.0812,7.8626
8,53.6,63.0,6.985,0.3,16.08,19.4904,2.2585,0.0318,0.1824,18.48
8,53.6,63.0,7.62,0.3,16.08,19.487,2.2738,0.0321,0.1824,18.48
8,53.6,63.0,8.255,0.3,16.08,19.4834,2.2902,0.0323,0.1824,18.48
8,53.6,63.0,8.89,0.3,16.08,19.4795,2.3078,0.0325,0.1824,18.48
8,53.6,63.0,9.525,0.3,16.08,19.4754,2.3265,0.0328,0.1824,18.48
8,53.6,63.0,6.985,0.4,21.44,19.4914,2.2542,0.0318,0.1394,13.9653
8,53.6,63.0,7.62,0.4,21.44,19.488,2.2694,0.032,0.1394,13.9653
8,53.6,63.0,8.255,0.4,21.44,19.4844,2.2858,0.0322,0.1394,13.9653
8,53.6,63.0,8.89,0.4,21.44,19.4805,2.3033,0.0325,0.1394,13.9653
8,53.6,63.0,9.525,0.4,21.44,19.4764,2.3219,0.0327,0.1394,13.9653
8,53.6,63.0,10.16,0.4,21.44,19.472,2.3416,0.033,0.1394,13.9653
8,53.6,63.0,10.795,0.4,21.44,19.4674,2.3625,0.0333,0.1394,13.9653
8,53.6,63.0,11.43,0.4,21.44,19.4626,2.3845,0.0336,0.1394,13.9653
8,53.6,63.0,12.065,0.4,21.44,19.4575,2.4076,0.0339,0.1394,13.9653
8,53.6,63.0,6.985,0.5,26.8,19.4922,2.2507,0.0317,0.1131,11.2119
8,53.6,63.0,7.62,0.5,26.8,19.4888,2.2658,0.0319,0.1131,11.2119
8,53.6,63.0,8.255,0.5,26.8,19.4852,2.2821,0.0322,0.1131,11.2119
8,53.6,63.0,8.89,0.5,26.8,19.4813,2.2996,0.0324,0.1131,11.2119
8,53.6,63.0,9.525,0.5,26.8,19.4772,2.3181,0.0327,0.1131,11.2119
8,53.6,63.0,10.16,0.5,26.8,19.4729,2.3378,0.0329,0.1131,11.2119
8,53.6,63.0,10.795,0.5,26.8,19.4683,2.3586,0.0332,0.1131,11.2119
8,53.6,63.0,11.43,0.5,26.8,19.4634,2.3805,0.0335,0.1131,11.2119
8,53.6,63.0,12.065,0.5,26.8,19.4583,2.4035,0.0339,0.1131,11.2119
8,53.6,63.0,6.985,0.6,32.16,19.4928,2.2476,0.0317,0.0955,9.3613
8,53.6,63.0,7.62,0.6,32.16,19.4895,2.2628,0.0319,0.0955,9.3613
8,53.6,63.0,8.255,0.6,32.16,19.4859,2.279,0.0321,0.0955,9.3613
8,53.6,63.0,8.89,0.6,32.16,19.482,2.2964,0.0324,0.0955,9.3613
8,53.6,63.0,9.525,0.6,32.16,19.4779,2.3149,0.0326,0.0955,9.3613
8,53.6,63.0,10.16,0.6,32.16,19.4736,2.3345,0.0329,0.0955,9.3613
8,53.6,63.0,10.795,0.6,32.16,19.469,2.3553,0.0332,0.0955,9.3613
8,53.6,63.0,11.43,0.6,32.16,19.4642,2.3771,0.0335,0.0955,9.3613
8,53.6,63.0,12.065,0.6,32.16,19.4591,2.4001,0.0338,0.0955,9.3613
8,53.6,63.0,6.985,0.7,37.52,19.4934,2.245,0.0317,0.0829,8.0334
8,53.6,63.0,7.62,0.7,37.52,19.4901,2.26,0.0319,0.0829,8.0334
8,53.6,63.0,8.255,0.7,37.52,19.4865,2.2763,0.0321,0.0829,8.0334
8,53.6,63.0,8.89,0.7,37.52,19.4827,2.2936,0.0323,0.0829,8.0334
8,53.6,63.0,9.525,0.7,37.52,19.4786,2.3121,0.0326,0.0829,8.0334
8,53.6,63.0,10.16,0.7,37.52,19.4742,2.3317,0.0329,0.0829,8.0334
8,53.6,63.0,10.795,0.7,37.52,19.4697,2.3524,0.0331,0.0829,8.0334
8,53.6,63.0,11.43,0.7,37.52,19.4648,2.3741,0.0334,0.0829,8.0334
8,53.6,63.0,12.065,0.7,37.52,19.4598,2.397,0.0338,0.0829,8.0334
8,53.6,63.0,6.985,0.8,42.88,19.494,2.2426,0.0316,0.0734,7.0345
8,53.6,63.0,7.62,0.8,42.88,19.4906,2.2576,0.0318,0.0734,7.0345
8,53.6,63.0,8.255,0.8,42.88,19.487,2.2738,0.0321,0.0734,7.0345
8,53.6,63.0,8.89,0.8,42.88,19.4832,2.2911,0.0323,0.0734,7.0345
8,53.6,63.0,9.525,0.8,42.88,19.4791,2.3095,0.0326,0.0734,7.0345
8,53.6,63.0,10.16,0.8,42.88,19.4748,2.3291,0.0328,0.0734,7.0345
8,53.6,63.0,10.795,0.8,42.88,19.4702,2.3497,0.0331,0.0734,7.0345
8,53.6,63.0,11.43,0.8,42.88,19.4654,2.3715,0.0334,0.0734,7.0345
8,53.6,63.0,12.065,0.8,42.88,19.4604,2.3943,0.0337,0.0734,7.0345
8,53.6,63.0,6.985,0.9,48.24,19.4944,2.2404,0.0316,0.0659,6.2562
8,53.6,63.0,7.62,0.9,48.24,19.4911,2.2554,0.0318,0.0659,6.2562
8,53.6,63.0,8.255,0.9,48.24,19.4875,2.2716,0.032,0.0659,6.2562
8,53.6,63.0,8.89,0.9,48.24,19.4837,2.2889,0.0323,0.0659,6.2562
8,53.6,63.0,9.525,0.9,48.24,19.4796,2.3072,0.0325,0.0659,6.2562
8,53.6,63.0,10.16,0.9,48.24,19.4753,2.3267,0.0328,0.0659,6.2562
8,53.6,63.0,10.795,0.9,48.24,19.4708,2.3474,0.0331,0.0659,6.2562
8,53.6,63.0,11.43,0.9,48.24,19.466,2.3691,0.0334,0.0659,6.2562
8,53.6,63.0,12.065,0.9,48.24,19.4609,2.3918,0.0337,0.0659,6.2562
9,17.0,20.0,6.985,0.8,13.6,16.0589,20.0801,0.2463,0.2131,21.7021
9,17.0,20.0,6.985,0.9,15.3,16.0807,19.9495,0.245,0.191,19.3873
9,17.0,20.0,7.62,0.9,15.3,16.0608,20.0687,0.2462,0.191,19.3873
9,17.0,20.0,8.255,0.9,15.3,16.0396,20.1959,0.2475,0.191,19.3873
9,17.0,20.0,8.89,0.9,15.3,16.0172,20.3306,0.2489,0.191,19.3873
9,22.0,25.0,6.985,0.7,15.4,17.4407,12.2872,0.16,0.1899,19.2662
9,22.0,25.0,7.62,0.7,15.4,17.4252,12.3693,0.1609,0.1899,19.2662
9,22.0,25.0,8.255,0.7,15.4,17.4087,12.4571,0.162,0.1899,19.2662
9,22.0,25.0,8.89,0.7,15.4,17.3912,12.5506,0.1631,0.1899,19.2662
9,22.0,25.0,6.985,0.8,17.6,17.4515,12.2299,0.1593,0.1676,16.9321
9,22.0,25.0,7.62,0.8,17.6,17.4362,12.3111,0.1602,0.1676,16.9321
9,22.0,25.0,8.255,0.8,17.6,17.4198,12.3981,0.1613,0.1676,16.9321
9,22.0,25.0,8.89,0.8,17.6,17.4024,12.4907,0.1623,0.1676,16.9321
9,22.0,25.0,9.525,0.8,17.6,17.384,12.5886,0.1635,0.1676,16.9321
9,22.0,25.0,10.16,0.8,17.6,17.3647,12.6917,0.1647,0.1676,16.9321
9,22.0,25.0,10.795,0.8,17.6,17.3445,12.7996,0.166,0.1676,16.9321
9,22.0,25.0,6.985,0.9,19.8,17.4613,12.1781,0.1587,0.1501,15.0965
9,22.0,25.0,7.62,0.9,19.8,17.4461,12.2587,0.1596,0.1501,15.0965
9,22.0,25.0,8.255,0.9,19.8,17.4298,12.345,0.1606,0.1501,15.0965
9,22.0,25.0,8.89,0.9,19.8,17.4126,12.4367,0.1617,0.1501,15.0965
9,22.0,25.0,9.525,0.9,19.8,17.3943,12.5338,0.1629,0.1501,15.0965
9,22.0,25.0,10.16,0.9,19.8,17.3752,12.636,0.1641,0.1501,15.0965
9,22.0,25.0,10.795,0.9,19.8,17.3551,12.743,0.1653,0.1501,15.0965
9,22.0,25.0,11.43,0.9,19.8,17.3343,12.8546,0.1666,0.1501,15.0965
9,22.0,25.0,12.065,0.9,19.8,17.3127,12.9705,0.168,0.1501,15.0965
9,27.2,32.0,6.985,0.5,13.6,18.2309,8.2271,0.1106,0.2131,21.7021
9,27.2,32.0,6.985,0.6,16.32,18.2378,8.1928,0.1101,0.1799,18.2174
9,27.2,32.0,7.62,0.6,16.32,18.2262,8.2505,0.1109,0.1799,18.2174
9,27.2,32.0,8.255,0.6,16.32,18.2137,8.3124,0.1116,0.1799,18.2174
9,27.2,32.0,8.89,0.6,16.32,18.2005,8.3784,0.1125,0.1799,18.2174
9,27.2,32.0,9.525,0.6,16.32,18.1865,8.4484,0.1133,0.1799,18.2174
9,27.2,32.0,6.985,0.7,19.04,18.2438,8.1629,0.1098,0.1557,15.6844
9,27.2,32.0,7.62,0.7,19.04,18.2323,8.2201,0.1105,0.1557,15.6844
9,27.2,32.0,8.255,0.7,19.04,18.2199,8.2815,0.1113,0.1557,15.6844
9,27.2,32.0,8.89,0.7,19.04,18.2068,8.347,0.1121,0.1557,15.6844
9,27.2,32.0,9.525,0.7,19.04,18.1928,8.4165,0.1129,0.1557,15.6844
9,27.2,32.0,10.16,0.7,19.04,18.1782,8.4899,0.1139,0.1557,15.6844
9,27.2,32.0,10.795,0.7,19.04,18.1627,8.567,0.1148,0.1557,15.6844
9,27.2,32.0,11.43,0.7,19.04,18.1466,8.6478,0.1158,0.1557,15.6844
9,27.2,32.0,12.065,0.7,19.04,18.1298,8.7321,0.1169,0.1557,15.6844
9,27.2,32.0,6.985,0.8,21.76,18.2492,8.1361,0.1094,0.1375,13.7638
9,27.2,32.0,7.62,0.8,21.76,18.2377,8.193,0.1101,0.1375,13.7638
9,27.2,32.0,8.255,0.8,21.76,18.2255,8.2541,0.1109,0.1375,13.7638
9,27.2,32.0,8.89,0.8,21.76,18.2124,8.3191,0.1117,0.1375,13.7638
9,27.2,32.0,9.525,0.8,21.76,18.1985,8.3881,0.1126,0.1375,13.7638
9,27.2,32.0,10.16,0.8,21.76,18.1839,8.461,0.1135,0.1375,13.7638
9,27.2,32.0,10.795,0.8,21.76,18.1686,8.5376,0.1145,0.1375,13.7638
9,27.2,32.0,11.43,0.8,21.76,18.1526,8.6178,0.1155,0.1375,13.7638
9,27.2,32.0,12.065,0.8,21.76,18.1359,8.7015,0.1165,0.1375,13.7638
9,27.2,32.0,6.985,0.9,24.48,18.254,8.112,0.1091,0.1231,12.259
9,27.2,32.0,7.62,0.9,24.48,18.2426,8.1685,0.1098,0.1231,12.259
9,27.2,32.0,8.255,0.9,24.48,18.2304,8.2292,0.1106,0.1231,12.259
9,27.2,32.0,8.89,0.9,24.48,18.2175,8.2939,0.1114,0.1231,12.259
9,27.2,32.0,9.525,0.9,24.48,18.2037,8.3625,0.1123,0.1231,12.259
9,27.2,32.0,10.16,0.9,24.48,18.1892,8.4349,0.1132,0.1231,12.259
9,27.2,32.0,10.795,0.9,24.48,18.1739,8.511,0.1141,0.1231,12.259
9,27.2,32.0,11.43,0.9,24.48,18.158,8.5907,0.1151,0.1231,12.259
9,27.2,32.0,12.065,0.9,24.48,18.1414,8.6739,0.1162,0.1231,12.259
9,34.0,40.0,6.985,0.4,13.6,18.8186,5.3697,0.0738,0.2131,21.7021
9,34.0,40.0,6.985,0.5,17.0,18.8224,5.3518,0.0736,0.1731,17.5116
9,34.0,40.0,7.62,0.5,17.0,18.8142,5.3908,0.0741,0.1731,17.5116
9,34.0,40.0,8.255,0.5,17.0,18.8054,5.4328,0.0747,0.1731,17.5116
9,34.0,40.0,8.89,0.5,17.0,18.796,5.4776,0.0753,0.1731,17.5116
9,34.0,40.0,9.525,0.5,17.0,18.786,5.5252,0.0759,0.1731,17.5116
9,34.0,40.0,10.16,0.5,17.0,18.7754,5.5756,0.0765,0.1731,17.5116
9,34.0,40.0,6.985,0.6,20.4,18.8257,5.3364,0.0734,0.146,14.6622
9,34.0,40.0,7.62,0.6,20.4,18.8175,5.3753,0.0739,0.146,14.6622
9,34.0,40.0,8.255,0.6,20.4,18.8087,5.417,0.0745,0.146,14.6622
9,34.0,40.0,8.89,0.6,20.4,18.7993,5.4615,0.075,0.146,14.6622
9,34.0,40.0,9.525,0.6,20.4,18.7894,5.5089,0.0757,0.146,14.6622
9,34.0,40.0,10.16,0.6,20.4,18.7789,5.559,0.0763,0.146,14.6622
9,34.0,40.0,10.795,0.6,20.4,18.7678,5.6118,0.077,0.146,14.6622
9,34.0,40.0,11.43,0.6,20.4,18.7562,5.6673,0.0777,0.146,14.6622
9,34.0,40.0,12.065,0.6,20.4,18.744,5.7253,0.0785,0.146,14.6622
9,34.0,40.0,6.985,0.7,23.8,18.8285,5.323,0.0732,0.1264,12.6038
9,34.0,40.0,7.62,0.7,23.8,18.8204,5.3616,0.0737,0.1264,12.6038
9,34.0,40.0,8.255,0.7,23.8,18.8116,5.4031,0.0743,0.1264,12.6038
9,34.0,40.0,8.89,0.7,23.8,18.8023,5.4474,0.0749,0.1264,12.6038
9,34.0,40.0,9.525,0.7,23.8,18.7924,5.4946,0.0755,0.1264,12.6038
9,34.0,40.0,10.16,0.7,23.8,18.7819,5.5444,0.0761,0.1264,12.6038
9,34.0,40.0,10.795,0.7,23.8,18.7709,5.5969,0.0768,0.1264,12.6038
9,34.0,40.0,11.43,0.7,23.8,18.7593,5.6521,0.0775,0.1264,12.6038
9,34.0,40.0,12.065,0.7,23.8,18.7473,5.7098,0.0783,0.1264,12.6038
9,34.0,40.0,6.985,0.8,27.2,18.831,5.311,0.0731,0.1116,11.049
9,34.0,40.0,7.62,0.8,27.2,18.8229,5.3494,0.0736,0.1116,11.049
9,34.0,40.0,8.255,0.8,27.2,18.8142,5.3907,0.0741,0.1116,11.049
9,34.0,40.0,8.89,0.8,27.2,18.8049,5.4349,0.0747,0.1116,11.049
9,34.0,40.0,9.525,0.8,27.2,18.7951,5.4818,0.0753,0.1116,11.049
9,34.0,40.0,10.16,0.8,27.2,18.7847,5.5314,0.076,0.1116,11.049
9,34.0,40.0,10.795,0.8,27.2,18.7737,5.5837,0.0766,0.1116,11.049
9,34.0,40.0,11.43,0.8,27.2,18.7622,5.6385,0.0774,0.1116,11.049
9,34.0,40.0,12.065,0.8,27.2,18.7502,5.696,0.0781,0.1116,11.049
9,34.0,40.0,6.985,0.9,30.6,18.8333,5.3001,0.0729,0.1,9.834
9,34.0,40.0,7.62,0.9,30.6,18.8252,5.3384,0.0734,0.1,9.834
9,34.0,40.0,8.255,0.9,30.6,18.8166,5.3795,0.074,0.1,9.834
9,34.0,40.0,8.89,0.9,30.6,18.8073,5.4235,0.0745,0.1,9.834
9,34.0,40.0,9.525,0.9,30.6,18.7975,5.4702,0.0752,0.1,9.834
9,34.0,40.0,10.16,0.9,30.6,18.7871,5.5196,0.0758,0.1,9.834
9,34.0,40.0,10.795,0.9,30.6,18.7762,5.5716,0.0765,0.1,9.834
9,34.0,40.0,11.43,0.9,30.6,18.7648,5.6263,0.0772,0.1,9.834
9,34.0,40.0,12.065,0.9,30.6,18.7528,5.6835,0.078,0.1,9.834
9,42.6,50.0,6.985,0.4,17.04,19.221,3.4873,0.0487,0.1728,17.4717
9,42.6,50.0,7.62,0.4,17.04,19.2154,3.5134,0.049,0.1728,17.4717
9,42.6,50.0,8.255,0.4,17.04,19.2093,3.5414,0.0494,0.1728,17.4717
9,42.6,50.0,8.89,0.4,17.04,19.2028,3.5714,0.0498,0.1728,17.4717
9,42.6,50.0,9.525,0.4,17.04,19.1959,3.6033,0.0503,0.1728,17.4717
9,42.6,50.0,10.16,0.4,17.04,19.1886,3.637,0.0507,0.1728,17.4717
9,42.6,50.0,6.985,0.5,21.3,19.2228,3.4793,0.0486,0.1402,14.0552
9,42.6,50.0,7.62,0.5,21.3,19.2171,3.5053,0.0489,0.1402,14.0552
9,42.6,50.0,8.255,0.5,21.3,19.2111,3.5332,0.0493,0.1402,14.0552
9,42.6,50.0,8.89,0.5,21.3,19.2046,3.563,0.0497,0.1402,14.0552
9,42.6,50.0,9.525,0.5,21.3,19.1977,3.5947,0.0501,0.1402,14.0552
9,42.6,50.0,10.16,0.5,21.3,19.1904,3.6283,0.0506,0.1402,14.0552
9,42.6,50.0,10.795,0.5,21.3,19.1828,3.6638,0.0511,0.1402,14.0552
9,42.6,50.0,11.43,0.5,21.3,19.1747,3.7011,0.0516,0.1402,14.0552
9,42.6,50.0,12.065,0.5,21.3,19.1662,3.7403,0.0521,0.1402,14.0552
9,42.6,50.0,6.985,0.6,25.56,19.2242,3.4725,0.0485,0.1183,11.7484
9,42.6,50.0,7.62,0.6,25.56,19.2186,3.4983,0.0488,0.1183,11.7484
9,42.6,50.0,8.255,0.6,25.56,19.2126,3.5261,0.0492,0.1183,11.7484
9,42.6,50.0,8.89,0.6,25.56,19.2062,3.5558,0.0496,0.1183,11.7484
9,42.6,50.0,9.525,0.6,25.56,19.1993,3.5874,0.05,0.1183,11.7484
9,42.6,50.0,10.16,0.6,25.56,19.1921,3.6209,0.0505,0.1183,11.7484
9,42.6,50.0,10.795,0.6,25.56,19.1844,3.6562,0.051,0.1183,11.7484
9,42.6,50.0,11.43,0.6,25.56,19.1764,3.6934,0.0515,0.1183,11.7484
9,42.6,50.0,12.065,0.6,25.56,19.1679,3.7323,0.052,0.1183,11.7484
9,42.6,50.0,6.985,0.7,29.82,19.2256,3.4664,0.0484,0.1024,10.0886
9,42.6,50.0,7.62,0.7,29.82,19.22,3.4922,0.0488,0.1024,10.0886
9,42.6,50.0,8.255,0.7,29.82,19.214,3.5199,0.0491,0.1024,10.0886
9,42.6,50.0,8.89,0.7,29.82,19.2075,3.5495,0.0495,0.1024,10.0886
9,42.6,50.0,9.525,0.7,29.82,19.2007,3.5809,0.05,0.1024,10.0886
9,42.6,50.0,10.16,0.7,29.82,19.1935,3.6143,0.0504,0.1024,10.0886
9,42.6,50.0,10.795,0.7,29.82,19.1859,3.6495,0.0509,0.1024,10.0886
9,42.6,50.0,11.43,0.7,29.82,19.1778,3.6866,0.0514,0.1024,10.0886
9,42.6,50.0,12.065,0.7,29.82,19.1694,3.7254,0.0519,0.1024,10.0886
9,42.6,50.0,6.985,0.8,34.08,19.2267,3.461,0.0483,0.0905,8.8382
9,42.6,50.0,7.62,0.8,34.08,19.2211,3.4867,0.0487,0.0905,8.8382
9,42.6,50.0,8.255,0.8,34.08,19.2152,3.5143,0.0491,0.0905,8.8382
9,42.6,50.0,8.89,0.8,34.08,19.2088,3.5438,0.0495,0.0905,8.8382
9,42.6,50.0,9.525,0.8,34.08,19.202,3.5752,0.0499,0.0905,8.8382
9,42.6,50.0,10.16,0.8,34.08,19.1948,3.6085,0.0503,0.0905,8.8382
9,42.6,50.0,10.795,0.8,34.08,19.1872,3.6435,0.0508,0.0905,8.8382
9,42.6,50.0,11.43,0.8,34.08,19.1792,3.6805,0.0513,0.0905,8.8382
9,42.6,50.0,12.065,0.8,34.08,19.1708,3.7192,0.0518,0.0905,8.8382
9,42.6,50.0,6.985,0.9,38.34,19.2278,3.4562,0.0483,0.0812,7.8626
9,42.6,50.0,7.62,0.9,38.34,19.2222,3.4818,0.0486,0.0812,7.8626
9,42.6,50.0,8.255,0.9,38.34,19.2163,3.5093,0.049,0.0812,7.8626
9,42.6,50.0,8.89,0.9,38.34,19.2099,3.5387,0.0494,0.0812,7.8626
9,42.6,50.0,9.525,0.9,38.34,19.2031,3.57,0.0498,0.0812,7.8626
9,42.6,50.0,10.16,0.9,38.34,19.1959,3.6031,0.0503,0.0812,7.8626
9,42.6,50.0,10.795,0.9,38.34,19.1883,3.6381,0.0507,0.0812,7.8626
9,42.6,50.0,11.43,0.9,38.34,19.1804,3.6749,0.0512,0.0812,7.8626
9,42.6,50.0,12.065,0.9,38.34,19.172,3.7135,0.0517,0.0812,7.8626
9,53.6,63.0,6.985,0.3,16.08,19.49,2.2605,0.0319,0.1824,18.48
9,53.6,63.0,7.62,0.3,16.08,19.4862,2.2777,0.0321,0.1824,18.48
9,53.6,63.0,8.255,0.3,16.08,19.4821,2.2961,0.0324,0.1824,18.48
9,53.6,63.0,8.89,0.3,16.08,19.4777,2.3159,0.0326,0.1824,18.48
9,53.6,63.0,9.525,0.3,16.08,19.4731,2.3369,0.0329,0.1824,18.48
9,53.6,63.0,6.985,0.4,21.44,19.4909,2.2562,0.0318,0.1394,13.9653
9,53.6,63.0,7.62,0.4,21.44,19.4872,2.2733,0.0321,0.1394,13.9653
9,53.6,63.0,8.255,0.4,21.44,19.4831,2.2917,0.0323,0.1394,13.9653
9,53.6,63.0,8.89,0.4,21.44,19.4787,2.3113,0.0326,0.1394,13.9653
9,53.6,63.0,9.525,0.4,21.44,19.4741,2.3323,0.0329,0.1394,13.9653
9,53.6,63.0,10.16,0.4,21.44,19.4692,2.3545,0.0332,0.1394,13.9653
9,53.6,63.0,10.795,0.4,21.44,19.464,2.378,0.0335,0.1394,13.9653
9,53.6,63.0,11.43,0.4,21.44,19.4585,2.4027,0.0338,0.1394,13.9653
9,53.6,63.0,12.065,0.4,21.44,19.4528,2.4286,0.0342,0.1394,13.9653
9,53.6,63.0,6.985,0.5,26.8,19.4917,2.2526,0.0318,0.1131,11.2119
9,53.6,63.0,7.62,0.5,26.8,19.488,2.2697,0.032,0.1131,11.2119
9,53.6,63.0,8.255,0.5,26.8,19.4839,2.288,0.0323,0.1131,11.2119
9,53.6,63.0,8.89,0.5,26.8,19.4796,2.3076,0.0325,0.1131,11.2119
9,53.6,63.0,9.525,0.5,26.8,19.4749,2.3285,0.0328,0.1131,11.2119
9,53.6,63.0,10.16,0.5,26.8,19.47,2.3506,0.0331,0.1131,11.2119
9,53.6,63.0,10.795,0.5,26.8,19.4649,2.374,0.0334,0.1131,11.2119
9,53.6,63.0,11.43,0.5,26.8,19.4594,2.3987,0.0338,0.1131,11.2119
9,53.6,63.0,12.065,0.5,26.8,19.4537,2.4245,0.0341,0.1131,11.2119
9,53.6,63.0,6.985,0.6,32.16,19.4924,2.2496,0.0317,0.0955,9.3613
9,53.6,63.0,7.62,0.6,32.16,19.4886,2.2666,0.032,0.0955,9.3613
9,53.6,63.0,8.255,0.6,32.16,19.4846,2.2848,0.0322,0.0955,9.3613
9,53.6,63.0,8.89,0.6,32.16,19.4803,2.3044,0.0325,0.0955,9.3613
9,53.6,63.0,9.525,0.6,32.16,19.4757,2.3252,0.0328,0.0955,9.3613
9,53.6,63.0,10.16,0.6,32.16,19.4708,2.3473,0.0331,0.0955,9.3613
9,53.6,63.0,10.795,0.6,32.16,19.4656,2.3706,0.0334,0.0955,9.3613
9,53.6,63.0,11.43,0.6,32.16,19.4602,2.3952,0.0337,0.0955,9.3613
9,53.6,63.0,12.065,0.6,32.16,19.4545,2.421,0.0341,0.0955,9.3613
9,53.6,63.0,6.985,0.7,37.52,19.493,2.2469,0.0317,0.0829,8.0334
9,53.6,63.0,7.62,0.7,37.52,19.4892,2.2639,0.0319,0.0829,8.0334
9,53.6,63.0,8.255,0.7,37.52,19.4852,2.2821,0.0322,0.0829,8.0334
9,53.6,63.0,8.89,0.7,37.52,19.4809,2.3016,0.0324,0.0829,8.0334
9,53.6,63.0,9.525,0.7,37.52,19.4763,2.3224,0.0327,0.0829,8.0334
9,53.6,63.0,10.16,0.7,37.52,19.4714,2.3444,0.033,0.0829,8.0334
9,53.6,63.0,10.795,0.7,37.52,19.4663,2.3677,0.0334,0.0829,8.0334
9,53.6,63.0,11.43,0.7,37.52,19.4609,2.3922,0.0337,0.0829,8.0334
9,53.6,63.0,12.065,0.7,37.52,19.4552,2.4179,0.0341,0.0829,8.0334
9,53.6,63.0,6.985,0.8,42.88,19.4935,2.2445,0.0317,0.0734,7.0345
9,53.6,63.0,7.62,0.8,42.88,19.4898,2.2614,0.0319,0.0734,7.0345
9,53.6,63.0,8.255,0.8,42.88,19.4858,2.2796,0.0321,0.0734,7.0345
9,53.6,63.0,8.89,0.8,42.88,19.4814,2.2991,0.0324,0.0734,7.0345
9,53.6,63.0,9.525,0.8,42.88,19.4769,2.3198,0.0327,0.0734,7.0345
9,53.6,63.0,10.16,0.8,42.88,19.472,2.3418,0.033,0.0734,7.0345
9,53.6,63.0,10.795,0.8,42.88,19.4669,2.365,0.0333,0.0734,7.0345
9,53.6,63.0,11.43,0.8,42.88,19.4615,2.3895,0.0337,0.0734,7.0345
9,53.6,63.0,12.065,0.8,42.88,19.4558,2.4151,0.034,0.0734,7.0345
9,53.6,63.0,6.985,0.9,48.24,19.494,2.2423,0.0316,0.0659,6.2562
9,53.6,63.0,7.62,0.9,48.24,19.4903,2.2592,0.0319,0.0659,6.2562
9,53.6,63.0,8.255,0.9,48.24,19.4862,2.2774,0.0321,0.0659,6.2562
9,53.6,63.0,8.89,0.9,48.24,19.4819,2.2968,0.0324,0.0659,6.2562
9,53.6,63.0,9.525,0.9,48.24,19.4774,2.3175,0.0327,0.0659,6.2562
9,53.6,63.0,10.16,0.9,48.24,19.4725,2.3394,0.033,0.0659,6.2562
9,53.6,63.0,10.795,0.9,48.24,19.4674,2.3626,0.0333,0.0659,6.2562
9,53.6,63.0,11.43,0.9,48.24,19.462,2.387,0.0336,0.0659,6.2562
9,53.6,63.0,12.065,0.9,48.24,19.4563,2.4126,0.034,0.0659,6.2562
10,17.0,20.0,6.985,0.8,13.6,16.0566,20.0938,0.2465,0.2131,21.7021
10,17.0,20.0,6.985,0.9,15.3,16.0784,19.963,0.2451,0.191,19.3873
10,17.0,20.0,7.62,0.9,15.3,16.0563,20.0955,0.2465,0.191,19.3873
10,17.0,20.0,8.255,0.9,15.3,16.0328,20.2366,0.2479,0.191,19.3873
10,17.0,20.0,8.89,0.9,15.3,16.008,20.3861,0.2495,0.191,19.3873
10,22.0,25.0,6.985,0.7,15.4,17.4389,12.2966,0.1601,0.1899,19.2662
10,22.0,25.0,7.62,0.7,15.4,17.4218,12.3877,0.1611,0.1899,19.2662
10,22.0,25.0,8.255,0.7,15.4,17.4034,12.4852,0.1623,0.1899,19.2662
10,22.0,25.0,8.89,0.7,15.4,17.384,12.5889,0.1635,0.1899,19.2662
10,22.0,25.0,6.985,0.8,17.6,17.4498,12.2391,0.1594,0.1676,16.9321
10,22.0,25.0,7.62,0.8,17.6,17.4328,12.3294,0.1605,0.1676,16.9321
10,22.0,25.0,8.255,0.8,17.6,17.4146,12.426,0.1616,0.1676,16.9321
10,22.0,25.0,8.89,0.8,17.6,17.3953,12.5287,0.1628,0.1676,16.9321
10,22.0,25.0,9.525,0.8,17.6,17.3749,12.6374,0.1641,0.1676,16.9321
10,22.0,25.0,10.16,0.8,17.6,17.3535,12.7517,0.1654,0.1676,16.9321
10,22.0,25.0,10.795,0.8,17.6,17.3311,12.8715,0.1668,0.1676,16.9321
10,22.0,25.0,6.985,0.9,19.8,17.4595,12.1873,0.1588,0.1501,15.0965
10,22.0,25.0,7.62,0.9,19.8,17.4427,12.2768,0.1598,0.1501,15.0965
10,22.0,25.0,8.255,0.9,19.8,17.4246,12.3726,0.161,0.1501,15.0965
10,22.0,25.0,8.89,0.9,19.8,17.4055,12.4744,0.1622,0.1501,15.0965
10,22.0,25.0,9.525,0.9,19.8,17.3853,12.5822,0.1634,0.1501,15.0965
10,22.0,25.0,10.16,0.9,19.8,17.364,12.6955,0.1647,0.1501,15.0965
10,22.0,25.0,10.795,0.9,19.8,17.3418,12.8142,0.1661,0.1501,15.0965
10,22.0,25.0,11.43,0.9,19.8,17.3187,12.9379,0.1676,0.1501,15.0965
10,22.0,25.0,12.065,0.9,19.8,17.2948,13.0663,0.1691,0.1501,15.0965
10,27.2,32.0,6.985,0.5,13.6,18.2295,8.2337,0.1107,0.2131,21.7021
10,27.2,32.0,6.985,0.6,16.32,18.2364,8.1994,0.1102,0.1799,18.2174
10,27.2,32.0,7.62,0.6,16.32,18.2236,8.2635,0.111,0.1799,18.2174
10,27.2,32.0,8.255,0.6,16.32,18.2098,8.3322,0.1119,0.1799,18.2174
10,27.2,32.0,8.89,0.6,16.32,18.1951,8.4055,0.1128,0.1799,18.2174
10,27.2,32.0,9.525,0.6,16.32,18.1795,8.4832,0.1138,0.1799,18.2174
10,27.2,32.0,6.985,0.7,19.04,18.2425,8.1694,0.1098,0.1557,15.6844
10,27.2,32.0,7.62,0.7,19.04,18.2297,8.233,0.1106,0.1557,15.6844
10,27.2,32.0,8.255,0.7,19.04,18.216,8.3012,0.1115,0.1557,15.6844
10,27.2,32.0,8.89,0.7,19.04,18.2014,8.3739,0.1124,0.1557,15.6844
10,27.2,32.0,9.525,0.7,19.04,18.1859,8.451,0.1134,0.1557,15.6844
10,27.2,32.0,10.16,0.7,19.04,18.1696,8.5325,0.1144,0.1557,15.6844
10,27.2,32.0,10.795,0.7,19.04,18.1525,8.6181,0.1155,0.1557,15.6844
10,27.2,32.0,11.43,0.7,19.04,18.1346,8.7077,0.1166,0.1557,15.6844
10,27.2,32.0,12.065,0.7,19.04,18.116,8.8012,0.1177,0.1557,15.6844
10,27.2,32.0,6.985,0.8,21.76,18.2479,8.1426,0.1095,0.1375,13.7638
10,27.2,32.0,7.62,0.8,21.76,18.2352,8.2058,0.1103,0.1375,13.7638
10,27.2,32.0,8.255,0.8,21.76,18.2215,8.2736,0.1112,0.1375,13.7638
10,27.2,32.0,8.89,0.8,21.76,18.207,8.3458,0.1121,0.1375,13.7638
10,27.2,32.0,9.525,0.8,21.76,18.1917,8.4224,0.113,0.1375,13.7638
10,27.2,32.0,10.16,0.8,21.76,18.1755,8.5033,0.114,0.1375,13.7638
10,27.2,32.0,10.795,0.8,21.76,18.1585,8.5883,0.1151,0.1375,13.7638
10,27.2,32.0,11.43,0.8,21.76,18.1407,8.6773,0.1162,0.1375,13.7638
10,27.2,32.0,12.065,0.8,21.76,18.1222,8.7701,0.1174,0.1375,13.7638
10,27.2,32.0,6.985,0.9,24.48,18.2527,8.1184,0.1092,0.1231,12.259
10,27.2,32.0,7.62,0.9,24.48,18.2401,8.1812,0.11,0.1231,12.259
10,27.2,32.0,8.255,0.9,24.48,18.2266,8.2486,0.1108,0.1231,12.259
10,27.2,32.0,8.89,0.9,24.48,18.2121,8.3204,0.1117,0.1231,12.259
10,27.2,32.0,9.525,0.9,24.48,18.1969,8.3965,0.1127,0.1231,12.259
10,27.2,32.0,10.16,0.9,24.48,18.1808,8.4769,0.1137,0.1231,12.259
10,27.2,32.0,10.795,0.9,24.48,18.1639,8.5614,0.1148,0.1231,12.259
10,27.2,32.0,11.43,0.9,24.48,18.1462,8.6498,0.1159,0.1231,12.259
10,27.2,32.0,12.065,0.9,24.48,18.1278,8.7421,0.117,0.1231,12.259
10,34.0,40.0,6.985,0.4,13.6,18.8177,5.3742,0.0739,0.2131,21.7021
10,34.0,40.0,6.985,0.5,17.0,18.8215,5.3562,0.0737,0.1731,17.5116
10,34.0,40.0,7.62,0.5,17.0,18.8124,5.3996,0.0742,0.1731,17.5116
10,34.0,40.0,8.255,0.5,17.0,18.8026,5.4462,0.0748,0.1731,17.5116
10,34.0,40.0,8.89,0.5,17.0,18.7921,5.496,0.0755,0.1731,17.5116
10,34.0,40.0,9.525,0.5,17.0,18.781,5.5489,0.0762,0.1731,17.5116
10,34.0,40.0,10.16,0.5,17.0,18.7693,5.6048,0.0769,0.1731,17.5116
10,34.0,40.0,6.985,0.6,20.4,18.8247,5.3408,0.0735,0.146,14.6622
10,34.0,40.0,7.62,0.6,20.4,18.8157,5.384,0.074,0.146,14.6622
10,34.0,40.0,8.255,0.6,20.4,18.8059,5.4303,0.0746,0.146,14.6622
10,34.0,40.0,8.89,0.6,20.4,18.7955,5.4798,0.0753,0.146,14.6622
10,34.0,40.0,9.525,0.6,20.4,18.7845,5.5324,0.076,0.146,14.6622
10,34.0,40.0,10.16,0.6,20.4,18.7728,5.588,0.0767,0.146,14.6622
10,34.0,40.0,10.795,0.6,20.4,18.7605,5.6466,0.0775,0.146,14.6622
10,34.0,40.0,11.43,0.6,20.4,18.7476,5.7082,0.0783,0.146,14.6622
10,34.0,40.0,12.065,0.6,20.4,18.7341,5.7726,0.0791,0.146,14.6622
10,34.0,40.0,6.985,0.7,23.8,18.8276,5.3273,0.0733,0.1264,12.6038
10,34.0,40.0,7.62,0.7,23.8,18.8185,5.3703,0.0738,0.1264,12.6038
10,34.0,40.0,8.255,0.7,23.8,18.8088,5.4164,0.0744,0.1264,12.6038
10,34.0,40.0,8.89,0.7,23.8,18.7985,5.4656,0.0751,0.1264,12.6038
10,34.0,40.0,9.525,0.7,23.8,18.7875,5.5179,0.0758,0.1264,12.6038
10,34.0,40.0,10.16,0.7,23.8,18.7759,5.5733,0.0765,0.1264,12.6038
10,34.0,40.0,10.795,0.7,23.8,18.7636,5.6316,0.0773,0.1264,12.6038
10,34.0,40.0,11.43,0.7,23.8,18.7508,5.6928,0.0781,0.1264,12.6038
10,34.0,40.0,12.065,0.7,23.8,18.7374,5.7569,0.0789,0.1264,12.6038
10,34.0,40.0,6.985,0.8,27.2,18.8301,5.3153,0.0731,0.1116,11.049
10,34.0,40.0,7.62,0.8,27.2,18.8211,5.3581,0.0737,0.1116,11.049
10,34.0,40.0,8.255,0.8,27.2,18.8114,5.4039,0.0743,0.1116,11.049
10,34.0,40.0,8.89,0.8,27.2,18.8011,5.453,0.0749,0.1116,11.049
10,34.0,40.0,9.525,0.8,27.2,18.7902,5.505,0.0756,0.1116,11.049
10,34.0,40.0,10.16,0.8,27.2,18.7786,5.5601,0.0763,0.1116,11.049
10,34.0,40.0,10.795,0.8,27.2,18.7665,5.6181,0.0771,0.1116,11.049
10,34.0,40.0,11.43,0.8,27.2,18.7537,5.6791,0.0779,0.1116,11.049
10,34.0,40.0,12.065,0.8,27.2,18.7403,5.7428,0.0787,0.1116,11.049
10,34.0,40.0,6.985,0.9,30.6,18.8324,5.3044,0.073,0.1,9.834
10,34.0,40.0,7.62,0.9,30.6,18.8234,5.347,0.0735,0.1,9.834
10,34.0,40.0,8.255,0.9,30.6,18.8138,5.3927,0.0741,0.1,9.834
10,34.0,40.0,8.89,0.9,30.6,18.8036,5.4415,0.0748,0.1,9.834
10,34.0,40.0,9.525,0.9,30.6,18.7927,5.4933,0.0755,0.1,9.834
10,34.0,40.0,10.16,0.9,30.6,18.7811,5.5482,0.0762,0.1,9.834
10,34.0,40.0,10.795,0.9,30.6,18.769,5.606,0.0769,0.1,9.834
10,34.0,40.0,11.43,0.9,30.6,18.7563,5.6666,0.0777,0.1,9.834
10,34.0,40.0,12.065,0.9,30.6,18.743,5.7301,0.0786,0.1,9.834
10,42.6,50.0,6.985,0.4,17.04,19.2204,3.4903,0.0487,0.1728,17.4717
10,42.6,50.0,7.62,0.4,17.04,19.2141,3.5193,0.0491,0.1728,17.4717
10,42.6,50.0,8.255,0.4,17.04,19.2073,3.5504,0.0495,0.1728,17.4717
10,42.6,50.0,8.89,0.4,17.04,19.2001,3.5837,0.05,0.1728,17.4717
10,42.6,50.0,9.525,0.4,17.04,19.1925,3.6191,0.0505,0.1728,17.4717
10,42.6,50.0,10.16,0.4,17.04,19.1843,3.6566,0.051,0.1728,17.4717
10,42.6,50.0,6.985,0.5,21.3,19.2221,3.4823,0.0486,0.1402,14.0552
10,42.6,50.0,7.62,0.5,21.3,19.2159,3.5111,0.049,0.1402,14.0552
10,42.6,50.0,8.255,0.5,21.3,19.2091,3.5421,0.0494,0.1402,14.0552
10,42.6,50.0,8.89,0.5,21.3,19.202,3.5752,0.0499,0.1402,14.0552
10,42.6,50.0,9.525,0.5,21.3,19.1943,3.6104,0.0504,0.1402,14.0552
10,42.6,50.0,10.16,0.5,21.3,19.1862,3.6478,0.0509,0.1402,14.0552
10,42.6,50.0,10.795,0.5,21.3,19.1777,3.6872,0.0514,0.1402,14.0552
10,42.6,50.0,11.43,0.5,21.3,19.1687,3.7286,0.052,0.1402,14.0552
10,42.6,50.0,12.065,0.5,21.3,19.1594,3.7721,0.0525,0.1402,14.0552
10,42.6,50.0,6.985,0.6,25.56,19.2236,3.4754,0.0485,0.1183,11.7484
10,42.6,50.0,7.62,0.6,25.56,19.2174,3.5041,0.0489,0.1183,11.7484
10,42.6,50.0,8.255,0.6,25.56,19.2107,3.535,0.0493,0.1183,11.7484
10,42.6,50.0,8.89,0.6,25.56,19.2035,3.5679,0.0498,0.1183,11.7484
10,42.6,50.0,9.525,0.6,25.56,19.1959,3.603,0.0503,0.1183,11.7484
10,42.6,50.0,10.16,0.6,25.56,19.1879,3.6402,0.0508,0.1183,11.7484
10,42.6,50.0,10.795,0.6,25.56,19.1794,3.6795,0.0513,0.1183,11.7484
10,42.6,50.0,11.43,0.6,25.56,19.1705,3.7207,0.0518,0.1183,11.7484
10,42.6,50.0,12.065,0.6,25.56,19.1611,3.764,0.0524,0.1183,11.7484
10,42.6,50.0,6.985,0.7,29.82,19.2249,3.4693,0.0484,0.1024,10.0886
10,42.6,50.0,7.62,0.7,29.82,19.2187,3.498,0.0488,0.1024,10.0886
10,42.6,50.0,8.255,0.7,29.82,19.212,3.5287,0.0492,0.1024,10.0886
10,42.6,50.0,8.89,0.7,29.82,19.2049,3.5616,0.0497,0.1024,10.0886
10,42.6,50.0,9.525,0.7,29.82,19.1973,3.5966,0.0502,0.1024,10.0886
10,42.6,50.0,10.16,0.7,29.82,19.1893,3.6336,0.0507,0.1024,10.0886
10,42.6,50.0,10.795,0.7,29.82,19.1808,3.6727,0.0512,0.1024,10.0886
10,42.6,50.0,11.43,0.7,29.82,19.1719,3.7138,0.0518,0.1024,10.0886
10,42.6,50.0,12.065,0.7,29.82,19.1626,3.7569,0.0523,0.1024,10.0886
10,42.6,50.0,6.985,0.8,34.08,19.2261,3.464,0.0484,0.0905,8.8382
10,42.6,50.0,7.62,0.8,34.08,19.2199,3.4925,0.0488,0.0905,8.8382
10,42.6,50.0,8.255,0.8,34.08,19.2132,3.5231,0.0492,0.0905,8.8382
10,42.6,50.0,8.89,0.8,34.08,19.2061,3.5559,0.0496,0.0905,8.8382
10,42.6,50.0,9.525,0.8,34.08,19.1986,3.5908,0.0501,0.0905,8.8382
10,42.6,50.0,10.16,0.8,34.08,19.1906,3.6277,0.0506,0.0905,8.8382
10,42.6,50.0,10.795,0.8,34.08,19.1821,3.6667,0.0511,0.0905,8.8382
10,42.6,50.0,11.43,0.8,34.08,19.1733,3.7076,0.0517,0.0905,8.8382
10,42.6,50.0,12.065,0.8,34.08,19.164,3.7506,0.0523,0.0905,8.8382
10,42.6,50.0,6.985,0.9,38.34,19.2272,3.4591,0.0483,0.0812,7.8626
10,42.6,50.0,7.62,0.9,38.34,19.221,3.4875,0.0487,0.0812,7.8626
10,42.6,50.0,8.255,0.9,38.34,19.2143,3.5181,0.0491,0.0812,7.8626
10,42.6,50.0,8.89,0.9,38.34,19.2073,3.5507,0.0495,0.0812,7.8626
10,42.6,50.0,9.525,0.9,38.34,19.1997,3.5855,0.05,0.0812,7.8626
10,42.6,50.0,10.16,0.9,38.34,19.1917,3.6223,0.0505,0.0812,7.8626
10,42.6,50.0,10.795,0.9,38.34,19.1833,3.6612,0.051,0.0812,7.8626
10,42.6,50.0,11.43,0.9,38.34,19.1745,3.702,0.0516,0.0812,7.8626
10,42.6,50.0,12.065,0.9,38.34,19.1652,3.7449,0.0522,0.0812,7.8626
10,53.6,63.0,6.985,0.3,16.08,19.4896,2.2624,0.0319,0.1824,18.48
10,53.6,63.0,7.62,0.3,16.08,19.4853,2.2815,0.0322,0.1824,18.48
10,53.6,63.0,8.255,0.3,16.08,19.4808,2.302,0.0325,0.1824,18.48
10,53.6,63.0,8.89,0.3,16.08,19.4759,2.324,0.0328,0.1824,18.48
10,53.6,63.0,9.525,0.3,16.08,19.4708,2.3473,0.0331,0.1824,18.48
10,53.6,63.0,6.985,0.4,21.44,19.4905,2.2581,0.0318,0.1394,13.9653
10,53.6,63.0,7.62,0.4,21.44,19.4863,2.2771,0.0321,0.1394,13.9653
10,53.6,63.0,8.255,0.4,21.44,19.4818,2.2975,0.0324,0.1394,13.9653
10,53.6,63.0,8.89,0.4,21.44,19.477,2.3194,0.0327,0.1394,13.9653
10,53.6,63.0,9.525,0.4,21.44,19.4718,2.3427,0.033,0.1394,13.9653
10,53.6,63.0,10.16,0.4,21.44,19.4663,2.3673,0.0334,0.1394,13.9653
10,53.6,63.0,10.795,0.4,21.44,19.4606,2.3934,0.0337,0.1394,13.9653
10,53.6,63.0,11.43,0.4,21.44,19.4545,2.4209,0.0341,0.1394,13.9653
10,53.6,63.0,12.065,0.4,21.44,19.4482,2.4497,0.0345,0.1394,13.9653
10,53.6,63.0,6.985,0.5,26.8,19.4913,2.2545,0.0318,0.1131,11.2119
10,53.6,63.0,7.62,0.5,26.8,19.4871,2.2735,0.0321,0.1131,11.2119
10,53.6,63.0,8.255,0.5,26.8,19.4826,2.2938,0.0323,0.1131,11.2119
10,53.6,63.0,8.89,0.5,26.8,19.4778,2.3156,0.0326,0.1131,11.2119
10,53.6,63.0,9.525,0.5,26.8,19.4727,2.3388,0.033,0.1131,11.2119
10,53.6,63.0,10.16,0.5,26.8,19.4672,2.3634,0.0333,0.1131,11.2119
10,53.6,63.0,10.795,0.5,26.8,19.4615,2.3894,0.0337,0.1131,11.2119
10,53.6,63.0,11.43,0.5,26.8,19.4554,2.4168,0.034,0.1131,11.2119
10,53.6,63.0,12.065,0.5,26.8,19.4491,2.4455,0.0344,0.1131,11.2119
10,53.6,63.0,6.985,0.6,32.16,19.492,2.2515,0.0318,0.0955,9.3613
10,53.6,63.0,7.62,0.6,32.16,19.4878,2.2704,0.032,0.0955,9.3613
10,53.6,63.0,8.255,0.6,32.16,19.4833,2.2907,0.0323,0.0955,9.3613
10,53.6,63.0,8.89,0.6,32.16,19.4785,2.3124,0.0326,0.0955,9.3613
10,53.6,63.0,9.525,0.6,32.16,19.4734,2.3355,0.0329,0.0955,9.3613
10,53.6,63.0,10.16,0.6,32.16,19.468,2.3601,0.0333,0.0955,9.3613
10,53.6,63.0,10.795,0.6,32.16,19.4622,2.386,0.0336,0.0955,9.3613
10,53.6,63.0,11.43,0.6,32.16,19.4562,2.4133,0.034,0.0955,9.3613
10,53.6,63.0,12.065,0.6,32.16,19.4499,2.4419,0.0344,0.0955,9.3613
10,53.6,63.0,6.985,0.7,37.52,19.4926,2.2488,0.0317,0.0829,8.0334
10,53.6,63.0,7.62,0.7,37.52,19.4884,2.2677,0.032,0.0829,8.0334
10,53.6,63.0,8.255,0.7,37.52,19.4839,2.2879,0.0323,0.0829,8.0334
10,53.6,63.0,8.89,0.7,37.52,19.4791,2.3096,0.0326,0.0829,8.0334
10,53.6,63.0,9.525,0.7,37.52,19.474,2.3327,0.0329,0.0829,8.0334
10,53.6,63.0,10.16,0.7,37.52,19.4686,2.3571,0.0332,0.0829,8.0334
10,53.6,63.0,10.795,0.7,37.52,19.4629,2.383,0.0336,0.0829,8.0334
10,53.6,63.0,11.43,0.7,37.52,19.4569,2.4102,0.0339,0.0829,8.0334
10,53.6,63.0,12.065,0.7,37.52,19.4506,2.4388,0.0343,0.0829,8.0334
10,53.6,63.0,6.985,0.8,42.88,19.4931,2.2464,0.0317,0.0734,7.0345
10,53.6,63.0,7.62,0.8,42.88,19.4889,2.2652,0.0319,0.0734,7.0345
10,53.6,63.0,8.255,0.8,42.88,19.4845,2.2854,0.0322,0.0734,7.0345
10,53.6,63.0,8.89,0.8,42.88,19.4797,2.3071,0.0325,0.0734,7.0345
10,53.6,63.0,9.525,0.8,42.88,19.4746,2.3301,0.0328,0.0734,7.0345
10,53.6,63.0,10.16,0.8,42.88,19.4692,2.3545,0.0332,0.0734,7.0345
10,53.6,63.0,10.795,0.8,42.88,19.4635,2.3803,0.0335,0.0734,7.0345
10,53.6,63.0,11.43,0.8,42.88,19.4575,2.4074,0.0339,0.0734,7.0345
10,53.6,63.0,12.065,0.8,42.88,19.4512,2.4359,0.0343,0.0734,7.0345
10,53.6,63.0,6.985,0.9,48.24,19.4936,2.2442,0.0317,0.0659,6.2562
10,53.6,63.0,7.62,0.9,48.24,19.4894,2.263,0.0319,0.0659,6.2562
10,53.6,63.0,8.255,0.9,48.24,19.485,2.2832,0.0322,0.0659,6.2562
10,53.6,63.0,8.89,0.9,48.24,19.4802,2.3048,0.0325,0.0659,6.2562
10,53.6,63.0,9.525,0.9,48.24,19.4751,2.3277,0.0328,0.0659,6.2562
10,53.6,63.0,10.16,0.9,48.24,19.4697,2.3521,0.0331,0.0659,6.2562
10,53.6,63.0,10.795,0.9,48.24,19.464,2.3778,0.0335,0.0659,6.2562
10,53.6,63.0,11.43,0.9,48.24,19.458,2.4049,0.0339,0.0659,6.2562
10,53.6,63.0,12.065,0.9,48.24,19.4518,2.4334,0.0343,0.0659,6.2562
11,17.0,20.0,6.985,0.8,13.6,16.0543,20.1075,0.2466,0.2131,21.7021
11,17.0,20.0,6.985,0.9,15.3,16.0762,19.9766,0.2452,0.191,19.3873
11,17.0,20.0,7.62,0.9,15.3,16.0519,20.1222,0.2468,0.191,19.3873
11,17.0,20.0,8.255,0.9,15.3,16.0261,20.2773,0.2484,0.191,19.3873
11,17.0,20.0,8.89,0.9,15.3,15.9988,20.4414,0.2501,0.191,19.3873
11,22.0,25.0,6.985,0.7,15.4,17.4372,12.3059,0.1602,0.1899,19.2662
11,22.0,25.0,7.62,0.7,15.4,17.4183,12.4061,0.1614,0.1899,19.2662
11,22.0,25.0,8.255,0.7,15.4,17.3982,12.5133,0.1626,0.1899,19.2662
11,22.0,25.0,8.89,0.7,15.4,17.3768,12.6273,0.164,0.1899,19.2662
11,22.0,25.0,6.985,0.8,17.6,17.448,12.2483,0.1595,0.1676,16.9321
11,22.0,25.0,7.62,0.8,17.6,17.4293,12.3476,0.1607,0.1676,16.9321
11,22.0,25.0,8.255,0.8,17.6,17.4094,12.4538,0.1619,0.1676,16.9321
11,22.0,25.0,8.89,0.8,17.6,17.3882,12.5667,0.1632,0.1676,16.9321
11,22.0,25.0,9.525,0.8,17.6,17.3658,12.6861,0.1646,0.1676,16.9321
11,22.0,25.0,10.16,0.8,17.6,17.3423,12.8117,0.1661,0.1676,16.9321
11,22.0,25.0,10.795,0.8,17.6,17.3178,12.9431,0.1676,0.1676,16.9321
11,22.0,25.0,6.985,0.9,19.8,17.4578,12.1964,0.1589,0.1501,15.0965
11,22.0,25.0,7.62,0.9,19.8,17.4393,12.2948,0.16,0.1501,15.0965
11,22.0,25.0,8.255,0.9,19.8,17.4194,12.4001,0.1613,0.1501,15.0965
11,22.0,25.0,8.89,0.9,19.8,17.3984,12.5121,0.1626,0.1501,15.0965
11,22.0,25.0,9.525,0.9,19.8,17.3762,12.6304,0.164,0.1501,15.0965
11,22.0,25.0,10.16,0.9,19.8,17.3529,12.7549,0.1654,0.1501,15.0965
11,22.0,25.0,10.795,0.9,19.8,17.3286,12.8852,0.167,0.1501,15.0965
11,22.0,25.0,11.43,0.9,19.8,17.3033,13.021,0.1685,0.1501,15.0965
11,22.0,25.0,12.065,0.9,19.8,17.277,13.1619,0.1702,0.1501,15.0965
11,27.2,32.0,6.985,0.5,13.6,18.2282,8.2403,0.1107,0.2131,21.7021
11,27.2,32.0,6.985,0.6,16.32,18.2351,8.2059,0.1103,0.1799,18.2174
11,27.2,32.0,7.62,0.6,16.32,18.221,8.2764,0.1112,0.1799,18.2174
11,27.2,32.0,8.255,0.6,16.32,18.2058,8.352,0.1121,0.1799,18.2174
11,27.2,32.0,8.89,0.6,16.32,18.1896,8.4325,0.1131,0.1799,18.2174
11,27.2,32.0,9.525,0.6,16.32,18.1725,8.5179,0.1142,0.1799,18.2174
11,27.2,32.0,6.985,0.7,19.04,18.2412,8.1758,0.1099,0.1557,15.6844
11,27.2,32.0,7.62,0.7,19.04,18.2271,8.2458,0.1108,0.1557,15.6844
11,27.2,32.0,8.255,0.7,19.04,18.212,8.3208,0.1117,0.1557,15.6844
11,27.2,32.0,8.89,0.7,19.04,18.196,8.4008,0.1127,0.1557,15.6844
11,27.2,32.0,9.525,0.7,19.04,18.179,8.4855,0.1138,0.1557,15.6844
11,27.2,32.0,10.16,0.7,19.04,18.1611,8.575,0.1149,0.1557,15.6844
11,27.2,32.0,10.795,0.7,19.04,18.1423,8.6691,0.1161,0.1557,15.6844
11,27.2,32.0,11.43,0.7,19.04,18.1227,8.7675,0.1173,0.1557,15.6844
11,27.2,32.0,12.065,0.7,19.04,18.1023,8.8701,0.1186,0.1557,15.6844
11,27.2,32.0,6.985,0.8,21.76,18.2466,8.149,0.1096,0.1375,13.7638
11,27.2,32.0,7.62,0.8,21.76,18.2326,8.2185,0.1105,0.1375,13.7638
11,27.2,32.0,8.255,0.8,21.76,18.2176,8.293,0.1114,0.1375,13.7638
11,27.2,32.0,8.89,0.8,21.76,18.2017,8.3725,0.1124,0.1375,13.7638
11,27.2,32.0,9.525,0.8,21.76,18.1848,8.4567,0.1134,0.1375,13.7638
11,27.2,32.0,10.16,0.8,21.76,18.167,8.5455,0.1146,0.1375,13.7638
11,27.2,32.0,10.795,0.8,21.76,18.1484,8.6389,0.1157,0.1375,13.7638
11,27.2,32.0,11.43,0.8,21.76,18.1289,8.7367,0.1169,0.1375,13.7638
11,27.2,32.0,12.065,0.8,21.76,18.1086,8.8386,0.1182,0.1375,13.7638
11,27.2,32.0,6.985,0.9,24.48,18.2514,8.1248,0.1093,0.1231,12.259
11,27.2,32.0,7.62,0.9,24.48,18.2375,8.1939,0.1102,0.1231,12.259
11,27.2,32.0,8.255,0.9,24.48,18.2227,8.268,0.1111,0.1231,12.259
11,27.2,32.0,8.89,0.9,24.48,18.2068,8.3469,0.1121,0.1231,12.259
11,27.2,32.0,9.525,0.9,24.48,18.19,8.4306,0.1131,0.1231,12.259
11,27.2,32.0,10.16,0.9,24.48,18.1723,8.5189,0.1142,0.1231,12.259
11,27.2,32.0,10.795,0.9,24.48,18.1538,8.6117,0.1154,0.1231,12.259
11,27.2,32.0,11.43,0.9,24.48,18.1344,8.7088,0.1166,0.1231,12.259
11,27.2,32.0,12.065,0.9,24.48,18.1142,8.8101,0.1179,0.1231,12.259
11,34.0,40.0,6.985,0.4,13.6,18.8168,5.3787,0.074,0.2131,21.7021
11,34.0,40.0,6.985,0.5,17.0,18.8206,5.3606,0.0737,0.1731,17.5116
11,34.0,40.0,7.62,0.5,17.0,18.8105,5.4083,0.0743,0.1731,17.5116
11,34.0,40.0,8.255,0.5,17.0,18.7997,5.4596,0.075,0.1731,17.5116
11,34.0,40.0,8.89,0.5,17.0,18.7882,5.5143,0.0757,0.1731,17.5116
11,34.0,40.0,9.525,0.5,17.0,18.776,5.5725,0.0765,0.1731,17.5116
11,34.0,40.0,10.16,0.5,17.0,18.7631,5.634,0.0773,0.1731,17.5116
11,34.0,40.0,6.985,0.6,20.4,18.8238,5.3452,0.0735,0.146,14.6622
11,34.0,40.0,7.62,0.6,20.4,18.8138,5.3927,0.0741,0.146,14.6622
11,34.0,40.0,8.255,0.6,20.4,18.8031,5.4436,0.0748,0.146,14.6622
11,34.0,40.0,8.89,0.6,20.4,18.7917,5.498,0.0755,0.146,14.6622
11,34.0,40.0,9.525,0.6,20.4,18.7795,5.5559,0.0763,0.146,14.6622
11,34.0,40.0,10.16,0.6,20.4,18.7667,5.617,0.0771,0.146,14.6622
11,34.0,40.0,10.795,0.6,20.4,18.7532,5.6815,0.0779,0.146,14.6622
11,34.0,40.0,11.43,0.6,20.4,18.739,5.7491,0.0788,0.146,14.6622
11,34.0,40.0,12.065,0.6,20.4,18.7242,5.8199,0.0797,0.146,14.6622
11,34.0,40.0,6.985,0.7,23.8,18.8267,5.3317,0.0733,0.1264,12.6038
11,34.0,40.0,7.62,0.7,23.8,18.8167,5.3789,0.074,0.1264,12.6038
11,34.0,40.0,8.255,0.7,23.8,18.806,5.4296,0.0746,0.1264,12.6038
11,34.0,40.0,8.89,0.7,23.8,18.7947,5.4838,0.0753,0.1264,12.6038
11,34.0,40.0,9.525,0.7,23.8,18.7826,5.5413,0.0761,0.1264,12.6038
11,34.0,40.0,10.16,0.7,23.8,18.7698,5.6021,0.0769,0.1264,12.6038
11,34.0,40.0,10.795,0.7,23.8,18.7564,5.6662,0.0777,0.1264,12.6038
11,34.0,40.0,11.43,0.7,23.8,18.7423,5.7335,0.0786,0.1264,12.6038
11,34.0,40.0,12.065,0.7,23.8,18.7276,5.8039,0.0795,0.1264,12.6038
11,34.0,40.0,6.985,0.8,27.2,18.8292,5.3197,0.0732,0.1116,11.049
11,34.0,40.0,7.62,0.8,27.2,18.8193,5.3667,0.0738,0.1116,11.049
11,34.0,40.0,8.255,0.8,27.2,18.8087,5.4171,0.0745,0.1116,11.049
11,34.0,40.0,8.89,0.8,27.2,18.7973,5.471,0.0752,0.1116,11.049
11,34.0,40.0,9.525,0.8,27.2,18.7853,5.5283,0.0759,0.1116,11.049
11,34.0,40.0,10.16,0.8,27.2,18.7726,5.5888,0.0767,0.1116,11.049
11,34.0,40.0,10.795,0.8,27.2,18.7592,5.6526,0.0775,0.1116,11.049
11,34.0,40.0,11.43,0.8,27.2,18.7452,5.7196,0.0784,0.1116,11.049
11,34.0,40.0,12.065,0.8,27.2,18.7306,5.7896,0.0793,0.1116,11.049
11,34.0,40.0,6.985,0.9,30.6,18.8315,5.3088,0.073,0.1,9.834
11,34.0,40.0,7.62,0.9,30.6,18.8216,5.3556,0.0736,0.1,9.834
11,34.0,40.0,8.255,0.9,30.6,18.8111,5.4058,0.0743,0.1,9.834
11,34.0,40.0,8.89,0.9,30.6,18.7998,5.4595,0.075,0.1,9.834
11,34.0,40.0,9.525,0.9,30.6,18.7878,5.5165,0.0758,0.1,9.834
11,34.0,40.0,10.16,0.9,30.6,18.7751,5.5768,0.0766,0.1,9.834
11,34.0,40.0,10.795,0.9,30.6,18.7618,5.6403,0.0774,0.1,9.834
11,34.0,40.0,11.43,0.9,30.6,18.7479,5.7069,0.0783,0.1,9.834
11,34.0,40.0,12.065,0.9,30.6,18.7333,5.7767,0.0792,0.1,9.834
11,42.6,50.0,6.985,0.4,17.04,19.2197,3.4932,0.0488,0.1728,17.4717
11,42.6,50.0,7.62,0.4,17.04,19.2128,3.5251,0.0492,0.1728,17.4717
11,42.6,50.0,8.255,0.4,17.04,19.2054,3.5593,0.0497,0.1728,17.4717
11,42.6,50.0,8.89,0.4,17.04,19.1975,3.5959,0.0502,0.1728,17.4717
11,42.6,50.0,9.525,0.4,17.04,19.189,3.6349,0.0507,0.1728,17.4717
11,42.6,50.0,10.16,0.4,17.04,19.1801,3.6761,0.0512,0.1728,17.4717
11,42.6,50.0,6.985,0.5,21.3,19.2215,3.4852,0.0487,0.1402,14.0552
11,42.6,50.0,7.62,0.5,21.3,19.2146,3.5169,0.0491,0.1402,14.0552
11,42.6,50.0,8.255,0.5,21.3,19.2072,3.551,0.0495,0.1402,14.0552
11,42.6,50.0,8.89,0.5,21.3,19.1993,3.5874,0.05,0.1402,14.0552
11,42.6,50.0,9.525,0.5,21.3,19.1909,3.6261,0.0506,0.1402,14.0552
11,42.6,50.0,10.16,0.5,21.3,19.182,3.6672,0.0511,0.1402,14.0552
11,42.6,50.0,10.795,0.5,21.3,19.1727,3.7105,0.0517,0.1402,14.0552
11,42.6,50.0,11.43,0.5,21.3,19.1628,3.7561,0.0523,0.1402,14.0552
11,42.6,50.0,12.065,0.5,21.3,19.1525,3.8039,0.053,0.1402,14.0552
11,42.6,50.0,6.985,0.6,25.56,19.223,3.4783,0.0486,0.1183,11.7484
11,42.6,50.0,7.62,0.6,25.56,19.2161,3.5099,0.049,0.1183,11.7484
11,42.6,50.0,8.255,0.6,25.56,19.2088,3.5438,0.0495,0.1183,11.7484
11,42.6,50.0,8.89,0.6,25.56,19.2009,3.5801,0.0499,0.1183,11.7484
11,42.6,50.0,9.525,0.6,25.56,19.1925,3.6187,0.0505,0.1183,11.7484
11,42.6,50.0,10.16,0.6,25.56,19.1837,3.6596,0.051,0.1183,11.7484
11,42.6,50.0,10.795,0.6,25.56,19.1743,3.7027,0.0516,0.1183,11.7484
11,42.6,50.0,11.43,0.6,25.56,19.1645,3.7481,0.0522,0.1183,11.7484
11,42.6,50.0,12.065,0.6,25.56,19.1543,3.7957,0.0529,0.1183,11.7484
11,42.6,50.0,6.985,0.7,29.82,19.2243,3.4723,0.0485,0.1024,10.0886
11,42.6,50.0,7.62,0.7,29.82,19.2175,3.5037,0.0489,0.1024,10.0886
11,42.6,50.0,8.255,0.7,29.82,19.2101,3.5376,0.0494,0.1024,10.0886
11,42.6,50.0,8.89,0.7,29.82,19.2023,3.5737,0.0499,0.1024,10.0886
11,42.6,50.0,9.525,0.7,29.82,19.1939,3.6122,0.0504,0.1024,10.0886
11,42.6,50.0,10.16,0.7,29.82,19.1851,3.6529,0.0509,0.1024,10.0886
11,42.6,50.0,10.795,0.7,29.82,19.1758,3.6959,0.0515,0.1024,10.0886
11,42.6,50.0,11.43,0.7,29.82,19.1661,3.7411,0.0521,0.1024,10.0886
11,42.6,50.0,12.065,0.7,29.82,19.1558,3.7885,0.0528,0.1024,10.0886
11,42.6,50.0,6.985,0.8,34.08,19.2255,3.4669,0.0484,0.0905,8.8382
11,42.6,50.0,7.62,0.8,34.08,19.2186,3.4982,0.0488,0.0905,8.8382
11,42.6,50.0,8.255,0.8,34.08,19.2113,3.5319,0.0493,0.0905,8.8382
11,42.6,50.0,8.89,0.8,34.08,19.2035,3.568,0.0498,0.0905,8.8382
11,42.6,50.0,9.525,0.8,34.08,19.1952,3.6063,0.0503,0.0905,8.8382
11,42.6,50.0,10.16,0.8,34.08,19.1864,3.6469,0.0508,0.0905,8.8382
11,42.6,50.0,10.795,0.8,34.08,19.1772,3.6898,0.0514,0.0905,8.8382
11,42.6,50.0,11.43,0.8,34.08,19.1674,3.7348,0.052,0.0905,8.8382
11,42.6,50.0,12.065,0.8,34.08,19.1572,3.782,0.0527,0.0905,8.8382
11,42.6,50.0,6.985,0.9,38.34,19.2265,3.462,0.0483,0.0812,7.8626
11,42.6,50.0,7.62,0.9,38.34,19.2197,3.4932,0.0488,0.0812,7.8626
11,42.6,50.0,8.255,0.9,38.34,19.2124,3.5269,0.0492,0.0812,7.8626
11,42.6,50.0,8.89,0.9,38.34,19.2046,3.5628,0.0497,0.0812,7.8626
11,42.6,50.0,9.525,0.9,38.34,19.1964,3.601,0.0502,0.0812,7.8626
11,42.6,50.0,10.16,0.9,38.34,19.1876,3.6415,0.0508,0.0812,7.8626
11,42.6,50.0,10.795,0.9,38.34,19.1784,3.6842,0.0514,0.0812,7.8626
11,42.6,50.0,11.43,0.9,38.34,19.1686,3.7291,0.052,0.0812,7.8626
11,42.6,50.0,12.065,0.9,38.34,19.1585,3.7762,0.0526,0.0812,7.8626
11,53.6,63.0,6.985,0.3,16.08,19.4891,2.2644,0.0319,0.1824,18.48
11,53.6,63.0,7.62,0.3,16.08,19.4845,2.2854,0.0322,0.1824,18.48
11,53.6,63.0,8.255,0.3,16.08,19.4795,2.3079,0.0325,0.1824,18.48
11,53.6,63.0,8.89,0.3,16.08,19.4742,2.332,0.0329,0.1824,18.48
11,53.6,63.0,9.525,0.3,16.08,19.4685,2.3577,0.0332,0.1824,18.48
11,53.6,63.0,6.985,0.4,21.44,19.4901,2.26,0.0319,0.1394,13.9653
11,53.6,63.0,7.62,0.4,21.44,19.4855,2.2809,0.0322,0.1394,13.9653
11,53.6,63.0,8.255,0.4,21.44,19.4805,2.3034,0.0325,0.1394,13.9653
11,53.6,63.0,8.89,0.4,21.44,19.4752,2.3274,0.0328,0.1394,13.9653
11,53.6,63.0,9.525,0.4,21.44,19.4695,2.353,0.0332,0.1394,13.9653
11,53.6,63.0,10.16,0.4,21.44,19.4635,2.3802,0.0335,0.1394,13.9653
11,53.6,63.0,10.795,0.4,21.44,19.4572,2.4088,0.0339,0.1394,13.9653
11,53.6,63.0,11.43,0.4,21.44,19.4505,2.439,0.0343,0.1394,13.9653
11,53.6,63.0,12.065,0.4,21.44,19.4435,2.4707,0.0348,0.1394,13.9653
11,53.6,63.0,6.985,0.5,26.8,19.4909,2.2565,0.0318,0.1131,11.2119
11,53.6,63.0,7.62,0.5,26.8,19.4863,2.2773,0.0321,0.1131,11.2119
11,53.6,63.0,8.255,0.5,26.8,19.4813,2.2997,0.0324,0.1131,11.2119
11,53.6,63.0,8.89,0.5,26.8,19.476,2.3237,0.0327,0.1131,11.2119
11,53.6,63.0,9.525,0.5,26.8,19.4704,2.3492,0.0331,0.1131,11.2119
11,53.6,63.0,10.16,0.5,26.8,19.4644,2.3762,0.0335,0.1131,11.2119
11,53.6,63.0,10.795,0.5,26.8,19.4581,2.4048,0.0339,0.1131,11.2119
11,53.6,63.0,11.43,0.5,26.8,19.4514,2.4349,0.0343,0.1131,11.2119
11,53.6,63.0,12.065,0.5,26.8,19.4445,2.4665,0.0347,0.1131,11.2119
11,53.6,63.0,6.985,0.6,32.16,19.4916,2.2534,0.0318,0.0955,9.3613
11,53.6,63.0,7.62,0.6,32.16,19.487,2.2742,0.0321,0.0955,9.3613
11,53.6,63.0,8.255,0.6,32.16,19.482,2.2965,0.0324,0.0955,9.3613
11,53.6,63.0,8.89,0.6,32.16,19.4767,2.3204,0.0327,0.0955,9.3613
11,53.6,63.0,9.525,0.6,32.16,19.4711,2.3459,0.0331,0.0955,9.3613
11,53.6,63.0,10.16,0.6,32.16,19.4651,2.3728,0.0334,0.0955,9.3613
11,53.6,63.0,10.795,0.6,32.16,19.4588,2.4013,0.0338,0.0955,9.3613
11,53.6,63.0,11.43,0.6,32.16,19.4522,2.4313,0.0342,0.0955,9.3613
11,53.6,63.0,12.065,0.6,32.16,19.4453,2.4628,0.0347,0.0955,9.3613
11,53.6,63.0,6.985,0.7,37.52,19.4921,2.2507,0.0317,0.0829,8.0334
11,53.6,63.0,7.62,0.7,37.52,19.4876,2.2715,0.032,0.0829,8.0334
11,53.6,63.0,8.255,0.7,37.52,19.4826,2.2937,0.0323,0.0829,8.0334
11,53.6,63.0,8.89,0.7,37.52,19.4774,2.3176,0.0327,0.0829,8.0334
11,53.6,63.0,9.525,0.7,37.52,19.4717,2.3429,0.033,0.0829,8.0334
11,53.6,63.0,10.16,0.7,37.52,19.4658,2.3698,0.0334,0.0829,8.0334
11,53.6,63.0,10.795,0.7,37.52,19.4595,2.3983,0.0338,0.0829,8.0334
11,53.6,63.0,11.43,0.7,37.52,19.4529,2.4282,0.0342,0.0829,8.0334
11,53.6,63.0,12.065,0.7,37.52,19.446,2.4596,0.0346,0.0829,8.0334
11,53.6,63.0,6.985,0.8,42.88,19.4927,2.2483,0.0317,0.0734,7.0345
11,53.6,63.0,7.62,0.8,42.88,19.4881,2.269,0.032,0.0734,7.0345
11,53.6,63.0,8.255,0.8,42.88,19.4832,2.2912,0.0323,0.0734,7.0345
11,53.6,63.0,8.89,0.8,42.88,19.4779,2.315,0.0326,0.0734,7.0345
11,53.6,63.0,9.525,0.8,42.88,19.4723,2.3403,0.033,0.0734,7.0345
11,53.6,63.0,10.16,0.8,42.88,19.4664,2.3672,0.0334,0.0734,7.0345
11,53.6,63.0,10.795,0.8,42.88,19.4601,2.3955,0.0337,0.0734,7.0345
11,53.6,63.0,11.43,0.8,42.88,19.4535,2.4254,0.0342,0.0734,7.0345
11,53.6,63.0,12.065,0.8,42.88,19.4466,2.4567,0.0346,0.0734,7.0345
11,53.6,63.0,6.985,0.9,48.24,19.4932,2.2462,0.0317,0.0659,6.2562
11,53.6,63.0,7.62,0.9,48.24,19.4886,2.2668,0.032,0.0659,6.2562
11,53.6,63.0,8.255,0.9,48.24,19.4837,2.289,0.0323,0.0659,6.2562
11,53.6,63.0,8.89,0.9,48.24,19.4784,2.3127,0.0326,0.0659,6.2562
11,53.6,63.0,9.525,0.9,48.24,19.4728,2.338,0.0329,0.0659,6.2562
11,53.6,63.0,10.16,0.9,48.24,19.4669,2.3648,0.0333,0.0659,6.2562
11,53.6,63.0,10.795,0.9,48.24,19.4607,2.3931,0.0337,0.0659,6.2562
11,53.6,63.0,11.43,0.9,48.24,19.4541,2.4229,0.0341,0.0659,6.2562
11,53.6,63.0,12.065,0.9,48.24,19.4472,2.4541,0.0346,0.0659,6.2562
12,17.0,20.0,6.985,0.8,13.6,16.052,20.1213,0.2467,0.2131,21.7021
12,17.0,20.0,6.985,0.9,15.3,16.0739,19.9901,0.2454,0.191,19.3873
12,17.0,20.0,7.62,0.9,15.3,16.0474,20.1489,0.247,0.191,19.3873
12,17.0,20.0,8.255,0.9,15.3,16.0193,20.318,0.2488,0.191,19.3873
12,17.0,20.0,8.89,0.9,15.3,15.9897,20.4967,0.2506,0.191,19.3873
12,22.0,25.0,6.985,0.7,15.4,17.4354,12.3152,0.1603,0.1899,19.2662
12,22.0,25.0,7.62,0.7,15.4,17.4149,12.4244,0.1616,0.1899,19.2662
12,22.0,25.0,8.255,0.7,15.4,17.3929,12.5413,0.1629,0.1899,19.2662
12,22.0,25.0,8.89,0.7,15.4,17.3696,12.6656,0.1644,0.1899,19.2662
12,22.0,25.0,6.985,0.8,17.6,17.4463,12.2575,0.1596,0.1676,16.9321
12,22.0,25.0,7.62,0.8,17.6,17.4259,12.3658,0.1609,0.1676,16.9321
12,22.0,25.0,8.255,0.8,17.6,17.4041,12.4816,0.1622,0.1676,16.9321
12,22.0,25.0,8.89,0.8,17.6,17.381,12.6046,0.1637,0.1676,16.9321
12,22.0,25.0,9.525,0.8,17.6,17.3567,12.7347,0.1652,0.1676,16.9321
12,22.0,25.0,10.16,0.8,17.6,17.3311,12.8715,0.1668,0.1676,16.9321
12,22.0,25.0,10.795,0.8,17.6,17.3044,13.0147,0.1685,0.1676,16.9321
12,22.0,25.0,6.985,0.9,19.8,17.4561,12.2056,0.159,0.1501,15.0965
12,22.0,25.0,7.62,0.9,19.8,17.4359,12.3129,0.1603,0.1501,15.0965
12,22.0,25.0,8.255,0.9,19.8,17.4143,12.4277,0.1616,0.1501,15.0965
12,22.0,25.0,8.89,0.9,19.8,17.3913,12.5497,0.163,0.1501,15.0965
12,22.0,25.0,9.525,0.9,19.8,17.3672,12.6786,0.1646,0.1501,15.0965
12,22.0,25.0,10.16,0.9,19.8,17.3418,12.8142,0.1661,0.1501,15.0965
12,22.0,25.0,10.795,0.9,19.8,17.3153,12.9561,0.1678,0.1501,15.0965
12,22.0,25.0,11.43,0.9,19.8,17.2878,13.1039,0.1695,0.1501,15.0965
12,22.0,25.0,12.065,0.9,19.8,17.2593,13.2572,0.1713,0.1501,15.0965
12,27.2,32.0,6.985,0.5,13.6,18.2269,8.2469,0.1108,0.2131,21.7021
12,27.2,32.0,6.985,0.6,16.32,18.2338,8.2125,0.1104,0.1799,18.2174
12,27.2,32.0,7.62,0.6,16.32,18.2184,8.2893,0.1114,0.1799,18.2174
12,27.2,32.0,8.255,0.6,16.32,18.2018,8.3717,0.1124,0.1799,18.2174
12,27.2,32.0,8.89,0.6,16.32,18.1842,8.4595,0.1135,0.1799,18.2174
12,27.2,32.0,9.525,0.6,16.32,18.1656,8.5527,0.1147,0.1799,18.2174
12,27.2,32.0,6.985,0.7,19.04,18.2399,8.1823,0.11,0.1557,15.6844
12,27.2,32.0,7.62,0.7,19.04,18.2245,8.2586,0.111,0.1557,15.6844
12,27.2,32.0,8.255,0.7,19.04,18.2081,8.3404,0.112,0.1557,15.6844
12,27.2,32.0,8.89,0.7,19.04,18.1906,8.4276,0.1131,0.1557,15.6844
12,27.2,32.0,9.525,0.7,19.04,18.1721,8.52,0.1142,0.1557,15.6844
12,27.2,32.0,10.16,0.7,19.04,18.1526,8.6175,0.1155,0.1557,15.6844
12,27.2,32.0,10.795,0.7,19.04,18.1322,8.72,0.1167,0.1557,15.6844
12,27.2,32.0,11.43,0.7,19.04,18.1108,8.8272,0.1181,0.1557,15.6844
12,27.2,32.0,12.065,0.7,19.04,18.0886,8.939,0.1195,0.1557,15.6844
12,27.2,32.0,6.985,0.8,21.76,18.2453,8.1555,0.1097,0.1375,13.7638
12,27.2,32.0,7.62,0.8,21.76,18.23,8.2313,0.1106,0.1375,13.7638
12,27.2,32.0,8.255,0.8,21.76,18.2137,8.3125,0.1116,0.1375,13.7638
12,27.2,32.0,8.89,0.8,21.76,18.1963,8.3991,0.1127,0.1375,13.7638
12,27.2,32.0,9.525,0.8,21.76,18.178,8.4909,0.1139,0.1375,13.7638
12,27.2,32.0,10.16,0.8,21.76,18.1586,8.5877,0.1151,0.1375,13.7638
12,27.2,32.0,10.795,0.8,21.76,18.1383,8.6895,0.1164,0.1375,13.7638
12,27.2,32.0,11.43,0.8,21.76,18.117,8.796,0.1177,0.1375,13.7638
12,27.2,32.0,12.065,0.8,21.76,18.095,8.907,0.1191,0.1375,13.7638
12,27.2,32.0,6.985,0.9,24.48,18.2502,8.1312,0.1094,0.1231,12.259
12,27.2,32.0,7.62,0.9,24.48,18.235,8.2066,0.1103,0.1231,12.259
12,27.2,32.0,8.255,0.9,24.48,18.2188,8.2873,0.1113,0.1231,12.259
12,27.2,32.0,8.89,0.9,24.48,18.2015,8.3734,0.1124,0.1231,12.259
12,27.2,32.0,9.525,0.9,24.48,18.1832,8.4646,0.1135,0.1231,12.259
12,27.2,32.0,10.16,0.9,24.48,18.164,8.5608,0.1148,0.1231,12.259
12,27.2,32.0,10.795,0.9,24.48,18.1438,8.662,0.116,0.1231,12.259
12,27.2,32.0,11.43,0.9,24.48,18.1227,8.7677,0.1173,0.1231,12.259
12,27.2,32.0,12.065,0.9,24.48,18.1007,8.878,0.1187,0.1231,12.259
12,34.0,40.0,6.985,0.4,13.6,18.8158,5.3831,0.074,0.2131,21.7021
12,34.0,40.0,6.985,0.5,17.0,18.8196,5.365,0.0738,0.1731,17.5116
12,34.0,40.0,7.62,0.5,17.0,18.8087,5.4171,0.0745,0.1731,17.5116
12,34.0,40.0,8.255,0.5,17.0,18.7969,5.473,0.0752,0.1731,17.5116
12,34.0,40.0,8.89,0.5,17.0,18.7844,5.5327,0.076,0.1731,17.5116
12,34.0,40.0,9.525,0.5,17.0,18.7711,5.5961,0.0768,0.1731,17.5116
12,34.0,40.0,10.16,0.5,17.0,18.757,5.6632,0.0777,0.1731,17.5116
12,34.0,40.0,6.985,0.6,20.4,18.8229,5.3496,0.0736,0.146,14.6622
12,34.0,40.0,7.62,0.6,20.4,18.812,5.4014,0.0743,0.146,14.6622
12,34.0,40.0,8.255,0.6,20.4,18.8003,5.457,0.075,0.146,14.6622
12,34.0,40.0,8.89,0.6,20.4,18.7878,5.5163,0.0758,0.146,14.6622
12,34.0,40.0,9.525,0.6,20.4,18.7746,5.5793,0.0766,0.146,14.6622
12,34.0,40.0,10.16,0.6,20.4,18.7606,5.646,0.0775,0.146,14.6622
12,34.0,40.0,10.795,0.6,20.4,18.7459,5.7162,0.0784,0.146,14.6622
12,34.0,40.0,11.43,0.6,20.4,18.7305,5.7899,0.0793,0.146,14.6622
12,34.0,40.0,12.065,0.6,20.4,18.7144,5.8671,0.0804,0.146,14.6622
12,34.0,40.0,6.985,0.7,23.8,18.8257,5.3361,0.0734,0.1264,12.6038
12,34.0,40.0,7.62,0.7,23.8,18.8149,5.3876,0.0741,0.1264,12.6038
12,34.0,40.0,8.255,0.7,23.8,18.8033,5.4429,0.0748,0.1264,12.6038
12,34.0,40.0,8.89,0.7,23.8,18.7909,5.5019,0.0756,0.1264,12.6038
12,34.0,40.0,9.525,0.7,23.8,18.7777,5.5646,0.0764,0.1264,12.6038
12,34.0,40.0,10.16,0.7,23.8,18.7638,5.6309,0.0773,0.1264,12.6038
12,34.0,40.0,10.795,0.7,23.8,18.7491,5.7008,0.0782,0.1264,12.6038
12,34.0,40.0,11.43,0.7,23.8,18.7338,5.7741,0.0791,0.1264,12.6038
12,34.0,40.0,12.065,0.7,23.8,18.7178,5.8508,0.0801,0.1264,12.6038
12,34.0,40.0,6.985,0.8,27.2,18.8283,5.324,0.0732,0.1116,11.049
12,34.0,40.0,7.62,0.8,27.2,18.8175,5.3753,0.0739,0.1116,11.049
12,34.0,40.0,8.255,0.8,27.2,18.8059,5.4303,0.0746,0.1116,11.049
12,34.0,40.0,8.89,0.8,27.2,18.7935,5.4891,0.0754,0.1116,11.049
12,34.0,40.0,9.525,0.8,27.2,18.7804,5.5515,0.0762,0.1116,11.049
12,34.0,40.0,10.16,0.8,27.2,18.7666,5.6175,0.0771,0.1116,11.049
12,34.0,40.0,10.795,0.8,27.2,18.752,5.687,0.078,0.1116,11.049
12,34.0,40.0,11.43,0.8,27.2,18.7368,5.76,0.079,0.1116,11.049
12,34.0,40.0,12.065,0.8,27.2,18.7208,5.8363,0.0799,0.1116,11.049
12,34.0,40.0,6.985,0.9,30.6,18.8306,5.3131,0.0731,0.1,9.834
12,34.0,40.0,7.62,0.9,30.6,18.8198,5.3642,0.0738,0.1,9.834
12,34.0,40.0,8.255,0.9,30.6,18.8083,5.419,0.0745,0.1,9.834
12,34.0,40.0,8.89,0.9,30.6,18.796,5.4775,0.0753,0.1,9.834
12,34.0,40.0,9.525,0.9,30.6,18.7829,5.5396,0.0761,0.1,9.834
12,34.0,40.0,10.16,0.9,30.6,18.7691,5.6053,0.0769,0.1,9.834
12,34.0,40.0,10.795,0.9,30.6,18.7546,5.6746,0.0778,0.1,9.834
12,34.0,40.0,11.43,0.9,30.6,18.7394,5.7472,0.0788,0.1,9.834
12,34.0,40.0,12.065,0.9,30.6,18.7236,5.8232,0.0798,0.1,9.834
12,42.6,50.0,6.985,0.4,17.04,19.2191,3.4962,0.0488,0.1728,17.4717
12,42.6,50.0,7.62,0.4,17.04,19.2116,3.5309,0.0493,0.1728,17.4717
12,42.6,50.0,8.255,0.4,17.04,19.2035,3.5683,0.0498,0.1728,17.4717
12,42.6,50.0,8.89,0.4,17.04,19.1948,3.6082,0.0503,0.1728,17.4717
12,42.6,50.0,9.525,0.4,17.04,19.1856,3.6507,0.0509,0.1728,17.4717
12,42.6,50.0,10.16,0.4,17.04,19.1759,3.6956,0.0515,0.1728,17.4717
12,42.6,50.0,6.985,0.5,21.3,19.2208,3.4881,0.0487,0.1402,14.0552
12,42.6,50.0,7.62,0.5,21.3,19.2133,3.5227,0.0492,0.1402,14.0552
12,42.6,50.0,8.255,0.5,21.3,19.2053,3.5599,0.0497,0.1402,14.0552
12,42.6,50.0,8.89,0.5,21.3,19.1967,3.5996,0.0502,0.1402,14.0552
12,42.6,50.0,9.525,0.5,21.3,19.1875,3.6419,0.0508,0.1402,14.0552
12,42.6,50.0,10.16,0.5,21.3,19.1778,3.6866,0.0514,0.1402,14.0552
12,42.6,50.0,10.795,0.5,21.3,19.1676,3.7339,0.052,0.1402,14.0552
12,42.6,50.0,11.43,0.5,21.3,19.1569,3.7835,0.0527,0.1402,14.0552
12,42.6,50.0,12.065,0.5,21.3,19.1456,3.8356,0.0534,0.1402,14.0552
12,42.6,50.0,6.985,0.6,25.56,19.2223,3.4812,0.0486,0.1183,11.7484
12,42.6,50.0,7.62,0.6,25.56,19.2149,3.5157,0.0491,0.1183,11.7484
12,42.6,50.0,8.255,0.6,25.56,19.2068,3.5527,0.0496,0.1183,11.7484
12,42.6,50.0,8.89,0.6,25.56,19.1983,3.5923,0.0501,0.1183,11.7484
12,42.6,50.0,9.525,0.6,25.56,19.1891,3.6343,0.0507,0.1183,11.7484
12,42.6,50.0,10.16,0.6,25.56,19.1795,3.6789,0.0513,0.1183,11.7484
12,42.6,50.0,10.795,0.6,25.56,19.1693,3.726,0.0519,0.1183,11.7484
12,42.6,50.0,11.43,0.6,25.56,19.1586,3.7754,0.0526,0.1183,11.7484
12,42.6,50.0,12.065,0.6,25.56,19.1474,3.8273,0.0533,0.1183,11.7484
12,42.6,50.0,6.985,0.7,29.82,19.2237,3.4752,0.0485,0.1024,10.0886
12,42.6,50.0,7.62,0.7,29.82,19.2162,3.5095,0.049,0.1024,10.0886
12,42.6,50.0,8.255,0.7,29.82,19.2082,3.5464,0.0495,0.1024,10.0886
12,42.6,50.0,8.89,0.7,29.82,19.1997,3.5858,0.05,0.1024,10.0886
12,42.6,50.0,9.525,0.7,29.82,19.1906,3.6277,0.0506,0.1024,10.0886
12,42.6,50.0,10.16,0.7,29.82,19.181,3.6722,0.0512,0.1024,10.0886
12,42.6,50.0,10.795,0.7,29.82,19.1708,3.719,0.0518,0.1024,10.0886
12,42.6,50.0,11.43,0.7,29.82,19.1602,3.7683,0.0525,0.1024,10.0886
12,42.6,50.0,12.065,0.7,29.82,19.149,3.82,0.0532,0.1024,10.0886
12,42.6,50.0,6.985,0.8,34.08,19.2248,3.4698,0.0484,0.0905,8.8382
12,42.6,50.0,7.62,0.8,34.08,19.2174,3.504,0.0489,0.0905,8.8382
12,42.6,50.0,8.255,0.8,34.08,19.2094,3.5408,0.0494,0.0905,8.8382
12,42.6,50.0,8.89,0.8,34.08,19.2009,3.5801,0.0499,0.0905,8.8382
12,42.6,50.0,9.525,0.8,34.08,19.1918,3.6219,0.0505,0.0905,8.8382
12,42.6,50.0,10.16,0.8,34.08,19.1823,3.6661,0.0511,0.0905,8.8382
12,42.6,50.0,10.795,0.8,34.08,19.1722,3.7128,0.0517,0.0905,8.8382
12,42.6,50.0,11.43,0.8,34.08,19.1615,3.7619,0.0524,0.0905,8.8382
12,42.6,50.0,12.065,0.8,34.08,19.1504,3.8134,0.0531,0.0905,8.8382
12,42.6,50.0,6.985,0.9,38.34,19.2259,3.4649,0.0484,0.0812,7.8626
12,42.6,50.0,7.62,0.9,38.34,19.2185,3.499,0.0488,0.0812,7.8626
12,42.6,50.0,8.255,0.9,38.34,19.2105,3.5357,0.0493,0.0812,7.8626
12,42.6,50.0,8.89,0.9,38.34,19.202,3.5748,0.0499,0.0812,7.8626
12,42.6,50.0,9.525,0.9,38.34,19.193,3.6165,0.0504,0.0812,7.8626
12,42.6,50.0,10.16,0.9,38.34,19.1835,3.6606,0.051,0.0812,7.8626
12,42.6,50.0,10.795,0.9,38.34,19.1734,3.7072,0.0517,0.0812,7.8626
12,42.6,50.0,11.43,0.9,38.34,19.1628,3.7562,0.0523,0.0812,7.8626
12,42.6,50.0,12.065,0.9,38.34,19.1517,3.8075,0.053,0.0812,7.8626
12,53.6,63.0,6.985,0.3,16.08,19.4887,2.2663,0.032,0.1824,18.48
12,53.6,63.0,7.62,0.3,16.08,19.4836,2.2892,0.0323,0.1824,18.48
12,53.6,63.0,8.255,0.3,16.08,19.4782,2.3138,0.0326,0.1824,18.48
12,53.6,63.0,8.89,0.3,16.08,19.4724,2.3401,0.033,0.1824,18.48
12,53.6,63.0,9.525,0.3,16.08,19.4662,2.3681,0.0334,0.1824,18.48
12,53.6,63.0,6.985,0.4,21.44,19.4897,2.262,0.0319,0.1394,13.9653
12,53.6,63.0,7.62,0.4,21.44,19.4846,2.2848,0.0322,0.1394,13.9653
12,53.6,63.0,8.255,0.4,21.44,19.4792,2.3093,0.0326,0.1394,13.9653
12,53.6,63.0,8.89,0.4,21.44,19.4734,2.3355,0.0329,0.1394,13.9653
12,53.6,63.0,9.525,0.4,21.44,19.4672,2.3634,0.0333,0.1394,13.9653
12,53.6,63.0,10.16,0.4,21.44,19.4607,2.393,0.0337,0.1394,13.9653
12,53.6,63.0,10.795,0.4,21.44,19.4538,2.4243,0.0341,0.1394,13.9653
12,53.6,63.0,11.43,0.4,21.44,19.4465,2.4572,0.0346,0.1394,13.9653
12,53.6,63.0,12.065,0.4,21.44,19.4389,2.4917,0.0351,0.1394,13.9653
12,53.6,63.0,6.985,0.5,26.8,19.4904,2.2584,0.0318,0.1131,11.2119
12,53.6,63.0,7.62,0.5,26.8,19.4854,2.2811,0.0322,0.1131,11.2119
12,53.6,63.0,8.255,0.5,26.8,19.48,2.3056,0.0325,0.1131,11.2119
12,53.6,63.0,8.89,0.5,26.8,19.4742,2.3317,0.0329,0.1131,11.2119
12,53.6,63.0,9.525,0.5,26.8,19.4681,2.3595,0.0332,0.1131,11.2119
12,53.6,63.0,10.16,0.5,26.8,19.4616,2.389,0.0337,0.1131,11.2119
12,53.6,63.0,10.795,0.5,26.8,19.4547,2.4202,0.0341,0.1131,11.2119
12,53.6,63.0,11.43,0.5,26.8,19.4474,2.453,0.0345,0.1131,11.2119
12,53.6,63.0,12.065,0.5,26.8,19.4398,2.4874,0.035,0.1131,11.2119
12,53.6,63.0,6.985,0.6,32.16,19.4911,2.2553,0.0318,0.0955,9.3613
12,53.6,63.0,7.62,0.6,32.16,19.4861,2.278,0.0321,0.0955,9.3613
12,53.6,63.0,8.255,0.6,32.16,19.4807,2.3024,0.0325,0.0955,9.3613
12,53.6,63.0,8.89,0.6,32.16,19.475,2.3284,0.0328,0.0955,9.3613
12,53.6,63.0,9.525,0.6,32.16,19.4688,2.3562,0.0332,0.0955,9.3613
12,53.6,63.0,10.16,0.6,32.16,19.4623,2.3856,0.0336,0.0955,9.3613
12,53.6,63.0,10.795,0.6,32.16,19.4554,2.4166,0.034,0.0955,9.3613
12,53.6,63.0,11.43,0.6,32.16,19.4482,2.4494,0.0345,0.0955,9.3613
12,53.6,63.0,12.065,0.6,32.16,19.4406,2.4837,0.035,0.0955,9.3613
12,53.6,63.0,6.985,0.7,37.52,19.4917,2.2527,0.0318,0.0829,8.0334
12,53.6,63.0,7.62,0.7,37.52,19.4867,2.2753,0.0321,0.0829,8.0334
12,53.6,63.0,8.255,0.7,37.52,19.4813,2.2996,0.0324,0.0829,8.0334
12,53.6,63.0,8.89,0.7,37.52,19.4756,2.3256,0.0328,0.0829,8.0334
12,53.6,63.0,9.525,0.7,37.52,19.4695,2.3532,0.0332,0.0829,8.0334
12,53.6,63.0,10.16,0.7,37.52,19.463,2.3826,0.0336,0.0829,8.0334
12,53.6,63.0,10.795,0.7,37.52,19.4561,2.4136,0.034,0.0829,8.0334
12,53.6,63.0,11.43,0.7,37.52,19.4489,2.4462,0.0344,0.0829,8.0334
12,53.6,63.0,12.065,0.7,37.52,19.4414,2.4804,0.0349,0.0829,8.0334
12,53.6,63.0,6.985,0.8,42.88,19.4923,2.2502,0.0317,0.0734,7.0345
12,53.6,63.0,7.62,0.8,42.88,19.4873,2.2728,0.032,0.0734,7.0345
12,53.6,63.0,8.255,0.8,42.88,19.4819,2.2971,0.0324,0.0734,7.0345
12,53.6,63.0,8.89,0.8,42.88,19.4762,2.323,0.0327,0.0734,7.0345
12,53.6,63.0,9.525,0.8,42.88,19.47,2.3506,0.0331,0.0734,7.0345
12,53.6,63.0,10.16,0.8,42.88,19.4636,2.3799,0.0335,0.0734,7.0345
12,53.6,63.0,10.795,0.8,42.88,19.4567,2.4108,0.034,0.0734,7.0345
12,53.6,63.0,11.43,0.8,42.88,19.4496,2.4434,0.0344,0.0734,7.0345
12,53.6,63.0,12.065,0.8,42.88,19.442,2.4775,0.0349,0.0734,7.0345
12,53.6,63.0,6.985,0.9,48.24,19.4927,2.2481,0.0317,0.0659,6.2562
12,53.6,63.0,7.62,0.9,48.24,19.4878,2.2706,0.032,0.0659,6.2562
12,53.6,63.0,8.255,0.9,48.24,19.4824,2.2948,0.0324,0.0659,6.2562
12,53.6,63.0,8.89,0.9,48.24,19.4767,2.3207,0.0327,0.0659,6.2562
12,53.6,63.0,9.525,0.9,48.24,19.4706,2.3482,0.0331,0.0659,6.2562
12,53.6,63.0,10.16,0.9,48.24,19.4641,2.3774,0.0335,0.0659,6.2562
12,53.6,63.0,10.795,0.9,48.24,19.4573,2.4083,0.0339,0.0659,6.2562
12,53.6,63.0,11.43,0.9,48.24,19.4501,2.4408,0.0344,0.0659,6.2562
12,53.6,63.0,12.065,0.9,48.24,19.4426,2.4749,0.0348,0.0659,6.2562
13,17.0,20.0,6.985,0.8,13.6,16.0498,20.135,0.2469,0.2131,21.7021
13,17.0,20.0,6.985,0.9,15.3,16.0717,20.0037,0.2455,0.191,19.3873
13,17.0,20.0,7.62,0.9,15.3,16.043,20.1756,0.2473,0.191,19.3873
13,17.0,20.0,8.255,0.9,15.3,16.0126,20.3585,0.2492,0.191,19.3873
13,17.0,20.0,8.89,0.9,15.3,15.9805,20.552,0.2512,0.191,19.3873
13,22.0,25.0,6.985,0.7,15.4,17.4337,12.3245,0.1604,0.1899,19.2662
13,22.0,25.0,7.62,0.7,15.4,17.4114,12.4428,0.1618,0.1899,19.2662
13,22.0,25.0,8.255,0.7,15.4,17.3877,12.5694,0.1633,0.1899,19.2662
13,22.0,25.0,8.89,0.7,15.4,17.3625,12.7039,0.1648,0.1899,19.2662
13,22.0,25.0,6.985,0.8,17.6,17.4445,12.2667,0.1597,0.1676,16.9321
13,22.0,25.0,7.62,0.8,17.6,17.4225,12.384,0.1611,0.1676,16.9321
13,22.0,25.0,8.255,0.8,17.6,17.3989,12.5093,0.1626,0.1676,16.9321
13,22.0,25.0,8.89,0.8,17.6,17.3739,12.6425,0.1641,0.1676,16.9321
13,22.0,25.0,9.525,0.8,17.6,17.3476,12.7833,0.1658,0.1676,16.9321
13,22.0,25.0,10.16,0.8,17.6,17.32,12.9313,0.1675,0.1676,16.9321
13,22.0,25.0,10.795,0.8,17.6,17.2911,13.0861,0.1693,0.1676,16.9321
13,22.0,25.0,6.985,0.9,19.8,17.4544,12.2147,0.1591,0.1501,15.0965
13,22.0,25.0,7.62,0.9,19.8,17.4325,12.3309,0.1605,0.1501,15.0965
13,22.0,25.0,8.255,0.9,19.8,17.4091,12.4552,0.1619,0.1501,15.0965
13,22.0,25.0,8.89,0.9,19.8,17.3843,12.5873,0.1635,0.1501,15.0965
13,22.0,25.0,9.525,0.9,19.8,17.3582,12.7268,0.1651,0.1501,15.0965
13,22.0,25.0,10.16,0.9,19.8,17.3308,12.8734,0.1668,0.1501,15.0965
13,22.0,25.0,10.795,0.9,19.8,17.3022,13.0269,0.1686,0.1501,15.0965
13,22.0,25.0,11.43,0.9,19.8,17.2724,13.1866,0.1705,0.1501,15.0965
13,22.0,25.0,12.065,0.9,19.8,17.2417,13.3523,0.1724,0.1501,15.0965
13,27.2,32.0,6.985,0.5,13.6,18.2256,8.2535,0.1109,0.2131,21.7021
13,27.2,32.0,6.985,0.6,16.32,18.2325,8.219,0.1105,0.1799,18.2174
13,27.2,32.0,7.62,0.6,16.32,18.2158,8.3022,0.1115,0.1799,18.2174
13,27.2,32.0,8.255,0.6,16.32,18.1979,8.3915,0.1126,0.1799,18.2174
13,27.2,32.0,8.89,0.6,16.32,18.1788,8.4866,0.1138,0.1799,18.2174
13,27.2,32.0,9.525,0.6,16.32,18.1587,8.5874,0.1151,0.1799,18.2174
13,27.2,32.0,6.985,0.7,19.04,18.2386,8.1888,0.1101,0.1557,15.6844
13,27.2,32.0,7.62,0.7,19.04,18.222,8.2715,0.1111,0.1557,15.6844
13,27.2,32.0,8.255,0.7,19.04,18.2042,8.36,0.1122,0.1557,15.6844
13,27.2,32.0,8.89,0.7,19.04,18.1853,8.4544,0.1134,0.1557,15.6844
13,27.2,32.0,9.525,0.7,19.04,18.1652,8.5544,0.1147,0.1557,15.6844
13,27.2,32.0,10.16,0.7,19.04,18.1442,8.66,0.116,0.1557,15.6844
13,27.2,32.0,10.795,0.7,19.04,18.1221,8.7708,0.1174,0.1557,15.6844
13,27.2,32.0,11.43,0.7,19.04,18.099,8.8868,0.1188,0.1557,15.6844
13,27.2,32.0,12.065,0.7,19.04,18.0749,9.0077,0.1203,0.1557,15.6844
13,27.2,32.0,6.985,0.8,21.76,18.244,8.1619,0.1098,0.1375,13.7638
13,27.2,32.0,7.62,0.8,21.76,18.2275,8.244,0.1108,0.1375,13.7638
13,27.2,32.0,8.255,0.8,21.76,18.2098,8.332,0.1119,0.1375,13.7638
13,27.2,32.0,8.89,0.8,21.76,18.191,8.4257,0.1131,0.1375,13.7638
13,27.2,32.0,9.525,0.8,21.76,18.1711,8.5251,0.1143,0.1375,13.7638
13,27.2,32.0,10.16,0.8,21.76,18.1502,8.6299,0.1156,0.1375,13.7638
13,27.2,32.0,10.795,0.8,21.76,18.1282,8.74,0.117,0.1375,13.7638
13,27.2,32.0,11.43,0.8,21.76,18.1053,8.8551,0.1184,0.1375,13.7638
13,27.2,32.0,12.065,0.8,21.76,18.0814,8.9752,0.1199,0.1375,13.7638
13,27.2,32.0,6.985,0.9,24.48,18.2489,8.1376,0.1094,0.1231,12.259
13,27.2,32.0,7.62,0.9,24.48,18.2324,8.2192,0.1105,0.1231,12.259
13,27.2,32.0,8.255,0.9,24.48,18.2149,8.3067,0.1116,0.1231,12.259
13,27.2,32.0,8.89,0.9,24.48,18.1962,8.3998,0.1127,0.1231,12.259
13,27.2,32.0,9.525,0.9,24.48,18.1764,8.4986,0.114,0.1231,12.259
13,27.2,32.0,10.16,0.9,24.48,18.1556,8.6027,0.1153,0.1231,12.259
13,27.2,32.0,10.795,0.9,24.48,18.1338,8.7121,0.1166,0.1231,12.259
13,27.2,32.0,11.43,0.9,24.48,18.111,8.8265,0.1181,0.1231,12.259
13,27.2,32.0,12.065,0.9,24.48,18.0872,8.9458,0.1195,0.1231,12.259
13,34.0,40.0,6.985,0.4,13.6,18.8149,5.3876,0.0741,0.2131,21.7021
13,34.0,40.0,6.985,0.5,17.0,18.8187,5.3695,0.0738,0.1731,17.5116
13,34.0,40.0,7.62,0.5,17.0,18.8068,5.4259,0.0746,0.1731,17.5116
13,34.0,40.0,8.255,0.5,17.0,18.7941,5.4864,0.0754,0.1731,17.5116
13,34.0,40.0,8.89,0.5,17.0,18.7805,5.551,0.0762,0.1731,17.5116
13,34.0,40.0,9.525,0.5,17.0,18.7661,5.6197,0.0771,0.1731,17.5116
13,34.0,40.0,10.16,0.5,17.0,18.7509,5.6923,0.0781,0.1731,17.5116
13,34.0,40.0,6.985,0.6,20.4,18.822,5.354,0.0736,0.146,14.6622
13,34.0,40.0,7.62,0.6,20.4,18.8102,5.4101,0.0744,0.146,14.6622
13,34.0,40.0,8.255,0.6,20.4,18.7975,5.4703,0.0752,0.146,14.6622
13,34.0,40.0,8.89,0.6,20.4,18.784,5.5345,0.076,0.146,14.6622
13,34.0,40.0,9.525,0.6,20.4,18.7697,5.6028,0.0769,0.146,14.6622
13,34.0,40.0,10.16,0.6,20.4,18.7546,5.675,0.0778,0.146,14.6622
13,34.0,40.0,10.795,0.6,20.4,18.7386,5.751,0.0788,0.146,14.6622
13,34.0,40.0,11.43,0.6,20.4,18.722,5.8308,0.0799,0.146,14.6622
13,34.0,40.0,12.065,0.6,20.4,18.7045,5.9142,0.081,0.146,14.6622
13,34.0,40.0,6.985,0.7,23.8,18.8248,5.3405,0.0734,0.1264,12.6038
13,34.0,40.0,7.62,0.7,23.8,18.8131,5.3963,0.0742,0.1264,12.6038
13,34.0,40.0,8.255,0.7,23.8,18.8005,5.4561,0.075,0.1264,12.6038
13,34.0,40.0,8.89,0.7,23.8,18.787,5.5201,0.0758,0.1264,12.6038
13,34.0,40.0,9.525,0.7,23.8,18.7728,5.588,0.0767,0.1264,12.6038
13,34.0,40.0,10.16,0.7,23.8,18.7577,5.6597,0.0776,0.1264,12.6038
13,34.0,40.0,10.795,0.7,23.8,18.7419,5.7354,0.0786,0.1264,12.6038
13,34.0,40.0,11.43,0.7,23.8,18.7253,5.8147,0.0797,0.1264,12.6038
13,34.0,40.0,12.065,0.7,23.8,18.708,5.8977,0.0808,0.1264,12.6038
13,34.0,40.0,6.985,0.8,27.2,18.8274,5.3284,0.0733,0.1116,11.049
13,34.0,40.0,7.62,0.8,27.2,18.8157,5.3839,0.074,0.1116,11.049
13,34.0,40.0,8.255,0.8,27.2,18.8031,5.4435,0.0748,0.1116,11.049
13,34.0,40.0,8.89,0.8,27.2,18.7898,5.5071,0.0756,0.1116,11.049
13,34.0,40.0,9.525,0.8,27.2,18.7756,5.5747,0.0765,0.1116,11.049
13,34.0,40.0,10.16,0.8,27.2,18.7606,5.6462,0.0775,0.1116,11.049
13,34.0,40.0,10.795,0.8,27.2,18.7448,5.7214,0.0784,0.1116,11.049
13,34.0,40.0,11.43,0.8,27.2,18.7283,5.8004,0.0795,0.1116,11.049
13,34.0,40.0,12.065,0.8,27.2,18.7111,5.883,0.0806,0.1116,11.049
13,34.0,40.0,6.985,0.9,30.6,18.8297,5.3174,0.0731,0.1,9.834
13,34.0,40.0,7.62,0.9,30.6,18.818,5.3727,0.0739,0.1,9.834
13,34.0,40.0,8.255,0.9,30.6,18.8055,5.4321,0.0747,0.1,9.834
13,34.0,40.0,8.89,0.9,30.6,18.7922,5.4955,0.0755,0.1,9.834
13,34.0,40.0,9.525,0.9,30.6,18.7781,5.5627,0.0764,0.1,9.834
13,34.0,40.0,10.16,0.9,30.6,18.7632,5.6339,0.0773,0.1,9.834
13,34.0,40.0,10.795,0.9,30.6,18.7475,5.7088,0.0783,0.1,9.834
13,34.0,40.0,11.43,0.9,30.6,18.731,5.7874,0.0793,0.1,9.834
13,34.0,40.0,12.065,0.9,30.6,18.7139,5.8696,0.0804,0.1,9.834
13,42.6,50.0,6.985,0.4,17.04,19.2185,3.4991,0.0488,0.1728,17.4717
13,42.6,50.0,7.62,0.4,17.04,19.2103,3.5368,0.0494,0.1728,17.4717
13,42.6,50.0,8.255,0.4,17.04,19.2015,3.5772,0.0499,0.1728,17.4717
13,42.6,50.0,8.89,0.4,17.04,19.1922,3.6205,0.0505,0.1728,17.4717
13,42.6,50.0,9.525,0.4,17.04,19.1822,3.6664,0.0511,0.1728,17.4717
13,42.6,50.0,10.16,0.4,17.04,19.1717,3.7151,0.0518,0.1728,17.4717
13,42.6,50.0,6.985,0.5,21.3,19.2202,3.4911,0.0487,0.1402,14.0552
13,42.6,50.0,7.62,0.5,21.3,19.2121,3.5285,0.0492,0.1402,14.0552
13,42.6,50.0,8.255,0.5,21.3,19.2033,3.5688,0.0498,0.1402,14.0552
13,42.6,50.0,8.89,0.5,21.3,19.194,3.6118,0.0504,0.1402,14.0552
13,42.6,50.0,9.525,0.5,21.3,19.1841,3.6576,0.051,0.1402,14.0552
13,42.6,50.0,10.16,0.5,21.3,19.1736,3.706,0.0516,0.1402,14.0552
13,42.6,50.0,10.795,0.5,21.3,19.1626,3.7572,0.0523,0.1402,14.0552
13,42.6,50.0,11.43,0.5,21.3,19.151,3.811,0.0531,0.1402,14.0552
13,42.6,50.0,12.065,0.5,21.3,19.1388,3.8673,0.0538,0.1402,14.0552
13,42.6,50.0,6.985,0.6,25.56,19.2217,3.4842,0.0486,0.1183,11.7484
13,42.6,50.0,7.62,0.6,25.56,19.2136,3.5215,0.0491,0.1183,11.7484
13,42.6,50.0,8.255,0.6,25.56,19.2049,3.5616,0.0497,0.1183,11.7484
13,42.6,50.0,8.89,0.6,25.56,19.1956,3.6044,0.0503,0.1183,11.7484
13,42.6,50.0,9.525,0.6,25.56,19.1858,3.65,0.0509,0.1183,11.7484
13,42.6,50.0,10.16,0.6,25.56,19.1753,3.6983,0.0515,0.1183,11.7484
13,42.6,50.0,10.795,0.6,25.56,19.1643,3.7492,0.0522,0.1183,11.7484
13,42.6,50.0,11.43,0.6,25.56,19.1527,3.8027,0.053,0.1183,11.7484
13,42.6,50.0,12.065,0.6,25.56,19.1406,3.8589,0.0537,0.1183,11.7484
13,42.6,50.0,6.985,0.7,29.82,19.223,3.4781,0.0486,0.1024,10.0886
13,42.6,50.0,7.62,0.7,29.82,19.2149,3.5153,0.0491,0.1024,10.0886
13,42.6,50.0,8.255,0.7,29.82,19.2063,3.5552,0.0496,0.1024,10.0886
13,42.6,50.0,8.89,0.7,29.82,19.197,3.5979,0.0502,0.1024,10.0886
13,42.6,50.0,9.525,0.7,29.82,19.1872,3.6433,0.0508,0.1024,10.0886
13,42.6,50.0,10.16,0.7,29.82,19.1768,3.6914,0.0515,0.1024,10.0886
13,42.6,50.0,10.795,0.7,29.82,19.1658,3.7422,0.0521,0.1024,10.0886
13,42.6,50.0,11.43,0.7,29.82,19.1543,3.7955,0.0529,0.1024,10.0886
13,42.6,50.0,12.065,0.7,29.82,19.1422,3.8514,0.0536,0.1024,10.0886
13,42.6,50.0,6.985,0.8,34.08,19.2242,3.4727,0.0485,0.0905,8.8382
13,42.6,50.0,7.62,0.8,34.08,19.2162,3.5097,0.049,0.0905,8.8382
13,42.6,50.0,8.255,0.8,34.08,19.2075,3.5496,0.0495,0.0905,8.8382
13,42.6,50.0,8.89,0.8,34.08,19.1983,3.5921,0.0501,0.0905,8.8382
13,42.6,50.0,9.525,0.8,34.08,19.1885,3.6374,0.0507,0.0905,8.8382
13,42.6,50.0,10.16,0.8,34.08,19.1781,3.6853,0.0514,0.0905,8.8382
13,42.6,50.0,10.795,0.8,34.08,19.1672,3.7359,0.0521,0.0905,8.8382
13,42.6,50.0,11.43,0.8,34.08,19.1557,3.7891,0.0528,0.0905,8.8382
13,42.6,50.0,12.065,0.8,34.08,19.1437,3.8448,0.0535,0.0905,8.8382
13,42.6,50.0,6.985,0.9,38.34,19.2253,3.4678,0.0484,0.0812,7.8626
13,42.6,50.0,7.62,0.9,38.34,19.2172,3.5047,0.0489,0.0812,7.8626
13,42.6,50.0,8.255,0.9,38.34,19.2086,3.5444,0.0495,0.0812,7.8626
13,42.6,50.0,8.89,0.9,38.34,19.1994,3.5869,0.05,0.0812,7.8626
13,42.6,50.0,9.525,0.9,38.34,19.1897,3.632,0.0506,0.0812,7.8626
13,42.6,50.0,10.16,0.9,38.34,19.1793,3.6798,0.0513,0.0812,7.8626
13,42.6,50.0,10.795,0.9,38.34,19.1684,3.7302,0.052,0.0812,7.8626
13,42.6,50.0,11.43,0.9,38.34,19.1569,3.7832,0.0527,0.0812,7.8626
13,42.6,50.0,12.065,0.9,38.34,19.145,3.8388,0.0534,0.0812,7.8626
13,53.6,63.0,6.985,0.3,16.08,19.4883,2.2683,0.032,0.1824,18.48
13,53.6,63.0,7.62,0.3,16.08,19.4828,2.293,0.0323,0.1824,18.48
13,53.6,63.0,8.255,0.3,16.08,19.4769,2.3197,0.0327,0.1824,18.48
13,53.6,63.0,8.89,0.3,16.08,19.4706,2.3482,0.0331,0.1824,18.48
13,53.6,63.0,9.525,0.3,16.08,19.4639,2.3786,0.0335,0.1824,18.48
13,53.6,63.0,6.985,0.4,21.44,19.4892,2.2639,0.0319,0.1394,13.9653
13,53.6,63.0,7.62,0.4,21.44,19.4838,2.2886,0.0323,0.1394,13.9653
13,53.6,63.0,8.255,0.4,21.44,19.4779,2.3151,0.0326,0.1394,13.9653
13,53.6,63.0,8.89,0.4,21.44,19.4716,2.3435,0.033,0.1394,13.9653
13,53.6,63.0,9.525,0.4,21.44,19.4649,2.3738,0.0334,0.1394,13.9653
13,53.6,63.0,10.16,0.4,21.44,19.4578,2.4058,0.0339,0.1394,13.9653
13,53.6,63.0,10.795,0.4,21.44,19.4504,2.4397,0.0344,0.1394,13.9653
13,53.6,63.0,11.43,0.4,21.44,19.4425,2.4753,0.0348,0.1394,13.9653
13,53.6,63.0,12.065,0.4,21.44,19.4342,2.5128,0.0354,0.1394,13.9653
13,53.6,63.0,6.985,0.5,26.8,19.49,2.2603,0.0319,0.1131,11.2119
13,53.6,63.0,7.62,0.5,26.8,19.4846,2.2849,0.0322,0.1131,11.2119
13,53.6,63.0,8.255,0.5,26.8,19.4787,2.3114,0.0326,0.1131,11.2119
13,53.6,63.0,8.89,0.5,26.8,19.4725,2.3397,0.033,0.1131,11.2119
13,53.6,63.0,9.525,0.5,26.8,19.4658,2.3698,0.0334,0.1131,11.2119
13,53.6,63.0,10.16,0.5,26.8,19.4587,2.4018,0.0338,0.1131,11.2119
13,53.6,63.0,10.795,0.5,26.8,19.4513,2.4355,0.0343,0.1131,11.2119
13,53.6,63.0,11.43,0.5,26.8,19.4434,2.4711,0.0348,0.1131,11.2119
13,53.6,63.0,12.065,0.5,26.8,19.4352,2.5083,0.0353,0.1131,11.2119
13,53.6,63.0,6.985,0.6,32.16,19.4907,2.2573,0.0318,0.0955,9.3613
13,53.6,63.0,7.62,0.6,32.16,19.4853,2.2818,0.0322,0.0955,9.3613
13,53.6,63.0,8.255,0.6,32.16,19.4794,2.3082,0.0325,0.0955,9.3613
13,53.6,63.0,8.89,0.6,32.16,19.4732,2.3364,0.0329,0.0955,9.3613
13,53.6,63.0,9.525,0.6,32.16,19.4665,2.3665,0.0333,0.0955,9.3613
13,53.6,63.0,10.16,0.6,32.16,19.4595,2.3983,0.0338,0.0955,9.3613
13,53.6,63.0,10.795,0.6,32.16,19.4521,2.432,0.0342,0.0955,9.3613
13,53.6,63.0,11.43,0.6,32.16,19.4442,2.4674,0.0347,0.0955,9.3613
13,53.6,63.0,12.065,0.6,32.16,19.436,2.5046,0.0352,0.0955,9.3613
13,53.6,63.0,6.985,0.7,37.52,19.4913,2.2546,0.0318,0.0829,8.0334
13,53.6,63.0,7.62,0.7,37.52,19.4859,2.2791,0.0321,0.0829,8.0334
13,53.6,63.0,8.255,0.7,37.52,19.48,2.3054,0.0325,0.0829,8.0334
13,53.6,63.0,8.89,0.7,37.52,19.4738,2.3335,0.0329,0.0829,8.0334
13,53.6,63.0,9.525,0.7,37.52,19.4672,2.3635,0.0333,0.0829,8.0334
13,53.6,63.0,10.16,0.7,37.52,19.4602,2.3953,0.0337,0.0829,8.0334
13,53.6,63.0,10.795,0.7,37.52,19.4528,2.4288,0.0342,0.0829,8.0334
13,53.6,63.0,11.43,0.7,37.52,19.445,2.4642,0.0347,0.0829,8.0334
13,53.6,63.0,12.065,0.7,37.52,19.4368,2.5013,0.0352,0.0829,8.0334
13,53.6,63.0,6.985,0.8,42.88,19.4918,2.2522,0.0318,0.0734,7.0345
13,53.6,63.0,7.62,0.8,42.88,19.4864,2.2766,0.0321,0.0734,7.0345
13,53.6,63.0,8.255,0.8,42.88,19.4806,2.3029,0.0325,0.0734,7.0345
13,53.6,63.0,8.89,0.8,42.88,19.4744,2.331,0.0329,0.0734,7.0345
13,53.6,63.0,9.525,0.8,42.88,19.4678,2.3609,0.0333,0.0734,7.0345
13,53.6,63.0,10.16,0.8,42.88,19.4608,2.3926,0.0337,0.0734,7.0345
13,53.6,63.0,10.795,0.8,42.88,19.4534,2.4261,0.0342,0.0734,7.0345
13,53.6,63.0,11.43,0.8,42.88,19.4456,2.4613,0.0347,0.0734,7.0345
13,53.6,63.0,12.065,0.8,42.88,19.4374,2.4983,0.0352,0.0734,7.0345
13,53.6,63.0,6.985,0.9,48.24,19.4923,2.25,0.0317,0.0659,6.2562
13,53.6,63.0,7.62,0.9,48.24,19.4869,2.2744,0.0321,0.0659,6.2562
13,53.6,63.0,8.255,0.9,48.24,19.4811,2.3006,0.0324,0.0659,6.2562
13,53.6,63.0,8.89,0.9,48.24,19.4749,2.3286,0.0328,0.0659,6.2562
13,53.6,63.0,9.525,0.9,48.24,19.4683,2.3585,0.0332,0.0659,6.2562
13,53.6,63.0,10.16,0.9,48.24,19.4613,2.3901,0.0337,0.0659,6.2562
13,53.6,63.0,10.795,0.9,48.24,19.4539,2.4235,0.0341,0.0659,6.2562
13,53.6,63.0,11.43,0.9,48.24,19.4462,2.4587,0.0346,0.0659,6.2562
13,53.6,63.0,12.065,0.9,48.24,19.438,2.4956,0.0351,0.0659,6.2562
14,17.0,20.0,6.985,0.8,13.6,16.0475,20.1487,0.247,0.2131,21.7021
14,17.0,20.0,6.985,0.9,15.3,16.0694,20.0172,0.2457,0.191,19.3873
14,17.0,20.0,7.62,0.9,15.3,16.0386,20.2022,0.2476,0.191,19.3873
14,17.0,20.0,8.255,0.9,15.3,16.0058,20.3991,0.2496,0.191,19.3873
14,17.0,20.0,8.89,0.9,15.3,15.9714,20.6071,0.2518,0.191,19.3873
14,22.0,25.0,6.985,0.7,15.4,17.4319,12.3338,0.1605,0.1899,19.2662
14,22.0,25.0,7.62,0.7,15.4,17.408,12.4612,0.162,0.1899,19.2662
14,22.0,25.0,8.255,0.7,15.4,17.3824,12.5974,0.1636,0.1899,19.2662
14,22.0,25.0,8.89,0.7,15.4,17.3553,12.7421,0.1653,0.1899,19.2662
14,22.0,25.0,6.985,0.8,17.6,17.4428,12.276,0.1598,0.1676,16.9321
14,22.0,25.0,7.62,0.8,17.6,17.4191,12.4021,0.1613,0.1676,16.9321
14,22.0,25.0,8.255,0.8,17.6,17.3937,12.5371,0.1629,0.1676,16.9321
14,22.0,25.0,8.89,0.8,17.6,17.3668,12.6804,0.1646,0.1676,16.9321
14,22.0,25.0,9.525,0.8,17.6,17.3385,12.8318,0.1663,0.1676,16.9321
14,22.0,25.0,10.16,0.8,17.6,17.3089,12.9909,0.1682,0.1676,16.9321
14,22.0,25.0,10.795,0.8,17.6,17.2779,13.1573,0.1701,0.1676,16.9321
14,22.0,25.0,6.985,0.9,19.8,17.4526,12.2238,0.1592,0.1501,15.0965
14,22.0,25.0,7.62,0.9,19.8,17.4291,12.3489,0.1607,0.1501,15.0965
14,22.0,25.0,8.255,0.9,19.8,17.4039,12.4827,0.1623,0.1501,15.0965
14,22.0,25.0,8.89,0.9,19.8,17.3773,12.6248,0.1639,0.1501,15.0965
14,22.0,25.0,9.525,0.9,19.8,17.3492,12.7749,0.1657,0.1501,15.0965
14,22.0,25.0,10.16,0.9,19.8,17.3197,12.9326,0.1675,0.1501,15.0965
14,22.0,25.0,10.795,0.9,19.8,17.289,13.0975,0.1694,0.1501,15.0965
14,22.0,25.0,11.43,0.9,19.8,17.2571,13.2691,0.1714,0.1501,15.0965
14,22.0,25.0,12.065,0.9,19.8,17.2242,13.4471,0.1735,0.1501,15.0965
14,27.2,32.0,6.985,0.5,13.6,18.2242,8.2601,0.111,0.2131,21.7021
14,27.2,32.0,6.985,0.6,16.32,18.2312,8.2255,0.1106,0.1799,18.2174
14,27.2,32.0,7.62,0.6,16.32,18.2132,8.3152,0.1117,0.1799,18.2174
14,27.2,32.0,8.255,0.6,16.32,18.1939,8.4112,0.1129,0.1799,18.2174
14,27.2,32.0,8.89,0.6,16.32,18.1734,8.5135,0.1142,0.1799,18.2174
14,27.2,32.0,9.525,0.6,16.32,18.1517,8.622,0.1155,0.1799,18.2174
14,27.2,32.0,6.985,0.7,19.04,18.2373,8.1953,0.1102,0.1557,15.6844
14,27.2,32.0,7.62,0.7,19.04,18.2194,8.2843,0.1113,0.1557,15.6844
14,27.2,32.0,8.255,0.7,19.04,18.2002,8.3796,0.1125,0.1557,15.6844
14,27.2,32.0,8.89,0.7,19.04,18.1799,8.4812,0.1138,0.1557,15.6844
14,27.2,32.0,9.525,0.7,19.04,18.1584,8.5888,0.1151,0.1557,15.6844
14,27.2,32.0,10.16,0.7,19.04,18.1357,8.7024,0.1165,0.1557,15.6844
14,27.2,32.0,10.795,0.7,19.04,18.1119,8.8216,0.118,0.1557,15.6844
14,27.2,32.0,11.43,0.7,19.04,18.0871,8.9463,0.1196,0.1557,15.6844
14,27.2,32.0,12.065,0.7,19.04,18.0613,9.0763,0.1212,0.1557,15.6844
14,27.2,32.0,6.985,0.8,21.76,18.2427,8.1684,0.1098,0.1375,13.7638
14,27.2,32.0,7.62,0.8,21.76,18.2249,8.2568,0.1109,0.1375,13.7638
14,27.2,32.0,8.255,0.8,21.76,18.2059,8.3515,0.1121,0.1375,13.7638
14,27.2,32.0,8.89,0.8,21.76,18.1857,8.4523,0.1134,0.1375,13.7638
14,27.2,32.0,9.525,0.8,21.76,18.1643,8.5593,0.1147,0.1375,13.7638
14,27.2,32.0,10.16,0.8,21.76,18.1418,8.672,0.1161,0.1375,13.7638
14,27.2,32.0,10.795,0.8,21.76,18.1182,8.7904,0.1176,0.1375,13.7638
14,27.2,32.0,11.43,0.8,21.76,18.0935,8.9142,0.1192,0.1375,13.7638
14,27.2,32.0,12.065,0.8,21.76,18.0679,9.0433,0.1208,0.1375,13.7638
14,27.2,32.0,6.985,0.9,24.48,18.2476,8.144,0.1095,0.1231,12.259
14,27.2,32.0,7.62,0.9,24.48,18.2299,8.2319,0.1106,0.1231,12.259
14,27.2,32.0,8.255,0.9,24.48,18.211,8.326,0.1118,0.1231,12.259
14,27.2,32.0,8.89,0.9,24.48,18.1909,8.4263,0.1131,0.1231,12.259
14,27.2,32.0,9.525,0.9,24.48,18.1696,8.5325,0.1144,0.1231,12.259
14,27.2,32.0,10.16,0.9,24.48,18.1472,8.6446,0.1158,0.1231,12.259
14,27.2,32.0,10.795,0.9,24.48,18.1238,8.7622,0.1173,0.1231,12.259
14,27.2,32.0,11.43,0.9,24.48,18.0993,8.8853,0.1188,0.1231,12.259
14,27.2,32.0,12.065,0.9,24.48,18.0738,9.0134,0.1204,0.1231,12.259
14,34.0,40.0,6.985,0.4,13.6,18.814,5.392,0.0741,0.2131,21.7021
14,34.0,40.0,6.985,0.5,17.0,18.8178,5.3739,0.0739,0.1731,17.5116
14,34.0,40.0,7.62,0.5,17.0,18.805,5.4346,0.0747,0.1731,17.5116
14,34.0,40.0,8.255,0.5,17.0,18.7913,5.4998,0.0755,0.1731,17.5116
14,34.0,40.0,8.89,0.5,17.0,18.7767,5.5694,0.0765,0.1731,17.5116
14,34.0,40.0,9.525,0.5,17.0,18.7612,5.6433,0.0774,0.1731,17.5116
14,34.0,40.0,10.16,0.5,17.0,18.7448,5.7214,0.0784,0.1731,17.5116
14,34.0,40.0,6.985,0.6,20.4,18.821,5.3584,0.0737,0.146,14.6622
14,34.0,40.0,7.62,0.6,20.4,18.8083,5.4188,0.0745,0.146,14.6622
14,34.0,40.0,8.255,0.6,20.4,18.7947,5.4836,0.0753,0.146,14.6622
14,34.0,40.0,8.89,0.6,20.4,18.7802,5.5528,0.0762,0.146,14.6622
14,34.0,40.0,9.525,0.6,20.4,18.7648,5.6262,0.0772,0.146,14.6622
14,34.0,40.0,10.16,0.6,20.4,18.7485,5.7039,0.0782,0.146,14.6622
14,34.0,40.0,10.795,0.6,20.4,18.7314,5.7857,0.0793,0.146,14.6622
14,34.0,40.0,11.43,0.6,20.4,18.7135,5.8715,0.0804,0.146,14.6622
14,34.0,40.0,12.065,0.6,20.4,18.6947,5.9613,0.0816,0.146,14.6622
14,34.0,40.0,6.985,0.7,23.8,18.8239,5.3449,0.0735,0.1264,12.6038
14,34.0,40.0,7.62,0.7,23.8,18.8112,5.4049,0.0743,0.1264,12.6038
14,34.0,40.0,8.255,0.7,23.8,18.7977,5.4694,0.0751,0.1264,12.6038
14,34.0,40.0,8.89,0.7,23.8,18.7832,5.5382,0.076,0.1264,12.6038
14,34.0,40.0,9.525,0.7,23.8,18.7679,5.6113,0.077,0.1264,12.6038
14,34.0,40.0,10.16,0.7,23.8,18.7517,5.6885,0.078,0.1264,12.6038
14,34.0,40.0,10.795,0.7,23.8,18.7347,5.7699,0.0791,0.1264,12.6038
14,34.0,40.0,11.43,0.7,23.8,18.7169,5.8552,0.0802,0.1264,12.6038
14,34.0,40.0,12.065,0.7,23.8,18.6982,5.9445,0.0814,0.1264,12.6038
14,34.0,40.0,6.985,0.8,27.2,18.8264,5.3327,0.0733,0.1116,11.049
14,34.0,40.0,7.62,0.8,27.2,18.8138,5.3925,0.0741,0.1116,11.049
14,34.0,40.0,8.255,0.8,27.2,18.8004,5.4567,0.075,0.1116,11.049
14,34.0,40.0,8.89,0.8,27.2,18.786,5.5252,0.0759,0.1116,11.049
14,34.0,40.0,9.525,0.8,27.2,18.7707,5.5979,0.0768,0.1116,11.049
14,34.0,40.0,10.16,0.8,27.2,18.7546,5.6748,0.0778,0.1116,11.049
14,34.0,40.0,10.795,0.8,27.2,18.7376,5.7558,0.0789,0.1116,11.049
14,34.0,40.0,11.43,0.8,27.2,18.7199,5.8407,0.08,0.1116,11.049
14,34.0,40.0,12.065,0.8,27.2,18.7013,5.9295,0.0812,0.1116,11.049
14,34.0,40.0,6.985,0.9,30.6,18.8287,5.3218,0.0732,0.1,9.834
14,34.0,40.0,7.62,0.9,30.6,18.8162,5.3813,0.074,0.1,9.834
14,34.0,40.0,8.255,0.9,30.6,18.8028,5.4452,0.0748,0.1,9.834
14,34.0,40.0,8.89,0.9,30.6,18.7884,5.5134,0.0757,0.1,9.834
14,34.0,40.0,9.525,0.9,30.6,18.7732,5.5858,0.0767,0.1,9.834
14,34.0,40.0,10.16,0.9,30.6,18.7572,5.6624,0.0777,0.1,9.834
14,34.0,40.0,10.795,0.9,30.6,18.7403,5.743,0.0787,0.1,9.834
14,34.0,40.0,11.43,0.9,30.6,18.7226,5.8276,0.0798,0.1,9.834
14,34.0,40.0,12.065,0.9,30.6,18.7042,5.916,0.081,0.1,9.834
14,42.6,50.0,6.985,0.4,17.04,19.2178,3.5021,0.0489,0.1728,17.4717
14,42.6,50.0,7.62,0.4,17.04,19.209,3.5426,0.0494,0.1728,17.4717
14,42.6,50.0,8.255,0.4,17.04,19.1996,3.5862,0.05,0.1728,17.4717
14,42.6,50.0,8.89,0.4,17.04,19.1895,3.6327,0.0507,0.1728,17.4717
14,42.6,50.0,9.525,0.4,17.04,19.1788,3.6822,0.0513,0.1728,17.4717
14,42.6,50.0,10.16,0.4,17.04,19.1674,3.7346,0.052,0.1728,17.4717
14,42.6,50.0,6.985,0.5,21.3,19.2196,3.494,0.0488,0.1402,14.0552
14,42.6,50.0,7.62,0.5,21.3,19.2108,3.5343,0.0493,0.1402,14.0552
14,42.6,50.0,8.255,0.5,21.3,19.2014,3.5777,0.0499,0.1402,14.0552
14,42.6,50.0,8.89,0.5,21.3,19.1914,3.624,0.0505,0.1402,14.0552
14,42.6,50.0,9.525,0.5,21.3,19.1807,3.6733,0.0512,0.1402,14.0552
14,42.6,50.0,10.16,0.5,21.3,19.1694,3.7254,0.0519,0.1402,14.0552
14,42.6,50.0,10.795,0.5,21.3,19.1575,3.7805,0.0527,0.1402,14.0552
14,42.6,50.0,11.43,0.5,21.3,19.145,3.8384,0.0534,0.1402,14.0552
14,42.6,50.0,12.065,0.5,21.3,19.132,3.899,0.0543,0.1402,14.0552
14,42.6,50.0,6.985,0.6,25.56,19.2211,3.4871,0.0487,0.1183,11.7484
14,42.6,50.0,7.62,0.6,25.56,19.2123,3.5273,0.0492,0.1183,11.7484
14,42.6,50.0,8.255,0.6,25.56,19.203,3.5704,0.0498,0.1183,11.7484
14,42.6,50.0,8.89,0.6,25.56,19.193,3.6166,0.0504,0.1183,11.7484
14,42.6,50.0,9.525,0.6,25.56,19.1824,3.6656,0.0511,0.1183,11.7484
14,42.6,50.0,10.16,0.6,25.56,19.1711,3.7176,0.0518,0.1183,11.7484
14,42.6,50.0,10.795,0.6,25.56,19.1593,3.7724,0.0525,0.1183,11.7484
14,42.6,50.0,11.43,0.6,25.56,19.1468,3.83,0.0533,0.1183,11.7484
14,42.6,50.0,12.065,0.6,25.56,19.1338,3.8904,0.0541,0.1183,11.7484
14,42.6,50.0,6.985,0.7,29.82,19.2224,3.481,0.0486,0.1024,10.0886
14,42.6,50.0,7.62,0.7,29.82,19.2137,3.5211,0.0491,0.1024,10.0886
14,42.6,50.0,8.255,0.7,29.82,19.2044,3.5641,0.0497,0.1024,10.0886
14,42.6,50.0,8.89,0.7,29.82,19.1944,3.61,0.0503,0.1024,10.0886
14,42.6,50.0,9.525,0.7,29.82,19.1838,3.6589,0.051,0.1024,10.0886
14,42.6,50.0,10.16,0.7,29.82,19.1726,3.7107,0.0517,0.1024,10.0886
14,42.6,50.0,10.795,0.7,29.82,19.1608,3.7653,0.0524,0.1024,10.0886
14,42.6,50.0,11.43,0.7,29.82,19.1484,3.8227,0.0532,0.1024,10.0886
14,42.6,50.0,12.065,0.7,29.82,19.1354,3.8829,0.054,0.1024,10.0886
14,42.6,50.0,6.985,0.8,34.08,19.2236,3.4756,0.0485,0.0905,8.8382
14,42.6,50.0,7.62,0.8,34.08,19.2149,3.5155,0.0491,0.0905,8.8382
14,42.6,50.0,8.255,0.8,34.08,19.2056,3.5584,0.0496,0.0905,8.8382
14,42.6,50.0,8.89,0.8,34.08,19.1957,3.6042,0.0503,0.0905,8.8382
14,42.6,50.0,9.525,0.8,34.08,19.1851,3.6529,0.0509,0.0905,8.8382
14,42.6,50.0,10.16,0.8,34.08,19.174,3.7045,0.0516,0.0905,8.8382
14,42.6,50.0,10.795,0.8,34.08,19.1622,3.7589,0.0524,0.0905,8.8382
14,42.6,50.0,11.43,0.8,34.08,19.1498,3.8162,0.0531,0.0905,8.8382
14,42.6,50.0,12.065,0.8,34.08,19.1369,3.8761,0.0539,0.0905,8.8382
14,42.6,50.0,6.985,0.9,38.34,19.2246,3.4707,0.0485,0.0812,7.8626
14,42.6,50.0,7.62,0.9,38.34,19.216,3.5105,0.049,0.0812,7.8626
14,42.6,50.0,8.255,0.9,38.34,19.2067,3.5532,0.0496,0.0812,7.8626
14,42.6,50.0,8.89,0.9,38.34,19.1968,3.5989,0.0502,0.0812,7.8626
14,42.6,50.0,9.525,0.9,38.34,19.1863,3.6475,0.0509,0.0812,7.8626
14,42.6,50.0,10.16,0.9,38.34,19.1752,3.6989,0.0516,0.0812,7.8626
14,42.6,50.0,10.795,0.9,38.34,19.1634,3.7532,0.0523,0.0812,7.8626
14,42.6,50.0,11.43,0.9,38.34,19.1511,3.8102,0.0531,0.0812,7.8626
14,42.6,50.0,12.065,0.9,38.34,19.1382,3.87,0.0539,0.0812,7.8626
14,53.6,63.0,6.985,0.3,16.08,19.4878,2.2702,0.032,0.1824,18.48
14,53.6,63.0,7.62,0.3,16.08,19.4819,2.2969,0.0324,0.1824,18.48
14,53.6,63.0,8.255,0.3,16.08,19.4756,2.3256,0.0328,0.1824,18.48
14,53.6,63.0,8.89,0.3,16.08,19.4688,2.3563,0.0332,0.1824,18.48
14,53.6,63.0,9.525,0.3,16.08,19.4616,2.389,0.0337,0.1824,18.48
14,53.6,63.0,6.985,0.4,21.44,19.4888,2.2658,0.0319,0.1394,13.9653
14,53.6,63.0,7.62,0.4,21.44,19.4829,2.2924,0.0323,0.1394,13.9653
14,53.6,63.0,8.255,0.4,21.44,19.4766,2.321,0.0327,0.1394,13.9653
14,53.6,63.0,8.89,0.4,21.44,19.4698,2.3516,0.0331,0.1394,13.9653
14,53.6,63.0,9.525,0.4,21.44,19.4626,2.3841,0.0336,0.1394,13.9653
14,53.6,63.0,10.16,0.4,21.44,19.455,2.4187,0.0341,0.1394,13.9653
14,53.6,63.0,10.795,0.4,21.44,19.447,2.4551,0.0346,0.1394,13.9653
14,53.6,63.0,11.43,0.4,21.44,19.4385,2.4935,0.0351,0.1394,13.9653
14,53.6,63.0,12.065,0.4,21.44,19.4296,2.5338,0.0356,0.1394,13.9653
14,53.6,63.0,6.985,0.5,26.8,19.4896,2.2623,0.0319,0.1131,11.2119
14,53.6,63.0,7.62,0.5,26.8,19.4837,2.2888,0.0323,0.1131,11.2119
14,53.6,63.0,8.255,0.5,26.8,19.4774,2.3173,0.0327,0.1131,11.2119
14,53.6,63.0,8.89,0.5,26.8,19.4707,2.3477,0.0331,0.1131,11.2119
14,53.6,63.0,9.525,0.5,26.8,19.4635,2.3802,0.0335,0.1131,11.2119
14,53.6,63.0,10.16,0.5,26.8,19.4559,2.4146,0.034,0.1131,11.2119
14,53.6,63.0,10.795,0.5,26.8,19.4479,2.4509,0.0345,0.1131,11.2119
14,53.6,63.0,11.43,0.5,26.8,19.4394,2.4891,0.035,0.1131,11.2119
14,53.6,63.0,12.065,0.5,26.8,19.4306,2.5293,0.0356,0.1131,11.2119
14,53.6,63.0,6.985,0.6,32.16,19.4903,2.2592,0.0319,0.0955,9.3613
14,53.6,63.0,7.62,0.6,32.16,19.4844,2.2856,0.0322,0.0955,9.3613
14,53.6,63.0,8.255,0.6,32.16,19.4781,2.314,0.0326,0.0955,9.3613
14,53.6,63.0,8.89,0.6,32.16,19.4714,2.3444,0.033,0.0955,9.3613
14,53.6,63.0,9.525,0.6,32.16,19.4643,2.3768,0.0335,0.0955,9.3613
14,53.6,63.0,10.16,0.6,32.16,19.4567,2.4111,0.034,0.0955,9.3613
14,53.6,63.0,10.795,0.6,32.16,19.4487,2.4473,0.0345,0.0955,9.3613
14,53.6,63.0,11.43,0.6,32.16,19.4403,2.4854,0.035,0.0955,9.3613
14,53.6,63.0,12.065,0.6,32.16,19.4314,2.5254,0.0355,0.0955,9.3613
14,53.6,63.0,6.985,0.7,37.52,19.4909,2.2565,0.0318,0.0829,8.0334
14,53.6,63.0,7.62,0.7,37.52,19.485,2.2829,0.0322,0.0829,8.0334
14,53.6,63.0,8.255,0.7,37.52,19.4788,2.3112,0.0326,0.0829,8.0334
14,53.6,63.0,8.89,0.7,37.52,19.4721,2.3415,0.033,0.0829,8.0334
14,53.6,63.0,9.525,0.7,37.52,19.4649,2.3738,0.0334,0.0829,8.0334
14,53.6,63.0,10.16,0.7,37.52,19.4574,2.408,0.0339,0.0829,8.0334
14,53.6,63.0,10.795,0.7,37.52,19.4494,2.4441,0.0344,0.0829,8.0334
14,53.6,63.0,11.43,0.7,37.52,19.441,2.4822,0.0349,0.0829,8.0334
14,53.6,63.0,12.065,0.7,37.52,19.4322,2.5221,0.0355,0.0829,8.0334
14,53.6,63.0,6.985,0.8,42.88,19.4914,2.2541,0.0318,0.0734,7.0345
14,53.6,63.0,7.62,0.8,42.88,19.4856,2.2804,0.0322,0.0734,7.0345
14,53.6,63.0,8.255,0.8,42.88,19.4793,2.3087,0.0325,0.0734,7.0345
14,53.6,63.0,8.89,0.8,42.88,19.4726,2.3389,0.033,0.0734,7.0345
14,53.6,63.0,9.525,0.8,42.88,19.4655,2.3711,0.0334,0.0734,7.0345
14,53.6,63.0,10.16,0.8,42.88,19.458,2.4052,0.0339,0.0734,7.0345
14,53.6,63.0,10.795,0.8,42.88,19.45,2.4413,0.0344,0.0734,7.0345
14,53.6,63.0,11.43,0.8,42.88,19.4416,2.4792,0.0349,0.0734,7.0345
14,53.6,63.0,12.065,0.8,42.88,19.4328,2.519,0.0354,0.0734,7.0345
14,53.6,63.0,6.985,0.9,48.24,19.4919,2.2519,0.0318,0.0659,6.2562
14,53.6,63.0,7.62,0.9,48.24,19.4861,2.2782,0.0321,0.0659,6.2562
14,53.6,63.0,8.255,0.9,48.24,19.4798,2.3064,0.0325,0.0659,6.2562
14,53.6,63.0,8.89,0.9,48.24,19.4731,2.3366,0.0329,0.0659,6.2562
14,53.6,63.0,9.525,0.9,48.24,19.466,2.3687,0.0334,0.0659,6.2562
14,53.6,63.0,10.16,0.9,48.24,19.4585,2.4028,0.0338,0.0659,6.2562
14,53.6,63.0,10.795,0.9,48.24,19.4506,2.4387,0.0343,0.0659,6.2562
14,53.6,63.0,11.43,0.9,48.24,19.4422,2.4766,0.0349,0.0659,6.2562
14,53.6,63.0,12.065,0.9,48.24,19.4335,2.5163,0.0354,0.0659,6.2562
15,17.0,20.0,6.985,0.8,13.6,16.0452,20.1624,0.2472,0.2131,21.7021
15,17.0,20.0,6.985,0.9,15.3,16.0671,20.0308,0.2458,0.191,19.3873
15,17.0,20.0,7.62,0.9,15.3,16.0341,20.2288,0.2479,0.191,19.3873
15,17.0,20.0,8.255,0.9,15.3,15.9991,20.4396,0.2501,0.191,19.3873
15,17.0,20.0,8.89,0.9,15.3,15.9623,20.6621,0.2524,0.191,19.3873
15,22.0,25.0,6.985,0.7,15.4,17.4302,12.3431,0.1606,0.1899,19.2662
15,22.0,25.0,7.62,0.7,15.4,17.4045,12.4795,0.1622,0.1899,19.2662
15,22.0,25.0,8.255,0.7,15.4,17.3772,12.6253,0.1639,0.1899,19.2662
15,22.0,25.0,8.89,0.7,15.4,17.3482,12.7803,0.1657,0.1899,19.2662
15,22.0,25.0,6.985,0.8,17.6,17.4411,12.2852,0.1599,0.1676,16.9321
15,22.0,25.0,7.62,0.8,17.6,17.4156,12.4203,0.1615,0.1676,16.9321
15,22.0,25.0,8.255,0.8,17.6,17.3885,12.5648,0.1632,0.1676,16.9321
15,22.0,25.0,8.89,0.8,17.6,17.3598,12.7182,0.165,0.1676,16.9321
15,22.0,25.0,9.525,0.8,17.6,17.3295,12.8802,0.1669,0.1676,16.9321
15,22.0,25.0,10.16,0.8,17.6,17.2978,13.0505,0.1689,0.1676,16.9321
15,22.0,25.0,10.795,0.8,17.6,17.2647,13.2284,0.171,0.1676,16.9321
15,22.0,25.0,6.985,0.9,19.8,17.4509,12.233,0.1593,0.1501,15.0965
15,22.0,25.0,7.62,0.9,19.8,17.4257,12.367,0.1609,0.1501,15.0965
15,22.0,25.0,8.255,0.9,19.8,17.3988,12.5102,0.1626,0.1501,15.0965
15,22.0,25.0,8.89,0.9,19.8,17.3702,12.6623,0.1644,0.1501,15.0965
15,22.0,25.0,9.525,0.9,19.8,17.3402,12.8229,0.1662,0.1501,15.0965
15,22.0,25.0,10.16,0.9,19.8,17.3087,12.9916,0.1682,0.1501,15.0965
15,22.0,25.0,10.795,0.9,19.8,17.2759,13.1679,0.1703,0.1501,15.0965
15,22.0,25.0,11.43,0.9,19.8,17.2419,13.3515,0.1724,0.1501,15.0965
15,22.0,25.0,12.065,0.9,19.8,17.2067,13.5416,0.1746,0.1501,15.0965
15,27.2,32.0,6.985,0.5,13.6,18.2229,8.2667,0.1111,0.2131,21.7021
15,27.2,32.0,6.985,0.6,16.32,18.2299,8.2321,0.1106,0.1799,18.2174
15,27.2,32.0,7.62,0.6,16.32,18.2106,8.3281,0.1118,0.1799,18.2174
15,27.2,32.0,8.255,0.6,16.32,18.19,8.4309,0.1131,0.1799,18.2174
15,27.2,32.0,8.89,0.6,16.32,18.168,8.5405,0.1145,0.1799,18.2174
15,27.2,32.0,9.525,0.6,16.32,18.1448,8.6567,0.1159,0.1799,18.2174
15,27.2,32.0,6.985,0.7,19.04,18.236,8.2018,0.1103,0.1557,15.6844
15,27.2,32.0,7.62,0.7,19.04,18.2168,8.2971,0.1114,0.1557,15.6844
15,27.2,32.0,8.255,0.7,19.04,18.1963,8.3992,0.1127,0.1557,15.6844
15,27.2,32.0,8.89,0.7,19.04,18.1745,8.508,0.1141,0.1557,15.6844
15,27.2,32.0,9.525,0.7,19.04,18.1515,8.6232,0.1155,0.1557,15.6844
15,27.2,32.0,10.16,0.7,19.04,18.1273,8.7447,0.117,0.1557,15.6844
15,27.2,32.0,10.795,0.7,19.04,18.1018,8.8723,0.1186,0.1557,15.6844
15,27.2,32.0,11.43,0.7,19.04,18.0753,9.0057,0.1203,0.1557,15.6844
15,27.2,32.0,12.065,0.7,19.04,18.0478,9.1447,0.122,0.1557,15.6844
15,27.2,32.0,6.985,0.8,21.76,18.2414,8.1748,0.1099,0.1375,13.7638
15,27.2,32.0,7.62,0.8,21.76,18.2224,8.2695,0.1111,0.1375,13.7638
15,27.2,32.0,8.255,0.8,21.76,18.202,8.3709,0.1124,0.1375,13.7638
15,27.2,32.0,8.89,0.8,21.76,18.1804,8.4789,0.1137,0.1375,13.7638
15,27.2,32.0,9.525,0.8,21.76,18.1575,8.5934,0.1152,0.1375,13.7638
15,27.2,32.0,10.16,0.8,21.76,18.1334,8.7141,0.1167,0.1375,13.7638
15,27.2,32.0,10.795,0.8,21.76,18.1081,8.8407,0.1182,0.1375,13.7638
15,27.2,32.0,11.43,0.8,21.76,18.0818,8.9732,0.1199,0.1375,13.7638
15,27.2,32.0,12.065,0.8,21.76,18.0544,9.1112,0.1216,0.1375,13.7638
15,27.2,32.0,6.985,0.9,24.48,18.2463,8.1504,0.1096,0.1231,12.259
15,27.2,32.0,7.62,0.9,24.48,18.2274,8.2445,0.1108,0.1231,12.259
15,27.2,32.0,8.255,0.9,24.48,18.2071,8.3454,0.1121,0.1231,12.259
15,27.2,32.0,8.89,0.9,24.48,18.1856,8.4527,0.1134,0.1231,12.259
15,27.2,32.0,9.525,0.9,24.48,18.1628,8.5664,0.1148,0.1231,12.259
15,27.2,32.0,10.16,0.9,24.48,18.1389,8.6864,0.1163,0.1231,12.259
15,27.2,32.0,10.795,0.9,24.48,18.1138,8.8122,0.1179,0.1231,12.259
15,27.2,32.0,11.43,0.9,24.48,18.0876,8.9439,0.1195,0.1231,12.259
15,27.2,32.0,12.065,0.9,24.48,18.0604,9.081,0.1212,0.1231,12.259
15,34.0,40.0,6.985,0.4,13.6,18.813,5.3965,0.0742,0.2131,21.7021
15,34.0,40.0,6.985,0.5,17.0,18.8168,5.3783,0.0739,0.1731,17.5116
15,34.0,40.0,7.62,0.5,17.0,18.8032,5.4434,0.0748,0.1731,17.5116
15,34.0,40.0,8.255,0.5,17.0,18.7885,5.5132,0.0757,0.1731,17.5116
15,34.0,40.0,8.89,0.5,17.0,18.7728,5.5877,0.0767,0.1731,17.5116
15,34.0,40.0,9.525,0.5,17.0,18.7563,5.6668,0.0777,0.1731,17.5116
15,34.0,40.0,10.16,0.5,17.0,18.7387,5.7505,0.0788,0.1731,17.5116
15,34.0,40.0,6.985,0.6,20.4,18.8201,5.3628,0.0737,0.146,14.6622
15,34.0,40.0,7.62,0.6,20.4,18.8065,5.4275,0.0746,0.146,14.6622
15,34.0,40.0,8.255,0.6,20.4,18.7919,5.4969,0.0755,0.146,14.6622
15,34.0,40.0,8.89,0.6,20.4,18.7764,5.571,0.0765,0.146,14.6622
15,34.0,40.0,9.525,0.6,20.4,18.7599,5.6496,0.0775,0.146,14.6622
15,34.0,40.0,10.16,0.6,20.4,18.7424,5.7328,0.0786,0.146,14.6622
15,34.0,40.0,10.795,0.6,20.4,18.7241,5.8204,0.0797,0.146,14.6622
15,34.0,40.0,11.43,0.6,20.4,18.705,5.9122,0.0809,0.146,14.6622
15,34.0,40.0,12.065,0.6,20.4,18.6849,6.0083,0.0822,0.146,14.6622
15,34.0,40.0,6.985,0.7,23.8,18.823,5.3492,0.0736,0.1264,12.6038
15,34.0,40.0,7.62,0.7,23.8,18.8094,5.4136,0.0744,0.1264,12.6038
15,34.0,40.0,8.255,0.7,23.8,18.7949,5.4826,0.0753,0.1264,12.6038
15,34.0,40.0,8.89,0.7,23.8,18.7794,5.5563,0.0763,0.1264,12.6038
15,34.0,40.0,9.525,0.7,23.8,18.763,5.6346,0.0773,0.1264,12.6038
15,34.0,40.0,10.16,0.7,23.8,18.7457,5.7173,0.0784,0.1264,12.6038
15,34.0,40.0,10.795,0.7,23.8,18.7275,5.8044,0.0795,0.1264,12.6038
15,34.0,40.0,11.43,0.7,23.8,18.7084,5.8957,0.0807,0.1264,12.6038
15,34.0,40.0,12.065,0.7,23.8,18.6885,5.9913,0.082,0.1264,12.6038
15,34.0,40.0,6.985,0.8,27.2,18.8255,5.3371,0.0734,0.1116,11.049
15,34.0,40.0,7.62,0.8,27.2,18.812,5.4012,0.0742,0.1116,11.049
15,34.0,40.0,8.255,0.8,27.2,18.7976,5.4699,0.0752,0.1116,11.049
15,34.0,40.0,8.89,0.8,27.2,18.7822,5.5432,0.0761,0.1116,11.049
15,34.0,40.0,9.525,0.8,27.2,18.7658,5.6211,0.0771,0.1116,11.049
15,34.0,40.0,10.16,0.8,27.2,18.7486,5.7034,0.0782,0.1116,11.049
15,34.0,40.0,10.795,0.8,27.2,18.7305,5.7901,0.0793,0.1116,11.049
15,34.0,40.0,11.43,0.8,27.2,18.7115,5.881,0.0805,0.1116,11.049
15,34.0,40.0,12.065,0.8,27.2,18.6916,5.9761,0.0818,0.1116,11.049
15,34.0,40.0,6.985,0.9,30.6,18.8278,5.3261,0.0733,0.1,9.834
15,34.0,40.0,7.62,0.9,30.6,18.8144,5.3899,0.0741,0.1,9.834
15,34.0,40.0,8.255,0.9,30.6,18.8,5.4584,0.075,0.1,9.834
15,34.0,40.0,8.89,0.9,30.6,18.7847,5.5314,0.076,0.1,9.834
15,34.0,40.0,9.525,0.9,30.6,18.7684,5.6089,0.077,0.1,9.834
15,34.0,40.0,10.16,0.9,30.6,18.7512,5.6909,0.078,0.1,9.834
15,34.0,40.0,10.795,0.9,30.6,18.7332,5.7772,0.0792,0.1,9.834
15,34.0,40.0,11.43,0.9,30.6,18.7143,5.8677,0.0804,0.1,9.834
15,34.0,40.0,12.065,0.9,30.6,18.6945,5.9623,0.0816,0.1,9.834
15,42.6,50.0,6.985,0.4,17.04,19.2172,3.505,0.0489,0.1728,17.4717
15,42.6,50.0,7.62,0.4,17.04,19.2078,3.5485,0.0495,0.1728,17.4717
15,42.6,50.0,8.255,0.4,17.04,19.1976,3.5951,0.0501,0.1728,17.4717
15,42.6,50.0,8.89,0.4,17.04,19.1868,3.645,0.0508,0.1728,17.4717
15,42.6,50.0,9.525,0.4,17.04,19.1754,3.698,0.0515,0.1728,17.4717
15,42.6,50.0,10.16,0.4,17.04,19.1632,3.7541,0.0523,0.1728,17.4717
15,42.6,50.0,6.985,0.5,21.3,19.2189,3.4969,0.0488,0.1402,14.0552
15,42.6,50.0,7.62,0.5,21.3,19.2096,3.5402,0.0494,0.1402,14.0552
15,42.6,50.0,8.255,0.5,21.3,19.1995,3.5866,0.05,0.1402,14.0552
15,42.6,50.0,8.89,0.5,21.3,19.1887,3.6362,0.0507,0.1402,14.0552
15,42.6,50.0,9.525,0.5,21.3,19.1773,3.689,0.0514,0.1402,14.0552
15,42.6,50.0,10.16,0.5,21.3,19.1652,3.7448,0.0522,0.1402,14.0552
15,42.6,50.0,10.795,0.5,21.3,19.1525,3.8038,0.053,0.1402,14.0552
15,42.6,50.0,11.43,0.5,21.3,19.1391,3.8658,0.0538,0.1402,14.0552
15,42.6,50.0,12.065,0.5,21.3,19.1251,3.9307,0.0547,0.1402,14.0552
15,42.6,50.0,6.985,0.6,25.56,19.2204,3.49,0.0487,0.1183,11.7484
15,42.6,50.0,7.62,0.6,25.56,19.2111,3.5331,0.0493,0.1183,11.7484
15,42.6,50.0,8.255,0.6,25.56,19.2011,3.5793,0.0499,0.1183,11.7484
15,42.6,50.0,8.89,0.6,25.56,19.1904,3.6287,0.0506,0.1183,11.7484
15,42.6,50.0,9.525,0.6,25.56,19.179,3.6813,0.0513,0.1183,11.7484
15,42.6,50.0,10.16,0.6,25.56,19.167,3.7369,0.0521,0.1183,11.7484
15,42.6,50.0,10.795,0.6,25.56,19.1543,3.7956,0.0529,0.1183,11.7484
15,42.6,50.0,11.43,0.6,25.56,19.141,3.8573,0.0537,0.1183,11.7484
15,42.6,50.0,12.065,0.6,25.56,19.127,3.9219,0.0546,0.1183,11.7484
15,42.6,50.0,6.985,0.7,29.82,19.2218,3.4839,0.0486,0.1024,10.0886
15,42.6,50.0,7.62,0.7,29.82,19.2124,3.5268,0.0492,0.1024,10.0886
15,42.6,50.0,8.255,0.7,29.82,19.2025,3.5729,0.0498,0.1024,10.0886
15,42.6,50.0,8.89,0.7,29.82,19.1918,3.6221,0.0505,0.1024,10.0886
15,42.6,50.0,9.525,0.7,29.82,19.1805,3.6745,0.0512,0.1024,10.0886
15,42.6,50.0,10.16,0.7,29.82,19.1685,3.7299,0.052,0.1024,10.0886
15,42.6,50.0,10.795,0.7,29.82,19.1558,3.7884,0.0528,0.1024,10.0886
15,42.6,50.0,11.43,0.7,29.82,19.1426,3.8499,0.0536,0.1024,10.0886
15,42.6,50.0,12.065,0.7,29.82,19.1287,3.9143,0.0545,0.1024,10.0886
15,42.6,50.0,6.985,0.8,34.08,19.2229,3.4785,0.0486,0.0905,8.8382
15,42.6,50.0,7.62,0.8,34.08,19.2137,3.5212,0.0491,0.0905,8.8382
15,42.6,50.0,8.255,0.8,34.08,19.2037,3.5672,0.0498,0.0905,8.8382
15,42.6,50.0,8.89,0.8,34.08,19.1931,3.6163,0.0504,0.0905,8.8382
15,42.6,50.0,9.525,0.8,34.08,19.1818,3.6684,0.0511,0.0905,8.8382
15,42.6,50.0,10.16,0.8,34.08,19.1698,3.7237,0.0519,0.0905,8.8382
15,42.6,50.0,10.795,0.8,34.08,19.1572,3.782,0.0527,0.0905,8.8382
15,42.6,50.0,11.43,0.8,34.08,19.144,3.8432,0.0535,0.0905,8.8382
15,42.6,50.0,12.065,0.8,34.08,19.1301,3.9074,0.0544,0.0905,8.8382
15,42.6,50.0,6.985,0.9,38.34,19.224,3.4736,0.0485,0.0812,7.8626
15,42.6,50.0,7.62,0.9,38.34,19.2148,3.5162,0.0491,0.0812,7.8626
15,42.6,50.0,8.255,0.9,38.34,19.2048,3.562,0.0497,0.0812,7.8626
15,42.6,50.0,8.89,0.9,38.34,19.1942,3.6109,0.0504,0.0812,7.8626
15,42.6,50.0,9.525,0.9,38.34,19.1829,3.663,0.0511,0.0812,7.8626
15,42.6,50.0,10.16,0.9,38.34,19.171,3.718,0.0518,0.0812,7.8626
15,42.6,50.0,10.795,0.9,38.34,19.1585,3.7761,0.0526,0.0812,7.8626
15,42.6,50.0,11.43,0.9,38.34,19.1453,3.8372,0.0534,0.0812,7.8626
15,42.6,50.0,12.065,0.9,38.34,19.1315,3.9012,0.0543,0.0812,7.8626
15,53.6,63.0,6.985,0.3,16.08,19.4874,2.2721,0.032,0.1824,18.48
15,53.6,63.0,7.62,0.3,16.08,19.4811,2.3007,0.0324,0.1824,18.48
15,53.6,63.0,8.255,0.3,16.08,19.4743,2.3315,0.0329,0.1824,18.48
15,53.6,63.0,8.89,0.3,16.08,19.467,2.3644,0.0333,0.1824,18.48
15,53.6,63.0,9.525,0.3,16.08,19.4593,2.3994,0.0338,0.1824,18.48
15,53.6,63.0,6.985,0.4,21.44,19.4884,2.2678,0.032,0.1394,13.9653
15,53.6,63.0,7.62,0.4,21.44,19.4821,2.2963,0.0324,0.1394,13.9653
15,53.6,63.0,8.255,0.4,21.44,19.4753,2.3269,0.0328,0.1394,13.9653
15,53.6,63.0,8.89,0.4,21.44,19.468,2.3596,0.0332,0.1394,13.9653
15,53.6,63.0,9.525,0.4,21.44,19.4603,2.3945,0.0337,0.1394,13.9653
15,53.6,63.0,10.16,0.4,21.44,19.4522,2.4315,0.0342,0.1394,13.9653
15,53.6,63.0,10.795,0.4,21.44,19.4436,2.4705,0.0348,0.1394,13.9653
15,53.6,63.0,11.43,0.4,21.44,19.4345,2.5116,0.0353,0.1394,13.9653
15,53.6,63.0,12.065,0.4,21.44,19.425,2.5547,0.0359,0.1394,13.9653
15,53.6,63.0,6.985,0.5,26.8,19.4892,2.2642,0.0319,0.1131,11.2119
15,53.6,63.0,7.62,0.5,26.8,19.4829,2.2926,0.0323,0.1131,11.2119
15,53.6,63.0,8.255,0.5,26.8,19.4761,2.3231,0.0327,0.1131,11.2119
15,53.6,63.0,8.89,0.5,26.8,19.4689,2.3558,0.0332,0.1131,11.2119
15,53.6,63.0,9.525,0.5,26.8,19.4612,2.3905,0.0337,0.1131,11.2119
15,53.6,63.0,10.16,0.5,26.8,19.4531,2.4273,0.0342,0.1131,11.2119
15,53.6,63.0,10.795,0.5,26.8,19.4445,2.4662,0.0347,0.1131,11.2119
15,53.6,63.0,11.43,0.5,26.8,19.4355,2.5072,0.0353,0.1131,11.2119
15,53.6,63.0,12.065,0.5,26.8,19.426,2.5502,0.0359,0.1131,11.2119
15,53.6,63.0,6.985,0.6,32.16,19.4898,2.2611,0.0319,0.0955,9.3613
15,53.6,63.0,7.62,0.6,32.16,19.4836,2.2894,0.0323,0.0955,9.3613
15,53.6,63.0,8.255,0.6,32.16,19.4768,2.3199,0.0327,0.0955,9.3613
15,53.6,63.0,8.89,0.6,32.16,19.4696,2.3524,0.0331,0.0955,9.3613
15,53.6,63.0,9.525,0.6,32.16,19.462,2.3871,0.0336,0.0955,9.3613
15,53.6,63.0,10.16,0.6,32.16,19.4539,2.4238,0.0341,0.0955,9.3613
15,53.6,63.0,10.795,0.6,32.16,19.4453,2.4626,0.0347,0.0955,9.3613
15,53.6,63.0,11.43,0.6,32.16,19.4363,2.5034,0.0352,0.0955,9.3613
15,53.6,63.0,12.065,0.6,32.16,19.4268,2.5463,0.0358,0.0955,9.3613
15,53.6,63.0,6.985,0.7,37.52,19.4904,2.2584,0.0318,0.0829,8.0334
15,53.6,63.0,7.62,0.7,37.52,19.4842,2.2867,0.0322,0.0829,8.0334
15,53.6,63.0,8.255,0.7,37.52,19.4775,2.317,0.0327,0.0829,8.0334
15,53.6,63.0,8.89,0.7,37.52,19.4703,2.3495,0.0331,0.0829,8.0334
15,53.6,63.0,9.525,0.7,37.52,19.4626,2.3841,0.0336,0.0829,8.0334
15,53.6,63.0,10.16,0.7,37.52,19.4546,2.4207,0.0341,0.0829,8.0334
15,53.6,63.0,10.795,0.7,37.52,19.446,2.4594,0.0346,0.0829,8.0334
15,53.6,63.0,11.43,0.7,37.52,19.437,2.5001,0.0352,0.0829,8.0334
15,53.6,63.0,12.065,0.7,37.52,19.4276,2.5429,0.0358,0.0829,8.0334
15,53.6,63.0,6.985,0.8,42.88,19.491,2.256,0.0318,0.0734,7.0345
15,53.6,63.0,7.62,0.8,42.88,19.4847,2.2842,0.0322,0.0734,7.0345
15,53.6,63.0,8.255,0.8,42.88,19.478,2.3145,0.0326,0.0734,7.0345
15,53.6,63.0,8.89,0.8,42.88,19.4709,2.3469,0.0331,0.0734,7.0345
15,53.6,63.0,9.525,0.8,42.88,19.4632,2.3814,0.0335,0.0734,7.0345
15,53.6,63.0,10.16,0.8,42.88,19.4552,2.4179,0.0341,0.0734,7.0345
15,53.6,63.0,10.795,0.8,42.88,19.4466,2.4565,0.0346,0.0734,7.0345
15,53.6,63.0,11.43,0.8,42.88,19.4377,2.4972,0.0351,0.0734,7.0345
15,53.6,63.0,12.065,0.8,42.88,19.4283,2.5398,0.0357,0.0734,7.0345
15,53.6,63.0,6.985,0.9,48.24,19.4915,2.2538,0.0318,0.0659,6.2562
15,53.6,63.0,7.62,0.9,48.24,19.4852,2.2819,0.0322,0.0659,6.2562
15,53.6,63.0,8.255,0.9,48.24,19.4785,2.3122,0.0326,0.0659,6.2562
15,53.6,63.0,8.89,0.9,48.24,19.4714,2.3445,0.033,0.0659,6.2562
15,53.6,63.0,9.525,0.9,48.24,19.4638,2.3789,0.0335,0.0659,6.2562
15,53.6,63.0,10.16,0.9,48.24,19.4557,2.4154,0.034,0.0659,6.2562
15,53.6,63.0,10.795,0.9,48.24,19.4472,2.4539,0.0345,0.0659,6.2562
15,53.6,63.0,11.43,0.9,48.24,19.4383,2.4945,0.0351,0.0659,6.2562
15,53.6,63.0,12.065,0.9,48.24,19.4289,2.537,0.0357,0.0659,6.2562
16,17.0,20.0,6.985,0.8,13.6,16.0429,20.1762,0.2473,0.2131,21.7021
16,17.0,20.0,6.985,0.9,15.3,16.0649,20.0443,0.2459,0.191,19.3873
16,17.0,20.0,7.62,0.9,15.3,16.0297,20.2555,0.2481,0.191,19.3873
16,17.0,20.0,8.255,0.9,15.3,15.9924,20.48,0.2505,0.191,19.3873
16,17.0,20.0,8.89,0.9,15.3,15.9532,20.717,0.2529,0.191,19.3873
16,22.0,25.0,6.985,0.7,15.4,17.4284,12.3524,0.1607,0.1899,19.2662
16,22.0,25.0,7.62,0.7,15.4,17.4011,12.4978,0.1624,0.1899,19.2662
16,22.0,25.0,8.255,0.7,15.4,17.3719,12.6533,0.1643,0.1899,19.2662
16,22.0,25.0,8.89,0.7,15.4,17.341,12.8184,0.1662,0.1899,19.2662
16,22.0,25.0,6.985,0.8,17.6,17.4393,12.2944,0.16,0.1676,16.9321
16,22.0,25.0,7.62,0.8,17.6,17.4122,12.4385,0.1617,0.1676,16.9321
16,22.0,25.0,8.255,0.8,17.6,17.3833,12.5925,0.1635,0.1676,16.9321
16,22.0,25.0,8.89,0.8,17.6,17.3527,12.756,0.1655,0.1676,16.9321
16,22.0,25.0,9.525,0.8,17.6,17.3205,12.9286,0.1675,0.1676,16.9321
16,22.0,25.0,10.16,0.8,17.6,17.2867,13.1099,0.1696,0.1676,16.9321
16,22.0,25.0,10.795,0.8,17.6,17.2515,13.2994,0.1718,0.1676,16.9321
16,22.0,25.0,6.985,0.9,19.8,17.4492,12.2421,0.1594,0.1501,15.0965
16,22.0,25.0,7.62,0.9,19.8,17.4223,12.385,0.1611,0.1501,15.0965
16,22.0,25.0,8.255,0.9,19.8,17.3936,12.5376,0.1629,0.1501,15.0965
16,22.0,25.0,8.89,0.9,19.8,17.3632,12.6997,0.1648,0.1501,15.0965
16,22.0,25.0,9.525,0.9,19.8,17.3312,12.8708,0.1668,0.1501,15.0965
16,22.0,25.0,10.16,0.9,19.8,17.2978,13.0505,0.1689,0.1501,15.0965
16,22.0,25.0,10.795,0.9,19.8,17.2629,13.2382,0.1711,0.1501,15.0965
16,22.0,25.0,11.43,0.9,19.8,17.2267,13.4336,0.1733,0.1501,15.0965
16,22.0,25.0,12.065,0.9,19.8,17.1893,13.6359,0.1757,0.1501,15.0965
16,27.2,32.0,6.985,0.5,13.6,18.2216,8.2733,0.1112,0.2131,21.7021
16,27.2,32.0,6.985,0.6,16.32,18.2286,8.2386,0.1107,0.1799,18.2174
16,27.2,32.0,7.62,0.6,16.32,18.208,8.341,0.112,0.1799,18.2174
16,27.2,32.0,8.255,0.6,16.32,18.186,8.4507,0.1134,0.1799,18.2174
16,27.2,32.0,8.89,0.6,16.32,18.1626,8.5675,0.1148,0.1799,18.2174
16,27.2,32.0,9.525,0.6,16.32,18.1379,8.6913,0.1164,0.1799,18.2174
16,27.2,32.0,6.985,0.7,19.04,18.2347,8.2083,0.1103,0.1557,15.6844
16,27.2,32.0,7.62,0.7,19.04,18.2142,8.3099,0.1116,0.1557,15.6844
16,27.2,32.0,8.255,0.7,19.04,18.1924,8.4188,0.113,0.1557,15.6844
16,27.2,32.0,8.89,0.7,19.04,18.1692,8.5347,0.1144,0.1557,15.6844
16,27.2,32.0,9.525,0.7,19.04,18.1446,8.6575,0.116,0.1557,15.6844
16,27.2,32.0,10.16,0.7,19.04,18.1188,8.787,0.1176,0.1557,15.6844
16,27.2,32.0,10.795,0.7,19.04,18.0918,8.9229,0.1193,0.1557,15.6844
16,27.2,32.0,11.43,0.7,19.04,18.0636,9.065,0.121,0.1557,15.6844
16,27.2,32.0,12.065,0.7,19.04,18.0342,9.2131,0.1229,0.1557,15.6844
16,27.2,32.0,6.985,0.8,21.76,18.2401,8.1813,0.11,0.1375,13.7638
16,27.2,32.0,7.62,0.8,21.76,18.2198,8.2822,0.1113,0.1375,13.7638
16,27.2,32.0,8.255,0.8,21.76,18.1981,8.3904,0.1126,0.1375,13.7638
16,27.2,32.0,8.89,0.8,21.76,18.175,8.5055,0.1141,0.1375,13.7638
16,27.2,32.0,9.525,0.8,21.76,18.1506,8.6275,0.1156,0.1375,13.7638
16,27.2,32.0,10.16,0.8,21.76,18.125,8.7561,0.1172,0.1375,13.7638
16,27.2,32.0,10.795,0.8,21.76,18.0981,8.891,0.1189,0.1375,13.7638
16,27.2,32.0,11.43,0.8,21.76,18.0701,9.0321,0.1206,0.1375,13.7638
16,27.2,32.0,12.065,0.8,21.76,18.041,9.1791,0.1224,0.1375,13.7638
16,27.2,32.0,6.985,0.9,24.48,18.245,8.1569,0.1097,0.1231,12.259
16,27.2,32.0,7.62,0.9,24.48,18.2248,8.2572,0.1109,0.1231,12.259
16,27.2,32.0,8.255,0.9,24.48,18.2032,8.3647,0.1123,0.1231,12.259
16,27.2,32.0,8.89,0.9,24.48,18.1803,8.4791,0.1137,0.1231,12.259
16,27.2,32.0,9.525,0.9,24.48,18.1561,8.6003,0.1152,0.1231,12.259
16,27.2,32.0,10.16,0.9,24.48,18.1306,8.7281,0.1168,0.1231,12.259
16,27.2,32.0,10.795,0.9,24.48,18.1039,8.8622,0.1185,0.1231,12.259
16,27.2,32.0,11.43,0.9,24.48,18.076,9.0024,0.1202,0.1231,12.259
16,27.2,32.0,12.065,0.9,24.48,18.0471,9.1483,0.1221,0.1231,12.259
16,34.0,40.0,6.985,0.4,13.6,18.8121,5.4009,0.0742,0.2131,21.7021
16,34.0,40.0,6.985,0.5,17.0,18.8159,5.3827,0.074,0.1731,17.5116
16,34.0,40.0,7.62,0.5,17.0,18.8013,5.4521,0.0749,0.1731,17.5116
16,34.0,40.0,8.255,0.5,17.0,18.7857,5.5266,0.0759,0.1731,17.5116
16,34.0,40.0,8.89,0.5,17.0,18.769,5.606,0.0769,0.1731,17.5116
16,34.0,40.0,9.525,0.5,17.0,18.7513,5.6904,0.078,0.1731,17.5116
16,34.0,40.0,10.16,0.5,17.0,18.7327,5.7796,0.0792,0.1731,17.5116
16,34.0,40.0,6.985,0.6,20.4,18.8192,5.3672,0.0738,0.146,14.6622
16,34.0,40.0,7.62,0.6,20.4,18.8047,5.4362,0.0747,0.146,14.6622
16,34.0,40.0,8.255,0.6,20.4,18.7891,5.5102,0.0757,0.146,14.6622
16,34.0,40.0,8.89,0.6,20.4,18.7725,5.5892,0.0767,0.146,14.6622
16,34.0,40.0,9.525,0.6,20.4,18.755,5.673,0.0778,0.146,14.6622
16,34.0,40.0,10.16,0.6,20.4,18.7364,5.7617,0.079,0.146,14.6622
16,34.0,40.0,10.795,0.6,20.4,18.7169,5.855,0.0802,0.146,14.6622
16,34.0,40.0,11.43,0.6,20.4,18.6965,5.9529,0.0815,0.146,14.6622
16,34.0,40.0,12.065,0.6,20.4,18.6751,6.0553,0.0828,0.146,14.6622
16,34.0,40.0,6.985,0.7,23.8,18.822,5.3536,0.0736,0.1264,12.6038
16,34.0,40.0,7.62,0.7,23.8,18.8076,5.4222,0.0745,0.1264,12.6038
16,34.0,40.0,8.255,0.7,23.8,18.7921,5.4959,0.0755,0.1264,12.6038
16,34.0,40.0,8.89,0.7,23.8,18.7756,5.5744,0.0765,0.1264,12.6038
16,34.0,40.0,9.525,0.7,23.8,18.7581,5.6578,0.0776,0.1264,12.6038
16,34.0,40.0,10.16,0.7,23.8,18.7397,5.746,0.0788,0.1264,12.6038
16,34.0,40.0,10.795,0.7,23.8,18.7203,5.8388,0.08,0.1264,12.6038
16,34.0,40.0,11.43,0.7,23.8,18.7,5.9362,0.0813,0.1264,12.6038
16,34.0,40.0,12.065,0.7,23.8,18.6787,6.038,0.0826,0.1264,12.6038
16,34.0,40.0,6.985,0.8,27.2,18.8246,5.3415,0.0735,0.1116,11.049
16,34.0,40.0,7.62,0.8,27.2,18.8102,5.4098,0.0744,0.1116,11.049
16,34.0,40.0,8.255,0.8,27.2,18.7948,5.4831,0.0753,0.1116,11.049
16,34.0,40.0,8.89,0.8,27.2,18.7784,5.5613,0.0764,0.1116,11.049
16,34.0,40.0,9.525,0.8,27.2,18.761,5.6443,0.0774,0.1116,11.049
16,34.0,40.0,10.16,0.8,27.2,18.7426,5.732,0.0786,0.1116,11.049
16,34.0,40.0,10.795,0.8,27.2,18.7233,5.8244,0.0798,0.1116,11.049
16,34.0,40.0,11.43,0.8,27.2,18.7031,5.9213,0.0811,0.1116,11.049
16,34.0,40.0,12.065,0.8,27.2,18.682,6.0225,0.0824,0.1116,11.049
16,34.0,40.0,6.985,0.9,30.6,18.8269,5.3305,0.0733,0.1,9.834
16,34.0,40.0,7.62,0.9,30.6,18.8126,5.3985,0.0742,0.1,9.834
16,34.0,40.0,8.255,0.9,30.6,18.7973,5.4715,0.0752,0.1,9.834
16,34.0,40.0,8.89,0.9,30.6,18.7809,5.5493,0.0762,0.1,9.834
16,34.0,40.0,9.525,0.9,30.6,18.7636,5.632,0.0773,0.1,9.834
16,34.0,40.0,10.16,0.9,30.6,18.7453,5.7194,0.0784,0.1,9.834
16,34.0,40.0,10.795,0.9,30.6,18.726,5.8113,0.0796,0.1,9.834
16,34.0,40.0,11.43,0.9,30.6,18.7059,5.9078,0.0809,0.1,9.834
16,34.0,40.0,12.065,0.9,30.6,18.6849,6.0085,0.0822,0.1,9.834
16,42.6,50.0,6.985,0.4,17.04,19.2165,3.508,0.049,0.1728,17.4717
16,42.6,50.0,7.62,0.4,17.04,19.2065,3.5543,0.0496,0.1728,17.4717
16,42.6,50.0,8.255,0.4,17.04,19.1957,3.6041,0.0503,0.1728,17.4717
16,42.6,50.0,8.89,0.4,17.04,19.1842,3.6572,0.051,0.1728,17.4717
16,42.6,50.0,9.525,0.4,17.04,19.172,3.7138,0.0518,0.1728,17.4717
16,42.6,50.0,10.16,0.4,17.04,19.159,3.7736,0.0526,0.1728,17.4717
16,42.6,50.0,6.985,0.5,21.3,19.2183,3.4999,0.0489,0.1402,14.0552
16,42.6,50.0,7.62,0.5,21.3,19.2083,3.546,0.0495,0.1402,14.0552
16,42.6,50.0,8.255,0.5,21.3,19.1976,3.5955,0.0502,0.1402,14.0552
16,42.6,50.0,8.89,0.5,21.3,19.1861,3.6484,0.0509,0.1402,14.0552
16,42.6,50.0,9.525,0.5,21.3,19.1739,3.7047,0.0516,0.1402,14.0552
16,42.6,50.0,10.16,0.5,21.3,19.161,3.7642,0.0524,0.1402,14.0552
16,42.6,50.0,10.795,0.5,21.3,19.1475,3.8271,0.0533,0.1402,14.0552
16,42.6,50.0,11.43,0.5,21.3,19.1332,3.8931,0.0542,0.1402,14.0552
16,42.6,50.0,12.065,0.5,21.3,19.1183,3.9624,0.0551,0.1402,14.0552
16,42.6,50.0,6.985,0.6,25.56,19.2198,3.4929,0.0488,0.1183,11.7484
16,42.6,50.0,7.62,0.6,25.56,19.2098,3.5388,0.0494,0.1183,11.7484
16,42.6,50.0,8.255,0.6,25.56,19.1991,3.5882,0.0501,0.1183,11.7484
16,42.6,50.0,8.89,0.6,25.56,19.1877,3.6409,0.0508,0.1183,11.7484
16,42.6,50.0,9.525,0.6,25.56,19.1756,3.6969,0.0515,0.1183,11.7484
16,42.6,50.0,10.16,0.6,25.56,19.1628,3.7562,0.0523,0.1183,11.7484
16,42.6,50.0,10.795,0.6,25.56,19.1493,3.8188,0.0532,0.1183,11.7484
16,42.6,50.0,11.43,0.6,25.56,19.1351,3.8845,0.0541,0.1183,11.7484
16,42.6,50.0,12.065,0.6,25.56,19.1202,3.9535,0.055,0.1183,11.7484
16,42.6,50.0,6.985,0.7,29.82,19.2211,3.4868,0.0487,0.1024,10.0886
16,42.6,50.0,7.62,0.7,29.82,19.2112,3.5326,0.0493,0.1024,10.0886
16,42.6,50.0,8.255,0.7,29.82,19.2005,3.5817,0.05,0.1024,10.0886
16,42.6,50.0,8.89,0.7,29.82,19.1892,3.6342,0.0507,0.1024,10.0886
16,42.6,50.0,9.525,0.7,29.82,19.1771,3.6901,0.0514,0.1024,10.0886
16,42.6,50.0,10.16,0.7,29.82,19.1643,3.7492,0.0522,0.1024,10.0886
16,42.6,50.0,10.795,0.7,29.82,19.1508,3.8115,0.0531,0.1024,10.0886
16,42.6,50.0,11.43,0.7,29.82,19.1367,3.877,0.054,0.1024,10.0886
16,42.6,50.0,12.065,0.7,29.82,19.1219,3.9457,0.0549,0.1024,10.0886
16,42.6,50.0,6.985,0.8,34.08,19.2223,3.4814,0.0486,0.0905,8.8382
16,42.6,50.0,7.62,0.8,34.08,19.2124,3.527,0.0492,0.0905,8.8382
16,42.6,50.0,8.255,0.8,34.08,19.2018,3.576,0.0499,0.0905,8.8382
16,42.6,50.0,8.89,0.8,34.08,19.1904,3.6283,0.0506,0.0905,8.8382
16,42.6,50.0,9.525,0.8,34.08,19.1784,3.684,0.0513,0.0905,8.8382
16,42.6,50.0,10.16,0.8,34.08,19.1657,3.7429,0.0521,0.0905,8.8382
16,42.6,50.0,10.795,0.8,34.08,19.1522,3.805,0.053,0.0905,8.8382
16,42.6,50.0,11.43,0.8,34.08,19.1382,3.8703,0.0539,0.0905,8.8382
16,42.6,50.0,12.065,0.8,34.08,19.1234,3.9387,0.0548,0.0905,8.8382
16,42.6,50.0,6.985,0.9,38.34,19.2234,3.4765,0.0485,0.0812,7.8626
16,42.6,50.0,7.62,0.9,38.34,19.2135,3.5219,0.0492,0.0812,7.8626
16,42.6,50.0,8.255,0.9,38.34,19.2029,3.5708,0.0498,0.0812,7.8626
16,42.6,50.0,8.89,0.9,38.34,19.1916,3.623,0.0505,0.0812,7.8626
16,42.6,50.0,9.525,0.9,38.34,19.1796,3.6784,0.0513,0.0812,7.8626
16,42.6,50.0,10.16,0.9,38.34,19.1669,3.7372,0.0521,0.0812,7.8626
16,42.6,50.0,10.795,0.9,38.34,19.1535,3.7991,0.0529,0.0812,7.8626
16,42.6,50.0,11.43,0.9,38.34,19.1395,3.8642,0.0538,0.0812,7.8626
16,42.6,50.0,12.065,0.9,38.34,19.1248,3.9324,0.0547,0.0812,7.8626
16,53.6,63.0,6.985,0.3,16.08,19.487,2.2741,0.0321,0.1824,18.48
16,53.6,63.0,7.62,0.3,16.08,19.4802,2.3046,0.0325,0.1824,18.48
16,53.6,63.0,8.255,0.3,16.08,19.473,2.3374,0.0329,0.1824,18.48
16,53.6,63.0,8.89,0.3,16.08,19.4652,2.3725,0.0334,0.1824,18.48
16,53.6,63.0,9.525,0.3,16.08,19.457,2.4098,0.0339,0.1824,18.48
16,53.6,63.0,6.985,0.4,21.44,19.4879,2.2697,0.032,0.1394,13.9653
16,53.6,63.0,7.62,0.4,21.44,19.4812,2.3001,0.0324,0.1394,13.9653
16,53.6,63.0,8.255,0.4,21.44,19.474,2.3328,0.0329,0.1394,13.9653
16,53.6,63.0,8.89,0.4,21.44,19.4663,2.3677,0.0334,0.1394,13.9653
16,53.6,63.0,9.525,0.4,21.44,19.4581,2.4049,0.0339,0.1394,13.9653
16,53.6,63.0,10.16,0.4,21.44,19.4493,2.4443,0.0344,0.1394,13.9653
16,53.6,63.0,10.795,0.4,21.44,19.4402,2.4859,0.035,0.1394,13.9653
16,53.6,63.0,11.43,0.4,21.44,19.4305,2.5297,0.0356,0.1394,13.9653
16,53.6,63.0,12.065,0.4,21.44,19.4204,2.5757,0.0362,0.1394,13.9653
16,53.6,63.0,6.985,0.5,26.8,19.4887,2.2661,0.032,0.1131,11.2119
16,53.6,63.0,7.62,0.5,26.8,19.482,2.2964,0.0324,0.1131,11.2119
16,53.6,63.0,8.255,0.5,26.8,19.4748,2.329,0.0328,0.1131,11.2119
16,53.6,63.0,8.89,0.5,26.8,19.4671,2.3638,0.0333,0.1131,11.2119
16,53.6,63.0,9.525,0.5,26.8,19.4589,2.4008,0.0338,0.1131,11.2119
16,53.6,63.0,10.16,0.5,26.8,19.4503,2.4401,0.0344,0.1131,11.2119
16,53.6,63.0,10.795,0.5,26.8,19.4411,2.4816,0.0349,0.1131,11.2119
16,53.6,63.0,11.43,0.5,26.8,19.4315,2.5253,0.0355,0.1131,11.2119
16,53.6,63.0,12.065,0.5,26.8,19.4214,2.5711,0.0362,0.1131,11.2119
16,53.6,63.0,6.985,0.6,32.16,19.4894,2.263,0.0319,0.0955,9.3613
16,53.6,63.0,7.62,0.6,32.16,19.4827,2.2932,0.0323,0.0955,9.3613
16,53.6,63.0,8.255,0.6,32.16,19.4756,2.3257,0.0328,0.0955,9.3613
16,53.6,63.0,8.89,0.6,32.16,19.4679,2.3604,0.0333,0.0955,9.3613
16,53.6,63.0,9.525,0.6,32.16,19.4597,2.3974,0.0338,0.0955,9.3613
16,53.6,63.0,10.16,0.6,32.16,19.4511,2.4365,0.0343,0.0955,9.3613
16,53.6,63.0,10.795,0.6,32.16,19.4419,2.4779,0.0349,0.0955,9.3613
16,53.6,63.0,11.43,0.6,32.16,19.4323,2.5214,0.0355,0.0955,9.3613
16,53.6,63.0,12.065,0.6,32.16,19.4223,2.5671,0.0361,0.0955,9.3613
16,53.6,63.0,6.985,0.7,37.52,19.49,2.2603,0.0319,0.0829,8.0334
16,53.6,63.0,7.62,0.7,37.52,19.4834,2.2905,0.0323,0.0829,8.0334
16,53.6,63.0,8.255,0.7,37.52,19.4762,2.3228,0.0327,0.0829,8.0334
16,53.6,63.0,8.89,0.7,37.52,19.4685,2.3575,0.0332,0.0829,8.0334
16,53.6,63.0,9.525,0.7,37.52,19.4604,2.3943,0.0337,0.0829,8.0334
16,53.6,63.0,10.16,0.7,37.52,19.4517,2.4334,0.0343,0.0829,8.0334
16,53.6,63.0,10.795,0.7,37.52,19.4426,2.4747,0.0348,0.0829,8.0334
16,53.6,63.0,11.43,0.7,37.52,19.4331,2.5181,0.0354,0.0829,8.0334
16,53.6,63.0,12.065,0.7,37.52,19.423,2.5636,0.0361,0.0829,8.0334
16,53.6,63.0,6.985,0.8,42.88,19.4906,2.2579,0.0318,0.0734,7.0345
16,53.6,63.0,7.62,0.8,42.88,19.4839,2.288,0.0323,0.0734,7.0345
16,53.6,63.0,8.255,0.8,42.88,19.4767,2.3203,0.0327,0.0734,7.0345
16,53.6,63.0,8.89,0.8,42.88,19.4691,2.3548,0.0332,0.0734,7.0345
16,53.6,63.0,9.525,0.8,42.88,19.461,2.3916,0.0337,0.0734,7.0345
16,53.6,63.0,10.16,0.8,42.88,19.4524,2.4306,0.0342,0.0734,7.0345
16,53.6,63.0,10.795,0.8,42.88,19.4433,2.4718,0.0348,0.0734,7.0345
16,53.6,63.0,11.43,0.8,42.88,19.4337,2.5151,0.0354,0.0734,7.0345
16,53.6,63.0,12.065,0.8,42.88,19.4237,2.5605,0.036,0.0734,7.0345
16,53.6,63.0,6.985,0.9,48.24,19.491,2.2557,0.0318,0.0659,6.2562
16,53.6,63.0,7.62,0.9,48.24,19.4844,2.2857,0.0322,0.0659,6.2562
16,53.6,63.0,8.255,0.9,48.24,19.4773,2.318,0.0327,0.0659,6.2562
16,53.6,63.0,8.89,0.9,48.24,19.4696,2.3525,0.0331,0.0659,6.2562
16,53.6,63.0,9.525,0.9,48.24,19.4615,2.3892,0.0337,0.0659,6.2562
16,53.6,63.0,10.16,0.9,48.24,19.4529,2.4281,0.0342,0.0659,6.2562
16,53.6,63.0,10.795,0.9,48.24,19.4439,2.4691,0.0348,0.0659,6.2562
16,53.6,63.0,11.43,0.9,48.24,19.4343,2.5123,0.0354,0.0659,6.2562
16,53.6,63.0,12.065,0.9,48.24,19.4243,2.5577,0.036,0.0659,6.2562
17,17.0,20.0,6.985,0.8,13.6,16.0406,20.1899,0.2475,0.2131,21.7021
17,17.0,20.0,6.985,0.9,15.3,16.0626,20.0578,0.2461,0.191,19.3873
17,17.0,20.0,7.62,0.9,15.3,16.0253,20.282,0.2484,0.191,19.3873
17,17.0,20.0,8.255,0.9,15.3,15.9857,20.5204,0.2509,0.191,19.3873
17,17.0,20.0,8.89,0.9,15.3,15.9442,20.7719,0.2535,0.191,19.3873
17,22.0,25.0,6.985,0.7,15.4,17.4267,12.3617,0.1608,0.1899,19.2662
17,22.0,25.0,7.62,0.7,15.4,17.3976,12.5162,0.1626,0.1899,19.2662
17,22.0,25.0,8.255,0.7,15.4,17.3667,12.6813,0.1646,0.1899,19.2662
17,22.0,25.0,8.89,0.7,15.4,17.3339,12.8565,0.1666,0.1899,19.2662
17,22.0,25.0,6.985,0.8,17.6,17.4376,12.3036,0.1601,0.1676,16.9321
17,22.0,25.0,7.62,0.8,17.6,17.4088,12.4566,0.1619,0.1676,16.9321
17,22.0,25.0,8.255,0.8,17.6,17.3781,12.6201,0.1639,0.1676,16.9321
17,22.0,25.0,8.89,0.8,17.6,17.3456,12.7937,0.1659,0.1676,16.9321
17,22.0,25.0,9.525,0.8,17.6,17.3115,12.9769,0.168,0.1676,16.9321
17,22.0,25.0,10.16,0.8,17.6,17.2757,13.1693,0.1703,0.1676,16.9321
17,22.0,25.0,10.795,0.8,17.6,17.2384,13.3702,0.1726,0.1676,16.9321
17,22.0,25.0,6.985,0.9,19.8,17.4475,12.2512,0.1595,0.1501,15.0965
17,22.0,25.0,7.62,0.9,19.8,17.4189,12.403,0.1613,0.1501,15.0965
17,22.0,25.0,8.255,0.9,19.8,17.3885,12.5651,0.1632,0.1501,15.0965
17,22.0,25.0,8.89,0.9,19.8,17.3562,12.7371,0.1652,0.1501,15.0965
17,22.0,25.0,9.525,0.9,19.8,17.3223,12.9187,0.1674,0.1501,15.0965
17,22.0,25.0,10.16,0.9,19.8,17.2868,13.1093,0.1696,0.1501,15.0965
17,22.0,25.0,10.795,0.9,19.8,17.2498,13.3084,0.1719,0.1501,15.0965
17,22.0,25.0,11.43,0.9,19.8,17.2115,13.5155,0.1743,0.1501,15.0965
17,22.0,25.0,12.065,0.9,19.8,17.172,13.73,0.1768,0.1501,15.0965
17,27.2,32.0,6.985,0.5,13.6,18.2203,8.2799,0.1112,0.2131,21.7021
17,27.2,32.0,6.985,0.6,16.32,18.2272,8.2451,0.1108,0.1799,18.2174
17,27.2,32.0,7.62,0.6,16.32,18.2054,8.3539,0.1122,0.1799,18.2174
17,27.2,32.0,8.255,0.6,16.32,18.1821,8.4704,0.1136,0.1799,18.2174
17,27.2,32.0,8.89,0.6,16.32,18.1573,8.5944,0.1152,0.1799,18.2174
17,27.2,32.0,9.525,0.6,16.32,18.131,8.7258,0.1168,0.1799,18.2174
17,27.2,32.0,6.985,0.7,19.04,18.2333,8.2148,0.1104,0.1557,15.6844
17,27.2,32.0,7.62,0.7,19.04,18.2117,8.3227,0.1118,0.1557,15.6844
17,27.2,32.0,8.255,0.7,19.04,18.1885,8.4383,0.1132,0.1557,15.6844
17,27.2,32.0,8.89,0.7,19.04,18.1638,8.5614,0.1148,0.1557,15.6844
17,27.2,32.0,9.525,0.7,19.04,18.1378,8.6918,0.1164,0.1557,15.6844
17,27.2,32.0,10.16,0.7,19.04,18.1104,8.8293,0.1181,0.1557,15.6844
17,27.2,32.0,10.795,0.7,19.04,18.0817,8.9735,0.1199,0.1557,15.6844
17,27.2,32.0,11.43,0.7,19.04,18.0518,9.1243,0.1218,0.1557,15.6844
17,27.2,32.0,12.065,0.7,19.04,18.0208,9.2813,0.1237,0.1557,15.6844
17,27.2,32.0,6.985,0.8,21.76,18.2388,8.1877,0.1101,0.1375,13.7638
17,27.2,32.0,7.62,0.8,21.76,18.2172,8.2949,0.1114,0.1375,13.7638
17,27.2,32.0,8.255,0.8,21.76,18.1942,8.4098,0.1129,0.1375,13.7638
17,27.2,32.0,8.89,0.8,21.76,18.1697,8.5321,0.1144,0.1375,13.7638
17,27.2,32.0,9.525,0.8,21.76,18.1438,8.6615,0.116,0.1375,13.7638
17,27.2,32.0,10.16,0.8,21.76,18.1166,8.798,0.1177,0.1375,13.7638
17,27.2,32.0,10.795,0.8,21.76,18.0881,8.9412,0.1195,0.1375,13.7638
17,27.2,32.0,11.43,0.8,21.76,18.0584,9.0909,0.1213,0.1375,13.7638
17,27.2,32.0,12.065,0.8,21.76,18.0276,9.2468,0.1233,0.1375,13.7638
17,27.2,32.0,6.985,0.9,24.48,18.2437,8.1633,0.1098,0.1231,12.259
17,27.2,32.0,7.62,0.9,24.48,18.2223,8.2698,0.1111,0.1231,12.259
17,27.2,32.0,8.255,0.9,24.48,18.1994,8.384,0.1125,0.1231,12.259
17,27.2,32.0,8.89,0.9,24.48,18.175,8.5055,0.1141,0.1231,12.259
17,27.2,32.0,9.525,0.9,24.48,18.1493,8.6342,0.1157,0.1231,12.259
17,27.2,32.0,10.16,0.9,24.48,18.1223,8.7698,0.1174,0.1231,12.259
17,27.2,32.0,10.795,0.9,24.48,18.0939,8.9121,0.1191,0.1231,12.259
17,27.2,32.0,11.43,0.9,24.48,18.0644,9.0608,0.121,0.1231,12.259
17,27.2,32.0,12.065,0.9,24.48,18.0337,9.2156,0.1229,0.1231,12.259
17,34.0,40.0,6.985,0.4,13.6,18.8111,5.4054,0.0743,0.2131,21.7021
17,34.0,40.0,6.985,0.5,17.0,18.815,5.3872,0.0741,0.1731,17.5116
17,34.0,40.0,7.62,0.5,17.0,18.7995,5.4609,0.075,0.1731,17.5116
17,34.0,40.0,8.255,0.5,17.0,18.7829,5.5399,0.0761,0.1731,17.5116
17,34.0,40.0,8.89,0.5,17.0,18.7652,5.6243,0.0772,0.1731,17.5116
17,34.0,40.0,9.525,0.5,17.0,18.7464,5.7139,0.0784,0.1731,17.5116
17,34.0,40.0,10.16,0.5,17.0,18.7266,5.8086,0.0796,0.1731,17.5116
17,34.0,40.0,6.985,0.6,20.4,18.8183,5.3716,0.0739,0.146,14.6622
17,34.0,40.0,7.62,0.6,20.4,18.8028,5.4449,0.0748,0.146,14.6622
17,34.0,40.0,8.255,0.6,20.4,18.7863,5.5235,0.0759,0.146,14.6622
17,34.0,40.0,8.89,0.6,20.4,18.7687,5.6074,0.077,0.146,14.6622
17,34.0,40.0,9.525,0.6,20.4,18.7501,5.6964,0.0781,0.146,14.6622
17,34.0,40.0,10.16,0.6,20.4,18.7304,5.7906,0.0794,0.146,14.6622
17,34.0,40.0,10.795,0.6,20.4,18.7097,5.8896,0.0806,0.146,14.6622
17,34.0,40.0,11.43,0.6,20.4,18.688,5.9936,0.082,0.146,14.6622
17,34.0,40.0,12.065,0.6,20.4,18.6654,6.1022,0.0834,0.146,14.6622
17,34.0,40.0,6.985,0.7,23.8,18.8211,5.358,0.0737,0.1264,12.6038
17,34.0,40.0,7.62,0.7,23.8,18.8058,5.4309,0.0746,0.1264,12.6038
17,34.0,40.0,8.255,0.7,23.8,18.7893,5.5091,0.0757,0.1264,12.6038
17,34.0,40.0,8.89,0.7,23.8,18.7718,5.5925,0.0768,0.1264,12.6038
17,34.0,40.0,9.525,0.7,23.8,18.7533,5.6811,0.0779,0.1264,12.6038
17,34.0,40.0,10.16,0.7,23.8,18.7337,5.7747,0.0791,0.1264,12.6038
17,34.0,40.0,10.795,0.7,23.8,18.7131,5.8733,0.0804,0.1264,12.6038
17,34.0,40.0,11.43,0.7,23.8,18.6915,5.9766,0.0818,0.1264,12.6038
17,34.0,40.0,12.065,0.7,23.8,18.669,6.0846,0.0832,0.1264,12.6038
17,34.0,40.0,6.985,0.8,27.2,18.8237,5.3458,0.0735,0.1116,11.049
17,34.0,40.0,7.62,0.8,27.2,18.8084,5.4184,0.0745,0.1116,11.049
17,34.0,40.0,8.255,0.8,27.2,18.792,5.4962,0.0755,0.1116,11.049
17,34.0,40.0,8.89,0.8,27.2,18.7746,5.5793,0.0766,0.1116,11.049
17,34.0,40.0,9.525,0.8,27.2,18.7561,5.6674,0.0777,0.1116,11.049
17,34.0,40.0,10.16,0.8,27.2,18.7366,5.7606,0.079,0.1116,11.049
17,34.0,40.0,10.795,0.8,27.2,18.7161,5.8587,0.0802,0.1116,11.049
17,34.0,40.0,11.43,0.8,27.2,18.6947,5.9615,0.0816,0.1116,11.049
17,34.0,40.0,12.065,0.8,27.2,18.6723,6.0689,0.083,0.1116,11.049
17,34.0,40.0,6.985,0.9,30.6,18.826,5.3348,0.0734,0.1,9.834
17,34.0,40.0,7.62,0.9,30.6,18.8108,5.4071,0.0743,0.1,9.834
17,34.0,40.0,8.255,0.9,30.6,18.7945,5.4846,0.0753,0.1,9.834
17,34.0,40.0,8.89,0.9,30.6,18.7771,5.5673,0.0764,0.1,9.834
17,34.0,40.0,9.525,0.9,30.6,18.7587,5.6551,0.0776,0.1,9.834
17,34.0,40.0,10.16,0.9,30.6,18.7393,5.7478,0.0788,0.1,9.834
17,34.0,40.0,10.795,0.9,30.6,18.7189,5.8454,0.0801,0.1,9.834
17,34.0,40.0,11.43,0.9,30.6,18.6975,5.9478,0.0814,0.1,9.834
17,34.0,40.0,12.065,0.9,30.6,18.6753,6.0547,0.0828,0.1,9.834
17,42.6,50.0,6.985,0.4,17.04,19.2159,3.5109,0.049,0.1728,17.4717
17,42.6,50.0,7.62,0.4,17.04,19.2052,3.5601,0.0497,0.1728,17.4717
17,42.6,50.0,8.255,0.4,17.04,19.1938,3.613,0.0504,0.1728,17.4717
17,42.6,50.0,8.89,0.4,17.04,19.1815,3.6695,0.0512,0.1728,17.4717
17,42.6,50.0,9.525,0.4,17.04,19.1686,3.7295,0.052,0.1728,17.4717
17,42.6,50.0,10.16,0.4,17.04,19.1548,3.7931,0.0528,0.1728,17.4717
17,42.6,50.0,6.985,0.5,21.3,19.2177,3.5028,0.0489,0.1402,14.0552
17,42.6,50.0,7.62,0.5,21.3,19.207,3.5518,0.0496,0.1402,14.0552
17,42.6,50.0,8.255,0.5,21.3,19.1956,3.6044,0.0503,0.1402,14.0552
17,42.6,50.0,8.89,0.5,21.3,19.1835,3.6606,0.051,0.1402,14.0552
17,42.6,50.0,9.525,0.5,21.3,19.1705,3.7203,0.0518,0.1402,14.0552
17,42.6,50.0,10.16,0.5,21.3,19.1569,3.7836,0.0527,0.1402,14.0552
17,42.6,50.0,10.795,0.5,21.3,19.1425,3.8503,0.0536,0.1402,14.0552
17,42.6,50.0,11.43,0.5,21.3,19.1273,3.9205,0.0545,0.1402,14.0552
17,42.6,50.0,12.065,0.5,21.3,19.1115,3.994,0.0555,0.1402,14.0552
17,42.6,50.0,6.985,0.6,25.56,19.2192,3.4959,0.0488,0.1183,11.7484
17,42.6,50.0,7.62,0.6,25.56,19.2086,3.5446,0.0495,0.1183,11.7484
17,42.6,50.0,8.255,0.6,25.56,19.1972,3.597,0.0502,0.1183,11.7484
17,42.6,50.0,8.89,0.6,25.56,19.1851,3.653,0.0509,0.1183,11.7484
17,42.6,50.0,9.525,0.6,25.56,19.1722,3.7125,0.0517,0.1183,11.7484
17,42.6,50.0,10.16,0.6,25.56,19.1586,3.7755,0.0526,0.1183,11.7484
17,42.6,50.0,10.795,0.6,25.56,19.1443,3.8419,0.0535,0.1183,11.7484
17,42.6,50.0,11.43,0.6,25.56,19.1292,3.9118,0.0544,0.1183,11.7484
17,42.6,50.0,12.065,0.6,25.56,19.1134,3.9849,0.0554,0.1183,11.7484
17,42.6,50.0,6.985,0.7,29.82,19.2205,3.4898,0.0487,0.1024,10.0886
17,42.6,50.0,7.62,0.7,29.82,19.2099,3.5384,0.0494,0.1024,10.0886
17,42.6,50.0,8.255,0.7,29.82,19.1986,3.5906,0.0501,0.1024,10.0886
17,42.6,50.0,8.89,0.7,29.82,19.1865,3.6463,0.0508,0.1024,10.0886
17,42.6,50.0,9.525,0.7,29.82,19.1737,3.7056,0.0516,0.1024,10.0886
17,42.6,50.0,10.16,0.7,29.82,19.1602,3.7684,0.0525,0.1024,10.0886
17,42.6,50.0,10.795,0.7,29.82,19.1459,3.8346,0.0534,0.1024,10.0886
17,42.6,50.0,11.43,0.7,29.82,19.1309,3.9041,0.0543,0.1024,10.0886
17,42.6,50.0,12.065,0.7,29.82,19.1152,3.977,0.0553,0.1024,10.0886
17,42.6,50.0,6.985,0.8,34.08,19.2217,3.4843,0.0486,0.0905,8.8382
17,42.6,50.0,7.62,0.8,34.08,19.2112,3.5327,0.0493,0.0905,8.8382
17,42.6,50.0,8.255,0.8,34.08,19.1999,3.5848,0.05,0.0905,8.8382
17,42.6,50.0,8.89,0.8,34.08,19.1878,3.6404,0.0508,0.0905,8.8382
17,42.6,50.0,9.525,0.8,34.08,19.1751,3.6995,0.0516,0.0905,8.8382
17,42.6,50.0,10.16,0.8,34.08,19.1615,3.762,0.0524,0.0905,8.8382
17,42.6,50.0,10.795,0.8,34.08,19.1473,3.828,0.0533,0.0905,8.8382
17,42.6,50.0,11.43,0.8,34.08,19.1323,3.8973,0.0542,0.0905,8.8382
17,42.6,50.0,12.065,0.8,34.08,19.1167,3.9699,0.0552,0.0905,8.8382
17,42.6,50.0,6.985,0.9,38.34,19.2227,3.4794,0.0486,0.0812,7.8626
17,42.6,50.0,7.62,0.9,38.34,19.2123,3.5277,0.0492,0.0812,7.8626
17,42.6,50.0,8.255,0.9,38.34,19.201,3.5795,0.0499,0.0812,7.8626
17,42.6,50.0,8.89,0.9,38.34,19.189,3.635,0.0507,0.0812,7.8626
17,42.6,50.0,9.525,0.9,38.34,19.1763,3.6939,0.0515,0.0812,7.8626
17,42.6,50.0,10.16,0.9,38.34,19.1628,3.7563,0.0523,0.0812,7.8626
17,42.6,50.0,10.795,0.9,38.34,19.1486,3.822,0.0532,0.0812,7.8626
17,42.6,50.0,11.43,0.9,38.34,19.1337,3.8911,0.0541,0.0812,7.8626
17,42.6,50.0,12.065,0.9,38.34,19.1181,3.9635,0.0551,0.0812,7.8626
17,53.6,63.0,6.985,0.3,16.08,19.4865,2.276,0.0321,0.1824,18.48
17,53.6,63.0,7.62,0.3,16.08,19.4794,2.3084,0.0325,0.1824,18.48
17,53.6,63.0,8.255,0.3,16.08,19.4717,2.3433,0.033,0.1824,18.48
17,53.6,63.0,8.89,0.3,16.08,19.4634,2.3805,0.0335,0.1824,18.48
17,53.6,63.0,9.525,0.3,16.08,19.4547,2.4202,0.0341,0.1824,18.48
17,53.6,63.0,6.985,0.4,21.44,19.4875,2.2717,0.032,0.1394,13.9653
17,53.6,63.0,7.62,0.4,21.44,19.4804,2.3039,0.0325,0.1394,13.9653
17,53.6,63.0,8.255,0.4,21.44,19.4727,2.3386,0.033,0.1394,13.9653
17,53.6,63.0,8.89,0.4,21.44,19.4645,2.3757,0.0335,0.1394,13.9653
17,53.6,63.0,9.525,0.4,21.44,19.4558,2.4152,0.034,0.1394,13.9653
17,53.6,63.0,10.16,0.4,21.44,19.4465,2.4571,0.0346,0.1394,13.9653
17,53.6,63.0,10.795,0.4,21.44,19.4368,2.5013,0.0352,0.1394,13.9653
17,53.6,63.0,11.43,0.4,21.44,19.4265,2.5478,0.0358,0.1394,13.9653
17,53.6,63.0,12.065,0.4,21.44,19.4157,2.5967,0.0365,0.1394,13.9653
17,53.6,63.0,6.985,0.5,26.8,19.4883,2.268,0.032,0.1131,11.2119
17,53.6,63.0,7.62,0.5,26.8,19.4812,2.3002,0.0324,0.1131,11.2119
17,53.6,63.0,8.255,0.5,26.8,19.4735,2.3348,0.0329,0.1131,11.2119
17,53.6,63.0,8.89,0.5,26.8,19.4654,2.3718,0.0334,0.1131,11.2119
17,53.6,63.0,9.525,0.5,26.8,19.4567,2.4112,0.034,0.1131,11.2119
17,53.6,63.0,10.16,0.5,26.8,19.4474,2.4529,0.0345,0.1131,11.2119
17,53.6,63.0,10.795,0.5,26.8,19.4377,2.4969,0.0351,0.1131,11.2119
17,53.6,63.0,11.43,0.5,26.8,19.4275,2.5433,0.0358,0.1131,11.2119
17,53.6,63.0,12.065,0.5,26.8,19.4168,2.592,0.0365,0.1131,11.2119
17,53.6,63.0,6.985,0.6,32.16,19.489,2.265,0.0319,0.0955,9.3613
17,53.6,63.0,7.62,0.6,32.16,19.4819,2.297,0.0324,0.0955,9.3613
17,53.6,63.0,8.255,0.6,32.16,19.4743,2.3315,0.0329,0.0955,9.3613
17,53.6,63.0,8.89,0.6,32.16,19.4661,2.3684,0.0334,0.0955,9.3613
17,53.6,63.0,9.525,0.6,32.16,19.4574,2.4077,0.0339,0.0955,9.3613
17,53.6,63.0,10.16,0.6,32.16,19.4482,2.4493,0.0345,0.0955,9.3613
17,53.6,63.0,10.795,0.6,32.16,19.4386,2.4932,0.0351,0.0955,9.3613
17,53.6,63.0,11.43,0.6,32.16,19.4284,2.5394,0.0357,0.0955,9.3613
17,53.6,63.0,12.065,0.6,32.16,19.4177,2.5879,0.0364,0.0955,9.3613
17,53.6,63.0,6.985,0.7,37.52,19.4896,2.2622,0.0319,0.0829,8.0334
17,53.6,63.0,7.62,0.7,37.52,19.4825,2.2943,0.0323,0.0829,8.0334
17,53.6,63.0,8.255,0.7,37.52,19.4749,2.3287,0.0328,0.0829,8.0334
17,53.6,63.0,8.89,0.7,37.52,19.4668,2.3655,0.0333,0.0829,8.0334
17,53.6,63.0,9.525,0.7,37.52,19.4581,2.4046,0.0339,0.0829,8.0334
17,53.6,63.0,10.16,0.7,37.52,19.4489,2.4461,0.0344,0.0829,8.0334
17,53.6,63.0,10.795,0.7,37.52,19.4393,2.4899,0.035,0.0829,8.0334
17,53.6,63.0,11.43,0.7,37.52,19.4291,2.536,0.0357,0.0829,8.0334
17,53.6,63.0,12.065,0.7,37.52,19.4184,2.5844,0.0363,0.0829,8.0334
17,53.6,63.0,6.985,0.8,42.88,19.4901,2.2598,0.0319,0.0734,7.0345
17,53.6,63.0,7.62,0.8,42.88,19.4831,2.2918,0.0323,0.0734,7.0345
17,53.6,63.0,8.255,0.8,42.88,19.4755,2.3261,0.0328,0.0734,7.0345
17,53.6,63.0,8.89,0.8,42.88,19.4673,2.3628,0.0333,0.0734,7.0345
17,53.6,63.0,9.525,0.8,42.88,19.4587,2.4019,0.0338,0.0734,7.0345
17,53.6,63.0,10.16,0.8,42.88,19.4496,2.4433,0.0344,0.0734,7.0345
17,53.6,63.0,10.795,0.8,42.88,19.4399,2.487,0.035,0.0734,7.0345
17,53.6,63.0,11.43,0.8,42.88,19.4298,2.533,0.0356,0.0734,7.0345
17,53.6,63.0,12.065,0.8,42.88,19.4191,2.5812,0.0363,0.0734,7.0345
17,53.6,63.0,6.985,0.9,48.24,19.4906,2.2576,0.0318,0.0659,6.2562
17,53.6,63.0,7.62,0.9,48.24,19.4836,2.2895,0.0323,0.0659,6.2562
17,53.6,63.0,8.255,0.9,48.24,19.476,2.3238,0.0328,0.0659,6.2562
17,53.6,63.0,8.89,0.9,48.24,19.4679,2.3604,0.0333,0.0659,6.2562
17,53.6,63.0,9.525,0.9,48.24,19.4593,2.3994,0.0338,0.0659,6.2562
17,53.6,63.0,10.16,0.9,48.24,19.4501,2.4407,0.0344,0.0659,6.2562
17,53.6,63.0,10.795,0.9,48.24,19.4405,2.4843,0.035,0.0659,6.2562
17,53.6,63.0,11.43,0.9,48.24,19.4304,2.5302,0.0356,0.0659,6.2562
17,53.6,63.0,12.065,0.9,48.24,19.4198,2.5784,0.0363,0.0659,6.2562
18,17.0,20.0,6.985,0.8,13.6,16.0383,20.2036,0.2476,0.2131,21.7021
18,17.0,20.0,6.985,0.9,15.3,16.0604,20.0713,0.2462,0.191,19.3873
18,17.0,20.0,7.62,0.9,15.3,16.0209,20.3086,0.2487,0.191,19.3873
18,17.0,20.0,8.255,0.9,15.3,15.9791,20.5607,0.2513,0.191,19.3873
18,17.0,20.0,8.89,0.9,15.3,15.9351,20.8266,0.2541,0.191,19.3873
18,22.0,25.0,6.985,0.7,15.4,17.4249,12.371,0.1609,0.1899,19.2662
18,22.0,25.0,7.62,0.7,15.4,17.3942,12.5345,0.1629,0.1899,19.2662
18,22.0,25.0,8.255,0.7,15.4,17.3615,12.7092,0.1649,0.1899,19.2662
18,22.0,25.0,8.89,0.7,15.4,17.3268,12.8946,0.1671,0.1899,19.2662
18,22.0,25.0,6.985,0.8,17.6,17.4359,12.3128,0.1603,0.1676,16.9321
18,22.0,25.0,7.62,0.8,17.6,17.4054,12.4748,0.1622,0.1676,16.9321
18,22.0,25.0,8.255,0.8,17.6,17.373,12.6478,0.1642,0.1676,16.9321
18,22.0,25.0,8.89,0.8,17.6,17.3386,12.8314,0.1663,0.1676,16.9321
18,22.0,25.0,9.525,0.8,17.6,17.3025,13.0252,0.1686,0.1676,16.9321
18,22.0,25.0,10.16,0.8,17.6,17.2647,13.2285,0.171,0.1676,16.9321
18,22.0,25.0,10.795,0.8,17.6,17.2253,13.4409,0.1734,0.1676,16.9321
18,22.0,25.0,6.985,0.9,19.8,17.4458,12.2604,0.1596,0.1501,15.0965
18,22.0,25.0,7.62,0.9,19.8,17.4155,12.421,0.1615,0.1501,15.0965
18,22.0,25.0,8.255,0.9,19.8,17.3833,12.5925,0.1635,0.1501,15.0965
18,22.0,25.0,8.89,0.9,19.8,17.3492,12.7745,0.1657,0.1501,15.0965
18,22.0,25.0,9.525,0.9,19.8,17.3134,12.9665,0.1679,0.1501,15.0965
18,22.0,25.0,10.16,0.9,19.8,17.2759,13.168,0.1703,0.1501,15.0965
18,22.0,25.0,10.795,0.9,19.8,17.2369,13.3785,0.1727,0.1501,15.0965
18,22.0,25.0,11.43,0.9,19.8,17.1964,13.5972,0.1752,0.1501,15.0965
18,22.0,25.0,12.065,0.9,19.8,17.1547,13.8237,0.1778,0.1501,15.0965
18,27.2,32.0,6.985,0.5,13.6,18.2189,8.2864,0.1113,0.2131,21.7021
18,27.2,32.0,6.985,0.6,16.32,18.2259,8.2517,0.1109,0.1799,18.2174
18,27.2,32.0,7.62,0.6,16.32,18.2028,8.3668,0.1123,0.1799,18.2174
18,27.2,32.0,8.255,0.6,16.32,18.1781,8.4901,0.1139,0.1799,18.2174
18,27.2,32.0,8.89,0.6,16.32,18.1519,8.6213,0.1155,0.1799,18.2174
18,27.2,32.0,9.525,0.6,16.32,18.1241,8.7604,0.1172,0.1799,18.2174
18,27.2,32.0,6.985,0.7,19.04,18.232,8.2212,0.1105,0.1557,15.6844
18,27.2,32.0,7.62,0.7,19.04,18.2091,8.3355,0.1119,0.1557,15.6844
18,27.2,32.0,8.255,0.7,19.04,18.1846,8.4579,0.1135,0.1557,15.6844
18,27.2,32.0,8.89,0.7,19.04,18.1585,8.5881,0.1151,0.1557,15.6844
18,27.2,32.0,9.525,0.7,19.04,18.131,8.7261,0.1168,0.1557,15.6844
18,27.2,32.0,10.16,0.7,19.04,18.102,8.8715,0.1186,0.1557,15.6844
18,27.2,32.0,10.795,0.7,19.04,18.0717,9.024,0.1205,0.1557,15.6844
18,27.2,32.0,11.43,0.7,19.04,18.0401,9.1834,0.1225,0.1557,15.6844
18,27.2,32.0,12.065,0.7,19.04,18.0073,9.3494,0.1245,0.1557,15.6844
18,27.2,32.0,6.985,0.8,21.76,18.2375,8.1942,0.1102,0.1375,13.7638
18,27.2,32.0,7.62,0.8,21.76,18.2147,8.3077,0.1116,0.1375,13.7638
18,27.2,32.0,8.255,0.8,21.76,18.1903,8.4292,0.1131,0.1375,13.7638
18,27.2,32.0,8.89,0.8,21.76,18.1644,8.5586,0.1147,0.1375,13.7638
18,27.2,32.0,9.525,0.8,21.76,18.1371,8.6956,0.1164,0.1375,13.7638
18,27.2,32.0,10.16,0.8,21.76,18.1083,8.8399,0.1182,0.1375,13.7638
18,27.2,32.0,10.795,0.8,21.76,18.0782,8.9914,0.1201,0.1375,13.7638
18,27.2,32.0,11.43,0.8,21.76,18.0468,9.1496,0.1221,0.1375,13.7638
18,27.2,32.0,12.065,0.8,21.76,18.0142,9.3143,0.1241,0.1375,13.7638
18,27.2,32.0,6.985,0.9,24.48,18.2424,8.1697,0.1098,0.1231,12.259
18,27.2,32.0,7.62,0.9,24.48,18.2197,8.2825,0.1113,0.1231,12.259
18,27.2,32.0,8.255,0.9,24.48,18.1955,8.4033,0.1128,0.1231,12.259
18,27.2,32.0,8.89,0.9,24.48,18.1698,8.5319,0.1144,0.1231,12.259
18,27.2,32.0,9.525,0.9,24.48,18.1426,8.668,0.1161,0.1231,12.259
18,27.2,32.0,10.16,0.9,24.48,18.114,8.8114,0.1179,0.1231,12.259
18,27.2,32.0,10.795,0.9,24.48,18.084,8.9619,0.1197,0.1231,12.259
18,27.2,32.0,11.43,0.9,24.48,18.0529,9.1191,0.1217,0.1231,12.259
18,27.2,32.0,12.065,0.9,24.48,18.0205,9.2827,0.1237,0.1231,12.259
18,34.0,40.0,6.985,0.4,13.6,18.8102,5.4098,0.0744,0.2131,21.7021
18,34.0,40.0,6.985,0.5,17.0,18.8141,5.3916,0.0741,0.1731,17.5116
18,34.0,40.0,7.62,0.5,17.0,18.7976,5.4696,0.0751,0.1731,17.5116
18,34.0,40.0,8.255,0.5,17.0,18.7801,5.5533,0.0762,0.1731,17.5116
18,34.0,40.0,8.89,0.5,17.0,18.7613,5.6426,0.0774,0.1731,17.5116
18,34.0,40.0,9.525,0.5,17.0,18.7415,5.7375,0.0787,0.1731,17.5116
18,34.0,40.0,10.16,0.5,17.0,18.7205,5.8377,0.08,0.1731,17.5116
18,34.0,40.0,6.985,0.6,20.4,18.8173,5.376,0.0739,0.146,14.6622
18,34.0,40.0,7.62,0.6,20.4,18.801,5.4536,0.0749,0.146,14.6622
18,34.0,40.0,8.255,0.6,20.4,18.7835,5.5368,0.076,0.146,14.6622
18,34.0,40.0,8.89,0.6,20.4,18.7649,5.6256,0.0772,0.146,14.6622
18,34.0,40.0,9.525,0.6,20.4,18.7452,5.7198,0.0784,0.146,14.6622
18,34.0,40.0,10.16,0.6,20.4,18.7243,5.8194,0.0797,0.146,14.6622
18,34.0,40.0,10.795,0.6,20.4,18.7025,5.9242,0.0811,0.146,14.6622
18,34.0,40.0,11.43,0.6,20.4,18.6795,6.0342,0.0825,0.146,14.6622
18,34.0,40.0,12.065,0.6,20.4,18.6556,6.149,0.084,0.146,14.6622
18,34.0,40.0,6.985,0.7,23.8,18.8202,5.3624,0.0737,0.1264,12.6038
18,34.0,40.0,7.62,0.7,23.8,18.804,5.4395,0.0748,0.1264,12.6038
18,34.0,40.0,8.255,0.7,23.8,18.7866,5.5223,0.0758,0.1264,12.6038
18,34.0,40.0,8.89,0.7,23.8,18.768,5.6106,0.077,0.1264,12.6038
18,34.0,40.0,9.525,0.7,23.8,18.7484,5.7044,0.0782,0.1264,12.6038
18,34.0,40.0,10.16,0.7,23.8,18.7277,5.8034,0.0795,0.1264,12.6038
18,34.0,40.0,10.795,0.7,23.8,18.7059,5.9077,0.0809,0.1264,12.6038
18,34.0,40.0,11.43,0.7,23.8,18.6831,6.017,0.0823,0.1264,12.6038
18,34.0,40.0,12.065,0.7,23.8,18.6594,6.1312,0.0838,0.1264,12.6038
18,34.0,40.0,6.985,0.8,27.2,18.8228,5.3502,0.0736,0.1116,11.049
18,34.0,40.0,7.62,0.8,27.2,18.8066,5.427,0.0746,0.1116,11.049
18,34.0,40.0,8.255,0.8,27.2,18.7893,5.5094,0.0757,0.1116,11.049
18,34.0,40.0,8.89,0.8,27.2,18.7708,5.5973,0.0768,0.1116,11.049
18,34.0,40.0,9.525,0.8,27.2,18.7513,5.6906,0.078,0.1116,11.049
18,34.0,40.0,10.16,0.8,27.2,18.7307,5.7891,0.0793,0.1116,11.049
18,34.0,40.0,10.795,0.8,27.2,18.709,5.8929,0.0807,0.1116,11.049
18,34.0,40.0,11.43,0.8,27.2,18.6863,6.0016,0.0821,0.1116,11.049
18,34.0,40.0,12.065,0.8,27.2,18.6627,6.1153,0.0836,0.1116,11.049
18,34.0,40.0,6.985,0.9,30.6,18.8251,5.3391,0.0734,0.1,9.834
18,34.0,40.0,7.62,0.9,30.6,18.809,5.4156,0.0744,0.1,9.834
18,34.0,40.0,8.255,0.9,30.6,18.7917,5.4977,0.0755,0.1,9.834
18,34.0,40.0,8.89,0.9,30.6,18.7734,5.5852,0.0767,0.1,9.834
18,34.0,40.0,9.525,0.9,30.6,18.7539,5.6781,0.0779,0.1,9.834
18,34.0,40.0,10.16,0.9,30.6,18.7334,5.7762,0.0792,0.1,9.834
18,34.0,40.0,10.795,0.9,30.6,18.7118,5.8795,0.0805,0.1,9.834
18,34.0,40.0,11.43,0.9,30.6,18.6892,5.9877,0.0819,0.1,9.834
18,34.0,40.0,12.065,0.9,30.6,18.6657,6.1008,0.0834,0.1,9.834
18,42.6,50.0,6.985,0.4,17.04,19.2152,3.5139,0.049,0.1728,17.4717
18,42.6,50.0,7.62,0.4,17.04,19.204,3.566,0.0498,0.1728,17.4717
18,42.6,50.0,8.255,0.4,17.04,19.1918,3.6219,0.0505,0.1728,17.4717
18,42.6,50.0,8.89,0.4,17.04,19.1789,3.6817,0.0513,0.1728,17.4717
18,42.6,50.0,9.525,0.4,17.04,19.1651,3.7453,0.0522,0.1728,17.4717
18,42.6,50.0,10.16,0.4,17.04,19.1506,3.8126,0.0531,0.1728,17.4717
18,42.6,50.0,6.985,0.5,21.3,19.217,3.5058,0.0489,0.1402,14.0552
18,42.6,50.0,7.62,0.5,21.3,19.2058,3.5576,0.0496,0.1402,14.0552
18,42.6,50.0,8.255,0.5,21.3,19.1937,3.6133,0.0504,0.1402,14.0552
18,42.6,50.0,8.89,0.5,21.3,19.1808,3.6728,0.0512,0.1402,14.0552
18,42.6,50.0,9.525,0.5,21.3,19.1671,3.736,0.0521,0.1402,14.0552
18,42.6,50.0,10.16,0.5,21.3,19.1527,3.803,0.053,0.1402,14.0552
18,42.6,50.0,10.795,0.5,21.3,19.1374,3.8736,0.0539,0.1402,14.0552
18,42.6,50.0,11.43,0.5,21.3,19.1214,3.9478,0.0549,0.1402,14.0552
18,42.6,50.0,12.065,0.5,21.3,19.1047,4.0256,0.056,0.1402,14.0552
18,42.6,50.0,6.985,0.6,25.56,19.2185,3.4988,0.0488,0.1183,11.7484
18,42.6,50.0,7.62,0.6,25.56,19.2073,3.5504,0.0495,0.1183,11.7484
18,42.6,50.0,8.255,0.6,25.56,19.1953,3.6059,0.0503,0.1183,11.7484
18,42.6,50.0,8.89,0.6,25.56,19.1825,3.6651,0.0511,0.1183,11.7484
18,42.6,50.0,9.525,0.6,25.56,19.1689,3.7281,0.0519,0.1183,11.7484
18,42.6,50.0,10.16,0.6,25.56,19.1544,3.7948,0.0528,0.1183,11.7484
18,42.6,50.0,10.795,0.6,25.56,19.1393,3.8651,0.0538,0.1183,11.7484
18,42.6,50.0,11.43,0.6,25.56,19.1233,3.939,0.0548,0.1183,11.7484
18,42.6,50.0,12.065,0.6,25.56,19.1067,4.0164,0.0558,0.1183,11.7484
18,42.6,50.0,6.985,0.7,29.82,19.2199,3.4927,0.0488,0.1024,10.0886
18,42.6,50.0,7.62,0.7,29.82,19.2087,3.5441,0.0495,0.1024,10.0886
18,42.6,50.0,8.255,0.7,29.82,19.1967,3.5994,0.0502,0.1024,10.0886
18,42.6,50.0,8.89,0.7,29.82,19.1839,3.6584,0.051,0.1024,10.0886
18,42.6,50.0,9.525,0.7,29.82,19.1704,3.7212,0.0519,0.1024,10.0886
18,42.6,50.0,10.16,0.7,29.82,19.156,3.7876,0.0527,0.1024,10.0886
18,42.6,50.0,10.795,0.7,29.82,19.1409,3.8576,0.0537,0.1024,10.0886
18,42.6,50.0,11.43,0.7,29.82,19.125,3.9312,0.0547,0.1024,10.0886
18,42.6,50.0,12.065,0.7,29.82,19.1084,4.0083,0.0557,0.1024,10.0886
18,42.6,50.0,6.985,0.8,34.08,19.221,3.4872,0.0487,0.0905,8.8382
18,42.6,50.0,7.62,0.8,34.08,19.2099,3.5385,0.0494,0.0905,8.8382
18,42.6,50.0,8.255,0.8,34.08,19.198,3.5936,0.0501,0.0905,8.8382
18,42.6,50.0,8.89,0.8,34.08,19.1852,3.6524,0.0509,0.0905,8.8382
18,42.6,50.0,9.525,0.8,34.08,19.1717,3.715,0.0518,0.0905,8.8382
18,42.6,50.0,10.16,0.8,34.08,19.1574,3.7812,0.0527,0.0905,8.8382
18,42.6,50.0,10.795,0.8,34.08,19.1423,3.851,0.0536,0.0905,8.8382
18,42.6,50.0,11.43,0.8,34.08,19.1265,3.9243,0.0546,0.0905,8.8382
18,42.6,50.0,12.065,0.8,34.08,19.11,4.0011,0.0556,0.0905,8.8382
18,42.6,50.0,6.985,0.9,38.34,19.2221,3.4823,0.0486,0.0812,7.8626
18,42.6,50.0,7.62,0.9,38.34,19.211,3.5334,0.0493,0.0812,7.8626
18,42.6,50.0,8.255,0.9,38.34,19.1991,3.5883,0.0501,0.0812,7.8626
18,42.6,50.0,8.89,0.9,38.34,19.1864,3.647,0.0508,0.0812,7.8626
18,42.6,50.0,9.525,0.9,38.34,19.1729,3.7093,0.0517,0.0812,7.8626
18,42.6,50.0,10.16,0.9,38.34,19.1586,3.7753,0.0526,0.0812,7.8626
18,42.6,50.0,10.795,0.9,38.34,19.1436,3.8449,0.0535,0.0812,7.8626
18,42.6,50.0,11.43,0.9,38.34,19.1279,3.918,0.0545,0.0812,7.8626
18,42.6,50.0,12.065,0.9,38.34,19.1114,3.9946,0.0555,0.0812,7.8626
18,53.6,63.0,6.985,0.3,16.08,19.4861,2.278,0.0321,0.1824,18.48
18,53.6,63.0,7.62,0.3,16.08,19.4785,2.3123,0.0326,0.1824,18.48
18,53.6,63.0,8.255,0.3,16.08,19.4704,2.3492,0.0331,0.1824,18.48
18,53.6,63.0,8.89,0.3,16.08,19.4616,2.3886,0.0336,0.1824,18.48
18,53.6,63.0,9.525,0.3,16.08,19.4524,2.4306,0.0342,0.1824,18.48
18,53.6,63.0,6.985,0.4,21.44,19.4871,2.2736,0.0321,0.1394,13.9653
18,53.6,63.0,7.62,0.4,21.44,19.4795,2.3078,0.0325,0.1394,13.9653
18,53.6,63.0,8.255,0.4,21.44,19.4714,2.3445,0.033,0.1394,13.9653
18,53.6,63.0,8.89,0.4,21.44,19.4627,2.3838,0.0336,0.1394,13.9653
18,53.6,63.0,9.525,0.4,21.44,19.4535,2.4256,0.0342,0.1394,13.9653
18,53.6,63.0,10.16,0.4,21.44,19.4437,2.4699,0.0348,0.1394,13.9653
18,53.6,63.0,10.795,0.4,21.44,19.4334,2.5167,0.0354,0.1394,13.9653
18,53.6,63.0,11.43,0.4,21.44,19.4225,2.566,0.0361,0.1394,13.9653
18,53.6,63.0,12.065,0.4,21.44,19.4111,2.6176,0.0368,0.1394,13.9653
18,53.6,63.0,6.985,0.5,26.8,19.4879,2.27,0.032,0.1131,11.2119
18,53.6,63.0,7.62,0.5,26.8,19.4803,2.304,0.0325,0.1131,11.2119
18,53.6,63.0,8.255,0.5,26.8,19.4722,2.3407,0.033,0.1131,11.2119
18,53.6,63.0,8.89,0.5,26.8,19.4636,2.3798,0.0335,0.1131,11.2119
18,53.6,63.0,9.525,0.5,26.8,19.4544,2.4215,0.0341,0.1131,11.2119
18,53.6,63.0,10.16,0.5,26.8,19.4446,2.4656,0.0347,0.1131,11.2119
18,53.6,63.0,10.795,0.5,26.8,19.4343,2.5123,0.0354,0.1131,11.2119
18,53.6,63.0,11.43,0.5,26.8,19.4235,2.5614,0.036,0.1131,11.2119
18,53.6,63.0,12.065,0.5,26.8,19.4122,2.6129,0.0367,0.1131,11.2119
18,53.6,63.0,6.985,0.6,32.16,19.4886,2.2669,0.032,0.0955,9.3613
18,53.6,63.0,7.62,0.6,32.16,19.4811,2.3009,0.0324,0.0955,9.3613
18,53.6,63.0,8.255,0.6,32.16,19.473,2.3374,0.0329,0.0955,9.3613
18,53.6,63.0,8.89,0.6,32.16,19.4643,2.3764,0.0335,0.0955,9.3613
18,53.6,63.0,9.525,0.6,32.16,19.4552,2.418,0.0341,0.0955,9.3613
18,53.6,63.0,10.16,0.6,32.16,19.4454,2.462,0.0347,0.0955,9.3613
18,53.6,63.0,10.795,0.6,32.16,19.4352,2.5085,0.0353,0.0955,9.3613
18,53.6,63.0,11.43,0.6,32.16,19.4244,2.5574,0.036,0.0955,9.3613
18,53.6,63.0,12.065,0.6,32.16,19.4131,2.6088,0.0367,0.0955,9.3613
18,53.6,63.0,6.985,0.7,37.52,19.4892,2.2642,0.0319,0.0829,8.0334
18,53.6,63.0,7.62,0.7,37.52,19.4817,2.2981,0.0324,0.0829,8.0334
18,53.6,63.0,8.255,0.7,37.52,19.4736,2.3345,0.0329,0.0829,8.0334
18,53.6,63.0,8.89,0.7,37.52,19.465,2.3734,0.0334,0.0829,8.0334
18,53.6,63.0,9.525,0.7,37.52,19.4558,2.4149,0.034,0.0829,8.0334
18,53.6,63.0,10.16,0.7,37.52,19.4461,2.4588,0.0346,0.0829,8.0334
18,53.6,63.0,10.795,0.7,37.52,19.4359,2.5052,0.0353,0.0829,8.0334
18,53.6,63.0,11.43,0.7,37.52,19.4252,2.554,0.0359,0.0829,8.0334
18,53.6,63.0,12.065,0.7,37.52,19.4139,2.6052,0.0366,0.0829,8.0334
18,53.6,63.0,6.985,0.8,42.88,19.4897,2.2617,0.0319,0.0734,7.0345
18,53.6,63.0,7.62,0.8,42.88,19.4822,2.2956,0.0324,0.0734,7.0345
18,53.6,63.0,8.255,0.8,42.88,19.4742,2.3319,0.0329,0.0734,7.0345
18,53.6,63.0,8.89,0.8,42.88,19.4656,2.3708,0.0334,0.0734,7.0345
18,53.6,63.0,9.525,0.8,42.88,19.4565,2.4121,0.034,0.0734,7.0345
18,53.6,63.0,10.16,0.8,42.88,19.4468,2.4559,0.0346,0.0734,7.0345
18,53.6,63.0,10.795,0.8,42.88,19.4366,2.5022,0.0352,0.0734,7.0345
18,53.6,63.0,11.43,0.8,42.88,19.4258,2.5509,0.0359,0.0734,7.0345
18,53.6,63.0,12.065,0.8,42.88,19.4146,2.6019,0.0366,0.0734,7.0345
18,53.6,63.0,6.985,0.9,48.24,19.4902,2.2595,0.0319,0.0659,6.2562
18,53.6,63.0,7.62,0.9,48.24,19.4827,2.2933,0.0323,0.0659,6.2562
18,53.6,63.0,8.255,0.9,48.24,19.4747,2.3296,0.0328,0.0659,6.2562
18,53.6,63.0,8.89,0.9,48.24,19.4661,2.3683,0.0334,0.0659,6.2562
18,53.6,63.0,9.525,0.9,48.24,19.457,2.4096,0.0339,0.0659,6.2562
18,53.6,63.0,10.16,0.9,48.24,19.4473,2.4533,0.0345,0.0659,6.2562
18,53.6,63.0,10.795,0.9,48.24,19.4372,2.4995,0.0352,0.0659,6.2562
18,53.6,63.0,11.43,0.9,48.24,19.4265,2.5481,0.0358,0.0659,6.2562
18,53.6,63.0,12.065,0.9,48.24,19.4152,2.599,0.0365,0.0659,6.2562
19,17.0,20.0,6.985,0.8,13.6,16.0361,20.2173,0.2477,0.2131,21.7021
19,17.0,20.0,6.985,0.9,15.3,16.0581,20.0849,0.2464,0.191,19.3873
19,17.0,20.0,7.62,0.9,15.3,16.0165,20.3352,0.249,0.191,19.3873
19,17.0,20.0,8.255,0.9,15.3,15.9724,20.601,0.2517,0.191,19.3873
19,17.0,20.0,8.89,0.9,15.3,15.9261,20.8813,0.2546,0.191,19.3873
19,22.0,25.0,6.985,0.7,15.4,17.4232,12.3802,0.1611,0.1899,19.2662
19,22.0,25.0,7.62,0.7,15.4,17.3908,12.5528,0.1631,0.1899,19.2662
19,22.0,25.0,8.255,0.7,15.4,17.3562,12.7371,0.1652,0.1899,19.2662
19,22.0,25.0,8.89,0.7,15.4,17.3197,12.9326,0.1675,0.1899,19.2662
19,22.0,25.0,6.985,0.8,17.6,17.4341,12.322,0.1604,0.1676,16.9321
19,22.0,25.0,7.62,0.8,17.6,17.402,12.4929,0.1624,0.1676,16.9321
19,22.0,25.0,8.255,0.8,17.6,17.3678,12.6754,0.1645,0.1676,16.9321
19,22.0,25.0,8.89,0.8,17.6,17.3316,12.8691,0.1668,0.1676,16.9321
19,22.0,25.0,9.525,0.8,17.6,17.2935,13.0733,0.1692,0.1676,16.9321
19,22.0,25.0,10.16,0.8,17.6,17.2537,13.2877,0.1716,0.1676,16.9321
19,22.0,25.0,10.795,0.8,17.6,17.2123,13.5115,0.1742,0.1676,16.9321
19,22.0,25.0,6.985,0.9,19.8,17.444,12.2695,0.1597,0.1501,15.0965
19,22.0,25.0,7.62,0.9,19.8,17.4121,12.4389,0.1617,0.1501,15.0965
19,22.0,25.0,8.255,0.9,19.8,17.3782,12.6199,0.1639,0.1501,15.0965
19,22.0,25.0,8.89,0.9,19.8,17.3423,12.8118,0.1661,0.1501,15.0965
19,22.0,25.0,9.525,0.9,19.8,17.3045,13.0142,0.1685,0.1501,15.0965
19,22.0,25.0,10.16,0.9,19.8,17.265,13.2266,0.1709,0.1501,15.0965
19,22.0,25.0,10.795,0.9,19.8,17.2239,13.4484,0.1735,0.1501,15.0965
19,22.0,25.0,11.43,0.9,19.8,17.1814,13.6788,0.1762,0.1501,15.0965
19,22.0,25.0,12.065,0.9,19.8,17.1375,13.9173,0.1789,0.1501,15.0965
19,27.2,32.0,6.985,0.5,13.6,18.2176,8.293,0.1114,0.2131,21.7021
19,27.2,32.0,6.985,0.6,16.32,18.2246,8.2582,0.111,0.1799,18.2174
19,27.2,32.0,7.62,0.6,16.32,18.2002,8.3797,0.1125,0.1799,18.2174
19,27.2,32.0,8.255,0.6,16.32,18.1742,8.5098,0.1141,0.1799,18.2174
19,27.2,32.0,8.89,0.6,16.32,18.1465,8.6482,0.1158,0.1799,18.2174
19,27.2,32.0,9.525,0.6,16.32,18.1173,8.7949,0.1177,0.1799,18.2174
19,27.2,32.0,6.985,0.7,19.04,18.2307,8.2277,0.1106,0.1557,15.6844
19,27.2,32.0,7.62,0.7,19.04,18.2065,8.3483,0.1121,0.1557,15.6844
19,27.2,32.0,8.255,0.7,19.04,18.1807,8.4774,0.1137,0.1557,15.6844
19,27.2,32.0,8.89,0.7,19.04,18.1532,8.6148,0.1154,0.1557,15.6844
19,27.2,32.0,9.525,0.7,19.04,18.1241,8.7603,0.1172,0.1557,15.6844
19,27.2,32.0,10.16,0.7,19.04,18.0936,8.9136,0.1191,0.1557,15.6844
19,27.2,32.0,10.795,0.7,19.04,18.0617,9.0744,0.1211,0.1557,15.6844
19,27.2,32.0,11.43,0.7,19.04,18.0284,9.2424,0.1232,0.1557,15.6844
19,27.2,32.0,12.065,0.7,19.04,17.9939,9.4173,0.1254,0.1557,15.6844
19,27.2,32.0,6.985,0.8,21.76,18.2362,8.2006,0.1102,0.1375,13.7638
19,27.2,32.0,7.62,0.8,21.76,18.2121,8.3204,0.1117,0.1375,13.7638
19,27.2,32.0,8.255,0.8,21.76,18.1864,8.4486,0.1133,0.1375,13.7638
19,27.2,32.0,8.89,0.8,21.76,18.1591,8.5851,0.1151,0.1375,13.7638
19,27.2,32.0,9.525,0.8,21.76,18.1303,8.7296,0.1169,0.1375,13.7638
19,27.2,32.0,10.16,0.8,21.76,18.1,8.8818,0.1188,0.1375,13.7638
19,27.2,32.0,10.795,0.8,21.76,18.0682,9.0414,0.1207,0.1375,13.7638
19,27.2,32.0,11.43,0.8,21.76,18.0352,9.2082,0.1228,0.1375,13.7638
19,27.2,32.0,12.065,0.8,21.76,18.0009,9.3818,0.1249,0.1375,13.7638
19,27.2,32.0,6.985,0.9,24.48,18.2411,8.1761,0.1099,0.1231,12.259
19,27.2,32.0,7.62,0.9,24.48,18.2172,8.2951,0.1114,0.1231,12.259
19,27.2,32.0,8.255,0.9,24.48,18.1916,8.4226,0.113,0.1231,12.259
19,27.2,32.0,8.89,0.9,24.48,18.1645,8.5582,0.1147,0.1231,12.259
19,27.2,32.0,9.525,0.9,24.48,18.1358,8.7018,0.1165,0.1231,12.259
19,27.2,32.0,10.16,0.9,24.48,18.1057,8.853,0.1184,0.1231,12.259
19,27.2,32.0,10.795,0.9,24.48,18.0742,9.0116,0.1204,0.1231,12.259
19,27.2,32.0,11.43,0.9,24.48,18.0413,9.1773,0.1224,0.1231,12.259
19,27.2,32.0,12.065,0.9,24.48,18.0072,9.3497,0.1245,0.1231,12.259
19,34.0,40.0,6.985,0.4,13.6,18.8093,5.4143,0.0744,0.2131,21.7021
19,34.0,40.0,6.985,0.5,17.0,18.8131,5.396,0.0742,0.1731,17.5116
19,34.0,40.0,7.62,0.5,17.0,18.7958,5.4783,0.0753,0.1731,17.5116
19,34.0,40.0,8.255,0.5,17.0,18.7773,5.5667,0.0764,0.1731,17.5116
19,34.0,40.0,8.89,0.5,17.0,18.7575,5.6609,0.0777,0.1731,17.5116
19,34.0,40.0,9.525,0.5,17.0,18.7366,5.761,0.079,0.1731,17.5116
19,34.0,40.0,10.16,0.5,17.0,18.7145,5.8667,0.0803,0.1731,17.5116
19,34.0,40.0,6.985,0.6,20.4,18.8164,5.3804,0.074,0.146,14.6622
19,34.0,40.0,7.62,0.6,20.4,18.7992,5.4623,0.0751,0.146,14.6622
19,34.0,40.0,8.255,0.6,20.4,18.7807,5.5501,0.0762,0.146,14.6622
19,34.0,40.0,8.89,0.6,20.4,18.7611,5.6438,0.0774,0.146,14.6622
19,34.0,40.0,9.525,0.6,20.4,18.7403,5.7432,0.0787,0.146,14.6622
19,34.0,40.0,10.16,0.6,20.4,18.7183,5.8482,0.0801,0.146,14.6622
19,34.0,40.0,10.795,0.6,20.4,18.6952,5.9588,0.0815,0.146,14.6622
19,34.0,40.0,11.43,0.6,20.4,18.6711,6.0747,0.0831,0.146,14.6622
19,34.0,40.0,12.065,0.6,20.4,18.6459,6.1958,0.0846,0.146,14.6622
19,34.0,40.0,6.985,0.7,23.8,18.8193,5.3667,0.0738,0.1264,12.6038
19,34.0,40.0,7.62,0.7,23.8,18.8021,5.4482,0.0749,0.1264,12.6038
19,34.0,40.0,8.255,0.7,23.8,18.7838,5.5355,0.076,0.1264,12.6038
19,34.0,40.0,8.89,0.7,23.8,18.7642,5.6287,0.0772,0.1264,12.6038
19,34.0,40.0,9.525,0.7,23.8,18.7435,5.7276,0.0785,0.1264,12.6038
19,34.0,40.0,10.16,0.7,23.8,18.7217,5.8321,0.0799,0.1264,12.6038
19,34.0,40.0,10.795,0.7,23.8,18.6987,5.942,0.0813,0.1264,12.6038
19,34.0,40.0,11.43,0.7,23.8,18.6747,6.0573,0.0828,0.1264,12.6038
19,34.0,40.0,12.065,0.7,23.8,18.6497,6.1777,0.0844,0.1264,12.6038
19,34.0,40.0,6.985,0.8,27.2,18.8219,5.3545,0.0736,0.1116,11.049
19,34.0,40.0,7.62,0.8,27.2,18.8048,5.4356,0.0747,0.1116,11.049
19,34.0,40.0,8.255,0.8,27.2,18.7865,5.5226,0.0758,0.1116,11.049
19,34.0,40.0,8.89,0.8,27.2,18.7671,5.6153,0.0771,0.1116,11.049
19,34.0,40.0,9.525,0.8,27.2,18.7464,5.7137,0.0783,0.1116,11.049
19,34.0,40.0,10.16,0.8,27.2,18.7247,5.8177,0.0797,0.1116,11.049
19,34.0,40.0,10.795,0.8,27.2,18.7019,5.9271,0.0811,0.1116,11.049
19,34.0,40.0,11.43,0.8,27.2,18.678,6.0417,0.0826,0.1116,11.049
19,34.0,40.0,12.065,0.8,27.2,18.653,6.1615,0.0842,0.1116,11.049
19,34.0,40.0,6.985,0.9,30.6,18.8242,5.3435,0.0735,0.1,9.834
19,34.0,40.0,7.62,0.9,30.6,18.8072,5.4242,0.0746,0.1,9.834
19,34.0,40.0,8.255,0.9,30.6,18.789,5.5108,0.0757,0.1,9.834
19,34.0,40.0,8.89,0.9,30.6,18.7696,5.6031,0.0769,0.1,9.834
19,34.0,40.0,9.525,0.9,30.6,18.7491,5.7011,0.0782,0.1,9.834
19,34.0,40.0,10.16,0.9,30.6,18.7274,5.8046,0.0795,0.1,9.834
19,34.0,40.0,10.795,0.9,30.6,18.7047,5.9135,0.081,0.1,9.834
19,34.0,40.0,11.43,0.9,30.6,18.6809,6.0277,0.0824,0.1,9.834
19,34.0,40.0,12.065,0.9,30.6,18.6561,6.1469,0.084,0.1,9.834
19,42.6,50.0,6.985,0.4,17.04,19.2146,3.5168,0.0491,0.1728,17.4717
19,42.6,50.0,7.62,0.4,17.04,19.2027,3.5718,0.0498,0.1728,17.4717
19,42.6,50.0,8.255,0.4,17.04,19.1899,3.6309,0.0506,0.1728,17.4717
19,42.6,50.0,8.89,0.4,17.04,19.1762,3.694,0.0515,0.1728,17.4717
19,42.6,50.0,9.525,0.4,17.04,19.1617,3.761,0.0524,0.1728,17.4717
19,42.6,50.0,10.16,0.4,17.04,19.1464,3.832,0.0533,0.1728,17.4717
19,42.6,50.0,6.985,0.5,21.3,19.2164,3.5087,0.049,0.1402,14.0552
19,42.6,50.0,7.62,0.5,21.3,19.2045,3.5634,0.0497,0.1402,14.0552
19,42.6,50.0,8.255,0.5,21.3,19.1918,3.6222,0.0505,0.1402,14.0552
19,42.6,50.0,8.89,0.5,21.3,19.1782,3.6849,0.0514,0.1402,14.0552
19,42.6,50.0,9.525,0.5,21.3,19.1638,3.7517,0.0523,0.1402,14.0552
19,42.6,50.0,10.16,0.5,21.3,19.1485,3.8223,0.0532,0.1402,14.0552
19,42.6,50.0,10.795,0.5,21.3,19.1324,3.8968,0.0542,0.1402,14.0552
19,42.6,50.0,11.43,0.5,21.3,19.1156,3.9751,0.0553,0.1402,14.0552
19,42.6,50.0,12.065,0.5,21.3,19.0979,4.0571,0.0564,0.1402,14.0552
19,42.6,50.0,6.985,0.6,25.56,19.2179,3.5017,0.0489,0.1183,11.7484
19,42.6,50.0,7.62,0.6,25.56,19.2061,3.5562,0.0496,0.1183,11.7484
19,42.6,50.0,8.255,0.6,25.56,19.1934,3.6147,0.0504,0.1183,11.7484
19,42.6,50.0,8.89,0.6,25.56,19.1799,3.6773,0.0513,0.1183,11.7484
19,42.6,50.0,9.525,0.6,25.56,19.1655,3.7437,0.0522,0.1183,11.7484
19,42.6,50.0,10.16,0.6,25.56,19.1503,3.8141,0.0531,0.1183,11.7484
19,42.6,50.0,10.795,0.6,25.56,19.1343,3.8882,0.0541,0.1183,11.7484
19,42.6,50.0,11.43,0.6,25.56,19.1175,3.9662,0.0552,0.1183,11.7484
19,42.6,50.0,12.065,0.6,25.56,19.0999,4.0478,0.0563,0.1183,11.7484
19,42.6,50.0,6.985,0.7,29.82,19.2192,3.4956,0.0488,0.1024,10.0886
19,42.6,50.0,7.62,0.7,29.82,19.2074,3.5499,0.0495,0.1024,10.0886
19,42.6,50.0,8.255,0.7,29.82,19.1948,3.6082,0.0503,0.1024,10.0886
19,42.6,50.0,8.89,0.7,29.82,19.1813,3.6705,0.0512,0.1024,10.0886
19,42.6,50.0,9.525,0.7,29.82,19.167,3.7367,0.0521,0.1024,10.0886
19,42.6,50.0,10.16,0.7,29.82,19.1519,3.8068,0.053,0.1024,10.0886
19,42.6,50.0,10.795,0.7,29.82,19.1359,3.8807,0.054,0.1024,10.0886
19,42.6,50.0,11.43,0.7,29.82,19.1192,3.9583,0.0551,0.1024,10.0886
19,42.6,50.0,12.065,0.7,29.82,19.1017,4.0396,0.0561,0.1024,10.0886
19,42.6,50.0,6.985,0.8,34.08,19.2204,3.4901,0.0487,0.0905,8.8382
19,42.6,50.0,7.62,0.8,34.08,19.2087,3.5442,0.0495,0.0905,8.8382
19,42.6,50.0,8.255,0.8,34.08,19.1961,3.6024,0.0502,0.0905,8.8382
19,42.6,50.0,8.89,0.8,34.08,19.1826,3.6645,0.0511,0.0905,8.8382
19,42.6,50.0,9.525,0.8,34.08,19.1683,3.7305,0.052,0.0905,8.8382
19,42.6,50.0,10.16,0.8,34.08,19.1533,3.8003,0.0529,0.0905,8.8382
19,42.6,50.0,10.795,0.8,34.08,19.1374,3.8739,0.0539,0.0905,8.8382
19,42.6,50.0,11.43,0.8,34.08,19.1207,3.9513,0.055,0.0905,8.8382
19,42.6,50.0,12.065,0.8,34.08,19.1033,4.0323,0.056,0.0905,8.8382
19,42.6,50.0,6.985,0.9,38.34,19.2215,3.4851,0.0487,0.0812,7.8626
19,42.6,50.0,7.62,0.9,38.34,19.2098,3.5391,0.0494,0.0812,7.8626
19,42.6,50.0,8.255,0.9,38.34,19.1972,3.5971,0.0502,0.0812,7.8626
19,42.6,50.0,8.89,0.9,38.34,19.1838,3.659,0.051,0.0812,7.8626
19,42.6,50.0,9.525,0.9,38.34,19.1696,3.7248,0.0519,0.0812,7.8626
19,42.6,50.0,10.16,0.9,38.34,19.1545,3.7944,0.0528,0.0812,7.8626
19,42.6,50.0,10.795,0.9,38.34,19.1387,3.8678,0.0538,0.0812,7.8626
19,42.6,50.0,11.43,0.9,38.34,19.1221,3.9449,0.0549,0.0812,7.8626
19,42.6,50.0,12.065,0.9,38.34,19.1047,4.0257,0.056,0.0812,7.8626
19,53.6,63.0,6.985,0.3,16.08,19.4857,2.2799,0.0321,0.1824,18.48
19,53.6,63.0,7.62,0.3,16.08,19.4777,2.3161,0.0326,0.1824,18.48
19,53.6,63.0,8.255,0.3,16.08,19.4691,2.3551,0.0332,0.1824,18.48
19,53.6,63.0,8.89,0.3,16.08,19.4599,2.3967,0.0338,0.1824,18.48
19,53.6,63.0,9.525,0.3,16.08,19.4501,2.441,0.0344,0.1824,18.48
19,53.6,63.0,6.985,0.4,21.44,19.4867,2.2755,0.0321,0.1394,13.9653
19,53.6,63.0,7.62,0.4,21.44,19.4787,2.3116,0.0326,0.1394,13.9653
19,53.6,63.0,8.255,0.4,21.44,19.4701,2.3504,0.0331,0.1394,13.9653
19,53.6,63.0,8.89,0.4,21.44,19.4609,2.3918,0.0337,0.1394,13.9653
19,53.6,63.0,9.525,0.4,21.44,19.4512,2.4359,0.0343,0.1394,13.9653
19,53.6,63.0,10.16,0.4,21.44,19.4409,2.4827,0.0349,0.1394,13.9653
19,53.6,63.0,10.795,0.4,21.44,19.43,2.5321,0.0356,0.1394,13.9653
19,53.6,63.0,11.43,0.4,21.44,19.4185,2.5841,0.0363,0.1394,13.9653
19,53.6,63.0,12.065,0.4,21.44,19.4065,2.6386,0.0371,0.1394,13.9653
19,53.6,63.0,6.985,0.5,26.8,19.4875,2.2719,0.032,0.1131,11.2119
19,53.6,63.0,7.62,0.5,26.8,19.4795,2.3079,0.0325,0.1131,11.2119
19,53.6,63.0,8.255,0.5,26.8,19.471,2.3465,0.0331,0.1131,11.2119
19,53.6,63.0,8.89,0.5,26.8,19.4618,2.3878,0.0336,0.1131,11.2119
19,53.6,63.0,9.525,0.5,26.8,19.4521,2.4318,0.0342,0.1131,11.2119
19,53.6,63.0,10.16,0.5,26.8,19.4418,2.4784,0.0349,0.1131,11.2119
19,53.6,63.0,10.795,0.5,26.8,19.431,2.5276,0.0356,0.1131,11.2119
19,53.6,63.0,11.43,0.5,26.8,19.4196,2.5794,0.0363,0.1131,11.2119
19,53.6,63.0,12.065,0.5,26.8,19.4076,2.6337,0.037,0.1131,11.2119
19,53.6,63.0,6.985,0.6,32.16,19.4881,2.2688,0.032,0.0955,9.3613
19,53.6,63.0,7.62,0.6,32.16,19.4802,2.3047,0.0325,0.0955,9.3613
19,53.6,63.0,8.255,0.6,32.16,19.4717,2.3432,0.033,0.0955,9.3613
19,53.6,63.0,8.89,0.6,32.16,19.4626,2.3844,0.0336,0.0955,9.3613
19,53.6,63.0,9.525,0.6,32.16,19.4529,2.4283,0.0342,0.0955,9.3613
19,53.6,63.0,10.16,0.6,32.16,19.4426,2.4747,0.0348,0.0955,9.3613
19,53.6,63.0,10.795,0.6,32.16,19.4318,2.5238,0.0355,0.0955,9.3613
19,53.6,63.0,11.43,0.6,32.16,19.4204,2.5754,0.0362,0.0955,9.3613
19,53.6,63.0,12.065,0.6,32.16,19.4085,2.6296,0.037,0.0955,9.3613
19,53.6,63.0,6.985,0.7,37.52,19.4887,2.2661,0.032,0.0829,8.0334
19,53.6,63.0,7.62,0.7,37.52,19.4808,2.3019,0.0324,0.0829,8.0334
19,53.6,63.0,8.255,0.7,37.52,19.4723,2.3403,0.033,0.0829,8.0334
19,53.6,63.0,8.89,0.7,37.52,19.4632,2.3814,0.0335,0.0829,8.0334
19,53.6,63.0,9.525,0.7,37.52,19.4536,2.4251,0.0342,0.0829,8.0334
19,53.6,63.0,10.16,0.7,37.52,19.4433,2.4715,0.0348,0.0829,8.0334
19,53.6,63.0,10.795,0.7,37.52,19.4325,2.5204,0.0355,0.0829,8.0334
19,53.6,63.0,11.43,0.7,37.52,19.4212,2.5719,0.0362,0.0829,8.0334
19,53.6,63.0,12.065,0.7,37.52,19.4093,2.6259,0.0369,0.0829,8.0334
19,53.6,63.0,6.985,0.8,42.88,19.4893,2.2637,0.0319,0.0734,7.0345
19,53.6,63.0,7.62,0.8,42.88,19.4814,2.2993,0.0324,0.0734,7.0345
19,53.6,63.0,8.255,0.8,42.88,19.4729,2.3377,0.0329,0.0734,7.0345
19,53.6,63.0,8.89,0.8,42.88,19.4638,2.3787,0.0335,0.0734,7.0345
19,53.6,63.0,9.525,0.8,42.88,19.4542,2.4223,0.0341,0.0734,7.0345
19,53.6,63.0,10.16,0.8,42.88,19.444,2.4686,0.0348,0.0734,7.0345
19,53.6,63.0,10.795,0.8,42.88,19.4332,2.5174,0.0354,0.0734,7.0345
19,53.6,63.0,11.43,0.8,42.88,19.4219,2.5688,0.0361,0.0734,7.0345
19,53.6,63.0,12.065,0.8,42.88,19.41,2.6226,0.0369,0.0734,7.0345
19,53.6,63.0,6.985,0.9,48.24,19.4898,2.2614,0.0319,0.0659,6.2562
19,53.6,63.0,7.62,0.9,48.24,19.4819,2.2971,0.0324,0.0659,6.2562
19,53.6,63.0,8.255,0.9,48.24,19.4734,2.3354,0.0329,0.0659,6.2562
19,53.6,63.0,8.89,0.9,48.24,19.4644,2.3763,0.0335,0.0659,6.2562
19,53.6,63.0,9.525,0.9,48.24,19.4547,2.4198,0.0341,0.0659,6.2562
19,53.6,63.0,10.16,0.9,48.24,19.4446,2.466,0.0347,0.0659,6.2562
19,53.6,63.0,10.795,0.9,48.24,19.4338,2.5147,0.0354,0.0659,6.2562
19,53.6,63.0,11.43,0.9,48.24,19.4225,2.5659,0.0361,0.0659,6.2562
19,53.6,63.0,12.065,0.9,48.24,19.4107,2.6197,0.0368,0.0659,6.2562
20,17.0,20.0,6.985,0.8,13.6,16.0338,20.2309,0.2479,0.2131,21.7021
20,17.0,20.0,6.985,0.9,15.3,16.0559,20.0984,0.2465,0.191,19.3873
20,17.0,20.0,7.62,0.9,15.3,16.0121,20.3617,0.2492,0.191,19.3873
20,17.0,20.0,8.255,0.9,15.3,15.9657,20.6413,0.2521,0.191,19.3873
20,17.0,20.0,8.89,0.9,15.3,15.9171,20.9359,0.2552,0.191,19.3873
20,22.0,25.0,6.985,0.7,15.4,17.4214,12.3895,0.1612,0.1899,19.2662
20,22.0,25.0,7.62,0.7,15.4,17.3873,12.5711,0.1633,0.1899,19.2662
20,22.0,25.0,8.255,0.7,15.4,17.351,12.765,0.1656,0.1899,19.2662
20,22.0,25.0,8.89,0.7,15.4,17.3126,12.9706,0.168,0.1899,19.2662
20,22.0,25.0,6.985,0.8,17.6,17.4324,12.3312,0.1605,0.1676,16.9321
20,22.0,25.0,7.62,0.8,17.6,17.3986,12.511,0.1626,0.1676,16.9321
20,22.0,25.0,8.255,0.8,17.6,17.3626,12.703,0.1648,0.1676,16.9321
20,22.0,25.0,8.89,0.8,17.6,17.3246,12.9067,0.1672,0.1676,16.9321
20,22.0,25.0,9.525,0.8,17.6,17.2846,13.1215,0.1697,0.1676,16.9321
20,22.0,25.0,10.16,0.8,17.6,17.2427,13.3467,0.1723,0.1676,16.9321
20,22.0,25.0,10.795,0.8,17.6,17.1993,13.5819,0.175,0.1676,16.9321
20,22.0,25.0,6.985,0.9,19.8,17.4423,12.2786,0.1599,0.1501,15.0965
20,22.0,25.0,7.62,0.9,19.8,17.4088,12.4569,0.162,0.1501,15.0965
20,22.0,25.0,8.255,0.9,19.8,17.3731,12.6472,0.1642,0.1501,15.0965
20,22.0,25.0,8.89,0.9,19.8,17.3353,12.8491,0.1665,0.1501,15.0965
20,22.0,25.0,9.525,0.9,19.8,17.2956,13.0619,0.169,0.1501,15.0965
20,22.0,25.0,10.16,0.9,19.8,17.2542,13.2851,0.1716,0.1501,15.0965
20,22.0,25.0,10.795,0.9,19.8,17.211,13.5181,0.1743,0.1501,15.0965
20,22.0,25.0,11.43,0.9,19.8,17.1664,13.7601,0.1771,0.1501,15.0965
20,22.0,25.0,12.065,0.9,19.8,17.1204,14.0105,0.18,0.1501,15.0965
20,27.2,32.0,6.985,0.5,13.6,18.2163,8.2996,0.1115,0.2131,21.7021
20,27.2,32.0,6.985,0.6,16.32,18.2233,8.2647,0.111,0.1799,18.2174
20,27.2,32.0,7.62,0.6,16.32,18.1977,8.3926,0.1126,0.1799,18.2174
20,27.2,32.0,8.255,0.6,16.32,18.1702,8.5294,0.1144,0.1799,18.2174
20,27.2,32.0,8.89,0.6,16.32,18.1411,8.6751,0.1162,0.1799,18.2174
20,27.2,32.0,9.525,0.6,16.32,18.1104,8.8293,0.1181,0.1799,18.2174
20,27.2,32.0,6.985,0.7,19.04,18.2294,8.2342,0.1107,0.1557,15.6844
20,27.2,32.0,7.62,0.7,19.04,18.204,8.3611,0.1123,0.1557,15.6844
20,27.2,32.0,8.255,0.7,19.04,18.1767,8.497,0.114,0.1557,15.6844
20,27.2,32.0,8.89,0.7,19.04,18.1478,8.6415,0.1158,0.1557,15.6844
20,27.2,32.0,9.525,0.7,19.04,18.1173,8.7945,0.1177,0.1557,15.6844
20,27.2,32.0,10.16,0.7,19.04,18.0853,8.9557,0.1197,0.1557,15.6844
20,27.2,32.0,10.795,0.7,19.04,18.0517,9.1248,0.1218,0.1557,15.6844
20,27.2,32.0,11.43,0.7,19.04,18.0168,9.3014,0.124,0.1557,15.6844
20,27.2,32.0,12.065,0.7,19.04,17.9805,9.4852,0.1262,0.1557,15.6844
20,27.2,32.0,6.985,0.8,21.76,18.2349,8.207,0.1103,0.1375,13.7638
20,27.2,32.0,7.62,0.8,21.76,18.2096,8.3331,0.1119,0.1375,13.7638
20,27.2,32.0,8.255,0.8,21.76,18.1825,8.468,0.1136,0.1375,13.7638
20,27.2,32.0,8.89,0.8,21.76,18.1538,8.6116,0.1154,0.1375,13.7638
20,27.2,32.0,9.525,0.8,21.76,18.1235,8.7635,0.1173,0.1375,13.7638
20,27.2,32.0,10.16,0.8,21.76,18.0916,8.9236,0.1193,0.1375,13.7638
20,27.2,32.0,10.795,0.8,21.76,18.0583,9.0914,0.1214,0.1375,13.7638
20,27.2,32.0,11.43,0.8,21.76,18.0236,9.2667,0.1235,0.1375,13.7638
20,27.2,32.0,12.065,0.8,21.76,17.9876,9.4491,0.1258,0.1375,13.7638
20,27.2,32.0,6.985,0.9,24.48,18.2398,8.1825,0.11,0.1231,12.259
20,27.2,32.0,7.62,0.9,24.48,18.2147,8.3078,0.1116,0.1231,12.259
20,27.2,32.0,8.255,0.9,24.48,18.1878,8.4419,0.1133,0.1231,12.259
20,27.2,32.0,8.89,0.9,24.48,18.1592,8.5845,0.115,0.1231,12.259
20,27.2,32.0,9.525,0.9,24.48,18.1291,8.7355,0.1169,0.1231,12.259
20,27.2,32.0,10.16,0.9,24.48,18.0974,8.8945,0.1189,0.1231,12.259
20,27.2,32.0,10.795,0.9,24.48,18.0643,9.0613,0.121,0.1231,12.259
20,27.2,32.0,11.43,0.9,24.48,18.0298,9.2354,0.1231,0.1231,12.259
20,27.2,32.0,12.065,0.9,24.48,17.994,9.4166,0.1254,0.1231,12.259
20,34.0,40.0,6.985,0.4,13.6,18.8083,5.4187,0.0745,0.2131,21.7021
20,34.0,40.0,6.985,0.5,17.0,18.8122,5.4004,0.0742,0.1731,17.5116
20,34.0,40.0,7.62,0.5,17.0,18.794,5.4871,0.0754,0.1731,17.5116
20,34.0,40.0,8.255,0.5,17.0,18.7745,5.58,0.0766,0.1731,17.5116
20,34.0,40.0,8.89,0.5,17.0,18.7537,5.6792,0.0779,0.1731,17.5116
20,34.0,40.0,9.525,0.5,17.0,18.7316,5.7845,0.0793,0.1731,17.5116
20,34.0,40.0,10.16,0.5,17.0,18.7084,5.8957,0.0807,0.1731,17.5116
20,34.0,40.0,6.985,0.6,20.4,18.8155,5.3848,0.074,0.146,14.6622
20,34.0,40.0,7.62,0.6,20.4,18.7974,5.471,0.0752,0.146,14.6622
20,34.0,40.0,8.255,0.6,20.4,18.778,5.5634,0.0764,0.146,14.6622
20,34.0,40.0,8.89,0.6,20.4,18.7573,5.6619,0.0777,0.146,14.6622
20,34.0,40.0,9.525,0.6,20.4,18.7354,5.7665,0.079,0.146,14.6622
20,34.0,40.0,10.16,0.6,20.4,18.7123,5.877,0.0805,0.146,14.6622
20,34.0,40.0,10.795,0.6,20.4,18.688,5.9933,0.082,0.146,14.6622
20,34.0,40.0,11.43,0.6,20.4,18.6627,6.1152,0.0836,0.146,14.6622
20,34.0,40.0,12.065,0.6,20.4,18.6362,6.2426,0.0852,0.146,14.6622
20,34.0,40.0,6.985,0.7,23.8,18.8184,5.3711,0.0739,0.1264,12.6038
20,34.0,40.0,7.62,0.7,23.8,18.8003,5.4568,0.075,0.1264,12.6038
20,34.0,40.0,8.255,0.7,23.8,18.781,5.5488,0.0762,0.1264,12.6038
20,34.0,40.0,8.89,0.7,23.8,18.7605,5.6468,0.0775,0.1264,12.6038
20,34.0,40.0,9.525,0.7,23.8,18.7387,5.7508,0.0788,0.1264,12.6038
20,34.0,40.0,10.16,0.7,23.8,18.7157,5.8607,0.0803,0.1264,12.6038
20,34.0,40.0,10.795,0.7,23.8,18.6916,5.9764,0.0818,0.1264,12.6038
20,34.0,40.0,11.43,0.7,23.8,18.6663,6.0976,0.0834,0.1264,12.6038
20,34.0,40.0,12.065,0.7,23.8,18.64,6.2242,0.085,0.1264,12.6038
20,34.0,40.0,6.985,0.8,27.2,18.8209,5.3589,0.0737,0.1116,11.049
20,34.0,40.0,7.62,0.8,27.2,18.803,5.4442,0.0748,0.1116,11.049
20,34.0,40.0,8.255,0.8,27.2,18.7838,5.5357,0.076,0.1116,11.049
20,34.0,40.0,8.89,0.8,27.2,18.7633,5.6333,0.0773,0.1116,11.049
20,34.0,40.0,9.525,0.8,27.2,18.7416,5.7368,0.0786,0.1116,11.049
20,34.0,40.0,10.16,0.8,27.2,18.7187,5.8462,0.0801,0.1116,11.049
20,34.0,40.0,10.795,0.8,27.2,18.6947,5.9612,0.0816,0.1116,11.049
20,34.0,40.0,11.43,0.8,27.2,18.6696,6.0818,0.0831,0.1116,11.049
20,34.0,40.0,12.065,0.8,27.2,18.6434,6.2077,0.0848,0.1116,11.049
20,34.0,40.0,6.985,0.9,30.6,18.8233,5.3478,0.0735,0.1,9.834
20,34.0,40.0,7.62,0.9,30.6,18.8054,5.4328,0.0747,0.1,9.834
20,34.0,40.0,8.255,0.9,30.6,18.7862,5.5239,0.0759,0.1,9.834
20,34.0,40.0,8.89,0.9,30.6,18.7659,5.621,0.0771,0.1,9.834
20,34.0,40.0,9.525,0.9,30.6,18.7443,5.7241,0.0785,0.1,9.834
20,34.0,40.0,10.16,0.9,30.6,18.7215,5.833,0.0799,0.1,9.834
20,34.0,40.0,10.795,0.9,30.6,18.6976,5.9475,0.0814,0.1,9.834
20,34.0,40.0,11.43,0.9,30.6,18.6726,6.0675,0.083,0.1,9.834
20,34.0,40.0,12.065,0.9,30.6,18.6465,6.1929,0.0846,0.1,9.834
20,42.6,50.0,6.985,0.4,17.04,19.214,3.5198,0.0491,0.1728,17.4717
20,42.6,50.0,7.62,0.4,17.04,19.2014,3.5777,0.0499,0.1728,17.4717
20,42.6,50.0,8.255,0.4,17.04,19.188,3.6398,0.0508,0.1728,17.4717
20,42.6,50.0,8.89,0.4,17.04,19.1736,3.7062,0.0517,0.1728,17.4717
20,42.6,50.0,9.525,0.4,17.04,19.1583,3.7768,0.0526,0.1728,17.4717
20,42.6,50.0,10.16,0.4,17.04,19.1422,3.8515,0.0536,0.1728,17.4717
20,42.6,50.0,6.985,0.5,21.3,19.2157,3.5116,0.049,0.1402,14.0552
20,42.6,50.0,7.62,0.5,21.3,19.2033,3.5692,0.0498,0.1402,14.0552
20,42.6,50.0,8.255,0.5,21.3,19.1899,3.6311,0.0506,0.1402,14.0552
20,42.6,50.0,8.89,0.5,21.3,19.1756,3.6971,0.0515,0.1402,14.0552
20,42.6,50.0,9.525,0.5,21.3,19.1604,3.7674,0.0525,0.1402,14.0552
20,42.6,50.0,10.16,0.5,21.3,19.1443,3.8417,0.0535,0.1402,14.0552
20,42.6,50.0,10.795,0.5,21.3,19.1274,3.9201,0.0545,0.1402,14.0552
20,42.6,50.0,11.43,0.5,21.3,19.1097,4.0024,0.0556,0.1402,14.0552
20,42.6,50.0,12.065,0.5,21.3,19.0911,4.0887,0.0568,0.1402,14.0552
20,42.6,50.0,6.985,0.6,25.56,19.2173,3.5046,0.0489,0.1183,11.7484
20,42.6,50.0,7.62,0.6,25.56,19.2048,3.562,0.0497,0.1183,11.7484
20,42.6,50.0,8.255,0.6,25.56,19.1915,3.6236,0.0505,0.1183,11.7484
20,42.6,50.0,8.89,0.6,25.56,19.1772,3.6894,0.0514,0.1183,11.7484
20,42.6,50.0,9.525,0.6,25.56,19.1621,3.7593,0.0524,0.1183,11.7484
20,42.6,50.0,10.16,0.6,25.56,19.1461,3.8333,0.0534,0.1183,11.7484
20,42.6,50.0,10.795,0.6,25.56,19.1293,3.9114,0.0544,0.1183,11.7484
20,42.6,50.0,11.43,0.6,25.56,19.1116,3.9933,0.0555,0.1183,11.7484
20,42.6,50.0,12.065,0.6,25.56,19.0932,4.0792,0.0567,0.1183,11.7484
20,42.6,50.0,6.985,0.7,29.82,19.2186,3.4985,0.0488,0.1024,10.0886
20,42.6,50.0,7.62,0.7,29.82,19.2062,3.5557,0.0496,0.1024,10.0886
20,42.6,50.0,8.255,0.7,29.82,19.1929,3.617,0.0504,0.1024,10.0886
20,42.6,50.0,8.89,0.7,29.82,19.1787,3.6826,0.0513,0.1024,10.0886
20,42.6,50.0,9.525,0.7,29.82,19.1636,3.7523,0.0523,0.1024,10.0886
20,42.6,50.0,10.16,0.7,29.82,19.1477,3.826,0.0533,0.1024,10.0886
20,42.6,50.0,10.795,0.7,29.82,19.1309,3.9037,0.0543,0.1024,10.0886
20,42.6,50.0,11.43,0.7,29.82,19.1134,3.9854,0.0554,0.1024,10.0886
20,42.6,50.0,12.065,0.7,29.82,19.095,4.0709,0.0566,0.1024,10.0886
20,42.6,50.0,6.985,0.8,34.08,19.2198,3.493,0.0488,0.0905,8.8382
20,42.6,50.0,7.62,0.8,34.08,19.2074,3.55,0.0495,0.0905,8.8382
20,42.6,50.0,8.255,0.8,34.08,19.1942,3.6112,0.0504,0.0905,8.8382
20,42.6,50.0,8.89,0.8,34.08,19.18,3.6765,0.0512,0.0905,8.8382
20,42.6,50.0,9.525,0.8,34.08,19.165,3.7459,0.0522,0.0905,8.8382
20,42.6,50.0,10.16,0.8,34.08,19.1491,3.8194,0.0532,0.0905,8.8382
20,42.6,50.0,10.795,0.8,34.08,19.1324,3.8969,0.0542,0.0905,8.8382
20,42.6,50.0,11.43,0.8,34.08,19.1149,3.9783,0.0553,0.0905,8.8382
20,42.6,50.0,12.065,0.8,34.08,19.0965,4.0635,0.0565,0.0905,8.8382
20,42.6,50.0,6.985,0.9,38.34,19.2209,3.488,0.0487,0.0812,7.8626
20,42.6,50.0,7.62,0.9,38.34,19.2085,3.5449,0.0495,0.0812,7.8626
20,42.6,50.0,8.255,0.9,38.34,19.1953,3.6059,0.0503,0.0812,7.8626
20,42.6,50.0,8.89,0.9,38.34,19.1812,3.671,0.0512,0.0812,7.8626
20,42.6,50.0,9.525,0.9,38.34,19.1662,3.7402,0.0521,0.0812,7.8626
20,42.6,50.0,10.16,0.9,38.34,19.1504,3.8135,0.0531,0.0812,7.8626
20,42.6,50.0,10.795,0.9,38.34,19.1338,3.8907,0.0541,0.0812,7.8626
20,42.6,50.0,11.43,0.9,38.34,19.1163,3.9718,0.0552,0.0812,7.8626
20,42.6,50.0,12.065,0.9,38.34,19.098,4.0568,0.0564,0.0812,7.8626
20,53.6,63.0,6.985,0.3,16.08,19.4853,2.2819,0.0322,0.1824,18.48
20,53.6,63.0,7.62,0.3,16.08,19.4768,2.32,0.0327,0.1824,18.48
20,53.6,63.0,8.255,0.3,16.08,19.4678,2.3609,0.0333,0.1824,18.48
20,53.6,63.0,8.89,0.3,16.08,19.4581,2.4048,0.0339,0.1824,18.48
20,53.6,63.0,9.525,0.3,16.08,19.4478,2.4514,0.0345,0.1824,18.48
20,53.6,63.0,6.985,0.4,21.44,19.4862,2.2775,0.0321,0.1394,13.9653
20,53.6,63.0,7.62,0.4,21.44,19.4778,2.3154,0.0326,0.1394,13.9653
20,53.6,63.0,8.255,0.4,21.44,19.4688,2.3562,0.0332,0.1394,13.9653
20,53.6,63.0,8.89,0.4,21.44,19.4592,2.3999,0.0338,0.1394,13.9653
20,53.6,63.0,9.525,0.4,21.44,19.4489,2.4463,0.0344,0.1394,13.9653
20,53.6,63.0,10.16,0.4,21.44,19.438,2.4955,0.0351,0.1394,13.9653
20,53.6,63.0,10.795,0.4,21.44,19.4266,2.5475,0.0358,0.1394,13.9653
20,53.6,63.0,11.43,0.4,21.44,19.4145,2.6021,0.0366,0.1394,13.9653
20,53.6,63.0,12.065,0.4,21.44,19.4019,2.6595,0.0374,0.1394,13.9653
20,53.6,63.0,6.985,0.5,26.8,19.487,2.2738,0.0321,0.1131,11.2119
20,53.6,63.0,7.62,0.5,26.8,19.4787,2.3117,0.0326,0.1131,11.2119
20,53.6,63.0,8.255,0.5,26.8,19.4697,2.3524,0.0331,0.1131,11.2119
20,53.6,63.0,8.89,0.5,26.8,19.46,2.3958,0.0337,0.1131,11.2119
20,53.6,63.0,9.525,0.5,26.8,19.4498,2.4421,0.0344,0.1131,11.2119
20,53.6,63.0,10.16,0.5,26.8,19.439,2.4912,0.0351,0.1131,11.2119
20,53.6,63.0,10.795,0.5,26.8,19.4276,2.5429,0.0358,0.1131,11.2119
20,53.6,63.0,11.43,0.5,26.8,19.4156,2.5974,0.0365,0.1131,11.2119
20,53.6,63.0,12.065,0.5,26.8,19.403,2.6546,0.0373,0.1131,11.2119
20,53.6,63.0,6.985,0.6,32.16,19.4877,2.2707,0.032,0.0955,9.3613
20,53.6,63.0,7.62,0.6,32.16,19.4794,2.3085,0.0325,0.0955,9.3613
20,53.6,63.0,8.255,0.6,32.16,19.4704,2.349,0.0331,0.0955,9.3613
20,53.6,63.0,8.89,0.6,32.16,19.4608,2.3924,0.0337,0.0955,9.3613
20,53.6,63.0,9.525,0.6,32.16,19.4506,2.4385,0.0343,0.0955,9.3613
20,53.6,63.0,10.16,0.6,32.16,19.4398,2.4874,0.035,0.0955,9.3613
20,53.6,63.0,10.795,0.6,32.16,19.4284,2.5391,0.0357,0.0955,9.3613
20,53.6,63.0,11.43,0.6,32.16,19.4165,2.5934,0.0365,0.0955,9.3613
20,53.6,63.0,12.065,0.6,32.16,19.4039,2.6503,0.0373,0.0955,9.3613
20,53.6,63.0,6.985,0.7,37.52,19.4883,2.268,0.032,0.0829,8.0334
20,53.6,63.0,7.62,0.7,37.52,19.48,2.3057,0.0325,0.0829,8.0334
20,53.6,63.0,8.255,0.7,37.52,19.471,2.3461,0.0331,0.0829,8.0334
20,53.6,63.0,8.89,0.7,37.52,19.4615,2.3894,0.0337,0.0829,8.0334
20,53.6,63.0,9.525,0.7,37.52,19.4513,2.4354,0.0343,0.0829,8.0334
20,53.6,63.0,10.16,0.7,37.52,19.4405,2.4842,0.035,0.0829,8.0334
20,53.6,63.0,10.795,0.7,37.52,19.4292,2.5356,0.0357,0.0829,8.0334
20,53.6,63.0,11.43,0.7,37.52,19.4173,2.5898,0.0364,0.0829,8.0334
20,53.6,63.0,12.065,0.7,37.52,19.4047,2.6466,0.0372,0.0829,8.0334
20,53.6,63.0,6.985,0.8,42.88,19.4889,2.2656,0.0319,0.0734,7.0345
20,53.6,63.0,7.62,0.8,42.88,19.4805,2.3031,0.0325,0.0734,7.0345
20,53.6,63.0,8.255,0.8,42.88,19.4716,2.3435,0.033,0.0734,7.0345
20,53.6,63.0,8.89,0.8,42.88,19.4621,2.3867,0.0336,0.0734,7.0345
20,53.6,63.0,9.525,0.8,42.88,19.4519,2.4326,0.0343,0.0734,7.0345
20,53.6,63.0,10.16,0.8,42.88,19.4412,2.4812,0.0349,0.0734,7.0345
20,53.6,63.0,10.795,0.8,42.88,19.4299,2.5326,0.0356,0.0734,7.0345
20,53.6,63.0,11.43,0.8,42.88,19.418,2.5866,0.0364,0.0734,7.0345
20,53.6,63.0,12.065,0.8,42.88,19.4055,2.6433,0.0372,0.0734,7.0345
20,53.6,63.0,6.985,0.9,48.24,19.4894,2.2634,0.0319,0.0659,6.2562
20,53.6,63.0,7.62,0.9,48.24,19.4811,2.3009,0.0324,0.0659,6.2562
20,53.6,63.0,8.255,0.9,48.24,19.4721,2.3411,0.033,0.0659,6.2562
20,53.6,63.0,8.89,0.9,48.24,19.4626,2.3842,0.0336,0.0659,6.2562
20,53.6,63.0,9.525,0.9,48.24,19.4525,2.43,0.0342,0.0659,6.2562
20,53.6,63.0,10.16,0.9,48.24,19.4418,2.4786,0.0349,0.0659,6.2562
20,53.6,63.0,10.795,0.9,48.24,19.4305,2.5298,0.0356,0.0659,6.2562
20,53.6,63.0,11.43,0.9,48.24,19.4186,2.5838,0.0363,0.0659,6.2562
20,53.6,63.0,12.065,0.9,48.24,19.4061,2.6403,0.0371,0.0659,6.2562
21,17.0,20.0,6.985,0.8,13.6,16.0315,20.2446,0.248,0.2131,21.7021
21,17.0,20.0,6.985,0.9,15.3,16.0536,20.1119,0.2466,0.191,19.3873
21,17.0,20.0,7.62,0.9,15.3,16.0077,20.3882,0.2495,0.191,19.3873
21,17.0,20.0,8.255,0.9,15.3,15.9591,20.6815,0.2526,0.191,19.3873
21,17.0,20.0,8.89,0.9,15.3,15.9082,20.9904,0.2557,0.191,19.3873
21,22.0,25.0,6.985,0.7,15.4,17.4197,12.3988,0.1613,0.1899,19.2662
21,22.0,25.0,7.62,0.7,15.4,17.3839,12.5894,0.1635,0.1899,19.2662
21,22.0,25.0,8.255,0.7,15.4,17.3458,12.7928,0.1659,0.1899,19.2662
21,22.0,25.0,8.89,0.7,15.4,17.3056,13.0086,0.1684,0.1899,19.2662
21,22.0,25.0,6.985,0.8,17.6,17.4307,12.3404,0.1606,0.1676,16.9321
21,22.0,25.0,7.62,0.8,17.6,17.3952,12.5292,0.1628,0.1676,16.9321
21,22.0,25.0,8.255,0.8,17.6,17.3574,12.7306,0.1652,0.1676,16.9321
21,22.0,25.0,8.89,0.8,17.6,17.3175,12.9443,0.1677,0.1676,16.9321
21,22.0,25.0,9.525,0.8,17.6,17.2756,13.1695,0.1703,0.1676,16.9321
21,22.0,25.0,10.16,0.8,17.6,17.2318,13.4057,0.173,0.1676,16.9321
21,22.0,25.0,10.795,0.8,17.6,17.1863,13.6522,0.1759,0.1676,16.9321
21,22.0,25.0,6.985,0.9,19.8,17.4406,12.2877,0.16,0.1501,15.0965
21,22.0,25.0,7.62,0.9,19.8,17.4054,12.4749,0.1622,0.1501,15.0965
21,22.0,25.0,8.255,0.9,19.8,17.3679,12.6746,0.1645,0.1501,15.0965
21,22.0,25.0,8.89,0.9,19.8,17.3284,12.8863,0.167,0.1501,15.0965
21,22.0,25.0,9.525,0.9,19.8,17.2868,13.1095,0.1696,0.1501,15.0965
21,22.0,25.0,10.16,0.9,19.8,17.2433,13.3436,0.1723,0.1501,15.0965
21,22.0,25.0,10.795,0.9,19.8,17.1982,13.5877,0.1751,0.1501,15.0965
21,22.0,25.0,11.43,0.9,19.8,17.1515,13.8413,0.178,0.1501,15.0965
21,22.0,25.0,12.065,0.9,19.8,17.1034,14.1035,0.181,0.1501,15.0965
21,27.2,32.0,6.985,0.5,13.6,18.215,8.3062,0.1116,0.2131,21.7021
21,27.2,32.0,6.985,0.6,16.32,18.222,8.2712,0.1111,0.1799,18.2174
21,27.2,32.0,7.62,0.6,16.32,18.1951,8.4054,0.1128,0.1799,18.2174
21,27.2,32.0,8.255,0.6,16.32,18.1663,8.5491,0.1146,0.1799,18.2174
21,27.2,32.0,8.89,0.6,16.32,18.1358,8.702,0.1165,0.1799,18.2174
21,27.2,32.0,9.525,0.6,16.32,18.1035,8.8638,0.1185,0.1799,18.2174
21,27.2,32.0,6.985,0.7,19.04,18.2281,8.2407,0.1107,0.1557,15.6844
21,27.2,32.0,7.62,0.7,19.04,18.2014,8.3739,0.1124,0.1557,15.6844
21,27.2,32.0,8.255,0.7,19.04,18.1728,8.5165,0.1142,0.1557,15.6844
21,27.2,32.0,8.89,0.7,19.04,18.1425,8.6682,0.1161,0.1557,15.6844
21,27.2,32.0,9.525,0.7,19.04,18.1105,8.8287,0.1181,0.1557,15.6844
21,27.2,32.0,10.16,0.7,19.04,18.0769,8.9978,0.1202,0.1557,15.6844
21,27.2,32.0,10.795,0.7,19.04,18.0418,9.1751,0.1224,0.1557,15.6844
21,27.2,32.0,11.43,0.7,19.04,18.0052,9.3602,0.1247,0.1557,15.6844
21,27.2,32.0,12.065,0.7,19.04,17.9672,9.5529,0.1271,0.1557,15.6844
21,27.2,32.0,6.985,0.8,21.76,18.2336,8.2135,0.1104,0.1375,13.7638
21,27.2,32.0,7.62,0.8,21.76,18.207,8.3458,0.1121,0.1375,13.7638
21,27.2,32.0,8.255,0.8,21.76,18.1787,8.4874,0.1138,0.1375,13.7638
21,27.2,32.0,8.89,0.8,21.76,18.1485,8.638,0.1157,0.1375,13.7638
21,27.2,32.0,9.525,0.8,21.76,18.1167,8.7975,0.1177,0.1375,13.7638
21,27.2,32.0,10.16,0.8,21.76,18.0834,8.9653,0.1198,0.1375,13.7638
21,27.2,32.0,10.795,0.8,21.76,18.0484,9.1414,0.122,0.1375,13.7638
21,27.2,32.0,11.43,0.8,21.76,18.0121,9.3251,0.1242,0.1375,13.7638
21,27.2,32.0,12.065,0.8,21.76,17.9744,9.5163,0.1266,0.1375,13.7638
21,27.2,32.0,6.985,0.9,24.48,18.2386,8.1889,0.1101,0.1231,12.259
21,27.2,32.0,7.62,0.9,24.48,18.2121,8.3204,0.1117,0.1231,12.259
21,27.2,32.0,8.255,0.9,24.48,18.1839,8.4611,0.1135,0.1231,12.259
21,27.2,32.0,8.89,0.9,24.48,18.154,8.6108,0.1154,0.1231,12.259
21,27.2,32.0,9.525,0.9,24.48,18.1224,8.7692,0.1174,0.1231,12.259
21,27.2,32.0,10.16,0.9,24.48,18.0892,8.936,0.1194,0.1231,12.259
21,27.2,32.0,10.795,0.9,24.48,18.0545,9.1109,0.1216,0.1231,12.259
21,27.2,32.0,11.43,0.9,24.48,18.0184,9.2934,0.1239,0.1231,12.259
21,27.2,32.0,12.065,0.9,24.48,17.9809,9.4833,0.1262,0.1231,12.259
21,34.0,40.0,6.985,0.4,13.6,18.8074,5.4232,0.0745,0.2131,21.7021
21,34.0,40.0,6.985,0.5,17.0,18.8113,5.4048,0.0743,0.1731,17.5116
21,34.0,40.0,7.62,0.5,17.0,18.7921,5.4958,0.0755,0.1731,17.5116
21,34.0,40.0,8.255,0.5,17.0,18.7717,5.5934,0.0768,0.1731,17.5116
21,34.0,40.0,8.89,0.5,17.0,18.7498,5.6975,0.0781,0.1731,17.5116
21,34.0,40.0,9.525,0.5,17.0,18.7267,5.8079,0.0796,0.1731,17.5116
21,34.0,40.0,10.16,0.5,17.0,18.7024,5.9246,0.0811,0.1731,17.5116
21,34.0,40.0,6.985,0.6,20.4,18.8146,5.3892,0.0741,0.146,14.6622
21,34.0,40.0,7.62,0.6,20.4,18.7955,5.4796,0.0753,0.146,14.6622
21,34.0,40.0,8.255,0.6,20.4,18.7752,5.5766,0.0766,0.146,14.6622
21,34.0,40.0,8.89,0.6,20.4,18.7535,5.6801,0.0779,0.146,14.6622
21,34.0,40.0,9.525,0.6,20.4,18.7305,5.7899,0.0793,0.146,14.6622
21,34.0,40.0,10.16,0.6,20.4,18.7063,5.9058,0.0809,0.146,14.6622
21,34.0,40.0,10.795,0.6,20.4,18.6809,6.0278,0.0824,0.146,14.6622
21,34.0,40.0,11.43,0.6,20.4,18.6543,6.1557,0.0841,0.146,14.6622
21,34.0,40.0,12.065,0.6,20.4,18.6265,6.2892,0.0858,0.146,14.6622
21,34.0,40.0,6.985,0.7,23.8,18.8174,5.3755,0.0739,0.1264,12.6038
21,34.0,40.0,7.62,0.7,23.8,18.7985,5.4655,0.0751,0.1264,12.6038
21,34.0,40.0,8.255,0.7,23.8,18.7782,5.562,0.0764,0.1264,12.6038
21,34.0,40.0,8.89,0.7,23.8,18.7567,5.6649,0.0777,0.1264,12.6038
21,34.0,40.0,9.525,0.7,23.8,18.7338,5.774,0.0791,0.1264,12.6038
21,34.0,40.0,10.16,0.7,23.8,18.7097,5.8894,0.0806,0.1264,12.6038
21,34.0,40.0,10.795,0.7,23.8,18.6844,6.0107,0.0822,0.1264,12.6038
21,34.0,40.0,11.43,0.7,23.8,18.658,6.1378,0.0839,0.1264,12.6038
21,34.0,40.0,12.065,0.7,23.8,18.6304,6.2706,0.0856,0.1264,12.6038
21,34.0,40.0,6.985,0.8,27.2,18.82,5.3632,0.0737,0.1116,11.049
21,34.0,40.0,7.62,0.8,27.2,18.8012,5.4528,0.0749,0.1116,11.049
21,34.0,40.0,8.255,0.8,27.2,18.781,5.5489,0.0762,0.1116,11.049
21,34.0,40.0,8.89,0.8,27.2,18.7595,5.6513,0.0775,0.1116,11.049
21,34.0,40.0,9.525,0.8,27.2,18.7368,5.7599,0.079,0.1116,11.049
21,34.0,40.0,10.16,0.8,27.2,18.7128,5.8747,0.0805,0.1116,11.049
21,34.0,40.0,10.795,0.8,27.2,18.6876,5.9954,0.082,0.1116,11.049
21,34.0,40.0,11.43,0.8,27.2,18.6613,6.1218,0.0837,0.1116,11.049
21,34.0,40.0,12.065,0.8,27.2,18.6339,6.2539,0.0854,0.1116,11.049
21,34.0,40.0,6.985,0.9,30.6,18.8224,5.3521,0.0736,0.1,9.834
21,34.0,40.0,7.62,0.9,30.6,18.8036,5.4413,0.0748,0.1,9.834
21,34.0,40.0,8.255,0.9,30.6,18.7835,5.537,0.076,0.1,9.834
21,34.0,40.0,8.89,0.9,30.6,18.7621,5.639,0.0774,0.1,9.834
21,34.0,40.0,9.525,0.9,30.6,18.7395,5.7471,0.0788,0.1,9.834
21,34.0,40.0,10.16,0.9,30.6,18.7156,5.8614,0.0803,0.1,9.834
21,34.0,40.0,10.795,0.9,30.6,18.6905,5.9815,0.0818,0.1,9.834
21,34.0,40.0,11.43,0.9,30.6,18.6643,6.1074,0.0835,0.1,9.834
21,34.0,40.0,12.065,0.9,30.6,18.637,6.2388,0.0852,0.1,9.834
21,42.6,50.0,6.985,0.4,17.04,19.2133,3.5227,0.0492,0.1728,17.4717
21,42.6,50.0,7.62,0.4,17.04,19.2002,3.5835,0.05,0.1728,17.4717
21,42.6,50.0,8.255,0.4,17.04,19.186,3.6487,0.0509,0.1728,17.4717
21,42.6,50.0,8.89,0.4,17.04,19.171,3.7184,0.0518,0.1728,17.4717
21,42.6,50.0,9.525,0.4,17.04,19.1549,3.7925,0.0528,0.1728,17.4717
21,42.6,50.0,10.16,0.4,17.04,19.138,3.8709,0.0539,0.1728,17.4717
21,42.6,50.0,6.985,0.5,21.3,19.2151,3.5146,0.0491,0.1402,14.0552
21,42.6,50.0,7.62,0.5,21.3,19.202,3.575,0.0499,0.1402,14.0552
21,42.6,50.0,8.255,0.5,21.3,19.1879,3.64,0.0508,0.1402,14.0552
21,42.6,50.0,8.89,0.5,21.3,19.1729,3.7093,0.0517,0.1402,14.0552
21,42.6,50.0,9.525,0.5,21.3,19.157,3.783,0.0527,0.1402,14.0552
21,42.6,50.0,10.16,0.5,21.3,19.1402,3.861,0.0537,0.1402,14.0552
21,42.6,50.0,10.795,0.5,21.3,19.1224,3.9433,0.0548,0.1402,14.0552
21,42.6,50.0,11.43,0.5,21.3,19.1038,4.0297,0.056,0.1402,14.0552
21,42.6,50.0,12.065,0.5,21.3,19.0844,4.1202,0.0572,0.1402,14.0552
21,42.6,50.0,6.985,0.6,25.56,19.2166,3.5076,0.049,0.1183,11.7484
21,42.6,50.0,7.62,0.6,25.56,19.2036,3.5678,0.0498,0.1183,11.7484
21,42.6,50.0,8.255,0.6,25.56,19.1896,3.6324,0.0507,0.1183,11.7484
21,42.6,50.0,8.89,0.6,25.56,19.1746,3.7015,0.0516,0.1183,11.7484
21,42.6,50.0,9.525,0.6,25.56,19.1587,3.7749,0.0526,0.1183,11.7484
21,42.6,50.0,10.16,0.6,25.56,19.142,3.8526,0.0536,0.1183,11.7484
21,42.6,50.0,10.795,0.6,25.56,19.1243,3.9345,0.0547,0.1183,11.7484
21,42.6,50.0,11.43,0.6,25.56,19.1058,4.0205,0.0559,0.1183,11.7484
21,42.6,50.0,12.065,0.6,25.56,19.0864,4.1106,0.0571,0.1183,11.7484
21,42.6,50.0,6.985,0.7,29.82,19.218,3.5014,0.0489,0.1024,10.0886
21,42.6,50.0,7.62,0.7,29.82,19.2049,3.5614,0.0497,0.1024,10.0886
21,42.6,50.0,8.255,0.7,29.82,19.191,3.6259,0.0506,0.1024,10.0886
21,42.6,50.0,8.89,0.7,29.82,19.1761,3.6947,0.0515,0.1024,10.0886
21,42.6,50.0,9.525,0.7,29.82,19.1603,3.7678,0.0525,0.1024,10.0886
21,42.6,50.0,10.16,0.7,29.82,19.1436,3.8452,0.0535,0.1024,10.0886
21,42.6,50.0,10.795,0.7,29.82,19.126,3.9267,0.0546,0.1024,10.0886
21,42.6,50.0,11.43,0.7,29.82,19.1075,4.0124,0.0558,0.1024,10.0886
21,42.6,50.0,12.065,0.7,29.82,19.0882,4.1021,0.057,0.1024,10.0886
21,42.6,50.0,6.985,0.8,34.08,19.2191,3.4959,0.0488,0.0905,8.8382
21,42.6,50.0,7.62,0.8,34.08,19.2062,3.5557,0.0496,0.0905,8.8382
21,42.6,50.0,8.255,0.8,34.08,19.1923,3.62,0.0505,0.0905,8.8382
21,42.6,50.0,8.89,0.8,34.08,19.1774,3.6885,0.0514,0.0905,8.8382
21,42.6,50.0,9.525,0.8,34.08,19.1617,3.7614,0.0524,0.0905,8.8382
21,42.6,50.0,10.16,0.8,34.08,19.145,3.8385,0.0534,0.0905,8.8382
21,42.6,50.0,10.795,0.8,34.08,19.1275,3.9198,0.0545,0.0905,8.8382
21,42.6,50.0,11.43,0.8,34.08,19.1091,4.0052,0.0557,0.0905,8.8382
21,42.6,50.0,12.065,0.8,34.08,19.0899,4.0946,0.0569,0.0905,8.8382
21,42.6,50.0,6.985,0.9,38.34,19.2202,3.4909,0.0487,0.0812,7.8626
21,42.6,50.0,7.62,0.9,38.34,19.2073,3.5506,0.0495,0.0812,7.8626
21,42.6,50.0,8.255,0.9,38.34,19.1934,3.6146,0.0504,0.0812,7.8626
21,42.6,50.0,8.89,0.9,38.34,19.1786,3.683,0.0513,0.0812,7.8626
21,42.6,50.0,9.525,0.9,38.34,19.1629,3.7557,0.0523,0.0812,7.8626
21,42.6,50.0,10.16,0.9,38.34,19.1463,3.8325,0.0534,0.0812,7.8626
21,42.6,50.0,10.795,0.9,38.34,19.1288,3.9136,0.0544,0.0812,7.8626
21,42.6,50.0,11.43,0.9,38.34,19.1105,3.9987,0.0556,0.0812,7.8626
21,42.6,50.0,12.065,0.9,38.34,19.0913,4.0878,0.0568,0.0812,7.8626
21,53.6,63.0,6.985,0.3,16.08,19.4848,2.2838,0.0322,0.1824,18.48
21,53.6,63.0,7.62,0.3,16.08,19.476,2.3238,0.0328,0.1824,18.48
21,53.6,63.0,8.255,0.3,16.08,19.4665,2.3668,0.0333,0.1824,18.48
21,53.6,63.0,8.89,0.3,16.08,19.4563,2.4128,0.034,0.1824,18.48
21,53.6,63.0,9.525,0.3,16.08,19.4455,2.4618,0.0347,0.1824,18.48
21,53.6,63.0,6.985,0.4,21.44,19.4858,2.2794,0.0321,0.1394,13.9653
21,53.6,63.0,7.62,0.4,21.44,19.477,2.3193,0.0327,0.1394,13.9653
21,53.6,63.0,8.255,0.4,21.44,19.4675,2.3621,0.0333,0.1394,13.9653
21,53.6,63.0,8.89,0.4,21.44,19.4574,2.4079,0.0339,0.1394,13.9653
21,53.6,63.0,9.525,0.4,21.44,19.4466,2.4566,0.0346,0.1394,13.9653
21,53.6,63.0,10.16,0.4,21.44,19.4352,2.5083,0.0353,0.1394,13.9653
21,53.6,63.0,10.795,0.4,21.44,19.4232,2.5628,0.0361,0.1394,13.9653
21,53.6,63.0,11.43,0.4,21.44,19.4106,2.6202,0.0368,0.1394,13.9653
21,53.6,63.0,12.065,0.4,21.44,19.3973,2.6804,0.0377,0.1394,13.9653
21,53.6,63.0,6.985,0.5,26.8,19.4866,2.2758,0.0321,0.1131,11.2119
21,53.6,63.0,7.62,0.5,26.8,19.4778,2.3155,0.0326,0.1131,11.2119
21,53.6,63.0,8.255,0.5,26.8,19.4684,2.3582,0.0332,0.1131,11.2119
21,53.6,63.0,8.89,0.5,26.8,19.4583,2.4039,0.0339,0.1131,11.2119
21,53.6,63.0,9.525,0.5,26.8,19.4475,2.4524,0.0345,0.1131,11.2119
21,53.6,63.0,10.16,0.5,26.8,19.4362,2.5039,0.0352,0.1131,11.2119
21,53.6,63.0,10.795,0.5,26.8,19.4242,2.5582,0.036,0.1131,11.2119
21,53.6,63.0,11.43,0.5,26.8,19.4116,2.6154,0.0368,0.1131,11.2119
21,53.6,63.0,12.065,0.5,26.8,19.3984,2.6754,0.0376,0.1131,11.2119
21,53.6,63.0,6.985,0.6,32.16,19.4873,2.2727,0.032,0.0955,9.3613
21,53.6,63.0,7.62,0.6,32.16,19.4785,2.3123,0.0326,0.0955,9.3613
21,53.6,63.0,8.255,0.6,32.16,19.4691,2.3549,0.0332,0.0955,9.3613
21,53.6,63.0,8.89,0.6,32.16,19.459,2.4004,0.0338,0.0955,9.3613
21,53.6,63.0,9.525,0.6,32.16,19.4483,2.4488,0.0345,0.0955,9.3613
21,53.6,63.0,10.16,0.6,32.16,19.437,2.5001,0.0352,0.0955,9.3613
21,53.6,63.0,10.795,0.6,32.16,19.4251,2.5543,0.0359,0.0955,9.3613
21,53.6,63.0,11.43,0.6,32.16,19.4125,2.6113,0.0367,0.0955,9.3613
21,53.6,63.0,12.065,0.6,32.16,19.3994,2.6711,0.0375,0.0955,9.3613
21,53.6,63.0,6.985,0.7,37.52,19.4879,2.2699,0.032,0.0829,8.0334
21,53.6,63.0,7.62,0.7,37.52,19.4791,2.3095,0.0326,0.0829,8.0334
21,53.6,63.0,8.255,0.7,37.52,19.4698,2.3519,0.0331,0.0829,8.0334
21,53.6,63.0,8.89,0.7,37.52,19.4597,2.3973,0.0338,0.0829,8.0334
21,53.6,63.0,9.525,0.7,37.52,19.449,2.4457,0.0344,0.0829,8.0334
21,53.6,63.0,10.16,0.7,37.52,19.4377,2.4968,0.0351,0.0829,8.0334
21,53.6,63.0,10.795,0.7,37.52,19.4258,2.5509,0.0359,0.0829,8.0334
21,53.6,63.0,11.43,0.7,37.52,19.4133,2.6077,0.0367,0.0829,8.0334
21,53.6,63.0,12.065,0.7,37.52,19.4002,2.6674,0.0375,0.0829,8.0334
21,53.6,63.0,6.985,0.8,42.88,19.4884,2.2675,0.032,0.0734,7.0345
21,53.6,63.0,7.62,0.8,42.88,19.4797,2.3069,0.0325,0.0734,7.0345
21,53.6,63.0,8.255,0.8,42.88,19.4703,2.3493,0.0331,0.0734,7.0345
21,53.6,63.0,8.89,0.8,42.88,19.4603,2.3946,0.0337,0.0734,7.0345
21,53.6,63.0,9.525,0.8,42.88,19.4497,2.4428,0.0344,0.0734,7.0345
21,53.6,63.0,10.16,0.8,42.88,19.4384,2.4939,0.0351,0.0734,7.0345
21,53.6,63.0,10.795,0.8,42.88,19.4265,2.5478,0.0358,0.0734,7.0345
21,53.6,63.0,11.43,0.8,42.88,19.414,2.6045,0.0366,0.0734,7.0345
21,53.6,63.0,12.065,0.8,42.88,19.4009,2.664,0.0374,0.0734,7.0345
21,53.6,63.0,6.985,0.9,48.24,19.4889,2.2653,0.0319,0.0659,6.2562
21,53.6,63.0,7.62,0.9,48.24,19.4802,2.3046,0.0325,0.0659,6.2562
21,53.6,63.0,8.255,0.9,48.24,19.4709,2.3469,0.0331,0.0659,6.2562
21,53.6,63.0,8.89,0.9,48.24,19.4609,2.3921,0.0337,0.0659,6.2562
21,53.6,63.0,9.525,0.9,48.24,19.4502,2.4402,0.0344,0.0659,6.2562
21,53.6,63.0,10.16,0.9,48.24,19.439,2.4912,0.0351,0.0659,6.2562
21,53.6,63.0,10.795,0.9,48.24,19.4271,2.545,0.0358,0.0659,6.2562
21,53.6,63.0,11.43,0.9,48.24,19.4147,2.6016,0.0366,0.0659,6.2562
21,53.6,63.0,12.065,0.9,48.24,19.4016,2.6609,0.0374,0.0659,6.2562
22,17.0,20.0,6.985,0.8,13.6,16.0292,20.2583,0.2482,0.2131,21.7021
22,17.0,20.0,6.985,0.9,15.3,16.0514,20.1254,0.2468,0.191,19.3873
22,17.0,20.0,7.62,0.9,15.3,16.0033,20.4147,0.2498,0.191,19.3873
22,17.0,20.0,8.255,0.9,15.3,15.9525,20.7216,0.253,0.191,19.3873
22,17.0,20.0,8.89,0.9,15.3,15.8992,21.0448,0.2563,0.191,19.3873
22,22.0,25.0,6.985,0.7,15.4,17.4179,12.4081,0.1614,0.1899,19.2662
22,22.0,25.0,7.62,0.7,15.4,17.3805,12.6077,0.1637,0.1899,19.2662
22,22.0,25.0,8.255,0.7,15.4,17.3406,12.8207,0.1662,0.1899,19.2662
22,22.0,25.0,8.89,0.7,15.4,17.2985,13.0465,0.1688,0.1899,19.2662
22,22.0,25.0,6.985,0.8,17.6,17.4289,12.3496,0.1607,0.1676,16.9321
22,22.0,25.0,7.62,0.8,17.6,17.3918,12.5473,0.163,0.1676,16.9321
22,22.0,25.0,8.255,0.8,17.6,17.3523,12.7582,0.1655,0.1676,16.9321
22,22.0,25.0,8.89,0.8,17.6,17.3105,12.9818,0.1681,0.1676,16.9321
22,22.0,25.0,9.525,0.8,17.6,17.2667,13.2175,0.1708,0.1676,16.9321
22,22.0,25.0,10.16,0.8,17.6,17.2209,13.4646,0.1737,0.1676,16.9321
22,22.0,25.0,10.795,0.8,17.6,17.1734,13.7223,0.1767,0.1676,16.9321
22,22.0,25.0,6.985,0.9,19.8,17.4389,12.2968,0.1601,0.1501,15.0965
22,22.0,25.0,7.62,0.9,19.8,17.402,12.4928,0.1624,0.1501,15.0965
22,22.0,25.0,8.255,0.9,19.8,17.3628,12.7019,0.1648,0.1501,15.0965
22,22.0,25.0,8.89,0.9,19.8,17.3214,12.9235,0.1674,0.1501,15.0965
22,22.0,25.0,9.525,0.9,19.8,17.2779,13.1571,0.1701,0.1501,15.0965
22,22.0,25.0,10.16,0.9,19.8,17.2325,13.4019,0.173,0.1501,15.0965
22,22.0,25.0,10.795,0.9,19.8,17.1854,13.6572,0.1759,0.1501,15.0965
22,22.0,25.0,11.43,0.9,19.8,17.1366,13.9223,0.179,0.1501,15.0965
22,22.0,25.0,12.065,0.9,19.8,17.0864,14.1963,0.1821,0.1501,15.0965
22,27.2,32.0,6.985,0.5,13.6,18.2137,8.3128,0.1116,0.2131,21.7021
22,27.2,32.0,6.985,0.6,16.32,18.2207,8.2778,0.1112,0.1799,18.2174
22,27.2,32.0,7.62,0.6,16.32,18.1925,8.4183,0.113,0.1799,18.2174
22,27.2,32.0,8.255,0.6,16.32,18.1624,8.5688,0.1149,0.1799,18.2174
22,27.2,32.0,8.89,0.6,16.32,18.1304,8.7288,0.1168,0.1799,18.2174
22,27.2,32.0,9.525,0.6,16.32,18.0967,8.8982,0.119,0.1799,18.2174
22,27.2,32.0,6.985,0.7,19.04,18.2268,8.2472,0.1108,0.1557,15.6844
22,27.2,32.0,7.62,0.7,19.04,18.1988,8.3867,0.1126,0.1557,15.6844
22,27.2,32.0,8.255,0.7,19.04,18.1689,8.536,0.1144,0.1557,15.6844
22,27.2,32.0,8.89,0.7,19.04,18.1372,8.6948,0.1164,0.1557,15.6844
22,27.2,32.0,9.525,0.7,19.04,18.1037,8.8629,0.1185,0.1557,15.6844
22,27.2,32.0,10.16,0.7,19.04,18.0686,9.0398,0.1207,0.1557,15.6844
22,27.2,32.0,10.795,0.7,19.04,18.0318,9.2253,0.123,0.1557,15.6844
22,27.2,32.0,11.43,0.7,19.04,17.9936,9.419,0.1254,0.1557,15.6844
22,27.2,32.0,12.065,0.7,19.04,17.9539,9.6205,0.1279,0.1557,15.6844
22,27.2,32.0,6.985,0.8,21.76,18.2323,8.2199,0.1105,0.1375,13.7638
22,27.2,32.0,7.62,0.8,21.76,18.2045,8.3585,0.1122,0.1375,13.7638
22,27.2,32.0,8.255,0.8,21.76,18.1748,8.5068,0.1141,0.1375,13.7638
22,27.2,32.0,8.89,0.8,21.76,18.1433,8.6645,0.116,0.1375,13.7638
22,27.2,32.0,9.525,0.8,21.76,18.11,8.8314,0.1181,0.1375,13.7638
22,27.2,32.0,10.16,0.8,21.76,18.0751,9.0071,0.1203,0.1375,13.7638
22,27.2,32.0,10.795,0.8,21.76,18.0386,9.1912,0.1226,0.1375,13.7638
22,27.2,32.0,11.43,0.8,21.76,18.0006,9.3835,0.125,0.1375,13.7638
22,27.2,32.0,12.065,0.8,21.76,17.9612,9.5834,0.1274,0.1375,13.7638
22,27.2,32.0,6.985,0.9,24.48,18.2373,8.1953,0.1102,0.1231,12.259
22,27.2,32.0,7.62,0.9,24.48,18.2096,8.333,0.1119,0.1231,12.259
22,27.2,32.0,8.255,0.9,24.48,18.1801,8.4804,0.1137,0.1231,12.259
22,27.2,32.0,8.89,0.9,24.48,18.1487,8.6371,0.1157,0.1231,12.259
22,27.2,32.0,9.525,0.9,24.48,18.1157,8.8029,0.1178,0.1231,12.259
22,27.2,32.0,10.16,0.9,24.48,18.0809,8.9775,0.1199,0.1231,12.259
22,27.2,32.0,10.795,0.9,24.48,18.0447,9.1604,0.1222,0.1231,12.259
22,27.2,32.0,11.43,0.9,24.48,18.0069,9.3513,0.1246,0.1231,12.259
22,27.2,32.0,12.065,0.9,24.48,17.9678,9.5499,0.127,0.1231,12.259
22,34.0,40.0,6.985,0.4,13.6,18.8065,5.4276,0.0746,0.2131,21.7021
22,34.0,40.0,6.985,0.5,17.0,18.8103,5.4093,0.0744,0.1731,17.5116
22,34.0,40.0,7.62,0.5,17.0,18.7903,5.5046,0.0756,0.1731,17.5116
22,34.0,40.0,8.255,0.5,17.0,18.7688,5.6068,0.0769,0.1731,17.5116
22,34.0,40.0,8.89,0.5,17.0,18.746,5.7158,0.0784,0.1731,17.5116
22,34.0,40.0,9.525,0.5,17.0,18.7218,5.8314,0.0799,0.1731,17.5116
22,34.0,40.0,10.16,0.5,17.0,18.6963,5.9536,0.0815,0.1731,17.5116
22,34.0,40.0,6.985,0.6,20.4,18.8136,5.3936,0.0741,0.146,14.6622
22,34.0,40.0,7.62,0.6,20.4,18.7937,5.4883,0.0754,0.146,14.6622
22,34.0,40.0,8.255,0.6,20.4,18.7724,5.5899,0.0767,0.146,14.6622
22,34.0,40.0,8.89,0.6,20.4,18.7497,5.6983,0.0781,0.146,14.6622
22,34.0,40.0,9.525,0.6,20.4,18.7256,5.8132,0.0796,0.146,14.6622
22,34.0,40.0,10.16,0.6,20.4,18.7003,5.9346,0.0812,0.146,14.6622
22,34.0,40.0,10.795,0.6,20.4,18.6737,6.0623,0.0829,0.146,14.6622
22,34.0,40.0,11.43,0.6,20.4,18.6459,6.1961,0.0846,0.146,14.6622
22,34.0,40.0,12.065,0.6,20.4,18.6169,6.3359,0.0864,0.146,14.6622
22,34.0,40.0,6.985,0.7,23.8,18.8165,5.3798,0.074,0.1264,12.6038
22,34.0,40.0,7.62,0.7,23.8,18.7967,5.4741,0.0752,0.1264,12.6038
22,34.0,40.0,8.255,0.7,23.8,18.7755,5.5752,0.0765,0.1264,12.6038
22,34.0,40.0,8.89,0.7,23.8,18.7529,5.6829,0.0779,0.1264,12.6038
22,34.0,40.0,9.525,0.7,23.8,18.729,5.7972,0.0794,0.1264,12.6038
22,34.0,40.0,10.16,0.7,23.8,18.7038,5.918,0.081,0.1264,12.6038
22,34.0,40.0,10.795,0.7,23.8,18.6773,6.0449,0.0827,0.1264,12.6038
22,34.0,40.0,11.43,0.7,23.8,18.6496,6.178,0.0844,0.1264,12.6038
22,34.0,40.0,12.065,0.7,23.8,18.6208,6.3169,0.0862,0.1264,12.6038
22,34.0,40.0,6.985,0.8,27.2,18.8191,5.3676,0.0738,0.1116,11.049
22,34.0,40.0,7.62,0.8,27.2,18.7994,5.4614,0.075,0.1116,11.049
22,34.0,40.0,8.255,0.8,27.2,18.7782,5.562,0.0764,0.1116,11.049
22,34.0,40.0,8.89,0.8,27.2,18.7558,5.6692,0.0778,0.1116,11.049
22,34.0,40.0,9.525,0.8,27.2,18.7319,5.783,0.0793,0.1116,11.049
22,34.0,40.0,10.16,0.8,27.2,18.7069,5.9031,0.0808,0.1116,11.049
22,34.0,40.0,10.795,0.8,27.2,18.6805,6.0294,0.0825,0.1116,11.049
22,34.0,40.0,11.43,0.8,27.2,18.653,6.1618,0.0842,0.1116,11.049
22,34.0,40.0,12.065,0.8,27.2,18.6243,6.3,0.086,0.1116,11.049
22,34.0,40.0,6.985,0.9,30.6,18.8214,5.3565,0.0737,0.1,9.834
22,34.0,40.0,7.62,0.9,30.6,18.8018,5.4499,0.0749,0.1,9.834
22,34.0,40.0,8.255,0.9,30.6,18.7807,5.5501,0.0762,0.1,9.834
22,34.0,40.0,8.89,0.9,30.6,18.7584,5.6568,0.0776,0.1,9.834
22,34.0,40.0,9.525,0.9,30.6,18.7346,5.7701,0.0791,0.1,9.834
22,34.0,40.0,10.16,0.9,30.6,18.7097,5.8897,0.0806,0.1,9.834
22,34.0,40.0,10.795,0.9,30.6,18.6834,6.0154,0.0823,0.1,9.834
22,34.0,40.0,11.43,0.9,30.6,18.656,6.1472,0.084,0.1,9.834
22,34.0,40.0,12.065,0.9,30.6,18.6275,6.2847,0.0858,0.1,9.834
22,42.6,50.0,6.985,0.4,17.04,19.2127,3.5257,0.0492,0.1728,17.4717
22,42.6,50.0,7.62,0.4,17.04,19.1989,3.5893,0.0501,0.1728,17.4717
22,42.6,50.0,8.255,0.4,17.04,19.1841,3.6577,0.051,0.1728,17.4717
22,42.6,50.0,8.89,0.4,17.04,19.1683,3.7307,0.052,0.1728,17.4717
22,42.6,50.0,9.525,0.4,17.04,19.1515,3.8082,0.053,0.1728,17.4717
22,42.6,50.0,10.16,0.4,17.04,19.1338,3.8903,0.0541,0.1728,17.4717
22,42.6,50.0,6.985,0.5,21.3,19.2145,3.5175,0.0491,0.1402,14.0552
22,42.6,50.0,7.62,0.5,21.3,19.2007,3.5808,0.05,0.1402,14.0552
22,42.6,50.0,8.255,0.5,21.3,19.186,3.6488,0.0509,0.1402,14.0552
22,42.6,50.0,8.89,0.5,21.3,19.1703,3.7215,0.0519,0.1402,14.0552
22,42.6,50.0,9.525,0.5,21.3,19.1536,3.7987,0.0529,0.1402,14.0552
22,42.6,50.0,10.16,0.5,21.3,19.136,3.8804,0.054,0.1402,14.0552
22,42.6,50.0,10.795,0.5,21.3,19.1174,3.9665,0.0552,0.1402,14.0552
22,42.6,50.0,11.43,0.5,21.3,19.098,4.0569,0.0564,0.1402,14.0552
22,42.6,50.0,12.065,0.5,21.3,19.0776,4.1517,0.0577,0.1402,14.0552
22,42.6,50.0,6.985,0.6,25.56,19.216,3.5105,0.049,0.1183,11.7484
22,42.6,50.0,7.62,0.6,25.56,19.2023,3.5736,0.0499,0.1183,11.7484
22,42.6,50.0,8.255,0.6,25.56,19.1876,3.6413,0.0508,0.1183,11.7484
22,42.6,50.0,8.89,0.6,25.56,19.172,3.7136,0.0518,0.1183,11.7484
22,42.6,50.0,9.525,0.6,25.56,19.1554,3.7905,0.0528,0.1183,11.7484
22,42.6,50.0,10.16,0.6,25.56,19.1378,3.8718,0.0539,0.1183,11.7484
22,42.6,50.0,10.795,0.6,25.56,19.1193,3.9576,0.055,0.1183,11.7484
22,42.6,50.0,11.43,0.6,25.56,19.1,4.0476,0.0563,0.1183,11.7484
22,42.6,50.0,12.065,0.6,25.56,19.0797,4.1419,0.0575,0.1183,11.7484
22,42.6,50.0,6.985,0.7,29.82,19.2173,3.5043,0.0489,0.1024,10.0886
22,42.6,50.0,7.62,0.7,29.82,19.2037,3.5672,0.0498,0.1024,10.0886
22,42.6,50.0,8.255,0.7,29.82,19.1891,3.6347,0.0507,0.1024,10.0886
22,42.6,50.0,8.89,0.7,29.82,19.1735,3.7067,0.0517,0.1024,10.0886
22,42.6,50.0,9.525,0.7,29.82,19.1569,3.7833,0.0527,0.1024,10.0886
22,42.6,50.0,10.16,0.7,29.82,19.1394,3.8643,0.0538,0.1024,10.0886
22,42.6,50.0,10.795,0.7,29.82,19.121,3.9497,0.0549,0.1024,10.0886
22,42.6,50.0,11.43,0.7,29.82,19.1017,4.0394,0.0561,0.1024,10.0886
22,42.6,50.0,12.065,0.7,29.82,19.0815,4.1334,0.0574,0.1024,10.0886
22,42.6,50.0,6.985,0.8,34.08,19.2185,3.4988,0.0488,0.0905,8.8382
22,42.6,50.0,7.62,0.8,34.08,19.2049,3.5615,0.0497,0.0905,8.8382
22,42.6,50.0,8.255,0.8,34.08,19.1904,3.6288,0.0506,0.0905,8.8382
22,42.6,50.0,8.89,0.8,34.08,19.1748,3.7006,0.0516,0.0905,8.8382
22,42.6,50.0,9.525,0.8,34.08,19.1583,3.7769,0.0526,0.0905,8.8382
22,42.6,50.0,10.16,0.8,34.08,19.1409,3.8576,0.0537,0.0905,8.8382
22,42.6,50.0,10.795,0.8,34.08,19.1225,3.9428,0.0548,0.0905,8.8382
22,42.6,50.0,11.43,0.8,34.08,19.1033,4.0321,0.056,0.0905,8.8382
22,42.6,50.0,12.065,0.8,34.08,19.0832,4.1257,0.0573,0.0905,8.8382
22,42.6,50.0,6.985,0.9,38.34,19.2196,3.4938,0.0488,0.0812,7.8626
22,42.6,50.0,7.62,0.9,38.34,19.206,3.5563,0.0496,0.0812,7.8626
22,42.6,50.0,8.255,0.9,38.34,19.1915,3.6234,0.0505,0.0812,7.8626
22,42.6,50.0,8.89,0.9,38.34,19.176,3.695,0.0515,0.0812,7.8626
22,42.6,50.0,9.525,0.9,38.34,19.1596,3.7711,0.0525,0.0812,7.8626
22,42.6,50.0,10.16,0.9,38.34,19.1422,3.8516,0.0536,0.0812,7.8626
22,42.6,50.0,10.795,0.9,38.34,19.1239,3.9364,0.0548,0.0812,7.8626
22,42.6,50.0,11.43,0.9,38.34,19.1047,4.0255,0.056,0.0812,7.8626
22,42.6,50.0,12.065,0.9,38.34,19.0847,4.1188,0.0572,0.0812,7.8626
22,53.6,63.0,6.985,0.3,16.08,19.4844,2.2857,0.0322,0.1824,18.48
22,53.6,63.0,7.62,0.3,16.08,19.4751,2.3277,0.0328,0.1824,18.48
22,53.6,63.0,8.255,0.3,16.08,19.4652,2.3727,0.0334,0.1824,18.48
22,53.6,63.0,8.89,0.3,16.08,19.4545,2.4209,0.0341,0.1824,18.48
22,53.6,63.0,9.525,0.3,16.08,19.4432,2.4722,0.0348,0.1824,18.48
22,53.6,63.0,6.985,0.4,21.44,19.4854,2.2813,0.0322,0.1394,13.9653
22,53.6,63.0,7.62,0.4,21.44,19.4761,2.3231,0.0327,0.1394,13.9653
22,53.6,63.0,8.255,0.4,21.44,19.4662,2.368,0.0334,0.1394,13.9653
22,53.6,63.0,8.89,0.4,21.44,19.4556,2.4159,0.034,0.1394,13.9653
22,53.6,63.0,9.525,0.4,21.44,19.4443,2.467,0.0347,0.1394,13.9653
22,53.6,63.0,10.16,0.4,21.44,19.4324,2.5211,0.0355,0.1394,13.9653
22,53.6,63.0,10.795,0.4,21.44,19.4198,2.5782,0.0363,0.1394,13.9653
22,53.6,63.0,11.43,0.4,21.44,19.4066,2.6383,0.0371,0.1394,13.9653
22,53.6,63.0,12.065,0.4,21.44,19.3927,2.7013,0.038,0.1394,13.9653
22,53.6,63.0,6.985,0.5,26.8,19.4862,2.2777,0.0321,0.1131,11.2119
22,53.6,63.0,7.62,0.5,26.8,19.477,2.3193,0.0327,0.1131,11.2119
22,53.6,63.0,8.255,0.5,26.8,19.4671,2.364,0.0333,0.1131,11.2119
22,53.6,63.0,8.89,0.5,26.8,19.4565,2.4119,0.034,0.1131,11.2119
22,53.6,63.0,9.525,0.5,26.8,19.4453,2.4627,0.0347,0.1131,11.2119
22,53.6,63.0,10.16,0.5,26.8,19.4334,2.5166,0.0354,0.1131,11.2119
22,53.6,63.0,10.795,0.5,26.8,19.4208,2.5736,0.0362,0.1131,11.2119
22,53.6,63.0,11.43,0.5,26.8,19.4076,2.6334,0.037,0.1131,11.2119
22,53.6,63.0,12.065,0.5,26.8,19.3938,2.6962,0.0379,0.1131,11.2119
22,53.6,63.0,6.985,0.6,32.16,19.4869,2.2746,0.0321,0.0955,9.3613
22,53.6,63.0,7.62,0.6,32.16,19.4777,2.3161,0.0326,0.0955,9.3613
22,53.6,63.0,8.255,0.6,32.16,19.4678,2.3607,0.0333,0.0955,9.3613
22,53.6,63.0,8.89,0.6,32.16,19.4573,2.4084,0.0339,0.0955,9.3613
22,53.6,63.0,9.525,0.6,32.16,19.4461,2.4591,0.0346,0.0955,9.3613
22,53.6,63.0,10.16,0.6,32.16,19.4342,2.5128,0.0354,0.0955,9.3613
22,53.6,63.0,10.795,0.6,32.16,19.4217,2.5696,0.0361,0.0955,9.3613
22,53.6,63.0,11.43,0.6,32.16,19.4086,2.6293,0.037,0.0955,9.3613
22,53.6,63.0,12.065,0.6,32.16,19.3948,2.6919,0.0378,0.0955,9.3613
22,53.6,63.0,6.985,0.7,37.52,19.4875,2.2718,0.032,0.0829,8.0334
22,53.6,63.0,7.62,0.7,37.52,19.4783,2.3133,0.0326,0.0829,8.0334
22,53.6,63.0,8.255,0.7,37.52,19.4685,2.3577,0.0332,0.0829,8.0334
22,53.6,63.0,8.89,0.7,37.52,19.458,2.4053,0.0339,0.0829,8.0334
22,53.6,63.0,9.525,0.7,37.52,19.4468,2.4559,0.0346,0.0829,8.0334
22,53.6,63.0,10.16,0.7,37.52,19.435,2.5095,0.0353,0.0829,8.0334
22,53.6,63.0,10.795,0.7,37.52,19.4225,2.5661,0.0361,0.0829,8.0334
22,53.6,63.0,11.43,0.7,37.52,19.4094,2.6256,0.0369,0.0829,8.0334
22,53.6,63.0,12.065,0.7,37.52,19.3956,2.6881,0.0378,0.0829,8.0334
22,53.6,63.0,6.985,0.8,42.88,19.488,2.2694,0.032,0.0734,7.0345
22,53.6,63.0,7.62,0.8,42.88,19.4789,2.3107,0.0326,0.0734,7.0345
22,53.6,63.0,8.255,0.8,42.88,19.469,2.3551,0.0332,0.0734,7.0345
22,53.6,63.0,8.89,0.8,42.88,19.4586,2.4026,0.0338,0.0734,7.0345
22,53.6,63.0,9.525,0.8,42.88,19.4474,2.453,0.0345,0.0734,7.0345
22,53.6,63.0,10.16,0.8,42.88,19.4356,2.5065,0.0353,0.0734,7.0345
22,53.6,63.0,10.795,0.8,42.88,19.4232,2.563,0.0361,0.0734,7.0345
22,53.6,63.0,11.43,0.8,42.88,19.4101,2.6224,0.0369,0.0734,7.0345
22,53.6,63.0,12.065,0.8,42.88,19.3964,2.6846,0.0377,0.0734,7.0345
22,53.6,63.0,6.985,0.9,48.24,19.4885,2.2672,0.032,0.0659,6.2562
22,53.6,63.0,7.62,0.9,48.24,19.4794,2.3084,0.0325,0.0659,6.2562
22,53.6,63.0,8.255,0.9,48.24,19.4696,2.3527,0.0332,0.0659,6.2562
22,53.6,63.0,8.89,0.9,48.24,19.4591,2.4001,0.0338,0.0659,6.2562
22,53.6,63.0,9.525,0.9,48.24,19.448,2.4505,0.0345,0.0659,6.2562
22,53.6,63.0,10.16,0.9,48.24,19.4362,2.5038,0.0352,0.0659,6.2562
22,53.6,63.0,10.795,0.9,48.24,19.4238,2.5601,0.036,0.0659,6.2562
22,53.6,63.0,11.43,0.9,48.24,19.4107,2.6194,0.0368,0.0659,6.2562
22,53.6,63.0,12.065,0.9,48.24,19.3971,2.6815,0.0377,0.0659,6.2562
23,17.0,20.0,6.985,0.8,13.6,16.027,20.272,0.2483,0.2131,21.7021
23,17.0,20.0,6.985,0.9,15.3,16.0491,20.1389,0.2469,0.191,19.3873
23,17.0,20.0,7.62,0.9,15.3,15.9989,20.4412,0.2501,0.191,19.3873
23,17.0,20.0,8.255,0.9,15.3,15.9458,20.7617,0.2534,0.191,19.3873
23,17.0,20.0,8.89,0.9,15.3,15.8903,21.0991,0.2569,0.191,19.3873
23,22.0,25.0,6.985,0.7,15.4,17.4162,12.4174,0.1615,0.1899,19.2662
23,22.0,25.0,7.62,0.7,15.4,17.377,12.626,0.1639,0.1899,19.2662
23,22.0,25.0,8.255,0.7,15.4,17.3354,12.8485,0.1665,0.1899,19.2662
23,22.0,25.0,8.89,0.7,15.4,17.2915,13.0844,0.1693,0.1899,19.2662
23,22.0,25.0,6.985,0.8,17.6,17.4272,12.3588,0.1608,0.1676,16.9321
23,22.0,25.0,7.62,0.8,17.6,17.3884,12.5654,0.1632,0.1676,16.9321
23,22.0,25.0,8.255,0.8,17.6,17.3471,12.7858,0.1658,0.1676,16.9321
23,22.0,25.0,8.89,0.8,17.6,17.3036,13.0193,0.1685,0.1676,16.9321
23,22.0,25.0,9.525,0.8,17.6,17.2578,13.2654,0.1714,0.1676,16.9321
23,22.0,25.0,10.16,0.8,17.6,17.2101,13.5233,0.1744,0.1676,16.9321
23,22.0,25.0,10.795,0.8,17.6,17.1605,13.7923,0.1775,0.1676,16.9321
23,22.0,25.0,6.985,0.9,19.8,17.4372,12.3059,0.1602,0.1501,15.0965
23,22.0,25.0,7.62,0.9,19.8,17.3986,12.5108,0.1626,0.1501,15.0965
23,22.0,25.0,8.255,0.9,19.8,17.3577,12.7292,0.1651,0.1501,15.0965
23,22.0,25.0,8.89,0.9,19.8,17.3145,12.9607,0.1678,0.1501,15.0965
23,22.0,25.0,9.525,0.9,19.8,17.2691,13.2046,0.1707,0.1501,15.0965
23,22.0,25.0,10.16,0.9,19.8,17.2218,13.4601,0.1736,0.1501,15.0965
23,22.0,25.0,10.795,0.9,19.8,17.1726,13.7265,0.1767,0.1501,15.0965
23,22.0,25.0,11.43,0.9,19.8,17.1218,14.003,0.1799,0.1501,15.0965
23,22.0,25.0,12.065,0.9,19.8,17.0695,14.2888,0.1832,0.1501,15.0965
23,27.2,32.0,6.985,0.5,13.6,18.2123,8.3194,0.1117,0.2131,21.7021
23,27.2,32.0,6.985,0.6,16.32,18.2194,8.2843,0.1113,0.1799,18.2174
23,27.2,32.0,7.62,0.6,16.32,18.1899,8.4312,0.1131,0.1799,18.2174
23,27.2,32.0,8.255,0.6,16.32,18.1585,8.5884,0.1151,0.1799,18.2174
23,27.2,32.0,8.89,0.6,16.32,18.1251,8.7557,0.1172,0.1799,18.2174
23,27.2,32.0,9.525,0.6,16.32,18.0899,8.9326,0.1194,0.1799,18.2174
23,27.2,32.0,6.985,0.7,19.04,18.2255,8.2536,0.1109,0.1557,15.6844
23,27.2,32.0,7.62,0.7,19.04,18.1963,8.3995,0.1127,0.1557,15.6844
23,27.2,32.0,8.255,0.7,19.04,18.165,8.5555,0.1147,0.1557,15.6844
23,27.2,32.0,8.89,0.7,19.04,18.1319,8.7214,0.1168,0.1557,15.6844
23,27.2,32.0,9.525,0.7,19.04,18.0969,8.897,0.1189,0.1557,15.6844
23,27.2,32.0,10.16,0.7,19.04,18.0602,9.0818,0.1212,0.1557,15.6844
23,27.2,32.0,10.795,0.7,19.04,18.0219,9.2755,0.1236,0.1557,15.6844
23,27.2,32.0,11.43,0.7,19.04,17.982,9.4777,0.1261,0.1557,15.6844
23,27.2,32.0,12.065,0.7,19.04,17.9406,9.6879,0.1287,0.1557,15.6844
23,27.2,32.0,6.985,0.8,21.76,18.231,8.2263,0.1106,0.1375,13.7638
23,27.2,32.0,7.62,0.8,21.76,18.2019,8.3712,0.1124,0.1375,13.7638
23,27.2,32.0,8.255,0.8,21.76,18.1709,8.5261,0.1143,0.1375,13.7638
23,27.2,32.0,8.89,0.8,21.76,18.138,8.6909,0.1164,0.1375,13.7638
23,27.2,32.0,9.525,0.8,21.76,18.1033,8.8652,0.1185,0.1375,13.7638
23,27.2,32.0,10.16,0.8,21.76,18.0668,9.0487,0.1208,0.1375,13.7638
23,27.2,32.0,10.795,0.8,21.76,18.0287,9.241,0.1232,0.1375,13.7638
23,27.2,32.0,11.43,0.8,21.76,17.9891,9.4417,0.1257,0.1375,13.7638
23,27.2,32.0,12.065,0.8,21.76,17.948,9.6503,0.1282,0.1375,13.7638
23,27.2,32.0,6.985,0.9,24.48,18.236,8.2017,0.1103,0.1231,12.259
23,27.2,32.0,7.62,0.9,24.48,18.2071,8.3456,0.1121,0.1231,12.259
23,27.2,32.0,8.255,0.9,24.48,18.1762,8.4996,0.114,0.1231,12.259
23,27.2,32.0,8.89,0.9,24.48,18.1435,8.6634,0.116,0.1231,12.259
23,27.2,32.0,9.525,0.9,24.48,18.109,8.8366,0.1182,0.1231,12.259
23,27.2,32.0,10.16,0.9,24.48,18.0727,9.0189,0.1205,0.1231,12.259
23,27.2,32.0,10.795,0.9,24.48,18.0349,9.2099,0.1228,0.1231,12.259
23,27.2,32.0,11.43,0.9,24.48,17.9955,9.4092,0.1253,0.1231,12.259
23,27.2,32.0,12.065,0.9,24.48,17.9547,9.6164,0.1278,0.1231,12.259
23,34.0,40.0,6.985,0.4,13.6,18.8055,5.4321,0.0747,0.2131,21.7021
23,34.0,40.0,6.985,0.5,17.0,18.8094,5.4137,0.0744,0.1731,17.5116
23,34.0,40.0,7.62,0.5,17.0,18.7885,5.5133,0.0757,0.1731,17.5116
23,34.0,40.0,8.255,0.5,17.0,18.7661,5.6201,0.0771,0.1731,17.5116
23,34.0,40.0,8.89,0.5,17.0,18.7422,5.734,0.0786,0.1731,17.5116
23,34.0,40.0,9.525,0.5,17.0,18.7169,5.8549,0.0802,0.1731,17.5116
23,34.0,40.0,10.16,0.5,17.0,18.6903,5.9825,0.0819,0.1731,17.5116
23,34.0,40.0,6.985,0.6,20.4,18.8127,5.398,0.0742,0.146,14.6622
23,34.0,40.0,7.62,0.6,20.4,18.7919,5.497,0.0755,0.146,14.6622
23,34.0,40.0,8.255,0.6,20.4,18.7696,5.6032,0.0769,0.146,14.6622
23,34.0,40.0,8.89,0.6,20.4,18.7459,5.7164,0.0784,0.146,14.6622
23,34.0,40.0,9.525,0.6,20.4,18.7208,5.8365,0.08,0.146,14.6622
23,34.0,40.0,10.16,0.6,20.4,18.6943,5.9633,0.0816,0.146,14.6622
23,34.0,40.0,10.795,0.6,20.4,18.6665,6.0967,0.0833,0.146,14.6622
23,34.0,40.0,11.43,0.6,20.4,18.6375,6.2365,0.0852,0.146,14.6622
23,34.0,40.0,12.065,0.6,20.4,18.6072,6.3824,0.087,0.146,14.6622
23,34.0,40.0,6.985,0.7,23.8,18.8156,5.3842,0.074,0.1264,12.6038
23,34.0,40.0,7.62,0.7,23.8,18.7949,5.4827,0.0753,0.1264,12.6038
23,34.0,40.0,8.255,0.7,23.8,18.7727,5.5884,0.0767,0.1264,12.6038
23,34.0,40.0,8.89,0.7,23.8,18.7491,5.701,0.0782,0.1264,12.6038
23,34.0,40.0,9.525,0.7,23.8,18.7241,5.8204,0.0797,0.1264,12.6038
23,34.0,40.0,10.16,0.7,23.8,18.6978,5.9465,0.0814,0.1264,12.6038
23,34.0,40.0,10.795,0.7,23.8,18.6702,6.0792,0.0831,0.1264,12.6038
23,34.0,40.0,11.43,0.7,23.8,18.6413,6.2181,0.0849,0.1264,12.6038
23,34.0,40.0,12.065,0.7,23.8,18.6112,6.3632,0.0868,0.1264,12.6038
23,34.0,40.0,6.985,0.8,27.2,18.8182,5.3719,0.0739,0.1116,11.049
23,34.0,40.0,7.62,0.8,27.2,18.7976,5.47,0.0752,0.1116,11.049
23,34.0,40.0,8.255,0.8,27.2,18.7755,5.5751,0.0765,0.1116,11.049
23,34.0,40.0,8.89,0.8,27.2,18.752,5.6872,0.078,0.1116,11.049
23,34.0,40.0,9.525,0.8,27.2,18.7271,5.8061,0.0796,0.1116,11.049
23,34.0,40.0,10.16,0.8,27.2,18.7009,5.9315,0.0812,0.1116,11.049
23,34.0,40.0,10.795,0.8,27.2,18.6734,6.0635,0.0829,0.1116,11.049
23,34.0,40.0,11.43,0.8,27.2,18.6447,6.2017,0.0847,0.1116,11.049
23,34.0,40.0,12.065,0.8,27.2,18.6148,6.346,0.0866,0.1116,11.049
23,34.0,40.0,6.985,0.9,30.6,18.8205,5.3608,0.0737,0.1,9.834
23,34.0,40.0,7.62,0.9,30.6,18.8,5.4585,0.075,0.1,9.834
23,34.0,40.0,8.255,0.9,30.6,18.778,5.5632,0.0764,0.1,9.834
23,34.0,40.0,8.89,0.9,30.6,18.7546,5.6747,0.0778,0.1,9.834
23,34.0,40.0,9.525,0.9,30.6,18.7298,5.7931,0.0794,0.1,9.834
23,34.0,40.0,10.16,0.9,30.6,18.7038,5.918,0.081,0.1,9.834
23,34.0,40.0,10.795,0.9,30.6,18.6764,6.0493,0.0827,0.1,9.834
23,34.0,40.0,11.43,0.9,30.6,18.6478,6.1869,0.0845,0.1,9.834
23,34.0,40.0,12.065,0.9,30.6,18.618,6.3305,0.0864,0.1,9.834
23,42.6,50.0,6.985,0.4,17.04,19.212,3.5286,0.0492,0.1728,17.4717
23,42.6,50.0,7.62,0.4,17.04,19.1976,3.5952,0.0501,0.1728,17.4717
23,42.6,50.0,8.255,0.4,17.04,19.1822,3.6666,0.0511,0.1728,17.4717
23,42.6,50.0,8.89,0.4,17.04,19.1657,3.7429,0.0521,0.1728,17.4717
23,42.6,50.0,9.525,0.4,17.04,19.1482,3.824,0.0532,0.1728,17.4717
23,42.6,50.0,10.16,0.4,17.04,19.1296,3.9098,0.0544,0.1728,17.4717
23,42.6,50.0,6.985,0.5,21.3,19.2138,3.5204,0.0491,0.1402,14.0552
23,42.6,50.0,7.62,0.5,21.3,19.1995,3.5866,0.05,0.1402,14.0552
23,42.6,50.0,8.255,0.5,21.3,19.1841,3.6577,0.051,0.1402,14.0552
23,42.6,50.0,8.89,0.5,21.3,19.1677,3.7336,0.052,0.1402,14.0552
23,42.6,50.0,9.525,0.5,21.3,19.1502,3.8143,0.0531,0.1402,14.0552
23,42.6,50.0,10.16,0.5,21.3,19.1318,3.8997,0.0543,0.1402,14.0552
23,42.6,50.0,10.795,0.5,21.3,19.1124,3.9897,0.0555,0.1402,14.0552
23,42.6,50.0,11.43,0.5,21.3,19.0921,4.0842,0.0567,0.1402,14.0552
23,42.6,50.0,12.065,0.5,21.3,19.0708,4.1832,0.0581,0.1402,14.0552
23,42.6,50.0,6.985,0.6,25.56,19.2154,3.5134,0.049,0.1183,11.7484
23,42.6,50.0,7.62,0.6,25.56,19.2011,3.5793,0.0499,0.1183,11.7484
23,42.6,50.0,8.255,0.6,25.56,19.1857,3.6501,0.0509,0.1183,11.7484
23,42.6,50.0,8.89,0.6,25.56,19.1694,3.7257,0.0519,0.1183,11.7484
23,42.6,50.0,9.525,0.6,25.56,19.152,3.8061,0.053,0.1183,11.7484
23,42.6,50.0,10.16,0.6,25.56,19.1337,3.8911,0.0541,0.1183,11.7484
23,42.6,50.0,10.795,0.6,25.56,19.1144,3.9806,0.0554,0.1183,11.7484
23,42.6,50.0,11.43,0.6,25.56,19.0941,4.0747,0.0566,0.1183,11.7484
23,42.6,50.0,12.065,0.6,25.56,19.073,4.1732,0.0579,0.1183,11.7484
23,42.6,50.0,6.985,0.7,29.82,19.2167,3.5072,0.049,0.1024,10.0886
23,42.6,50.0,7.62,0.7,29.82,19.2024,3.5729,0.0498,0.1024,10.0886
23,42.6,50.0,8.255,0.7,29.82,19.1872,3.6435,0.0508,0.1024,10.0886
23,42.6,50.0,8.89,0.7,29.82,19.1709,3.7188,0.0518,0.1024,10.0886
23,42.6,50.0,9.525,0.7,29.82,19.1536,3.7988,0.0529,0.1024,10.0886
23,42.6,50.0,10.16,0.7,29.82,19.1353,3.8835,0.054,0.1024,10.0886
23,42.6,50.0,10.795,0.7,29.82,19.1161,3.9727,0.0552,0.1024,10.0886
23,42.6,50.0,11.43,0.7,29.82,19.0959,4.0664,0.0565,0.1024,10.0886
23,42.6,50.0,12.065,0.7,29.82,19.0748,4.1645,0.0578,0.1024,10.0886
23,42.6,50.0,6.985,0.8,34.08,19.2179,3.5017,0.0489,0.0905,8.8382
23,42.6,50.0,7.62,0.8,34.08,19.2037,3.5672,0.0498,0.0905,8.8382
23,42.6,50.0,8.255,0.8,34.08,19.1885,3.6375,0.0507,0.0905,8.8382
23,42.6,50.0,8.89,0.8,34.08,19.1722,3.7126,0.0517,0.0905,8.8382
23,42.6,50.0,9.525,0.8,34.08,19.155,3.7924,0.0528,0.0905,8.8382
23,42.6,50.0,10.16,0.8,34.08,19.1368,3.8767,0.054,0.0905,8.8382
23,42.6,50.0,10.795,0.8,34.08,19.1176,3.9657,0.0552,0.0905,8.8382
23,42.6,50.0,11.43,0.8,34.08,19.0975,4.059,0.0564,0.0905,8.8382
23,42.6,50.0,12.065,0.8,34.08,19.0765,4.1568,0.0577,0.0905,8.8382
23,42.6,50.0,6.985,0.9,38.34,19.219,3.4967,0.0488,0.0812,7.8626
23,42.6,50.0,7.62,0.9,38.34,19.2048,3.562,0.0497,0.0812,7.8626
23,42.6,50.0,8.255,0.9,38.34,19.1896,3.6322,0.0506,0.0812,7.8626
23,42.6,50.0,8.89,0.9,38.34,19.1734,3.707,0.0517,0.0812,7.8626
23,42.6,50.0,9.525,0.9,38.34,19.1562,3.7865,0.0527,0.0812,7.8626
23,42.6,50.0,10.16,0.9,38.34,19.1381,3.8706,0.0539,0.0812,7.8626
23,42.6,50.0,10.795,0.9,38.34,19.119,3.9593,0.0551,0.0812,7.8626
23,42.6,50.0,11.43,0.9,38.34,19.0989,4.0523,0.0563,0.0812,7.8626
23,42.6,50.0,12.065,0.9,38.34,19.078,4.1497,0.0576,0.0812,7.8626
23,53.6,63.0,6.985,0.3,16.08,19.484,2.2877,0.0323,0.1824,18.48
23,53.6,63.0,7.62,0.3,16.08,19.4743,2.3315,0.0329,0.1824,18.48
23,53.6,63.0,8.255,0.3,16.08,19.4639,2.3786,0.0335,0.1824,18.48
23,53.6,63.0,8.89,0.3,16.08,19.4527,2.429,0.0342,0.1824,18.48
23,53.6,63.0,9.525,0.3,16.08,19.4409,2.4825,0.0349,0.1824,18.48
23,53.6,63.0,6.985,0.4,21.44,19.4849,2.2833,0.0322,0.1394,13.9653
23,53.6,63.0,7.62,0.4,21.44,19.4753,2.3269,0.0328,0.1394,13.9653
23,53.6,63.0,8.255,0.4,21.44,19.4649,2.3738,0.0334,0.1394,13.9653
23,53.6,63.0,8.89,0.4,21.44,19.4538,2.424,0.0341,0.1394,13.9653
23,53.6,63.0,9.525,0.4,21.44,19.4421,2.4773,0.0349,0.1394,13.9653
23,53.6,63.0,10.16,0.4,21.44,19.4296,2.5339,0.0357,0.1394,13.9653
23,53.6,63.0,10.795,0.4,21.44,19.4164,2.5936,0.0365,0.1394,13.9653
23,53.6,63.0,11.43,0.4,21.44,19.4026,2.6564,0.0373,0.1394,13.9653
23,53.6,63.0,12.065,0.4,21.44,19.3881,2.7222,0.0382,0.1394,13.9653
23,53.6,63.0,6.985,0.5,26.8,19.4858,2.2796,0.0321,0.1131,11.2119
23,53.6,63.0,7.62,0.5,26.8,19.4761,2.3231,0.0327,0.1131,11.2119
23,53.6,63.0,8.255,0.5,26.8,19.4658,2.3699,0.0334,0.1131,11.2119
23,53.6,63.0,8.89,0.5,26.8,19.4547,2.4199,0.0341,0.1131,11.2119
23,53.6,63.0,9.525,0.5,26.8,19.443,2.473,0.0348,0.1131,11.2119
23,53.6,63.0,10.16,0.5,26.8,19.4306,2.5294,0.0356,0.1131,11.2119
23,53.6,63.0,10.795,0.5,26.8,19.4175,2.5889,0.0364,0.1131,11.2119
23,53.6,63.0,11.43,0.5,26.8,19.4037,2.6514,0.0373,0.1131,11.2119
23,53.6,63.0,12.065,0.5,26.8,19.3893,2.7171,0.0382,0.1131,11.2119
23,53.6,63.0,6.985,0.6,32.16,19.4864,2.2765,0.0321,0.0955,9.3613
23,53.6,63.0,7.62,0.6,32.16,19.4768,2.3199,0.0327,0.0955,9.3613
23,53.6,63.0,8.255,0.6,32.16,19.4665,2.3665,0.0333,0.0955,9.3613
23,53.6,63.0,8.89,0.6,32.16,19.4555,2.4164,0.034,0.0955,9.3613
23,53.6,63.0,9.525,0.6,32.16,19.4438,2.4694,0.0348,0.0955,9.3613
23,53.6,63.0,10.16,0.6,32.16,19.4314,2.5256,0.0355,0.0955,9.3613
23,53.6,63.0,10.795,0.6,32.16,19.4183,2.5848,0.0364,0.0955,9.3613
23,53.6,63.0,11.43,0.6,32.16,19.4046,2.6472,0.0372,0.0955,9.3613
23,53.6,63.0,12.065,0.6,32.16,19.3902,2.7126,0.0381,0.0955,9.3613
23,53.6,63.0,6.985,0.7,37.52,19.487,2.2738,0.0321,0.0829,8.0334
23,53.6,63.0,7.62,0.7,37.52,19.4775,2.317,0.0327,0.0829,8.0334
23,53.6,63.0,8.255,0.7,37.52,19.4672,2.3636,0.0333,0.0829,8.0334
23,53.6,63.0,8.89,0.7,37.52,19.4562,2.4133,0.034,0.0829,8.0334
23,53.6,63.0,9.525,0.7,37.52,19.4445,2.4662,0.0347,0.0829,8.0334
23,53.6,63.0,10.16,0.7,37.52,19.4322,2.5222,0.0355,0.0829,8.0334
23,53.6,63.0,10.795,0.7,37.52,19.4191,2.5813,0.0363,0.0829,8.0334
23,53.6,63.0,11.43,0.7,37.52,19.4054,2.6435,0.0372,0.0829,8.0334
23,53.6,63.0,12.065,0.7,37.52,19.3911,2.7087,0.0381,0.0829,8.0334
23,53.6,63.0,6.985,0.8,42.88,19.4876,2.2713,0.032,0.0734,7.0345
23,53.6,63.0,7.62,0.8,42.88,19.478,2.3145,0.0326,0.0734,7.0345
23,53.6,63.0,8.255,0.8,42.88,19.4678,2.3609,0.0333,0.0734,7.0345
23,53.6,63.0,8.89,0.8,42.88,19.4568,2.4105,0.0339,0.0734,7.0345
23,53.6,63.0,9.525,0.8,42.88,19.4452,2.4633,0.0347,0.0734,7.0345
23,53.6,63.0,10.16,0.8,42.88,19.4328,2.5192,0.0354,0.0734,7.0345
23,53.6,63.0,10.795,0.8,42.88,19.4198,2.5782,0.0363,0.0734,7.0345
23,53.6,63.0,11.43,0.8,42.88,19.4062,2.6402,0.0371,0.0734,7.0345
23,53.6,63.0,12.065,0.8,42.88,19.3918,2.7053,0.038,0.0734,7.0345
23,53.6,63.0,6.985,0.9,48.24,19.4881,2.2691,0.032,0.0659,6.2562
23,53.6,63.0,7.62,0.9,48.24,19.4785,2.3122,0.0326,0.0659,6.2562
23,53.6,63.0,8.255,0.9,48.24,19.4683,2.3585,0.0332,0.0659,6.2562
23,53.6,63.0,8.89,0.9,48.24,19.4574,2.408,0.0339,0.0659,6.2562
23,53.6,63.0,9.525,0.9,48.24,19.4457,2.4607,0.0346,0.0659,6.2562
23,53.6,63.0,10.16,0.9,48.24,19.4334,2.5164,0.0354,0.0659,6.2562
23,53.6,63.0,10.795,0.9,48.24,19.4205,2.5753,0.0362,0.0659,6.2562
23,53.6,63.0,11.43,0.9,48.24,19.4068,2.6372,0.0371,0.0659,6.2562
23,53.6,63.0,12.065,0.9,48.24,19.3925,2.7021,0.038,0.0659,6.2562
24,17.0,20.0,6.985,0.8,13.6,16.0247,20.2856,0.2485,0.2131,21.7021
24,17.0,20.0,6.985,0.9,15.3,16.0469,20.1524,0.2471,0.191,19.3873
24,17.0,20.0,7.62,0.9,15.3,15.9945,20.4676,0.2503,0.191,19.3873
24,17.0,20.0,8.255,0.9,15.3,15.9392,20.8018,0.2538,0.191,19.3873
24,17.0,20.0,8.89,0.9,15.3,15.8814,21.1533,0.2574,0.191,19.3873
24,22.0,25.0,6.985,0.7,15.4,17.4144,12.4267,0.1616,0.1899,19.2662
24,22.0,25.0,7.62,0.7,15.4,17.3736,12.6442,0.1641,0.1899,19.2662
24,22.0,25.0,8.255,0.7,15.4,17.3302,12.8763,0.1669,0.1899,19.2662
24,22.0,25.0,8.89,0.7,15.4,17.2844,13.1222,0.1697,0.1899,19.2662
24,22.0,25.0,6.985,0.8,17.6,17.4255,12.368,0.1609,0.1676,16.9321
24,22.0,25.0,7.62,0.8,17.6,17.385,12.5835,0.1634,0.1676,16.9321
24,22.0,25.0,8.255,0.8,17.6,17.342,12.8133,0.1661,0.1676,16.9321
24,22.0,25.0,8.89,0.8,17.6,17.2966,13.0568,0.169,0.1676,16.9321
24,22.0,25.0,9.525,0.8,17.6,17.2489,13.3133,0.1719,0.1676,16.9321
24,22.0,25.0,10.16,0.8,17.6,17.1992,13.582,0.175,0.1676,16.9321
24,22.0,25.0,10.795,0.8,17.6,17.1476,13.8621,0.1783,0.1676,16.9321
24,22.0,25.0,6.985,0.9,19.8,17.4354,12.3151,0.1603,0.1501,15.0965
24,22.0,25.0,7.62,0.9,19.8,17.3953,12.5287,0.1628,0.1501,15.0965
24,22.0,25.0,8.255,0.9,19.8,17.3526,12.7565,0.1655,0.1501,15.0965
24,22.0,25.0,8.89,0.9,19.8,17.3076,12.9978,0.1683,0.1501,15.0965
24,22.0,25.0,9.525,0.9,19.8,17.2603,13.252,0.1712,0.1501,15.0965
24,22.0,25.0,10.16,0.9,19.8,17.211,13.5182,0.1743,0.1501,15.0965
24,22.0,25.0,10.795,0.9,19.8,17.1599,13.7957,0.1775,0.1501,15.0965
24,22.0,25.0,11.43,0.9,19.8,17.107,14.0836,0.1808,0.1501,15.0965
24,22.0,25.0,12.065,0.9,19.8,17.0527,14.3811,0.1842,0.1501,15.0965
24,27.2,32.0,6.985,0.5,13.6,18.211,8.3259,0.1118,0.2131,21.7021
24,27.2,32.0,6.985,0.6,16.32,18.2181,8.2908,0.1114,0.1799,18.2174
24,27.2,32.0,7.62,0.6,16.32,18.1873,8.4441,0.1133,0.1799,18.2174
24,27.2,32.0,8.255,0.6,16.32,18.1545,8.6081,0.1153,0.1799,18.2174
24,27.2,32.0,8.89,0.6,16.32,18.1197,8.7825,0.1175,0.1799,18.2174
24,27.2,32.0,9.525,0.6,16.32,18.083,8.9669,0.1198,0.1799,18.2174
24,27.2,32.0,6.985,0.7,19.04,18.2242,8.2601,0.111,0.1557,15.6844
24,27.2,32.0,7.62,0.7,19.04,18.1937,8.4122,0.1129,0.1557,15.6844
24,27.2,32.0,8.255,0.7,19.04,18.1611,8.575,0.1149,0.1557,15.6844
24,27.2,32.0,8.89,0.7,19.04,18.1266,8.748,0.1171,0.1557,15.6844
24,27.2,32.0,9.525,0.7,19.04,18.0902,8.931,0.1194,0.1557,15.6844
24,27.2,32.0,10.16,0.7,19.04,18.0519,9.1237,0.1218,0.1557,15.6844
24,27.2,32.0,10.795,0.7,19.04,18.012,9.3256,0.1242,0.1557,15.6844
24,27.2,32.0,11.43,0.7,19.04,17.9705,9.5362,0.1268,0.1557,15.6844
24,27.2,32.0,12.065,0.7,19.04,17.9274,9.7553,0.1295,0.1557,15.6844
24,27.2,32.0,6.985,0.8,21.76,18.2297,8.2328,0.1106,0.1375,13.7638
24,27.2,32.0,7.62,0.8,21.76,18.1994,8.3839,0.1125,0.1375,13.7638
24,27.2,32.0,8.255,0.8,21.76,18.167,8.5455,0.1146,0.1375,13.7638
24,27.2,32.0,8.89,0.8,21.76,18.1327,8.7173,0.1167,0.1375,13.7638
24,27.2,32.0,9.525,0.8,21.76,18.0965,8.8991,0.119,0.1375,13.7638
24,27.2,32.0,10.16,0.8,21.76,18.0585,9.0903,0.1213,0.1375,13.7638
24,27.2,32.0,10.795,0.8,21.76,18.0189,9.2907,0.1238,0.1375,13.7638
24,27.2,32.0,11.43,0.8,21.76,17.9776,9.4998,0.1264,0.1375,13.7638
24,27.2,32.0,12.065,0.8,21.76,17.9349,9.7171,0.1291,0.1375,13.7638
24,27.2,32.0,6.985,0.9,24.48,18.2347,8.208,0.1103,0.1231,12.259
24,27.2,32.0,7.62,0.9,24.48,18.2045,8.3582,0.1122,0.1231,12.259
24,27.2,32.0,8.255,0.9,24.48,18.1724,8.5189,0.1142,0.1231,12.259
24,27.2,32.0,8.89,0.9,24.48,18.1382,8.6896,0.1164,0.1231,12.259
24,27.2,32.0,9.525,0.9,24.48,18.1023,8.8702,0.1186,0.1231,12.259
24,27.2,32.0,10.16,0.9,24.48,18.0645,9.0602,0.121,0.1231,12.259
24,27.2,32.0,10.795,0.9,24.48,18.0251,9.2592,0.1234,0.1231,12.259
24,27.2,32.0,11.43,0.9,24.48,17.9841,9.4669,0.126,0.1231,12.259
24,27.2,32.0,12.065,0.9,24.48,17.9417,9.6827,0.1286,0.1231,12.259
24,34.0,40.0,6.985,0.4,13.6,18.8046,5.4365,0.0747,0.2131,21.7021
24,34.0,40.0,6.985,0.5,17.0,18.8085,5.4181,0.0745,0.1731,17.5116
24,34.0,40.0,7.62,0.5,17.0,18.7866,5.522,0.0758,0.1731,17.5116
24,34.0,40.0,8.255,0.5,17.0,18.7633,5.6335,0.0773,0.1731,17.5116
24,34.0,40.0,8.89,0.5,17.0,18.7384,5.7523,0.0789,0.1731,17.5116
24,34.0,40.0,9.525,0.5,17.0,18.712,5.8783,0.0805,0.1731,17.5116
24,34.0,40.0,10.16,0.5,17.0,18.6843,6.0114,0.0822,0.1731,17.5116
24,34.0,40.0,6.985,0.6,20.4,18.8118,5.4024,0.0743,0.146,14.6622
24,34.0,40.0,7.62,0.6,20.4,18.7901,5.5057,0.0756,0.146,14.6622
24,34.0,40.0,8.255,0.6,20.4,18.7668,5.6165,0.0771,0.146,14.6622
24,34.0,40.0,8.89,0.6,20.4,18.7421,5.7345,0.0786,0.146,14.6622
24,34.0,40.0,9.525,0.6,20.4,18.7159,5.8598,0.0803,0.146,14.6622
24,34.0,40.0,10.16,0.6,20.4,18.6883,5.992,0.082,0.146,14.6622
24,34.0,40.0,10.795,0.6,20.4,18.6594,6.1311,0.0838,0.146,14.6622
24,34.0,40.0,11.43,0.6,20.4,18.6291,6.2768,0.0857,0.146,14.6622
24,34.0,40.0,12.065,0.6,20.4,18.5976,6.4289,0.0877,0.146,14.6622
24,34.0,40.0,6.985,0.7,23.8,18.8147,5.3886,0.0741,0.1264,12.6038
24,34.0,40.0,7.62,0.7,23.8,18.7931,5.4914,0.0754,0.1264,12.6038
24,34.0,40.0,8.255,0.7,23.8,18.7699,5.6016,0.0769,0.1264,12.6038
24,34.0,40.0,8.89,0.7,23.8,18.7453,5.719,0.0784,0.1264,12.6038
24,34.0,40.0,9.525,0.7,23.8,18.7193,5.8436,0.08,0.1264,12.6038
24,34.0,40.0,10.16,0.7,23.8,18.6918,5.9751,0.0818,0.1264,12.6038
24,34.0,40.0,10.795,0.7,23.8,18.6631,6.1134,0.0836,0.1264,12.6038
24,34.0,40.0,11.43,0.7,23.8,18.633,6.2582,0.0854,0.1264,12.6038
24,34.0,40.0,12.065,0.7,23.8,18.6016,6.4094,0.0874,0.1264,12.6038
24,34.0,40.0,6.985,0.8,27.2,18.8173,5.3763,0.0739,0.1116,11.049
24,34.0,40.0,7.62,0.8,27.2,18.7958,5.4786,0.0753,0.1116,11.049
24,34.0,40.0,8.255,0.8,27.2,18.7727,5.5883,0.0767,0.1116,11.049
24,34.0,40.0,8.89,0.8,27.2,18.7482,5.7052,0.0782,0.1116,11.049
24,34.0,40.0,9.525,0.8,27.2,18.7223,5.8291,0.0799,0.1116,11.049
24,34.0,40.0,10.16,0.8,27.2,18.695,5.96,0.0816,0.1116,11.049
24,34.0,40.0,10.795,0.8,27.2,18.6664,6.0975,0.0834,0.1116,11.049
24,34.0,40.0,11.43,0.8,27.2,18.6364,6.2416,0.0852,0.1116,11.049
24,34.0,40.0,12.065,0.8,27.2,18.6052,6.392,0.0872,0.1116,11.049
24,34.0,40.0,6.985,0.9,30.6,18.8196,5.3651,0.0738,0.1,9.834
24,34.0,40.0,7.62,0.9,30.6,18.7982,5.467,0.0751,0.1,9.834
24,34.0,40.0,8.255,0.9,30.6,18.7753,5.5762,0.0765,0.1,9.834
24,34.0,40.0,8.89,0.9,30.6,18.7509,5.6926,0.0781,0.1,9.834
24,34.0,40.0,9.525,0.9,30.6,18.725,5.816,0.0797,0.1,9.834
24,34.0,40.0,10.16,0.9,30.6,18.6979,5.9463,0.0814,0.1,9.834
24,34.0,40.0,10.795,0.9,30.6,18.6693,6.0832,0.0832,0.1,9.834
24,34.0,40.0,11.43,0.9,30.6,18.6395,6.2266,0.085,0.1,9.834
24,34.0,40.0,12.065,0.9,30.6,18.6085,6.3763,0.087,0.1,9.834
24,42.6,50.0,6.985,0.4,17.04,19.2114,3.5316,0.0493,0.1728,17.4717
24,42.6,50.0,7.62,0.4,17.04,19.1964,3.601,0.0502,0.1728,17.4717
24,42.6,50.0,8.255,0.4,17.04,19.1802,3.6755,0.0512,0.1728,17.4717
24,42.6,50.0,8.89,0.4,17.04,19.163,3.7551,0.0523,0.1728,17.4717
24,42.6,50.0,9.525,0.4,17.04,19.1448,3.8397,0.0535,0.1728,17.4717
24,42.6,50.0,10.16,0.4,17.04,19.1255,3.9292,0.0547,0.1728,17.4717
24,42.6,50.0,6.985,0.5,21.3,19.2132,3.5234,0.0492,0.1402,14.0552
24,42.6,50.0,7.62,0.5,21.3,19.1982,3.5924,0.0501,0.1402,14.0552
24,42.6,50.0,8.255,0.5,21.3,19.1822,3.6666,0.0511,0.1402,14.0552
24,42.6,50.0,8.89,0.5,21.3,19.165,3.7458,0.0522,0.1402,14.0552
24,42.6,50.0,9.525,0.5,21.3,19.1469,3.8299,0.0533,0.1402,14.0552
24,42.6,50.0,10.16,0.5,21.3,19.1277,3.919,0.0545,0.1402,14.0552
24,42.6,50.0,10.795,0.5,21.3,19.1074,4.0128,0.0558,0.1402,14.0552
24,42.6,50.0,11.43,0.5,21.3,19.0862,4.1114,0.0571,0.1402,14.0552
24,42.6,50.0,12.065,0.5,21.3,19.0641,4.2146,0.0585,0.1402,14.0552
24,42.6,50.0,6.985,0.6,25.56,19.2147,3.5163,0.0491,0.1183,11.7484
24,42.6,50.0,7.62,0.6,25.56,19.1998,3.5851,0.05,0.1183,11.7484
24,42.6,50.0,8.255,0.6,25.56,19.1838,3.659,0.051,0.1183,11.7484
24,42.6,50.0,8.89,0.6,25.56,19.1668,3.7378,0.0521,0.1183,11.7484
24,42.6,50.0,9.525,0.6,25.56,19.1487,3.8216,0.0532,0.1183,11.7484
24,42.6,50.0,10.16,0.6,25.56,19.1295,3.9103,0.0544,0.1183,11.7484
24,42.6,50.0,10.795,0.6,25.56,19.1094,4.0037,0.0557,0.1183,11.7484
24,42.6,50.0,11.43,0.6,25.56,19.0883,4.1018,0.057,0.1183,11.7484
24,42.6,50.0,12.065,0.6,25.56,19.0663,4.2045,0.0584,0.1183,11.7484
24,42.6,50.0,6.985,0.7,29.82,19.2161,3.5102,0.049,0.1024,10.0886
24,42.6,50.0,7.62,0.7,29.82,19.2012,3.5787,0.0499,0.1024,10.0886
24,42.6,50.0,8.255,0.7,29.82,19.1853,3.6523,0.0509,0.1024,10.0886
24,42.6,50.0,8.89,0.7,29.82,19.1683,3.7309,0.052,0.1024,10.0886
24,42.6,50.0,9.525,0.7,29.82,19.1502,3.8143,0.0531,0.1024,10.0886
24,42.6,50.0,10.16,0.7,29.82,19.1312,3.9026,0.0543,0.1024,10.0886
24,42.6,50.0,10.795,0.7,29.82,19.1111,3.9957,0.0556,0.1024,10.0886
24,42.6,50.0,11.43,0.7,29.82,19.0901,4.0934,0.0569,0.1024,10.0886
24,42.6,50.0,12.065,0.7,29.82,19.0681,4.1957,0.0582,0.1024,10.0886
24,42.6,50.0,6.985,0.8,34.08,19.2173,3.5046,0.0489,0.0905,8.8382
24,42.6,50.0,7.62,0.8,34.08,19.2024,3.573,0.0498,0.0905,8.8382
24,42.6,50.0,8.255,0.8,34.08,19.1865,3.6463,0.0508,0.0905,8.8382
24,42.6,50.0,8.89,0.8,34.08,19.1696,3.7246,0.0519,0.0905,8.8382
24,42.6,50.0,9.525,0.8,34.08,19.1516,3.8078,0.053,0.0905,8.8382
24,42.6,50.0,10.16,0.8,34.08,19.1326,3.8958,0.0542,0.0905,8.8382
24,42.6,50.0,10.795,0.8,34.08,19.1127,3.9886,0.0555,0.0905,8.8382
24,42.6,50.0,11.43,0.8,34.08,19.0917,4.0859,0.0568,0.0905,8.8382
24,42.6,50.0,12.065,0.8,34.08,19.0698,4.1878,0.0581,0.0905,8.8382
24,42.6,50.0,6.985,0.9,38.34,19.2183,3.4996,0.0489,0.0812,7.8626
24,42.6,50.0,7.62,0.9,38.34,19.2036,3.5678,0.0498,0.0812,7.8626
24,42.6,50.0,8.255,0.9,38.34,19.1877,3.6409,0.0508,0.0812,7.8626
24,42.6,50.0,8.89,0.9,38.34,19.1708,3.719,0.0518,0.0812,7.8626
24,42.6,50.0,9.525,0.9,38.34,19.1529,3.8019,0.0529,0.0812,7.8626
24,42.6,50.0,10.16,0.9,38.34,19.134,3.8896,0.0541,0.0812,7.8626
24,42.6,50.0,10.795,0.9,38.34,19.1141,3.9821,0.0554,0.0812,7.8626
24,42.6,50.0,11.43,0.9,38.34,19.0932,4.0791,0.0567,0.0812,7.8626
24,42.6,50.0,12.065,0.9,38.34,19.0714,4.1807,0.058,0.0812,7.8626
24,53.6,63.0,6.985,0.3,16.08,19.4835,2.2896,0.0323,0.1824,18.48
24,53.6,63.0,7.62,0.3,16.08,19.4734,2.3354,0.0329,0.1824,18.48
24,53.6,63.0,8.255,0.3,16.08,19.4626,2.3845,0.0336,0.1824,18.48
24,53.6,63.0,8.89,0.3,16.08,19.4509,2.437,0.0343,0.1824,18.48
24,53.6,63.0,9.525,0.3,16.08,19.4386,2.4929,0.0351,0.1824,18.48
24,53.6,63.0,6.985,0.4,21.44,19.4845,2.2852,0.0322,0.1394,13.9653
24,53.6,63.0,7.62,0.4,21.44,19.4744,2.3307,0.0328,0.1394,13.9653
24,53.6,63.0,8.255,0.4,21.44,19.4636,2.3797,0.0335,0.1394,13.9653
24,53.6,63.0,8.89,0.4,21.44,19.4521,2.432,0.0342,0.1394,13.9653
24,53.6,63.0,9.525,0.4,21.44,19.4398,2.4877,0.035,0.1394,13.9653
24,53.6,63.0,10.16,0.4,21.44,19.4268,2.5467,0.0358,0.1394,13.9653
24,53.6,63.0,10.795,0.4,21.44,19.413,2.6089,0.0367,0.1394,13.9653
24,53.6,63.0,11.43,0.4,21.44,19.3986,2.6744,0.0376,0.1394,13.9653
24,53.6,63.0,12.065,0.4,21.44,19.3835,2.7431,0.0385,0.1394,13.9653
24,53.6,63.0,6.985,0.5,26.8,19.4853,2.2815,0.0322,0.1131,11.2119
24,53.6,63.0,7.62,0.5,26.8,19.4753,2.3269,0.0328,0.1131,11.2119
24,53.6,63.0,8.255,0.5,26.8,19.4645,2.3757,0.0335,0.1131,11.2119
24,53.6,63.0,8.89,0.5,26.8,19.453,2.4279,0.0342,0.1131,11.2119
24,53.6,63.0,9.525,0.5,26.8,19.4407,2.4834,0.035,0.1131,11.2119
24,53.6,63.0,10.16,0.5,26.8,19.4278,2.5421,0.0358,0.1131,11.2119
24,53.6,63.0,10.795,0.5,26.8,19.4141,2.6042,0.0366,0.1131,11.2119
24,53.6,63.0,11.43,0.5,26.8,19.3997,2.6694,0.0375,0.1131,11.2119
24,53.6,63.0,12.065,0.5,26.8,19.3847,2.7379,0.0385,0.1131,11.2119
24,53.6,63.0,6.985,0.6,32.16,19.486,2.2784,0.0321,0.0955,9.3613
24,53.6,63.0,7.62,0.6,32.16,19.476,2.3237,0.0328,0.0955,9.3613
24,53.6,63.0,8.255,0.6,32.16,19.4652,2.3723,0.0334,0.0955,9.3613
24,53.6,63.0,8.89,0.6,32.16,19.4538,2.4243,0.0341,0.0955,9.3613
24,53.6,63.0,9.525,0.6,32.16,19.4415,2.4797,0.0349,0.0955,9.3613
24,53.6,63.0,10.16,0.6,32.16,19.4286,2.5382,0.0357,0.0955,9.3613
24,53.6,63.0,10.795,0.6,32.16,19.415,2.6001,0.0366,0.0955,9.3613
24,53.6,63.0,11.43,0.6,32.16,19.4007,2.6652,0.0375,0.0955,9.3613
24,53.6,63.0,12.065,0.6,32.16,19.3857,2.7334,0.0384,0.0955,9.3613
24,53.6,63.0,6.985,0.7,37.52,19.4866,2.2757,0.0321,0.0829,8.0334
24,53.6,63.0,7.62,0.7,37.52,19.4766,2.3208,0.0327,0.0829,8.0334
24,53.6,63.0,8.255,0.7,37.52,19.4659,2.3694,0.0334,0.0829,8.0334
24,53.6,63.0,8.89,0.7,37.52,19.4544,2.4212,0.0341,0.0829,8.0334
24,53.6,63.0,9.525,0.7,37.52,19.4423,2.4764,0.0349,0.0829,8.0334
24,53.6,63.0,10.16,0.7,37.52,19.4294,2.5348,0.0357,0.0829,8.0334
24,53.6,63.0,10.795,0.7,37.52,19.4158,2.5965,0.0365,0.0829,8.0334
24,53.6,63.0,11.43,0.7,37.52,19.4015,2.6614,0.0374,0.0829,8.0334
24,53.6,63.0,12.065,0.7,37.52,19.3865,2.7294,0.0383,0.0829,8.0334
24,53.6,63.0,6.985,0.8,42.88,19.4872,2.2732,0.0321,0.0734,7.0345
24,53.6,63.0,7.62,0.8,42.88,19.4772,2.3183,0.0327,0.0734,7.0345
24,53.6,63.0,8.255,0.8,42.88,19.4665,2.3667,0.0333,0.0734,7.0345
24,53.6,63.0,8.89,0.8,42.88,19.455,2.4185,0.0341,0.0734,7.0345
24,53.6,63.0,9.525,0.8,42.88,19.4429,2.4735,0.0348,0.0734,7.0345
24,53.6,63.0,10.16,0.8,42.88,19.43,2.5318,0.0356,0.0734,7.0345
24,53.6,63.0,10.795,0.8,42.88,19.4165,2.5933,0.0365,0.0734,7.0345
24,53.6,63.0,11.43,0.8,42.88,19.4022,2.658,0.0374,0.0734,7.0345
24,53.6,63.0,12.065,0.8,42.88,19.3873,2.7259,0.0383,0.0734,7.0345
24,53.6,63.0,6.985,0.9,48.24,19.4877,2.271,0.032,0.0659,6.2562
24,53.6,63.0,7.62,0.9,48.24,19.4777,2.316,0.0326,0.0659,6.2562
24,53.6,63.0,8.255,0.9,48.24,19.467,2.3643,0.0333,0.0659,6.2562
24,53.6,63.0,8.89,0.9,48.24,19.4556,2.4159,0.034,0.0659,6.2562
24,53.6,63.0,9.525,0.9,48.24,19.4435,2.4709,0.0348,0.0659,6.2562
24,53.6,63.0,10.16,0.9,48.24,19.4306,2.529,0.0356,0.0659,6.2562
24,53.6,63.0,10.795,0.9,48.24,19.4171,2.5904,0.0364,0.0659,6.2562
24,53.6,63.0,11.43,0.9,48.24,19.4029,2.655,0.0373,0.0659,6.2562
24,53.6,63.0,12.065,0.9,48.24,19.388,2.7227,0.0382,0.0659,6.2562
25,17.0,20.0,6.985,0.8,13.6,16.0224,20.2993,0.2486,0.2131,21.7021
25,17.0,20.0,6.985,0.9,15.3,16.0446,20.1658,0.2472,0.191,19.3873
25,17.0,20.0,7.62,0.9,15.3,15.9901,20.494,0.2506,0.191,19.3873
25,17.0,20.0,8.255,0.9,15.3,15.9326,20.8418,0.2542,0.191,19.3873
25,17.0,20.0,8.89,0.9,15.3,15.8725,21.2075,0.258,0.191,19.3873
25,22.0,25.0,6.985,0.7,15.4,17.4127,12.4359,0.1617,0.1899,19.2662
25,22.0,25.0,7.62,0.7,15.4,17.3702,12.6625,0.1644,0.1899,19.2662
25,22.0,25.0,8.255,0.7,15.4,17.325,12.9041,0.1672,0.1899,19.2662
25,22.0,25.0,8.89,0.7,15.4,17.2774,13.16,0.1702,0.1899,19.2662
25,22.0,25.0,6.985,0.8,17.6,17.4238,12.3772,0.161,0.1676,16.9321
25,22.0,25.0,7.62,0.8,17.6,17.3816,12.6015,0.1636,0.1676,16.9321
25,22.0,25.0,8.255,0.8,17.6,17.3369,12.8408,0.1664,0.1676,16.9321
25,22.0,25.0,8.89,0.8,17.6,17.2896,13.0942,0.1694,0.1676,16.9321
25,22.0,25.0,9.525,0.8,17.6,17.2401,13.3611,0.1725,0.1676,16.9321
25,22.0,25.0,10.16,0.8,17.6,17.1884,13.6406,0.1757,0.1676,16.9321
25,22.0,25.0,10.795,0.8,17.6,17.1348,13.9319,0.1791,0.1676,16.9321
25,22.0,25.0,6.985,0.9,19.8,17.4337,12.3242,0.1604,0.1501,15.0965
25,22.0,25.0,7.62,0.9,19.8,17.3919,12.5466,0.163,0.1501,15.0965
25,22.0,25.0,8.255,0.9,19.8,17.3475,12.7838,0.1658,0.1501,15.0965
25,22.0,25.0,8.89,0.9,19.8,17.3007,13.0349,0.1687,0.1501,15.0965
25,22.0,25.0,9.525,0.9,19.8,17.2515,13.2994,0.1718,0.1501,15.0965
25,22.0,25.0,10.16,0.9,19.8,17.2003,13.5763,0.175,0.1501,15.0965
25,22.0,25.0,10.795,0.9,19.8,17.1472,13.8648,0.1783,0.1501,15.0965
25,22.0,25.0,11.43,0.9,19.8,17.0923,14.164,0.1817,0.1501,15.0965
25,22.0,25.0,12.065,0.9,19.8,17.0359,14.4731,0.1853,0.1501,15.0965
25,27.2,32.0,6.985,0.5,13.6,18.2097,8.3325,0.1119,0.2131,21.7021
25,27.2,32.0,6.985,0.6,16.32,18.2168,8.2973,0.1115,0.1799,18.2174
25,27.2,32.0,7.62,0.6,16.32,18.1848,8.457,0.1135,0.1799,18.2174
25,27.2,32.0,8.255,0.6,16.32,18.1506,8.6277,0.1156,0.1799,18.2174
25,27.2,32.0,8.89,0.6,16.32,18.1144,8.8092,0.1179,0.1799,18.2174
25,27.2,32.0,9.525,0.6,16.32,18.0762,9.0013,0.1202,0.1799,18.2174
25,27.2,32.0,6.985,0.7,19.04,18.2229,8.2666,0.1111,0.1557,15.6844
25,27.2,32.0,7.62,0.7,19.04,18.1911,8.425,0.1131,0.1557,15.6844
25,27.2,32.0,8.255,0.7,19.04,18.1572,8.5945,0.1152,0.1557,15.6844
25,27.2,32.0,8.89,0.7,19.04,18.1213,8.7746,0.1174,0.1557,15.6844
25,27.2,32.0,9.525,0.7,19.04,18.0834,8.9651,0.1198,0.1557,15.6844
25,27.2,32.0,10.16,0.7,19.04,18.0436,9.1656,0.1223,0.1557,15.6844
25,27.2,32.0,10.795,0.7,19.04,18.0021,9.3756,0.1249,0.1557,15.6844
25,27.2,32.0,11.43,0.7,19.04,17.959,9.5947,0.1276,0.1557,15.6844
25,27.2,32.0,12.065,0.7,19.04,17.9143,9.8225,0.1304,0.1557,15.6844
25,27.2,32.0,6.985,0.8,21.76,18.2284,8.2392,0.1107,0.1375,13.7638
25,27.2,32.0,7.62,0.8,21.76,18.1969,8.3966,0.1127,0.1375,13.7638
25,27.2,32.0,8.255,0.8,21.76,18.1632,8.5648,0.1148,0.1375,13.7638
25,27.2,32.0,8.89,0.8,21.76,18.1275,8.7437,0.117,0.1375,13.7638
25,27.2,32.0,9.525,0.8,21.76,18.0898,8.9329,0.1194,0.1375,13.7638
25,27.2,32.0,10.16,0.8,21.76,18.0503,9.1319,0.1219,0.1375,13.7638
25,27.2,32.0,10.795,0.8,21.76,18.0091,9.3404,0.1244,0.1375,13.7638
25,27.2,32.0,11.43,0.8,21.76,17.9662,9.5578,0.1271,0.1375,13.7638
25,27.2,32.0,12.065,0.8,21.76,17.9218,9.7838,0.1299,0.1375,13.7638
25,27.2,32.0,6.985,0.9,24.48,18.2334,8.2144,0.1104,0.1231,12.259
25,27.2,32.0,7.62,0.9,24.48,18.202,8.3708,0.1124,0.1231,12.259
25,27.2,32.0,8.255,0.9,24.48,18.1685,8.5381,0.1145,0.1231,12.259
25,27.2,32.0,8.89,0.9,24.48,18.133,8.7159,0.1167,0.1231,12.259
25,27.2,32.0,9.525,0.9,24.48,18.0956,8.9038,0.119,0.1231,12.259
25,27.2,32.0,10.16,0.9,24.48,18.0563,9.1015,0.1215,0.1231,12.259
25,27.2,32.0,10.795,0.9,24.48,18.0154,9.3086,0.124,0.1231,12.259
25,27.2,32.0,11.43,0.9,24.48,17.9728,9.5245,0.1267,0.1231,12.259
25,27.2,32.0,12.065,0.9,24.48,17.9287,9.7489,0.1295,0.1231,12.259
25,34.0,40.0,6.985,0.4,13.6,18.8037,5.441,0.0748,0.2131,21.7021
25,34.0,40.0,6.985,0.5,17.0,18.8075,5.4225,0.0745,0.1731,17.5116
25,34.0,40.0,7.62,0.5,17.0,18.7848,5.5308,0.076,0.1731,17.5116
25,34.0,40.0,8.255,0.5,17.0,18.7605,5.6468,0.0775,0.1731,17.5116
25,34.0,40.0,8.89,0.5,17.0,18.7346,5.7705,0.0791,0.1731,17.5116
25,34.0,40.0,9.525,0.5,17.0,18.7071,5.9017,0.0808,0.1731,17.5116
25,34.0,40.0,10.16,0.5,17.0,18.6783,6.0403,0.0826,0.1731,17.5116
25,34.0,40.0,6.985,0.6,20.4,18.8109,5.4068,0.0743,0.146,14.6622
25,34.0,40.0,7.62,0.6,20.4,18.7882,5.5144,0.0757,0.146,14.6622
25,34.0,40.0,8.255,0.6,20.4,18.764,5.6297,0.0772,0.146,14.6622
25,34.0,40.0,8.89,0.6,20.4,18.7383,5.7527,0.0789,0.146,14.6622
25,34.0,40.0,9.525,0.6,20.4,18.711,5.8831,0.0806,0.146,14.6622
25,34.0,40.0,10.16,0.6,20.4,18.6823,6.0207,0.0824,0.146,14.6622
25,34.0,40.0,10.795,0.6,20.4,18.6522,6.1655,0.0842,0.146,14.6622
25,34.0,40.0,11.43,0.6,20.4,18.6208,6.3171,0.0862,0.146,14.6622
25,34.0,40.0,12.065,0.6,20.4,18.588,6.4754,0.0883,0.146,14.6622
25,34.0,40.0,6.985,0.7,23.8,18.8138,5.393,0.0741,0.1264,12.6038
25,34.0,40.0,7.62,0.7,23.8,18.7913,5.5,0.0755,0.1264,12.6038
25,34.0,40.0,8.255,0.7,23.8,18.7672,5.6148,0.0771,0.1264,12.6038
25,34.0,40.0,8.89,0.7,23.8,18.7416,5.7371,0.0787,0.1264,12.6038
25,34.0,40.0,9.525,0.7,23.8,18.7145,5.8667,0.0803,0.1264,12.6038
25,34.0,40.0,10.16,0.7,23.8,18.6859,6.0036,0.0821,0.1264,12.6038
25,34.0,40.0,10.795,0.7,23.8,18.656,6.1475,0.084,0.1264,12.6038
25,34.0,40.0,11.43,0.7,23.8,18.6247,6.2983,0.086,0.1264,12.6038
25,34.0,40.0,12.065,0.7,23.8,18.5921,6.4556,0.088,0.1264,12.6038
25,34.0,40.0,6.985,0.8,27.2,18.8164,5.3806,0.074,0.1116,11.049
25,34.0,40.0,7.62,0.8,27.2,18.7939,5.4872,0.0754,0.1116,11.049
25,34.0,40.0,8.255,0.8,27.2,18.77,5.6014,0.0769,0.1116,11.049
25,34.0,40.0,8.89,0.8,27.2,18.7445,5.7231,0.0785,0.1116,11.049
25,34.0,40.0,9.525,0.8,27.2,18.7175,5.8521,0.0802,0.1116,11.049
25,34.0,40.0,10.16,0.8,27.2,18.6891,5.9883,0.0819,0.1116,11.049
25,34.0,40.0,10.795,0.8,27.2,18.6593,6.1315,0.0838,0.1116,11.049
25,34.0,40.0,11.43,0.8,27.2,18.6281,6.2815,0.0857,0.1116,11.049
25,34.0,40.0,12.065,0.8,27.2,18.5957,6.4379,0.0878,0.1116,11.049
25,34.0,40.0,6.985,0.9,30.6,18.8187,5.3695,0.0738,0.1,9.834
25,34.0,40.0,7.62,0.9,30.6,18.7964,5.4756,0.0752,0.1,9.834
25,34.0,40.0,8.255,0.9,30.6,18.7725,5.5893,0.0767,0.1,9.834
25,34.0,40.0,8.89,0.9,30.6,18.7471,5.7105,0.0783,0.1,9.834
25,34.0,40.0,9.525,0.9,30.6,18.7203,5.8389,0.08,0.1,9.834
25,34.0,40.0,10.16,0.9,30.6,18.692,5.9745,0.0818,0.1,9.834
25,34.0,40.0,10.795,0.9,30.6,18.6623,6.117,0.0836,0.1,9.834
25,34.0,40.0,11.43,0.9,30.6,18.6313,6.2662,0.0855,0.1,9.834
25,34.0,40.0,12.065,0.9,30.6,18.599,6.4219,0.0876,0.1,9.834
25,42.6,50.0,6.985,0.4,17.04,19.2108,3.5345,0.0493,0.1728,17.4717
25,42.6,50.0,7.62,0.4,17.04,19.1951,3.6068,0.0503,0.1728,17.4717
25,42.6,50.0,8.255,0.4,17.04,19.1783,3.6844,0.0514,0.1728,17.4717
25,42.6,50.0,8.89,0.4,17.04,19.1604,3.7673,0.0525,0.1728,17.4717
25,42.6,50.0,9.525,0.4,17.04,19.1414,3.8554,0.0537,0.1728,17.4717
25,42.6,50.0,10.16,0.4,17.04,19.1213,3.9486,0.0549,0.1728,17.4717
25,42.6,50.0,6.985,0.5,21.3,19.2126,3.5263,0.0492,0.1402,14.0552
25,42.6,50.0,7.62,0.5,21.3,19.197,3.5982,0.0502,0.1402,14.0552
25,42.6,50.0,8.255,0.5,21.3,19.1802,3.6755,0.0512,0.1402,14.0552
25,42.6,50.0,8.89,0.5,21.3,19.1624,3.758,0.0523,0.1402,14.0552
25,42.6,50.0,9.525,0.5,21.3,19.1435,3.8456,0.0535,0.1402,14.0552
25,42.6,50.0,10.16,0.5,21.3,19.1235,3.9383,0.0548,0.1402,14.0552
25,42.6,50.0,10.795,0.5,21.3,19.1025,4.036,0.0561,0.1402,14.0552
25,42.6,50.0,11.43,0.5,21.3,19.0804,4.1386,0.0575,0.1402,14.0552
25,42.6,50.0,12.065,0.5,21.3,19.0574,4.246,0.0589,0.1402,14.0552
25,42.6,50.0,6.985,0.6,25.56,19.2141,3.5193,0.0491,0.1183,11.7484
25,42.6,50.0,7.62,0.6,25.56,19.1986,3.5909,0.0501,0.1183,11.7484
25,42.6,50.0,8.255,0.6,25.56,19.1819,3.6678,0.0511,0.1183,11.7484
25,42.6,50.0,8.89,0.6,25.56,19.1641,3.75,0.0522,0.1183,11.7484
25,42.6,50.0,9.525,0.6,25.56,19.1453,3.8372,0.0534,0.1183,11.7484
25,42.6,50.0,10.16,0.6,25.56,19.1254,3.9295,0.0547,0.1183,11.7484
25,42.6,50.0,10.795,0.6,25.56,19.1044,4.0268,0.056,0.1183,11.7484
25,42.6,50.0,11.43,0.6,25.56,19.0825,4.1289,0.0573,0.1183,11.7484
25,42.6,50.0,12.065,0.6,25.56,19.0595,4.2358,0.0588,0.1183,11.7484
25,42.6,50.0,6.985,0.7,29.82,19.2154,3.5131,0.049,0.1024,10.0886
25,42.6,50.0,7.62,0.7,29.82,19.1999,3.5845,0.05,0.1024,10.0886
25,42.6,50.0,8.255,0.7,29.82,19.1833,3.6611,0.051,0.1024,10.0886
25,42.6,50.0,8.89,0.7,29.82,19.1657,3.7429,0.0521,0.1024,10.0886
25,42.6,50.0,9.525,0.7,29.82,19.1469,3.8298,0.0533,0.1024,10.0886
25,42.6,50.0,10.16,0.7,29.82,19.1271,3.9218,0.0546,0.1024,10.0886
25,42.6,50.0,10.795,0.7,29.82,19.1062,4.0187,0.0559,0.1024,10.0886
25,42.6,50.0,11.43,0.7,29.82,19.0843,4.1204,0.0572,0.1024,10.0886
25,42.6,50.0,12.065,0.7,29.82,19.0615,4.2268,0.0587,0.1024,10.0886
25,42.6,50.0,6.985,0.8,34.08,19.2166,3.5075,0.049,0.0905,8.8382
25,42.6,50.0,7.62,0.8,34.08,19.2012,3.5787,0.0499,0.0905,8.8382
25,42.6,50.0,8.255,0.8,34.08,19.1846,3.6551,0.051,0.0905,8.8382
25,42.6,50.0,8.89,0.8,34.08,19.167,3.7367,0.0521,0.0905,8.8382
25,42.6,50.0,9.525,0.8,34.08,19.1483,3.8233,0.0532,0.0905,8.8382
25,42.6,50.0,10.16,0.8,34.08,19.1285,3.9149,0.0545,0.0905,8.8382
25,42.6,50.0,10.795,0.8,34.08,19.1077,4.0114,0.0558,0.0905,8.8382
25,42.6,50.0,11.43,0.8,34.08,19.086,4.1128,0.0571,0.0905,8.8382
25,42.6,50.0,12.065,0.8,34.08,19.0632,4.2188,0.0586,0.0905,8.8382
25,42.6,50.0,6.985,0.9,38.34,19.2177,3.5025,0.0489,0.0812,7.8626
25,42.6,50.0,7.62,0.9,38.34,19.2023,3.5735,0.0499,0.0812,7.8626
25,42.6,50.0,8.255,0.9,38.34,19.1858,3.6497,0.0509,0.0812,7.8626
25,42.6,50.0,8.89,0.9,38.34,19.1682,3.731,0.052,0.0812,7.8626
25,42.6,50.0,9.525,0.9,38.34,19.1496,3.8173,0.0532,0.0812,7.8626
25,42.6,50.0,10.16,0.9,38.34,19.1299,3.9087,0.0544,0.0812,7.8626
25,42.6,50.0,10.795,0.9,38.34,19.1092,4.0049,0.0557,0.0812,7.8626
25,42.6,50.0,11.43,0.9,38.34,19.0874,4.1059,0.057,0.0812,7.8626
25,42.6,50.0,12.065,0.9,38.34,19.0647,4.2116,0.0585,0.0812,7.8626
25,53.6,63.0,6.985,0.3,16.08,19.4831,2.2916,0.0323,0.1824,18.48
25,53.6,63.0,7.62,0.3,16.08,19.4726,2.3392,0.033,0.1824,18.48
25,53.6,63.0,8.255,0.3,16.08,19.4613,2.3904,0.0337,0.1824,18.48
25,53.6,63.0,8.89,0.3,16.08,19.4492,2.4451,0.0344,0.1824,18.48
25,53.6,63.0,9.525,0.3,16.08,19.4363,2.5033,0.0352,0.1824,18.48
25,53.6,63.0,6.985,0.4,21.44,19.4841,2.2871,0.0322,0.1394,13.9653
25,53.6,63.0,7.62,0.4,21.44,19.4736,2.3346,0.0329,0.1394,13.9653
25,53.6,63.0,8.255,0.4,21.44,19.4623,2.3855,0.0336,0.1394,13.9653
25,53.6,63.0,8.89,0.4,21.44,19.4503,2.44,0.0344,0.1394,13.9653
25,53.6,63.0,9.525,0.4,21.44,19.4375,2.498,0.0352,0.1394,13.9653
25,53.6,63.0,10.16,0.4,21.44,19.4239,2.5594,0.036,0.1394,13.9653
25,53.6,63.0,10.795,0.4,21.44,19.4097,2.6243,0.0369,0.1394,13.9653
25,53.6,63.0,11.43,0.4,21.44,19.3947,2.6925,0.0378,0.1394,13.9653
25,53.6,63.0,12.065,0.4,21.44,19.3789,2.764,0.0388,0.1394,13.9653
25,53.6,63.0,6.985,0.5,26.8,19.4849,2.2835,0.0322,0.1131,11.2119
25,53.6,63.0,7.62,0.5,26.8,19.4744,2.3308,0.0328,0.1131,11.2119
25,53.6,63.0,8.255,0.5,26.8,19.4632,2.3816,0.0336,0.1131,11.2119
25,53.6,63.0,8.89,0.5,26.8,19.4512,2.4359,0.0343,0.1131,11.2119
25,53.6,63.0,9.525,0.5,26.8,19.4385,2.4937,0.0351,0.1131,11.2119
25,53.6,63.0,10.16,0.5,26.8,19.425,2.5549,0.0359,0.1131,11.2119
25,53.6,63.0,10.795,0.5,26.8,19.4107,2.6195,0.0368,0.1131,11.2119
25,53.6,63.0,11.43,0.5,26.8,19.3958,2.6874,0.0378,0.1131,11.2119
25,53.6,63.0,12.065,0.5,26.8,19.3801,2.7587,0.0387,0.1131,11.2119
25,53.6,63.0,6.985,0.6,32.16,19.4856,2.2803,0.0322,0.0955,9.3613
25,53.6,63.0,7.62,0.6,32.16,19.4752,2.3275,0.0328,0.0955,9.3613
25,53.6,63.0,8.255,0.6,32.16,19.464,2.3782,0.0335,0.0955,9.3613
25,53.6,63.0,8.89,0.6,32.16,19.452,2.4323,0.0343,0.0955,9.3613
25,53.6,63.0,9.525,0.6,32.16,19.4393,2.4899,0.035,0.0955,9.3613
25,53.6,63.0,10.16,0.6,32.16,19.4258,2.5509,0.0359,0.0955,9.3613
25,53.6,63.0,10.795,0.6,32.16,19.4116,2.6153,0.0368,0.0955,9.3613
25,53.6,63.0,11.43,0.6,32.16,19.3967,2.6831,0.0377,0.0955,9.3613
25,53.6,63.0,12.065,0.6,32.16,19.3811,2.7541,0.0387,0.0955,9.3613
25,53.6,63.0,6.985,0.7,37.52,19.4862,2.2776,0.0321,0.0829,8.0334
25,53.6,63.0,7.62,0.7,37.52,19.4758,2.3246,0.0328,0.0829,8.0334
25,53.6,63.0,8.255,0.7,37.52,19.4646,2.3752,0.0335,0.0829,8.0334
25,53.6,63.0,8.89,0.7,37.52,19.4527,2.4292,0.0342,0.0829,8.0334
25,53.6,63.0,9.525,0.7,37.52,19.44,2.4866,0.035,0.0829,8.0334
25,53.6,63.0,10.16,0.7,37.52,19.4266,2.5475,0.0358,0.0829,8.0334
25,53.6,63.0,10.795,0.7,37.52,19.4124,2.6117,0.0367,0.0829,8.0334
25,53.6,63.0,11.43,0.7,37.52,19.3976,2.6793,0.0377,0.0829,8.0334
25,53.6,63.0,12.065,0.7,37.52,19.382,2.7501,0.0386,0.0829,8.0334
25,53.6,63.0,6.985,0.8,42.88,19.4867,2.2751,0.0321,0.0734,7.0345
25,53.6,63.0,7.62,0.8,42.88,19.4764,2.3221,0.0327,0.0734,7.0345
25,53.6,63.0,8.255,0.8,42.88,19.4652,2.3725,0.0334,0.0734,7.0345
25,53.6,63.0,8.89,0.8,42.88,19.4533,2.4264,0.0342,0.0734,7.0345
25,53.6,63.0,9.525,0.8,42.88,19.4406,2.4837,0.035,0.0734,7.0345
25,53.6,63.0,10.16,0.8,42.88,19.4273,2.5444,0.0358,0.0734,7.0345
25,53.6,63.0,10.795,0.8,42.88,19.4131,2.6085,0.0367,0.0734,7.0345
25,53.6,63.0,11.43,0.8,42.88,19.3983,2.6759,0.0376,0.0734,7.0345
25,53.6,63.0,12.065,0.8,42.88,19.3828,2.7465,0.0386,0.0734,7.0345
25,53.6,63.0,6.985,0.9,48.24,19.4872,2.2729,0.032,0.0659,6.2562
25,53.6,63.0,7.62,0.9,48.24,19.4769,2.3198,0.0327,0.0659,6.2562
25,53.6,63.0,8.255,0.9,48.24,19.4657,2.3701,0.0334,0.0659,6.2562
25,53.6,63.0,8.89,0.9,48.24,19.4539,2.4239,0.0341,0.0659,6.2562
25,53.6,63.0,9.525,0.9,48.24,19.4412,2.4811,0.0349,0.0659,6.2562
25,53.6,63.0,10.16,0.9,48.24,19.4279,2.5416,0.0358,0.0659,6.2562
25,53.6,63.0,10.795,0.9,48.24,19.4138,2.6056,0.0366,0.0659,6.2562
25,53.6,63.0,11.43,0.9,48.24,19.399,2.6728,0.0376,0.0659,6.2562
25,53.6,63.0,12.065,0.9,48.24,19.3835,2.7433,0.0385,0.0659,6.2562
26,17.0,20.0,6.985,0.8,13.6,16.0201,20.313,0.2487,0.2131,21.7021
26,17.0,20.0,6.985,0.9,15.3,16.0424,20.1793,0.2474,0.191,19.3873
26,17.0,20.0,7.62,0.9,15.3,15.9857,20.5204,0.2509,0.191,19.3873
26,17.0,20.0,8.255,0.9,15.3,15.9261,20.8817,0.2546,0.191,19.3873
26,17.0,20.0,8.89,0.9,15.3,15.8637,21.2615,0.2585,0.191,19.3873
26,22.0,25.0,6.985,0.7,15.4,17.411,12.4452,0.1618,0.1899,19.2662
26,22.0,25.0,7.62,0.7,15.4,17.3668,12.6807,0.1646,0.1899,19.2662
26,22.0,25.0,8.255,0.7,15.4,17.3199,12.9318,0.1675,0.1899,19.2662
26,22.0,25.0,8.89,0.7,15.4,17.2704,13.1978,0.1706,0.1899,19.2662
26,22.0,25.0,6.985,0.8,17.6,17.422,12.3863,0.1611,0.1676,16.9321
26,22.0,25.0,7.62,0.8,17.6,17.3782,12.6196,0.1639,0.1676,16.9321
26,22.0,25.0,8.255,0.8,17.6,17.3317,12.8683,0.1668,0.1676,16.9321
26,22.0,25.0,8.89,0.8,17.6,17.2827,13.1316,0.1698,0.1676,16.9321
26,22.0,25.0,9.525,0.8,17.6,17.2313,13.4088,0.173,0.1676,16.9321
26,22.0,25.0,10.16,0.8,17.6,17.1777,13.6991,0.1764,0.1676,16.9321
26,22.0,25.0,10.795,0.8,17.6,17.1221,14.0015,0.1799,0.1676,16.9321
26,22.0,25.0,6.985,0.9,19.8,17.432,12.3333,0.1605,0.1501,15.0965
26,22.0,25.0,7.62,0.9,19.8,17.3886,12.5645,0.1632,0.1501,15.0965
26,22.0,25.0,8.255,0.9,19.8,17.3424,12.811,0.1661,0.1501,15.0965
26,22.0,25.0,8.89,0.9,19.8,17.2938,13.072,0.1691,0.1501,15.0965
26,22.0,25.0,9.525,0.9,19.8,17.2428,13.3466,0.1723,0.1501,15.0965
26,22.0,25.0,10.16,0.9,19.8,17.1896,13.6342,0.1756,0.1501,15.0965
26,22.0,25.0,10.795,0.9,19.8,17.1345,13.9337,0.1791,0.1501,15.0965
26,22.0,25.0,11.43,0.9,19.8,17.0776,14.2442,0.1826,0.1501,15.0965
26,22.0,25.0,12.065,0.9,19.8,17.0192,14.5648,0.1863,0.1501,15.0965
26,27.2,32.0,6.985,0.5,13.6,18.2084,8.3391,0.112,0.2131,21.7021
26,27.2,32.0,6.985,0.6,16.32,18.2154,8.3039,0.1115,0.1799,18.2174
26,27.2,32.0,7.62,0.6,16.32,18.1822,8.4698,0.1136,0.1799,18.2174
26,27.2,32.0,8.255,0.6,16.32,18.1467,8.6473,0.1158,0.1799,18.2174
26,27.2,32.0,8.89,0.6,16.32,18.1091,8.836,0.1182,0.1799,18.2174
26,27.2,32.0,9.525,0.6,16.32,18.0694,9.0356,0.1207,0.1799,18.2174
26,27.2,32.0,6.985,0.7,19.04,18.2216,8.2731,0.1111,0.1557,15.6844
26,27.2,32.0,7.62,0.7,19.04,18.1886,8.4378,0.1132,0.1557,15.6844
26,27.2,32.0,8.255,0.7,19.04,18.1534,8.6139,0.1154,0.1557,15.6844
26,27.2,32.0,8.89,0.7,19.04,18.116,8.8012,0.1177,0.1557,15.6844
26,27.2,32.0,9.525,0.7,19.04,18.0766,8.9991,0.1202,0.1557,15.6844
26,27.2,32.0,10.16,0.7,19.04,18.0354,9.2074,0.1228,0.1557,15.6844
26,27.2,32.0,10.795,0.7,19.04,17.9923,9.4255,0.1255,0.1557,15.6844
26,27.2,32.0,11.43,0.7,19.04,17.9475,9.6531,0.1283,0.1557,15.6844
26,27.2,32.0,12.065,0.7,19.04,17.9011,9.8896,0.1312,0.1557,15.6844
26,27.2,32.0,6.985,0.8,21.76,18.2271,8.2456,0.1108,0.1375,13.7638
26,27.2,32.0,7.62,0.8,21.76,18.1943,8.4092,0.1129,0.1375,13.7638
26,27.2,32.0,8.255,0.8,21.76,18.1593,8.5842,0.115,0.1375,13.7638
26,27.2,32.0,8.89,0.8,21.76,18.1222,8.7701,0.1174,0.1375,13.7638
26,27.2,32.0,9.525,0.8,21.76,18.0831,8.9667,0.1198,0.1375,13.7638
26,27.2,32.0,10.16,0.8,21.76,18.0421,9.1734,0.1224,0.1375,13.7638
26,27.2,32.0,10.795,0.8,21.76,17.9993,9.3899,0.125,0.1375,13.7638
26,27.2,32.0,11.43,0.8,21.76,17.9548,9.6158,0.1278,0.1375,13.7638
26,27.2,32.0,12.065,0.8,21.76,17.9088,9.8504,0.1307,0.1375,13.7638
26,27.2,32.0,6.985,0.9,24.48,18.2321,8.2208,0.1105,0.1231,12.259
26,27.2,32.0,7.62,0.9,24.48,18.1995,8.3834,0.1125,0.1231,12.259
26,27.2,32.0,8.255,0.9,24.48,18.1647,8.5573,0.1147,0.1231,12.259
26,27.2,32.0,8.89,0.9,24.48,18.1278,8.7421,0.117,0.1231,12.259
26,27.2,32.0,9.525,0.9,24.48,18.0889,8.9373,0.1194,0.1231,12.259
26,27.2,32.0,10.16,0.9,24.48,18.0482,9.1427,0.122,0.1231,12.259
26,27.2,32.0,10.795,0.9,24.48,18.0056,9.3578,0.1246,0.1231,12.259
26,27.2,32.0,11.43,0.9,24.48,17.9615,9.5821,0.1274,0.1231,12.259
26,27.2,32.0,12.065,0.9,24.48,17.9157,9.815,0.1303,0.1231,12.259
26,34.0,40.0,6.985,0.4,13.6,18.8027,5.4454,0.0748,0.2131,21.7021
26,34.0,40.0,6.985,0.5,17.0,18.8066,5.4269,0.0746,0.1731,17.5116
26,34.0,40.0,7.62,0.5,17.0,18.783,5.5395,0.0761,0.1731,17.5116
26,34.0,40.0,8.255,0.5,17.0,18.7577,5.6601,0.0776,0.1731,17.5116
26,34.0,40.0,8.89,0.5,17.0,18.7307,5.7888,0.0793,0.1731,17.5116
26,34.0,40.0,9.525,0.5,17.0,18.7023,5.9251,0.0811,0.1731,17.5116
26,34.0,40.0,10.16,0.5,17.0,18.6723,6.0691,0.083,0.1731,17.5116
26,34.0,40.0,6.985,0.6,20.4,18.8099,5.4112,0.0744,0.146,14.6622
26,34.0,40.0,7.62,0.6,20.4,18.7864,5.523,0.0758,0.146,14.6622
26,34.0,40.0,8.255,0.6,20.4,18.7613,5.643,0.0774,0.146,14.6622
26,34.0,40.0,8.89,0.6,20.4,18.7345,5.7708,0.0791,0.146,14.6622
26,34.0,40.0,9.525,0.6,20.4,18.7062,5.9063,0.0809,0.146,14.6622
26,34.0,40.0,10.16,0.6,20.4,18.6764,6.0494,0.0827,0.146,14.6622
26,34.0,40.0,10.795,0.6,20.4,18.6451,6.1998,0.0847,0.146,14.6622
26,34.0,40.0,11.43,0.6,20.4,18.6124,6.3573,0.0867,0.146,14.6622
26,34.0,40.0,12.065,0.6,20.4,18.5784,6.5218,0.0888,0.146,14.6622
26,34.0,40.0,6.985,0.7,23.8,18.8128,5.3973,0.0742,0.1264,12.6038
26,34.0,40.0,7.62,0.7,23.8,18.7894,5.5086,0.0757,0.1264,12.6038
26,34.0,40.0,8.255,0.7,23.8,18.7644,5.6279,0.0772,0.1264,12.6038
26,34.0,40.0,8.89,0.7,23.8,18.7378,5.7551,0.0789,0.1264,12.6038
26,34.0,40.0,9.525,0.7,23.8,18.7096,5.8899,0.0806,0.1264,12.6038
26,34.0,40.0,10.16,0.7,23.8,18.68,6.0321,0.0825,0.1264,12.6038
26,34.0,40.0,10.795,0.7,23.8,18.6489,6.1817,0.0844,0.1264,12.6038
26,34.0,40.0,11.43,0.7,23.8,18.6164,6.3383,0.0865,0.1264,12.6038
26,34.0,40.0,12.065,0.7,23.8,18.5825,6.5017,0.0886,0.1264,12.6038
26,34.0,40.0,6.985,0.8,27.2,18.8154,5.385,0.074,0.1116,11.049
26,34.0,40.0,7.62,0.8,27.2,18.7921,5.4958,0.0755,0.1116,11.049
26,34.0,40.0,8.255,0.8,27.2,18.7672,5.6145,0.077,0.1116,11.049
26,34.0,40.0,8.89,0.8,27.2,18.7407,5.741,0.0787,0.1116,11.049
26,34.0,40.0,9.525,0.8,27.2,18.7127,5.8752,0.0805,0.1116,11.049
26,34.0,40.0,10.16,0.8,27.2,18.6832,6.0167,0.0823,0.1116,11.049
26,34.0,40.0,10.795,0.8,27.2,18.6522,6.1655,0.0842,0.1116,11.049
26,34.0,40.0,11.43,0.8,27.2,18.6199,6.3212,0.0863,0.1116,11.049
26,34.0,40.0,12.065,0.8,27.2,18.5863,6.4838,0.0884,0.1116,11.049
26,34.0,40.0,6.985,0.9,30.6,18.8178,5.3738,0.0739,0.1,9.834
26,34.0,40.0,7.62,0.9,30.6,18.7946,5.4841,0.0753,0.1,9.834
26,34.0,40.0,8.255,0.9,30.6,18.7698,5.6024,0.0769,0.1,9.834
26,34.0,40.0,8.89,0.9,30.6,18.7434,5.7283,0.0785,0.1,9.834
26,34.0,40.0,9.525,0.9,30.6,18.7155,5.8619,0.0803,0.1,9.834
26,34.0,40.0,10.16,0.9,30.6,18.6861,6.0028,0.0821,0.1,9.834
26,34.0,40.0,10.795,0.9,30.6,18.6553,6.1508,0.084,0.1,9.834
26,34.0,40.0,11.43,0.9,30.6,18.6231,6.3058,0.0861,0.1,9.834
26,34.0,40.0,12.065,0.9,30.6,18.5896,6.4676,0.0881,0.1,9.834
26,42.6,50.0,6.985,0.4,17.04,19.2101,3.5375,0.0494,0.1728,17.4717
26,42.6,50.0,7.62,0.4,17.04,19.1938,3.6127,0.0504,0.1728,17.4717
26,42.6,50.0,8.255,0.4,17.04,19.1764,3.6934,0.0515,0.1728,17.4717
26,42.6,50.0,8.89,0.4,17.04,19.1577,3.7795,0.0526,0.1728,17.4717
26,42.6,50.0,9.525,0.4,17.04,19.138,3.8711,0.0539,0.1728,17.4717
26,42.6,50.0,10.16,0.4,17.04,19.1171,3.968,0.0552,0.1728,17.4717
26,42.6,50.0,6.985,0.5,21.3,19.2119,3.5292,0.0493,0.1402,14.0552
26,42.6,50.0,7.62,0.5,21.3,19.1957,3.6041,0.0503,0.1402,14.0552
26,42.6,50.0,8.255,0.5,21.3,19.1783,3.6844,0.0514,0.1402,14.0552
26,42.6,50.0,8.89,0.5,21.3,19.1598,3.7701,0.0525,0.1402,14.0552
26,42.6,50.0,9.525,0.5,21.3,19.1401,3.8612,0.0537,0.1402,14.0552
26,42.6,50.0,10.16,0.5,21.3,19.1193,3.9576,0.055,0.1402,14.0552
26,42.6,50.0,10.795,0.5,21.3,19.0975,4.0591,0.0564,0.1402,14.0552
26,42.6,50.0,11.43,0.5,21.3,19.0746,4.1658,0.0578,0.1402,14.0552
26,42.6,50.0,12.065,0.5,21.3,19.0506,4.2774,0.0593,0.1402,14.0552
26,42.6,50.0,6.985,0.6,25.56,19.2135,3.5222,0.0492,0.1183,11.7484
26,42.6,50.0,7.62,0.6,25.56,19.1973,3.5967,0.0502,0.1183,11.7484
26,42.6,50.0,8.255,0.6,25.56,19.18,3.6767,0.0513,0.1183,11.7484
26,42.6,50.0,8.89,0.6,25.56,19.1615,3.7621,0.0524,0.1183,11.7484
26,42.6,50.0,9.525,0.6,25.56,19.1419,3.8528,0.0536,0.1183,11.7484
26,42.6,50.0,10.16,0.6,25.56,19.1213,3.9487,0.0549,0.1183,11.7484
26,42.6,50.0,10.795,0.6,25.56,19.0995,4.0498,0.0563,0.1183,11.7484
26,42.6,50.0,11.43,0.6,25.56,19.0767,4.1559,0.0577,0.1183,11.7484
26,42.6,50.0,12.065,0.6,25.56,19.0529,4.267,0.0592,0.1183,11.7484
26,42.6,50.0,6.985,0.7,29.82,19.2148,3.516,0.0491,0.1024,10.0886
26,42.6,50.0,7.62,0.7,29.82,19.1987,3.5902,0.0501,0.1024,10.0886
26,42.6,50.0,8.255,0.7,29.82,19.1814,3.6699,0.0512,0.1024,10.0886
26,42.6,50.0,8.89,0.7,29.82,19.163,3.755,0.0523,0.1024,10.0886
26,42.6,50.0,9.525,0.7,29.82,19.1435,3.8453,0.0535,0.1024,10.0886
26,42.6,50.0,10.16,0.7,29.82,19.1229,3.9409,0.0548,0.1024,10.0886
26,42.6,50.0,10.795,0.7,29.82,19.1013,4.0416,0.0562,0.1024,10.0886
26,42.6,50.0,11.43,0.7,29.82,19.0785,4.1473,0.0576,0.1024,10.0886
26,42.6,50.0,12.065,0.7,29.82,19.0548,4.2579,0.0591,0.1024,10.0886
26,42.6,50.0,6.985,0.8,34.08,19.216,3.5104,0.049,0.0905,8.8382
26,42.6,50.0,7.62,0.8,34.08,19.1999,3.5845,0.05,0.0905,8.8382
26,42.6,50.0,8.255,0.8,34.08,19.1827,3.6639,0.0511,0.0905,8.8382
26,42.6,50.0,8.89,0.8,34.08,19.1644,3.7487,0.0522,0.0905,8.8382
26,42.6,50.0,9.525,0.8,34.08,19.145,3.8387,0.0534,0.0905,8.8382
26,42.6,50.0,10.16,0.8,34.08,19.1244,3.934,0.0547,0.0905,8.8382
26,42.6,50.0,10.795,0.8,34.08,19.1028,4.0343,0.0561,0.0905,8.8382
26,42.6,50.0,11.43,0.8,34.08,19.0802,4.1396,0.0575,0.0905,8.8382
26,42.6,50.0,12.065,0.8,34.08,19.0565,4.2498,0.059,0.0905,8.8382
26,42.6,50.0,6.985,0.9,38.34,19.2171,3.5054,0.0489,0.0812,7.8626
26,42.6,50.0,7.62,0.9,38.34,19.2011,3.5792,0.0499,0.0812,7.8626
26,42.6,50.0,8.255,0.9,38.34,19.1839,3.6584,0.051,0.0812,7.8626
26,42.6,50.0,8.89,0.9,38.34,19.1656,3.7429,0.0521,0.0812,7.8626
26,42.6,50.0,9.525,0.9,38.34,19.1463,3.8327,0.0534,0.0812,7.8626
26,42.6,50.0,10.16,0.9,38.34,19.1258,3.9277,0.0546,0.0812,7.8626
26,42.6,50.0,10.795,0.9,38.34,19.1043,4.0277,0.056,0.0812,7.8626
26,42.6,50.0,11.43,0.9,38.34,19.0817,4.1326,0.0574,0.0812,7.8626
26,42.6,50.0,12.065,0.9,38.34,19.0581,4.2425,0.0589,0.0812,7.8626
26,53.6,63.0,6.985,0.3,16.08,19.4827,2.2935,0.0323,0.1824,18.48
26,53.6,63.0,7.62,0.3,16.08,19.4717,2.343,0.033,0.1824,18.48
26,53.6,63.0,8.255,0.3,16.08,19.46,2.3963,0.0338,0.1824,18.48
26,53.6,63.0,8.89,0.3,16.08,19.4474,2.4532,0.0345,0.1824,18.48
26,53.6,63.0,9.525,0.3,16.08,19.434,2.5137,0.0354,0.1824,18.48
26,53.6,63.0,6.985,0.4,21.44,19.4837,2.2891,0.0323,0.1394,13.9653
26,53.6,63.0,7.62,0.4,21.44,19.4727,2.3384,0.033,0.1394,13.9653
26,53.6,63.0,8.255,0.4,21.44,19.461,2.3914,0.0337,0.1394,13.9653
26,53.6,63.0,8.89,0.4,21.44,19.4485,2.4481,0.0345,0.1394,13.9653
26,53.6,63.0,9.525,0.4,21.44,19.4352,2.5083,0.0353,0.1394,13.9653
26,53.6,63.0,10.16,0.4,21.44,19.4211,2.5722,0.0362,0.1394,13.9653
26,53.6,63.0,10.795,0.4,21.44,19.4063,2.6396,0.0371,0.1394,13.9653
26,53.6,63.0,11.43,0.4,21.44,19.3907,2.7105,0.0381,0.1394,13.9653
26,53.6,63.0,12.065,0.4,21.44,19.3744,2.7849,0.0391,0.1394,13.9653
26,53.6,63.0,6.985,0.5,26.8,19.4845,2.2854,0.0322,0.1131,11.2119
26,53.6,63.0,7.62,0.5,26.8,19.4736,2.3346,0.0329,0.1131,11.2119
26,53.6,63.0,8.255,0.5,26.8,19.4619,2.3874,0.0336,0.1131,11.2119
26,53.6,63.0,8.89,0.5,26.8,19.4494,2.4439,0.0344,0.1131,11.2119
26,53.6,63.0,9.525,0.5,26.8,19.4362,2.504,0.0352,0.1131,11.2119
26,53.6,63.0,10.16,0.5,26.8,19.4222,2.5676,0.0361,0.1131,11.2119
26,53.6,63.0,10.795,0.5,26.8,19.4074,2.6347,0.037,0.1131,11.2119
26,53.6,63.0,11.43,0.5,26.8,19.3918,2.7054,0.038,0.1131,11.2119
26,53.6,63.0,12.065,0.5,26.8,19.3756,2.7794,0.039,0.1131,11.2119
26,53.6,63.0,6.985,0.6,32.16,19.4852,2.2823,0.0322,0.0955,9.3613
26,53.6,63.0,7.62,0.6,32.16,19.4743,2.3313,0.0329,0.0955,9.3613
26,53.6,63.0,8.255,0.6,32.16,19.4627,2.384,0.0336,0.0955,9.3613
26,53.6,63.0,8.89,0.6,32.16,19.4502,2.4403,0.0344,0.0955,9.3613
26,53.6,63.0,9.525,0.6,32.16,19.437,2.5002,0.0352,0.0955,9.3613
26,53.6,63.0,10.16,0.6,32.16,19.423,2.5636,0.0361,0.0955,9.3613
26,53.6,63.0,10.795,0.6,32.16,19.4083,2.6306,0.037,0.0955,9.3613
26,53.6,63.0,11.43,0.6,32.16,19.3928,2.701,0.038,0.0955,9.3613
26,53.6,63.0,12.065,0.6,32.16,19.3766,2.7748,0.039,0.0955,9.3613
26,53.6,63.0,6.985,0.7,37.52,19.4858,2.2795,0.0321,0.0829,8.0334
26,53.6,63.0,7.62,0.7,37.52,19.4749,2.3284,0.0328,0.0829,8.0334
26,53.6,63.0,8.255,0.7,37.52,19.4633,2.381,0.0335,0.0829,8.0334
26,53.6,63.0,8.89,0.7,37.52,19.4509,2.4372,0.0343,0.0829,8.0334
26,53.6,63.0,9.525,0.7,37.52,19.4377,2.4969,0.0351,0.0829,8.0334
26,53.6,63.0,10.16,0.7,37.52,19.4238,2.5602,0.036,0.0829,8.0334
26,53.6,63.0,10.795,0.7,37.52,19.4091,2.6269,0.0369,0.0829,8.0334
26,53.6,63.0,11.43,0.7,37.52,19.3936,2.6971,0.0379,0.0829,8.0334
26,53.6,63.0,12.065,0.7,37.52,19.3775,2.7708,0.0389,0.0829,8.0334
26,53.6,63.0,6.985,0.8,42.88,19.4863,2.2771,0.0321,0.0734,7.0345
26,53.6,63.0,7.62,0.8,42.88,19.4755,2.3259,0.0328,0.0734,7.0345
26,53.6,63.0,8.255,0.8,42.88,19.4639,2.3783,0.0335,0.0734,7.0345
26,53.6,63.0,8.89,0.8,42.88,19.4515,2.4343,0.0343,0.0734,7.0345
26,53.6,63.0,9.525,0.8,42.88,19.4384,2.4939,0.0351,0.0734,7.0345
26,53.6,63.0,10.16,0.8,42.88,19.4245,2.5571,0.036,0.0734,7.0345
26,53.6,63.0,10.795,0.8,42.88,19.4098,2.6237,0.0369,0.0734,7.0345
26,53.6,63.0,11.43,0.8,42.88,19.3944,2.6937,0.0379,0.0734,7.0345
26,53.6,63.0,12.065,0.8,42.88,19.3783,2.7671,0.0389,0.0734,7.0345
26,53.6,63.0,6.985,0.9,48.24,19.4868,2.2748,0.0321,0.0659,6.2562
26,53.6,63.0,7.62,0.9,48.24,19.476,2.3235,0.0327,0.0659,6.2562
26,53.6,63.0,8.255,0.9,48.24,19.4645,2.3759,0.0335,0.0659,6.2562
26,53.6,63.0,8.89,0.9,48.24,19.4521,2.4318,0.0342,0.0659,6.2562
26,53.6,63.0,9.525,0.9,48.24,19.439,2.4913,0.0351,0.0659,6.2562
26,53.6,63.0,10.16,0.9,48.24,19.4251,2.5542,0.0359,0.0659,6.2562
26,53.6,63.0,10.795,0.9,48.24,19.4105,2.6207,0.0368,0.0659,6.2562
26,53.6,63.0,11.43,0.9,48.24,19.3951,2.6906,0.0378,0.0659,6.2562
26,53.6,63.0,12.065,0.9,48.24,19.379,2.7638,0.0388,0.0659,6.2562
27,17.0,20.0,6.985,0.8,13.6,16.0179,20.3266,0.2489,0.2131,21.7021
27,17.0,20.0,6.985,0.9,15.3,16.0401,20.1928,0.2475,0.191,19.3873
27,17.0,20.0,7.62,0.9,15.3,15.9814,20.5468,0.2512,0.191,19.3873
27,17.0,20.0,8.255,0.9,15.3,15.9195,20.9216,0.255,0.191,19.3873
27,17.0,20.0,8.89,0.9,15.3,15.8549,21.3155,0.2591,0.191,19.3873
27,22.0,25.0,6.985,0.7,15.4,17.4092,12.4545,0.1619,0.1899,19.2662
27,22.0,25.0,7.62,0.7,15.4,17.3634,12.699,0.1648,0.1899,19.2662
27,22.0,25.0,8.255,0.7,15.4,17.3147,12.9596,0.1678,0.1899,19.2662
27,22.0,25.0,8.89,0.7,15.4,17.2634,13.2355,0.171,0.1899,19.2662
27,22.0,25.0,6.985,0.8,17.6,17.4203,12.3955,0.1612,0.1676,16.9321
27,22.0,25.0,7.62,0.8,17.6,17.3748,12.6377,0.1641,0.1676,16.9321
27,22.0,25.0,8.255,0.8,17.6,17.3266,12.8957,0.1671,0.1676,16.9321
27,22.0,25.0,8.89,0.8,17.6,17.2757,13.169,0.1703,0.1676,16.9321
27,22.0,25.0,9.525,0.8,17.6,17.2224,13.4565,0.1736,0.1676,16.9321
27,22.0,25.0,10.16,0.8,17.6,17.1669,13.7574,0.1771,0.1676,16.9321
27,22.0,25.0,10.795,0.8,17.6,17.1093,14.0709,0.1807,0.1676,16.9321
27,22.0,25.0,6.985,0.9,19.8,17.4303,12.3424,0.1606,0.1501,15.0965
27,22.0,25.0,7.62,0.9,19.8,17.3852,12.5825,0.1634,0.1501,15.0965
27,22.0,25.0,8.255,0.9,19.8,17.3373,12.8382,0.1664,0.1501,15.0965
27,22.0,25.0,8.89,0.9,19.8,17.2869,13.109,0.1696,0.1501,15.0965
27,22.0,25.0,9.525,0.9,19.8,17.234,13.3939,0.1729,0.1501,15.0965
27,22.0,25.0,10.16,0.9,19.8,17.179,13.692,0.1763,0.1501,15.0965
27,22.0,25.0,10.795,0.9,19.8,17.1219,14.0025,0.1799,0.1501,15.0965
27,22.0,25.0,11.43,0.9,19.8,17.063,14.3242,0.1836,0.1501,15.0965
27,22.0,25.0,12.065,0.9,19.8,17.0026,14.6563,0.1873,0.1501,15.0965
27,27.2,32.0,6.985,0.5,13.6,18.2071,8.3457,0.1121,0.2131,21.7021
27,27.2,32.0,6.985,0.6,16.32,18.2141,8.3104,0.1116,0.1799,18.2174
27,27.2,32.0,7.62,0.6,16.32,18.1796,8.4827,0.1138,0.1799,18.2174
27,27.2,32.0,8.255,0.6,16.32,18.1428,8.6669,0.1161,0.1799,18.2174
27,27.2,32.0,8.89,0.6,16.32,18.1037,8.8628,0.1185,0.1799,18.2174
27,27.2,32.0,9.525,0.6,16.32,18.0626,9.0698,0.1211,0.1799,18.2174
27,27.2,32.0,6.985,0.7,19.04,18.2203,8.2795,0.1112,0.1557,15.6844
27,27.2,32.0,7.62,0.7,19.04,18.186,8.4505,0.1134,0.1557,15.6844
27,27.2,32.0,8.255,0.7,19.04,18.1495,8.6334,0.1157,0.1557,15.6844
27,27.2,32.0,8.89,0.7,19.04,18.1107,8.8277,0.1181,0.1557,15.6844
27,27.2,32.0,9.525,0.7,19.04,18.0699,9.0331,0.1206,0.1557,15.6844
27,27.2,32.0,10.16,0.7,19.04,18.0271,9.2492,0.1233,0.1557,15.6844
27,27.2,32.0,10.795,0.7,19.04,17.9824,9.4754,0.1261,0.1557,15.6844
27,27.2,32.0,11.43,0.7,19.04,17.936,9.7114,0.129,0.1557,15.6844
27,27.2,32.0,12.065,0.7,19.04,17.888,9.9565,0.132,0.1557,15.6844
27,27.2,32.0,6.985,0.8,21.76,18.2259,8.2521,0.1109,0.1375,13.7638
27,27.2,32.0,7.62,0.8,21.76,18.1918,8.4219,0.113,0.1375,13.7638
27,27.2,32.0,8.255,0.8,21.76,18.1554,8.6035,0.1153,0.1375,13.7638
27,27.2,32.0,8.89,0.8,21.76,18.1169,8.7965,0.1177,0.1375,13.7638
27,27.2,32.0,9.525,0.8,21.76,18.0764,9.0004,0.1202,0.1375,13.7638
27,27.2,32.0,10.16,0.8,21.76,18.0339,9.2149,0.1229,0.1375,13.7638
27,27.2,32.0,10.795,0.8,21.76,17.9895,9.4395,0.1257,0.1375,13.7638
27,27.2,32.0,11.43,0.8,21.76,17.9435,9.6736,0.1285,0.1375,13.7638
27,27.2,32.0,12.065,0.8,21.76,17.8958,9.9168,0.1315,0.1375,13.7638
27,27.2,32.0,6.985,0.9,24.48,18.2308,8.2272,0.1106,0.1231,12.259
27,27.2,32.0,7.62,0.9,24.48,18.197,8.396,0.1127,0.1231,12.259
27,27.2,32.0,8.255,0.9,24.48,18.1608,8.5765,0.1149,0.1231,12.259
27,27.2,32.0,8.89,0.9,24.48,18.1226,8.7682,0.1173,0.1231,12.259
27,27.2,32.0,9.525,0.9,24.48,18.0823,8.9709,0.1199,0.1231,12.259
27,27.2,32.0,10.16,0.9,24.48,18.04,9.1839,0.1225,0.1231,12.259
27,27.2,32.0,10.795,0.9,24.48,17.9959,9.407,0.1253,0.1231,12.259
27,27.2,32.0,11.43,0.9,24.48,17.9502,9.6395,0.1281,0.1231,12.259
27,27.2,32.0,12.065,0.9,24.48,17.9028,9.881,0.1311,0.1231,12.259
27,34.0,40.0,6.985,0.4,13.6,18.8018,5.4499,0.0749,0.2131,21.7021
27,34.0,40.0,6.985,0.5,17.0,18.8057,5.4314,0.0746,0.1731,17.5116
27,34.0,40.0,7.62,0.5,17.0,18.7811,5.5482,0.0762,0.1731,17.5116
27,34.0,40.0,8.255,0.5,17.0,18.7549,5.6735,0.0778,0.1731,17.5116
27,34.0,40.0,8.89,0.5,17.0,18.7269,5.807,0.0796,0.1731,17.5116
27,34.0,40.0,9.525,0.5,17.0,18.6974,5.9485,0.0814,0.1731,17.5116
27,34.0,40.0,10.16,0.5,17.0,18.6663,6.098,0.0834,0.1731,17.5116
27,34.0,40.0,6.985,0.6,20.4,18.809,5.4155,0.0744,0.146,14.6622
27,34.0,40.0,7.62,0.6,20.4,18.7846,5.5317,0.076,0.146,14.6622
27,34.0,40.0,8.255,0.6,20.4,18.7585,5.6562,0.0776,0.146,14.6622
27,34.0,40.0,8.89,0.6,20.4,18.7307,5.7889,0.0793,0.146,14.6622
27,34.0,40.0,9.525,0.6,20.4,18.7013,5.9296,0.0812,0.146,14.6622
27,34.0,40.0,10.16,0.6,20.4,18.6704,6.0781,0.0831,0.146,14.6622
27,34.0,40.0,10.795,0.6,20.4,18.638,6.2341,0.0851,0.146,14.6622
27,34.0,40.0,11.43,0.6,20.4,18.6041,6.3975,0.0872,0.146,14.6622
27,34.0,40.0,12.065,0.6,20.4,18.5688,6.5681,0.0894,0.146,14.6622
27,34.0,40.0,6.985,0.7,23.8,18.8119,5.4017,0.0743,0.1264,12.6038
27,34.0,40.0,7.62,0.7,23.8,18.7876,5.5173,0.0758,0.1264,12.6038
27,34.0,40.0,8.255,0.7,23.8,18.7616,5.6411,0.0774,0.1264,12.6038
27,34.0,40.0,8.89,0.7,23.8,18.734,5.7731,0.0791,0.1264,12.6038
27,34.0,40.0,9.525,0.7,23.8,18.7048,5.913,0.081,0.1264,12.6038
27,34.0,40.0,10.16,0.7,23.8,18.674,6.0606,0.0829,0.1264,12.6038
27,34.0,40.0,10.795,0.7,23.8,18.6418,6.2158,0.0849,0.1264,12.6038
27,34.0,40.0,11.43,0.7,23.8,18.6081,6.3782,0.087,0.1264,12.6038
27,34.0,40.0,12.065,0.7,23.8,18.573,6.5477,0.0892,0.1264,12.6038
27,34.0,40.0,6.985,0.8,27.2,18.8145,5.3893,0.0741,0.1116,11.049
27,34.0,40.0,7.62,0.8,27.2,18.7903,5.5044,0.0756,0.1116,11.049
27,34.0,40.0,8.255,0.8,27.2,18.7645,5.6276,0.0772,0.1116,11.049
27,34.0,40.0,8.89,0.8,27.2,18.737,5.759,0.0789,0.1116,11.049
27,34.0,40.0,9.525,0.8,27.2,18.7079,5.8982,0.0808,0.1116,11.049
27,34.0,40.0,10.16,0.8,27.2,18.6773,6.0451,0.0827,0.1116,11.049
27,34.0,40.0,10.795,0.8,27.2,18.6452,6.1994,0.0847,0.1116,11.049
27,34.0,40.0,11.43,0.8,27.2,18.6117,6.361,0.0868,0.1116,11.049
27,34.0,40.0,12.065,0.8,27.2,18.5768,6.5296,0.089,0.1116,11.049
27,34.0,40.0,6.985,0.9,30.6,18.8169,5.3781,0.0739,0.1,9.834
27,34.0,40.0,7.62,0.9,30.6,18.7928,5.4927,0.0755,0.1,9.834
27,34.0,40.0,8.255,0.9,30.6,18.767,5.6154,0.0771,0.1,9.834
27,34.0,40.0,8.89,0.9,30.6,18.7396,5.7462,0.0788,0.1,9.834
27,34.0,40.0,9.525,0.9,30.6,18.7107,5.8848,0.0806,0.1,9.834
27,34.0,40.0,10.16,0.9,30.6,18.6802,6.031,0.0825,0.1,9.834
27,34.0,40.0,10.795,0.9,30.6,18.6483,6.1846,0.0845,0.1,9.834
27,34.0,40.0,11.43,0.9,30.6,18.6149,6.3454,0.0866,0.1,9.834
27,34.0,40.0,12.065,0.9,30.6,18.5802,6.5131,0.0887,0.1,9.834
27,42.6,50.0,6.985,0.4,17.04,19.2095,3.5404,0.0494,0.1728,17.4717
27,42.6,50.0,7.62,0.4,17.04,19.1926,3.6185,0.0505,0.1728,17.4717
27,42.6,50.0,8.255,0.4,17.04,19.1744,3.7023,0.0516,0.1728,17.4717
27,42.6,50.0,8.89,0.4,17.04,19.1551,3.7917,0.0528,0.1728,17.4717
27,42.6,50.0,9.525,0.4,17.04,19.1346,3.8868,0.0541,0.1728,17.4717
27,42.6,50.0,10.16,0.4,17.04,19.1129,3.9873,0.0554,0.1728,17.4717
27,42.6,50.0,6.985,0.5,21.3,19.2113,3.5322,0.0493,0.1402,14.0552
27,42.6,50.0,7.62,0.5,21.3,19.1944,3.6099,0.0503,0.1402,14.0552
27,42.6,50.0,8.255,0.5,21.3,19.1764,3.6932,0.0515,0.1402,14.0552
27,42.6,50.0,8.89,0.5,21.3,19.1572,3.7823,0.0527,0.1402,14.0552
27,42.6,50.0,9.525,0.5,21.3,19.1367,3.8768,0.054,0.1402,14.0552
27,42.6,50.0,10.16,0.5,21.3,19.1152,3.9769,0.0553,0.1402,14.0552
27,42.6,50.0,10.795,0.5,21.3,19.0925,4.0823,0.0567,0.1402,14.0552
27,42.6,50.0,11.43,0.5,21.3,19.0687,4.1929,0.0582,0.1402,14.0552
27,42.6,50.0,12.065,0.5,21.3,19.0439,4.3088,0.0598,0.1402,14.0552
27,42.6,50.0,6.985,0.6,25.56,19.2128,3.5251,0.0492,0.1183,11.7484
27,42.6,50.0,7.62,0.6,25.56,19.196,3.6025,0.0502,0.1183,11.7484
27,42.6,50.0,8.255,0.6,25.56,19.1781,3.6855,0.0514,0.1183,11.7484
27,42.6,50.0,8.89,0.6,25.56,19.1589,3.7742,0.0526,0.1183,11.7484
27,42.6,50.0,9.525,0.6,25.56,19.1386,3.8683,0.0538,0.1183,11.7484
27,42.6,50.0,10.16,0.6,25.56,19.1171,3.9679,0.0552,0.1183,11.7484
27,42.6,50.0,10.795,0.6,25.56,19.0945,4.0728,0.0566,0.1183,11.7484
27,42.6,50.0,11.43,0.6,25.56,19.0709,4.183,0.0581,0.1183,11.7484
27,42.6,50.0,12.065,0.6,25.56,19.0462,4.2982,0.0596,0.1183,11.7484
27,42.6,50.0,6.985,0.7,29.82,19.2142,3.5189,0.0491,0.1024,10.0886
27,42.6,50.0,7.62,0.7,29.82,19.1975,3.596,0.0502,0.1024,10.0886
27,42.6,50.0,8.255,0.7,29.82,19.1795,3.6787,0.0513,0.1024,10.0886
27,42.6,50.0,8.89,0.7,29.82,19.1604,3.767,0.0525,0.1024,10.0886
27,42.6,50.0,9.525,0.7,29.82,19.1402,3.8608,0.0537,0.1024,10.0886
27,42.6,50.0,10.16,0.7,29.82,19.1188,3.96,0.0551,0.1024,10.0886
27,42.6,50.0,10.795,0.7,29.82,19.0963,4.0645,0.0565,0.1024,10.0886
27,42.6,50.0,11.43,0.7,29.82,19.0728,4.1742,0.058,0.1024,10.0886
27,42.6,50.0,12.065,0.7,29.82,19.0481,4.289,0.0595,0.1024,10.0886
27,42.6,50.0,6.985,0.8,34.08,19.2154,3.5133,0.049,0.0905,8.8382
27,42.6,50.0,7.62,0.8,34.08,19.1987,3.5902,0.0501,0.0905,8.8382
27,42.6,50.0,8.255,0.8,34.08,19.1808,3.6727,0.0512,0.0905,8.8382
27,42.6,50.0,8.89,0.8,34.08,19.1618,3.7607,0.0524,0.0905,8.8382
27,42.6,50.0,9.525,0.8,34.08,19.1416,3.8542,0.0536,0.0905,8.8382
27,42.6,50.0,10.16,0.8,34.08,19.1203,3.953,0.055,0.0905,8.8382
27,42.6,50.0,10.795,0.8,34.08,19.0979,4.0571,0.0564,0.0905,8.8382
27,42.6,50.0,11.43,0.8,34.08,19.0744,4.1664,0.0578,0.0905,8.8382
27,42.6,50.0,12.065,0.8,34.08,19.0499,4.2808,0.0594,0.0905,8.8382
27,42.6,50.0,6.985,0.9,38.34,19.2165,3.5083,0.049,0.0812,7.8626
27,42.6,50.0,7.62,0.9,38.34,19.1998,3.5849,0.05,0.0812,7.8626
27,42.6,50.0,8.255,0.9,38.34,19.182,3.6672,0.0511,0.0812,7.8626
27,42.6,50.0,8.89,0.9,38.34,19.1631,3.7549,0.0523,0.0812,7.8626
27,42.6,50.0,9.525,0.9,38.34,19.1429,3.8481,0.0536,0.0812,7.8626
27,42.6,50.0,10.16,0.9,38.34,19.1217,3.9466,0.0549,0.0812,7.8626
27,42.6,50.0,10.795,0.9,38.34,19.0994,4.0504,0.0563,0.0812,7.8626
27,42.6,50.0,11.43,0.9,38.34,19.0759,4.1594,0.0578,0.0812,7.8626
27,42.6,50.0,12.065,0.9,38.34,19.0515,4.2733,0.0593,0.0812,7.8626
27,53.6,63.0,6.985,0.3,16.08,19.4822,2.2955,0.0324,0.1824,18.48
27,53.6,63.0,7.62,0.3,16.08,19.4709,2.3469,0.0331,0.1824,18.48
27,53.6,63.0,8.255,0.3,16.08,19.4587,2.4021,0.0338,0.1824,18.48
27,53.6,63.0,8.89,0.3,16.08,19.4456,2.4612,0.0346,0.1824,18.48
27,53.6,63.0,9.525,0.3,16.08,19.4317,2.5241,0.0355,0.1824,18.48
27,53.6,63.0,6.985,0.4,21.44,19.4832,2.291,0.0323,0.1394,13.9653
27,53.6,63.0,7.62,0.4,21.44,19.4719,2.3422,0.033,0.1394,13.9653
27,53.6,63.0,8.255,0.4,21.44,19.4597,2.3973,0.0338,0.1394,13.9653
27,53.6,63.0,8.89,0.4,21.44,19.4467,2.4561,0.0346,0.1394,13.9653
27,53.6,63.0,9.525,0.4,21.44,19.4329,2.5187,0.0354,0.1394,13.9653
27,53.6,63.0,10.16,0.4,21.44,19.4183,2.585,0.0364,0.1394,13.9653
27,53.6,63.0,10.795,0.4,21.44,19.4029,2.6549,0.0373,0.1394,13.9653
27,53.6,63.0,11.43,0.4,21.44,19.3867,2.7285,0.0383,0.1394,13.9653
27,53.6,63.0,12.065,0.4,21.44,19.3698,2.8057,0.0394,0.1394,13.9653
27,53.6,63.0,6.985,0.5,26.8,19.484,2.2873,0.0322,0.1131,11.2119
27,53.6,63.0,7.62,0.5,26.8,19.4727,2.3384,0.033,0.1131,11.2119
27,53.6,63.0,8.255,0.5,26.8,19.4606,2.3933,0.0337,0.1131,11.2119
27,53.6,63.0,8.89,0.5,26.8,19.4477,2.4519,0.0345,0.1131,11.2119
27,53.6,63.0,9.525,0.5,26.8,19.4339,2.5142,0.0354,0.1131,11.2119
27,53.6,63.0,10.16,0.5,26.8,19.4193,2.5803,0.0363,0.1131,11.2119
27,53.6,63.0,10.795,0.5,26.8,19.404,2.65,0.0372,0.1131,11.2119
27,53.6,63.0,11.43,0.5,26.8,19.3879,2.7233,0.0383,0.1131,11.2119
27,53.6,63.0,12.065,0.5,26.8,19.371,2.8002,0.0393,0.1131,11.2119
27,53.6,63.0,6.985,0.6,32.16,19.4847,2.2842,0.0322,0.0955,9.3613
27,53.6,63.0,7.62,0.6,32.16,19.4735,2.3351,0.0329,0.0955,9.3613
27,53.6,63.0,8.255,0.6,32.16,19.4614,2.3898,0.0337,0.0955,9.3613
27,53.6,63.0,8.89,0.6,32.16,19.4485,2.4483,0.0345,0.0955,9.3613
27,53.6,63.0,9.525,0.6,32.16,19.4347,2.5105,0.0353,0.0955,9.3613
27,53.6,63.0,10.16,0.6,32.16,19.4202,2.5763,0.0362,0.0955,9.3613
27,53.6,63.0,10.795,0.6,32.16,19.4049,2.6458,0.0372,0.0955,9.3613
27,53.6,63.0,11.43,0.6,32.16,19.3889,2.7189,0.0382,0.0955,9.3613
27,53.6,63.0,12.065,0.6,32.16,19.372,2.7955,0.0392,0.0955,9.3613
27,53.6,63.0,6.985,0.7,37.52,19.4853,2.2814,0.0322,0.0829,8.0334
27,53.6,63.0,7.62,0.7,37.52,19.4741,2.3322,0.0329,0.0829,8.0334
27,53.6,63.0,8.255,0.7,37.52,19.462,2.3868,0.0336,0.0829,8.0334
27,53.6,63.0,8.89,0.7,37.52,19.4492,2.4451,0.0344,0.0829,8.0334
27,53.6,63.0,9.525,0.7,37.52,19.4355,2.5071,0.0353,0.0829,8.0334
27,53.6,63.0,10.16,0.7,37.52,19.421,2.5728,0.0362,0.0829,8.0334
27,53.6,63.0,10.795,0.7,37.52,19.4057,2.6421,0.0371,0.0829,8.0334
27,53.6,63.0,11.43,0.7,37.52,19.3897,2.715,0.0381,0.0829,8.0334
27,53.6,63.0,12.065,0.7,37.52,19.3729,2.7914,0.0392,0.0829,8.0334
27,53.6,63.0,6.985,0.8,42.88,19.4859,2.279,0.0321,0.0734,7.0345
27,53.6,63.0,7.62,0.8,42.88,19.4747,2.3297,0.0328,0.0734,7.0345
27,53.6,63.0,8.255,0.8,42.88,19.4626,2.3841,0.0336,0.0734,7.0345
27,53.6,63.0,8.89,0.8,42.88,19.4498,2.4423,0.0344,0.0734,7.0345
27,53.6,63.0,9.525,0.8,42.88,19.4361,2.5042,0.0352,0.0734,7.0345
27,53.6,63.0,10.16,0.8,42.88,19.4217,2.5697,0.0361,0.0734,7.0345
27,53.6,63.0,10.795,0.8,42.88,19.4065,2.6388,0.0371,0.0734,7.0345
27,53.6,63.0,11.43,0.8,42.88,19.3905,2.7115,0.0381,0.0734,7.0345
27,53.6,63.0,12.065,0.8,42.88,19.3737,2.7877,0.0391,0.0734,7.0345
27,53.6,63.0,6.985,0.9,48.24,19.4864,2.2767,0.0321,0.0659,6.2562
27,53.6,63.0,7.62,0.9,48.24,19.4752,2.3273,0.0328,0.0659,6.2562
27,53.6,63.0,8.255,0.9,48.24,19.4632,2.3817,0.0336,0.0659,6.2562
27,53.6,63.0,8.89,0.9,48.24,19.4504,2.4397,0.0344,0.0659,6.2562
27,53.6,63.0,9.525,0.9,48.24,19.4367,2.5014,0.0352,0.0659,6.2562
27,53.6,63.0,10.16,0.9,48.24,19.4223,2.5668,0.0361,0.0659,6.2562
27,53.6,63.0,10.795,0.9,48.24,19.4071,2.6358,0.0371,0.0659,6.2562
27,53.6,63.0,11.43,0.9,48.24,19.3912,2.7083,0.0381,0.0659,6.2562
27,53.6,63.0,12.065,0.9,48.24,19.3745,2.7844,0.0391,0.0659,6.2562
28,17.0,20.0,6.985,0.8,13.6,16.0156,20.3403,0.249,0.2131,21.7021
28,17.0,20.0,6.985,0.9,15.3,16.0379,20.2063,0.2476,0.191,19.3873
28,17.0,20.0,7.62,0.9,15.3,15.977,20.5732,0.2514,0.191,19.3873
28,17.0,20.0,8.255,0.9,15.3,15.9129,20.9615,0.2554,0.191,19.3873
28,17.0,20.0,8.89,0.9,15.3,15.846,21.3693,0.2596,0.191,19.3873
28,22.0,25.0,6.985,0.7,15.4,17.4075,12.4637,0.162,0.1899,19.2662
28,22.0,25.0,7.62,0.7,15.4,17.36,12.7172,0.165,0.1899,19.2662
28,22.0,25.0,8.255,0.7,15.4,17.3095,12.9873,0.1682,0.1899,19.2662
28,22.0,25.0,8.89,0.7,15.4,17.2564,13.2732,0.1715,0.1899,19.2662
28,22.0,25.0,6.985,0.8,17.6,17.4186,12.4047,0.1613,0.1676,16.9321
28,22.0,25.0,7.62,0.8,17.6,17.3715,12.6557,0.1643,0.1676,16.9321
28,22.0,25.0,8.255,0.8,17.6,17.3215,12.9232,0.1674,0.1676,16.9321
28,22.0,25.0,8.89,0.8,17.6,17.2688,13.2063,0.1707,0.1676,16.9321
28,22.0,25.0,9.525,0.8,17.6,17.2136,13.5041,0.1741,0.1676,16.9321
28,22.0,25.0,10.16,0.8,17.6,17.1562,13.8157,0.1777,0.1676,16.9321
28,22.0,25.0,10.795,0.8,17.6,17.0967,14.1402,0.1815,0.1676,16.9321
28,22.0,25.0,6.985,0.9,19.8,17.4286,12.3515,0.1607,0.1501,15.0965
28,22.0,25.0,7.62,0.9,19.8,17.3818,12.6004,0.1636,0.1501,15.0965
28,22.0,25.0,8.255,0.9,19.8,17.3323,12.8654,0.1667,0.1501,15.0965
28,22.0,25.0,8.89,0.9,19.8,17.28,13.146,0.17,0.1501,15.0965
28,22.0,25.0,9.525,0.9,19.8,17.2253,13.441,0.1734,0.1501,15.0965
28,22.0,25.0,10.16,0.9,19.8,17.1683,13.7497,0.177,0.1501,15.0965
28,22.0,25.0,10.795,0.9,19.8,17.1093,14.0711,0.1807,0.1501,15.0965
28,22.0,25.0,11.43,0.9,19.8,17.0485,14.4041,0.1845,0.1501,15.0965
28,22.0,25.0,12.065,0.9,19.8,16.9861,14.7476,0.1884,0.1501,15.0965
28,27.2,32.0,6.985,0.5,13.6,18.2057,8.3522,0.1121,0.2131,21.7021
28,27.2,32.0,6.985,0.6,16.32,18.2128,8.3169,0.1117,0.1799,18.2174
28,27.2,32.0,7.62,0.6,16.32,18.177,8.4955,0.1139,0.1799,18.2174
28,27.2,32.0,8.255,0.6,16.32,18.1389,8.6865,0.1163,0.1799,18.2174
28,27.2,32.0,8.89,0.6,16.32,18.0984,8.8895,0.1188,0.1799,18.2174
28,27.2,32.0,9.525,0.6,16.32,18.0558,9.1041,0.1215,0.1799,18.2174
28,27.2,32.0,6.985,0.7,19.04,18.219,8.286,0.1113,0.1557,15.6844
28,27.2,32.0,7.62,0.7,19.04,18.1835,8.4633,0.1135,0.1557,15.6844
28,27.2,32.0,8.255,0.7,19.04,18.1456,8.6528,0.1159,0.1557,15.6844
28,27.2,32.0,8.89,0.7,19.04,18.1054,8.8542,0.1184,0.1557,15.6844
28,27.2,32.0,9.525,0.7,19.04,18.0632,9.0671,0.1211,0.1557,15.6844
28,27.2,32.0,10.16,0.7,19.04,18.0189,9.2909,0.1238,0.1557,15.6844
28,27.2,32.0,10.795,0.7,19.04,17.9726,9.5252,0.1267,0.1557,15.6844
28,27.2,32.0,11.43,0.7,19.04,17.9246,9.7696,0.1297,0.1557,15.6844
28,27.2,32.0,12.065,0.7,19.04,17.875,10.0234,0.1328,0.1557,15.6844
28,27.2,32.0,6.985,0.8,21.76,18.2246,8.2585,0.111,0.1375,13.7638
28,27.2,32.0,7.62,0.8,21.76,18.1892,8.4346,0.1132,0.1375,13.7638
28,27.2,32.0,8.255,0.8,21.76,18.1516,8.6228,0.1155,0.1375,13.7638
28,27.2,32.0,8.89,0.8,21.76,18.1117,8.8228,0.118,0.1375,13.7638
28,27.2,32.0,9.525,0.8,21.76,18.0697,9.0341,0.1206,0.1375,13.7638
28,27.2,32.0,10.16,0.8,21.76,18.0257,9.2563,0.1234,0.1375,13.7638
28,27.2,32.0,10.795,0.8,21.76,17.9798,9.4889,0.1263,0.1375,13.7638
28,27.2,32.0,11.43,0.8,21.76,17.9321,9.7314,0.1292,0.1375,13.7638
28,27.2,32.0,12.065,0.8,21.76,17.8828,9.9831,0.1323,0.1375,13.7638
28,27.2,32.0,6.985,0.9,24.48,18.2296,8.2336,0.1107,0.1231,12.259
28,27.2,32.0,7.62,0.9,24.48,18.1944,8.4086,0.1128,0.1231,12.259
28,27.2,32.0,8.255,0.9,24.48,18.157,8.5957,0.1152,0.1231,12.259
28,27.2,32.0,8.89,0.9,24.48,18.1174,8.7944,0.1177,0.1231,12.259
28,27.2,32.0,9.525,0.9,24.48,18.0756,9.0044,0.1203,0.1231,12.259
28,27.2,32.0,10.16,0.9,24.48,18.0319,9.2251,0.123,0.1231,12.259
28,27.2,32.0,10.795,0.9,24.48,17.9863,9.4561,0.1259,0.1231,12.259
28,27.2,32.0,11.43,0.9,24.48,17.9389,9.6968,0.1288,0.1231,12.259
28,27.2,32.0,12.065,0.9,24.48,17.8899,9.9468,0.1319,0.1231,12.259
28,34.0,40.0,6.985,0.4,13.6,18.8009,5.4543,0.0749,0.2131,21.7021
28,34.0,40.0,6.985,0.5,17.0,18.8048,5.4358,0.0747,0.1731,17.5116
28,34.0,40.0,7.62,0.5,17.0,18.7793,5.5569,0.0763,0.1731,17.5116
28,34.0,40.0,8.255,0.5,17.0,18.7521,5.6868,0.078,0.1731,17.5116
28,34.0,40.0,8.89,0.5,17.0,18.7231,5.8252,0.0798,0.1731,17.5116
28,34.0,40.0,9.525,0.5,17.0,18.6925,5.9719,0.0817,0.1731,17.5116
28,34.0,40.0,10.16,0.5,17.0,18.6603,6.1268,0.0837,0.1731,17.5116
28,34.0,40.0,6.985,0.6,20.4,18.8081,5.4199,0.0745,0.146,14.6622
28,34.0,40.0,7.62,0.6,20.4,18.7828,5.5404,0.0761,0.146,14.6622
28,34.0,40.0,8.255,0.6,20.4,18.7557,5.6695,0.0778,0.146,14.6622
28,34.0,40.0,8.89,0.6,20.4,18.7269,5.807,0.0796,0.146,14.6622
28,34.0,40.0,9.525,0.6,20.4,18.6965,5.9528,0.0815,0.146,14.6622
28,34.0,40.0,10.16,0.6,20.4,18.6644,6.1067,0.0835,0.146,14.6622
28,34.0,40.0,10.795,0.6,20.4,18.6309,6.2684,0.0856,0.146,14.6622
28,34.0,40.0,11.43,0.6,20.4,18.5958,6.4377,0.0878,0.146,14.6622
28,34.0,40.0,12.065,0.6,20.4,18.5593,6.6144,0.09,0.146,14.6622
28,34.0,40.0,6.985,0.7,23.8,18.811,5.4061,0.0743,0.1264,12.6038
28,34.0,40.0,7.62,0.7,23.8,18.7858,5.5259,0.0759,0.1264,12.6038
28,34.0,40.0,8.255,0.7,23.8,18.7589,5.6543,0.0776,0.1264,12.6038
28,34.0,40.0,8.89,0.7,23.8,18.7303,5.7911,0.0794,0.1264,12.6038
28,34.0,40.0,9.525,0.7,23.8,18.7,5.9361,0.0813,0.1264,12.6038
28,34.0,40.0,10.16,0.7,23.8,18.6681,6.0891,0.0832,0.1264,12.6038
28,34.0,40.0,10.795,0.7,23.8,18.6347,6.2498,0.0853,0.1264,12.6038
28,34.0,40.0,11.43,0.7,23.8,18.5998,6.4181,0.0875,0.1264,12.6038
28,34.0,40.0,12.065,0.7,23.8,18.5635,6.5937,0.0898,0.1264,12.6038
28,34.0,40.0,6.985,0.8,27.2,18.8136,5.3937,0.0741,0.1116,11.049
28,34.0,40.0,7.62,0.8,27.2,18.7885,5.513,0.0757,0.1116,11.049
28,34.0,40.0,8.255,0.8,27.2,18.7617,5.6408,0.0774,0.1116,11.049
28,34.0,40.0,8.89,0.8,27.2,18.7332,5.7769,0.0792,0.1116,11.049
28,34.0,40.0,9.525,0.8,27.2,18.7031,5.9212,0.0811,0.1116,11.049
28,34.0,40.0,10.16,0.8,27.2,18.6714,6.0734,0.083,0.1116,11.049
28,34.0,40.0,10.795,0.8,27.2,18.6381,6.2333,0.0851,0.1116,11.049
28,34.0,40.0,11.43,0.8,27.2,18.6034,6.4007,0.0873,0.1116,11.049
28,34.0,40.0,12.065,0.8,27.2,18.5673,6.5753,0.0895,0.1116,11.049
28,34.0,40.0,6.985,0.9,30.6,18.816,5.3825,0.074,0.1,9.834
28,34.0,40.0,7.62,0.9,30.6,18.791,5.5012,0.0756,0.1,9.834
28,34.0,40.0,8.255,0.9,30.6,18.7643,5.6285,0.0772,0.1,9.834
28,34.0,40.0,8.89,0.9,30.6,18.7359,5.764,0.079,0.1,9.834
28,34.0,40.0,9.525,0.9,30.6,18.7059,5.9076,0.0809,0.1,9.834
28,34.0,40.0,10.16,0.9,30.6,18.6743,6.0592,0.0829,0.1,9.834
28,34.0,40.0,10.795,0.9,30.6,18.6412,6.2183,0.0849,0.1,9.834
28,34.0,40.0,11.43,0.9,30.6,18.6067,6.3849,0.0871,0.1,9.834
28,34.0,40.0,12.065,0.9,30.6,18.5708,6.5586,0.0893,0.1,9.834
28,42.6,50.0,6.985,0.4,17.04,19.2089,3.5434,0.0494,0.1728,17.4717
28,42.6,50.0,7.62,0.4,17.04,19.1913,3.6243,0.0505,0.1728,17.4717
28,42.6,50.0,8.255,0.4,17.04,19.1725,3.7112,0.0517,0.1728,17.4717
28,42.6,50.0,8.89,0.4,17.04,19.1525,3.804,0.053,0.1728,17.4717
28,42.6,50.0,9.525,0.4,17.04,19.1312,3.9025,0.0543,0.1728,17.4717
28,42.6,50.0,10.16,0.4,17.04,19.1088,4.0067,0.0557,0.1728,17.4717
28,42.6,50.0,6.985,0.5,21.3,19.2106,3.5351,0.0493,0.1402,14.0552
28,42.6,50.0,7.62,0.5,21.3,19.1932,3.6157,0.0504,0.1402,14.0552
28,42.6,50.0,8.255,0.5,21.3,19.1745,3.7021,0.0516,0.1402,14.0552
28,42.6,50.0,8.89,0.5,21.3,19.1545,3.7944,0.0528,0.1402,14.0552
28,42.6,50.0,9.525,0.5,21.3,19.1334,3.8924,0.0542,0.1402,14.0552
28,42.6,50.0,10.16,0.5,21.3,19.111,3.9961,0.0556,0.1402,14.0552
28,42.6,50.0,10.795,0.5,21.3,19.0875,4.1054,0.057,0.1402,14.0552
28,42.6,50.0,11.43,0.5,21.3,19.0629,4.2201,0.0586,0.1402,14.0552
28,42.6,50.0,12.065,0.5,21.3,19.0372,4.3401,0.0602,0.1402,14.0552
28,42.6,50.0,6.985,0.6,25.56,19.2122,3.528,0.0492,0.1183,11.7484
28,42.6,50.0,7.62,0.6,25.56,19.1948,3.6083,0.0503,0.1183,11.7484
28,42.6,50.0,8.255,0.6,25.56,19.1762,3.6944,0.0515,0.1183,11.7484
28,42.6,50.0,8.89,0.6,25.56,19.1563,3.7862,0.0527,0.1183,11.7484
28,42.6,50.0,9.525,0.6,25.56,19.1352,3.8839,0.054,0.1183,11.7484
28,42.6,50.0,10.16,0.6,25.56,19.113,3.9871,0.0554,0.1183,11.7484
28,42.6,50.0,10.795,0.6,25.56,19.0896,4.0958,0.0569,0.1183,11.7484
28,42.6,50.0,11.43,0.6,25.56,19.0651,4.21,0.0584,0.1183,11.7484
28,42.6,50.0,12.065,0.6,25.56,19.0395,4.3294,0.06,0.1183,11.7484
28,42.6,50.0,6.985,0.7,29.82,19.2135,3.5218,0.0492,0.1024,10.0886
28,42.6,50.0,7.62,0.7,29.82,19.1962,3.6017,0.0502,0.1024,10.0886
28,42.6,50.0,8.255,0.7,29.82,19.1776,3.6875,0.0514,0.1024,10.0886
28,42.6,50.0,8.89,0.7,29.82,19.1578,3.7791,0.0526,0.1024,10.0886
28,42.6,50.0,9.525,0.7,29.82,19.1369,3.8763,0.0539,0.1024,10.0886
28,42.6,50.0,10.16,0.7,29.82,19.1147,3.9791,0.0553,0.1024,10.0886
28,42.6,50.0,10.795,0.7,29.82,19.0914,4.0875,0.0568,0.1024,10.0886
28,42.6,50.0,11.43,0.7,29.82,19.067,4.2011,0.0583,0.1024,10.0886
28,42.6,50.0,12.065,0.7,29.82,19.0415,4.3201,0.0599,0.1024,10.0886
28,42.6,50.0,6.985,0.8,34.08,19.2147,3.5162,0.0491,0.0905,8.8382
28,42.6,50.0,7.62,0.8,34.08,19.1975,3.5959,0.0502,0.0905,8.8382
28,42.6,50.0,8.255,0.8,34.08,19.1789,3.6814,0.0513,0.0905,8.8382
28,42.6,50.0,8.89,0.8,34.08,19.1592,3.7727,0.0525,0.0905,8.8382
28,42.6,50.0,9.525,0.8,34.08,19.1383,3.8696,0.0539,0.0905,8.8382
28,42.6,50.0,10.16,0.8,34.08,19.1162,3.9721,0.0552,0.0905,8.8382
28,42.6,50.0,10.795,0.8,34.08,19.093,4.08,0.0567,0.0905,8.8382
28,42.6,50.0,11.43,0.8,34.08,19.0687,4.1932,0.0582,0.0905,8.8382
28,42.6,50.0,12.065,0.8,34.08,19.0433,4.3117,0.0598,0.0905,8.8382
28,42.6,50.0,6.985,0.9,38.34,19.2158,3.5112,0.049,0.0812,7.8626
28,42.6,50.0,7.62,0.9,38.34,19.1986,3.5907,0.0501,0.0812,7.8626
28,42.6,50.0,8.255,0.9,38.34,19.1801,3.6759,0.0512,0.0812,7.8626
28,42.6,50.0,8.89,0.9,38.34,19.1605,3.7669,0.0525,0.0812,7.8626
28,42.6,50.0,9.525,0.9,38.34,19.1396,3.8635,0.0538,0.0812,7.8626
28,42.6,50.0,10.16,0.9,38.34,19.1176,3.9656,0.0551,0.0812,7.8626
28,42.6,50.0,10.795,0.9,38.34,19.0945,4.0732,0.0566,0.0812,7.8626
28,42.6,50.0,11.43,0.9,38.34,19.0702,4.1861,0.0581,0.0812,7.8626
28,42.6,50.0,12.065,0.9,38.34,19.0449,4.3041,0.0597,0.0812,7.8626
28,53.6,63.0,6.985,0.3,16.08,19.4818,2.2974,0.0324,0.1824,18.48
28,53.6,63.0,7.62,0.3,16.08,19.47,2.3507,0.0331,0.1824,18.48
28,53.6,63.0,8.255,0.3,16.08,19.4574,2.408,0.0339,0.1824,18.48
28,53.6,63.0,8.89,0.3,16.08,19.4438,2.4693,0.0348,0.1824,18.48
28,53.6,63.0,9.525,0.3,16.08,19.4295,2.5344,0.0357,0.1824,18.48
28,53.6,63.0,6.985,0.4,21.44,19.4828,2.2929,0.0323,0.1394,13.9653
28,53.6,63.0,7.62,0.4,21.44,19.4711,2.3461,0.0331,0.1394,13.9653
28,53.6,63.0,8.255,0.4,21.44,19.4584,2.4031,0.0338,0.1394,13.9653
28,53.6,63.0,8.89,0.4,21.44,19.445,2.4641,0.0347,0.1394,13.9653
28,53.6,63.0,9.525,0.4,21.44,19.4307,2.529,0.0356,0.1394,13.9653
28,53.6,63.0,10.16,0.4,21.44,19.4155,2.5977,0.0365,0.1394,13.9653
28,53.6,63.0,10.795,0.4,21.44,19.3995,2.6703,0.0375,0.1394,13.9653
28,53.6,63.0,11.43,0.4,21.44,19.3828,2.7466,0.0386,0.1394,13.9653
28,53.6,63.0,12.065,0.4,21.44,19.3652,2.8266,0.0397,0.1394,13.9653
28,53.6,63.0,6.985,0.5,26.8,19.4836,2.2893,0.0323,0.1131,11.2119
28,53.6,63.0,7.62,0.5,26.8,19.4719,2.3422,0.033,0.1131,11.2119
28,53.6,63.0,8.255,0.5,26.8,19.4593,2.3991,0.0338,0.1131,11.2119
28,53.6,63.0,8.89,0.5,26.8,19.4459,2.4599,0.0346,0.1131,11.2119
28,53.6,63.0,9.525,0.5,26.8,19.4316,2.5245,0.0355,0.1131,11.2119
28,53.6,63.0,10.16,0.5,26.8,19.4165,2.593,0.0365,0.1131,11.2119
28,53.6,63.0,10.795,0.5,26.8,19.4006,2.6653,0.0375,0.1131,11.2119
28,53.6,63.0,11.43,0.5,26.8,19.3839,2.7413,0.0385,0.1131,11.2119
28,53.6,63.0,12.065,0.5,26.8,19.3664,2.821,0.0396,0.1131,11.2119
28,53.6,63.0,6.985,0.6,32.16,19.4843,2.2861,0.0322,0.0955,9.3613
28,53.6,63.0,7.62,0.6,32.16,19.4726,2.3389,0.033,0.0955,9.3613
28,53.6,63.0,8.255,0.6,32.16,19.4601,2.3956,0.0337,0.0955,9.3613
28,53.6,63.0,8.89,0.6,32.16,19.4467,2.4563,0.0346,0.0955,9.3613
28,53.6,63.0,9.525,0.6,32.16,19.4325,2.5207,0.0355,0.0955,9.3613
28,53.6,63.0,10.16,0.6,32.16,19.4174,2.589,0.0364,0.0955,9.3613
28,53.6,63.0,10.795,0.6,32.16,19.4016,2.661,0.0374,0.0955,9.3613
28,53.6,63.0,11.43,0.6,32.16,19.3849,2.7368,0.0384,0.0955,9.3613
28,53.6,63.0,12.065,0.6,32.16,19.3675,2.8162,0.0395,0.0955,9.3613
28,53.6,63.0,6.985,0.7,37.52,19.4849,2.2834,0.0322,0.0829,8.0334
28,53.6,63.0,7.62,0.7,37.52,19.4733,2.336,0.0329,0.0829,8.0334
28,53.6,63.0,8.255,0.7,37.52,19.4608,2.3926,0.0337,0.0829,8.0334
28,53.6,63.0,8.89,0.7,37.52,19.4474,2.4531,0.0345,0.0829,8.0334
28,53.6,63.0,9.525,0.7,37.52,19.4332,2.5174,0.0354,0.0829,8.0334
28,53.6,63.0,10.16,0.7,37.52,19.4182,2.5855,0.0364,0.0829,8.0334
28,53.6,63.0,10.795,0.7,37.52,19.4024,2.6573,0.0374,0.0829,8.0334
28,53.6,63.0,11.43,0.7,37.52,19.3858,2.7328,0.0384,0.0829,8.0334
28,53.6,63.0,12.065,0.7,37.52,19.3684,2.812,0.0395,0.0829,8.0334
28,53.6,63.0,6.985,0.8,42.88,19.4855,2.2809,0.0322,0.0734,7.0345
28,53.6,63.0,7.62,0.8,42.88,19.4738,2.3334,0.0329,0.0734,7.0345
28,53.6,63.0,8.255,0.8,42.88,19.4614,2.3899,0.0337,0.0734,7.0345
28,53.6,63.0,8.89,0.8,42.88,19.448,2.4502,0.0345,0.0734,7.0345
28,53.6,63.0,9.525,0.8,42.88,19.4339,2.5144,0.0354,0.0734,7.0345
28,53.6,63.0,10.16,0.8,42.88,19.4189,2.5823,0.0363,0.0734,7.0345
28,53.6,63.0,10.795,0.8,42.88,19.4031,2.6539,0.0373,0.0734,7.0345
28,53.6,63.0,11.43,0.8,42.88,19.3866,2.7293,0.0383,0.0734,7.0345
28,53.6,63.0,12.065,0.8,42.88,19.3692,2.8083,0.0394,0.0734,7.0345
28,53.6,63.0,6.985,0.9,48.24,19.486,2.2786,0.0321,0.0659,6.2562
28,53.6,63.0,7.62,0.9,48.24,19.4744,2.3311,0.0329,0.0659,6.2562
28,53.6,63.0,8.255,0.9,48.24,19.4619,2.3874,0.0336,0.0659,6.2562
28,53.6,63.0,8.89,0.9,48.24,19.4486,2.4476,0.0345,0.0659,6.2562
28,53.6,63.0,9.525,0.9,48.24,19.4345,2.5116,0.0353,0.0659,6.2562
28,53.6,63.0,10.16,0.9,48.24,19.4195,2.5794,0.0363,0.0659,6.2562
28,53.6,63.0,10.795,0.9,48.24,19.4038,2.6509,0.0373,0.0659,6.2562
28,53.6,63.0,11.43,0.9,48.24,19.3873,2.7261,0.0383,0.0659,6.2562
28,53.6,63.0,12.065,0.9,48.24,19.37,2.8049,0.0394,0.0659,6.2562
29,17.0,20.0,6.985,0.8,13.6,16.0133,20.3539,0.2492,0.2131,21.7021
29,17.0,20.0,6.985,0.9,15.3,16.0357,20.2197,0.2478,0.191,19.3873
29,17.0,20.0,7.62,0.9,15.3,15.9726,20.5995,0.2517,0.191,19.3873
29,17.0,20.0,8.255,0.9,15.3,15.9064,21.0013,0.2559,0.191,19.3873
29,17.0,20.0,8.89,0.9,15.3,15.8373,21.4231,0.2602,0.191,19.3873
29,22.0,25.0,6.985,0.7,15.4,17.4057,12.473,0.1621,0.1899,19.2662
29,22.0,25.0,7.62,0.7,15.4,17.3565,12.7354,0.1652,0.1899,19.2662
29,22.0,25.0,8.255,0.7,15.4,17.3044,13.015,0.1685,0.1899,19.2662
29,22.0,25.0,8.89,0.7,15.4,17.2494,13.3108,0.1719,0.1899,19.2662
29,22.0,25.0,6.985,0.8,17.6,17.4169,12.4139,0.1614,0.1676,16.9321
29,22.0,25.0,7.62,0.8,17.6,17.3681,12.6738,0.1645,0.1676,16.9321
29,22.0,25.0,8.255,0.8,17.6,17.3164,12.9506,0.1677,0.1676,16.9321
29,22.0,25.0,8.89,0.8,17.6,17.2619,13.2435,0.1711,0.1676,16.9321
29,22.0,25.0,9.525,0.8,17.6,17.2048,13.5516,0.1747,0.1676,16.9321
29,22.0,25.0,10.16,0.8,17.6,17.1455,13.8739,0.1784,0.1676,16.9321
29,22.0,25.0,10.795,0.8,17.6,17.084,14.2094,0.1822,0.1676,16.9321
29,22.0,25.0,6.985,0.9,19.8,17.4269,12.3606,0.1608,0.1501,15.0965
29,22.0,25.0,7.62,0.9,19.8,17.3785,12.6182,0.1638,0.1501,15.0965
29,22.0,25.0,8.255,0.9,19.8,17.3272,12.8926,0.1671,0.1501,15.0965
29,22.0,25.0,8.89,0.9,19.8,17.2731,13.1829,0.1704,0.1501,15.0965
29,22.0,25.0,9.525,0.9,19.8,17.2166,13.4881,0.174,0.1501,15.0965
29,22.0,25.0,10.16,0.9,19.8,17.1577,13.8074,0.1776,0.1501,15.0965
29,22.0,25.0,10.795,0.9,19.8,17.0968,14.1396,0.1815,0.1501,15.0965
29,22.0,25.0,11.43,0.9,19.8,17.034,14.4837,0.1854,0.1501,15.0965
29,22.0,25.0,12.065,0.9,19.8,16.9696,14.8386,0.1894,0.1501,15.0965
29,27.2,32.0,6.985,0.5,13.6,18.2044,8.3588,0.1122,0.2131,21.7021
29,27.2,32.0,6.985,0.6,16.32,18.2115,8.3234,0.1118,0.1799,18.2174
29,27.2,32.0,7.62,0.6,16.32,18.1745,8.5084,0.1141,0.1799,18.2174
29,27.2,32.0,8.255,0.6,16.32,18.135,8.7061,0.1166,0.1799,18.2174
29,27.2,32.0,8.89,0.6,16.32,18.0931,8.9162,0.1192,0.1799,18.2174
29,27.2,32.0,9.525,0.6,16.32,18.049,9.1383,0.1219,0.1799,18.2174
29,27.2,32.0,6.985,0.7,19.04,18.2177,8.2925,0.1114,0.1557,15.6844
29,27.2,32.0,7.62,0.7,19.04,18.1809,8.4761,0.1137,0.1557,15.6844
29,27.2,32.0,8.255,0.7,19.04,18.1417,8.6723,0.1161,0.1557,15.6844
29,27.2,32.0,8.89,0.7,19.04,18.1002,8.8807,0.1187,0.1557,15.6844
29,27.2,32.0,9.525,0.7,19.04,18.0564,9.101,0.1215,0.1557,15.6844
29,27.2,32.0,10.16,0.7,19.04,18.0106,9.3326,0.1243,0.1557,15.6844
29,27.2,32.0,10.795,0.7,19.04,17.9628,9.575,0.1273,0.1557,15.6844
29,27.2,32.0,11.43,0.7,19.04,17.9132,9.8277,0.1304,0.1557,15.6844
29,27.2,32.0,12.065,0.7,19.04,17.8619,10.0901,0.1336,0.1557,15.6844
29,27.2,32.0,6.985,0.8,21.76,18.2233,8.2649,0.111,0.1375,13.7638
29,27.2,32.0,7.62,0.8,21.76,18.1867,8.4473,0.1133,0.1375,13.7638
29,27.2,32.0,8.255,0.8,21.76,18.1477,8.6421,0.1158,0.1375,13.7638
29,27.2,32.0,8.89,0.8,21.76,18.1065,8.8491,0.1183,0.1375,13.7638
29,27.2,32.0,9.525,0.8,21.76,18.063,9.0678,0.1211,0.1375,13.7638
29,27.2,32.0,10.16,0.8,21.76,18.0175,9.2977,0.1239,0.1375,13.7638
29,27.2,32.0,10.795,0.8,21.76,17.9701,9.5383,0.1269,0.1375,13.7638
29,27.2,32.0,11.43,0.8,21.76,17.9208,9.789,0.1299,0.1375,13.7638
29,27.2,32.0,12.065,0.8,21.76,17.8699,10.0493,0.1331,0.1375,13.7638
29,27.2,32.0,6.985,0.9,24.48,18.2283,8.24,0.1107,0.1231,12.259
29,27.2,32.0,7.62,0.9,24.48,18.1919,8.4212,0.113,0.1231,12.259
29,27.2,32.0,8.255,0.9,24.48,18.1532,8.6149,0.1154,0.1231,12.259
29,27.2,32.0,8.89,0.9,24.48,18.1121,8.8206,0.118,0.1231,12.259
29,27.2,32.0,9.525,0.9,24.48,18.069,9.0378,0.1207,0.1231,12.259
29,27.2,32.0,10.16,0.9,24.48,18.0237,9.2662,0.1235,0.1231,12.259
29,27.2,32.0,10.795,0.9,24.48,17.9766,9.5051,0.1265,0.1231,12.259
29,27.2,32.0,11.43,0.9,24.48,17.9277,9.7541,0.1295,0.1231,12.259
29,27.2,32.0,12.065,0.9,24.48,17.8771,10.0125,0.1327,0.1231,12.259
29,34.0,40.0,6.985,0.4,13.6,18.7999,5.4588,0.075,0.2131,21.7021
29,34.0,40.0,6.985,0.5,17.0,18.8038,5.4402,0.0748,0.1731,17.5116
29,34.0,40.0,7.62,0.5,17.0,18.7775,5.5657,0.0764,0.1731,17.5116
29,34.0,40.0,8.255,0.5,17.0,18.7493,5.7001,0.0782,0.1731,17.5116
29,34.0,40.0,8.89,0.5,17.0,18.7193,5.8434,0.08,0.1731,17.5116
29,34.0,40.0,9.525,0.5,17.0,18.6876,5.9953,0.082,0.1731,17.5116
29,34.0,40.0,10.16,0.5,17.0,18.6543,6.1556,0.0841,0.1731,17.5116
29,34.0,40.0,6.985,0.6,20.4,18.8072,5.4243,0.0746,0.146,14.6622
29,34.0,40.0,7.62,0.6,20.4,18.781,5.5491,0.0762,0.146,14.6622
29,34.0,40.0,8.255,0.6,20.4,18.7529,5.6827,0.0779,0.146,14.6622
29,34.0,40.0,8.89,0.6,20.4,18.7231,5.8251,0.0798,0.146,14.6622
29,34.0,40.0,9.525,0.6,20.4,18.6916,5.976,0.0818,0.146,14.6622
29,34.0,40.0,10.16,0.6,20.4,18.6585,6.1353,0.0838,0.146,14.6622
29,34.0,40.0,10.795,0.6,20.4,18.6238,6.3026,0.086,0.146,14.6622
29,34.0,40.0,11.43,0.6,20.4,18.5875,6.4778,0.0883,0.146,14.6622
29,34.0,40.0,12.065,0.6,20.4,18.5498,6.6606,0.0906,0.146,14.6622
29,34.0,40.0,6.985,0.7,23.8,18.8101,5.4104,0.0744,0.1264,12.6038
29,34.0,40.0,7.62,0.7,23.8,18.784,5.5345,0.076,0.1264,12.6038
29,34.0,40.0,8.255,0.7,23.8,18.7561,5.6675,0.0777,0.1264,12.6038
29,34.0,40.0,8.89,0.7,23.8,18.7265,5.8091,0.0796,0.1264,12.6038
29,34.0,40.0,9.525,0.7,23.8,18.6952,5.9592,0.0816,0.1264,12.6038
29,34.0,40.0,10.16,0.7,23.8,18.6622,6.1175,0.0836,0.1264,12.6038
29,34.0,40.0,10.795,0.7,23.8,18.6276,6.2839,0.0858,0.1264,12.6038
29,34.0,40.0,11.43,0.7,23.8,18.5916,6.458,0.088,0.1264,12.6038
29,34.0,40.0,12.065,0.7,23.8,18.5541,6.6396,0.0904,0.1264,12.6038
29,34.0,40.0,6.985,0.8,27.2,18.8127,5.398,0.0742,0.1116,11.049
29,34.0,40.0,7.62,0.8,27.2,18.7867,5.5215,0.0758,0.1116,11.049
29,34.0,40.0,8.255,0.8,27.2,18.759,5.6539,0.0776,0.1116,11.049
29,34.0,40.0,8.89,0.8,27.2,18.7295,5.7948,0.0794,0.1116,11.049
29,34.0,40.0,9.525,0.8,27.2,18.6983,5.9441,0.0814,0.1116,11.049
29,34.0,40.0,10.16,0.8,27.2,18.6655,6.1017,0.0834,0.1116,11.049
29,34.0,40.0,10.795,0.8,27.2,18.6311,6.2672,0.0856,0.1116,11.049
29,34.0,40.0,11.43,0.8,27.2,18.5952,6.4404,0.0878,0.1116,11.049
29,34.0,40.0,12.065,0.8,27.2,18.5579,6.621,0.0901,0.1116,11.049
29,34.0,40.0,6.985,0.9,30.6,18.8151,5.3868,0.0741,0.1,9.834
29,34.0,40.0,7.62,0.9,30.6,18.7892,5.5098,0.0757,0.1,9.834
29,34.0,40.0,8.255,0.9,30.6,18.7616,5.6415,0.0774,0.1,9.834
29,34.0,40.0,8.89,0.9,30.6,18.7322,5.7819,0.0792,0.1,9.834
29,34.0,40.0,9.525,0.9,30.6,18.7011,5.9305,0.0812,0.1,9.834
29,34.0,40.0,10.16,0.9,30.6,18.6685,6.0873,0.0832,0.1,9.834
29,34.0,40.0,10.795,0.9,30.6,18.6343,6.252,0.0854,0.1,9.834
29,34.0,40.0,11.43,0.9,30.6,18.5985,6.4244,0.0876,0.1,9.834
29,34.0,40.0,12.065,0.9,30.6,18.5614,6.6041,0.0899,0.1,9.834
29,42.6,50.0,6.985,0.4,17.04,19.2082,3.5463,0.0495,0.1728,17.4717
29,42.6,50.0,7.62,0.4,17.04,19.1901,3.6302,0.0506,0.1728,17.4717
29,42.6,50.0,8.255,0.4,17.04,19.1706,3.7201,0.0518,0.1728,17.4717
29,42.6,50.0,8.89,0.4,17.04,19.1498,3.8162,0.0531,0.1728,17.4717
29,42.6,50.0,9.525,0.4,17.04,19.1278,3.9182,0.0545,0.1728,17.4717
29,42.6,50.0,10.16,0.4,17.04,19.1046,4.0261,0.056,0.1728,17.4717
29,42.6,50.0,6.985,0.5,21.3,19.21,3.538,0.0494,0.1402,14.0552
29,42.6,50.0,7.62,0.5,21.3,19.1919,3.6215,0.0505,0.1402,14.0552
29,42.6,50.0,8.255,0.5,21.3,19.1726,3.711,0.0517,0.1402,14.0552
29,42.6,50.0,8.89,0.5,21.3,19.1519,3.8065,0.053,0.1402,14.0552
29,42.6,50.0,9.525,0.5,21.3,19.13,3.908,0.0544,0.1402,14.0552
29,42.6,50.0,10.16,0.5,21.3,19.1069,4.0154,0.0558,0.1402,14.0552
29,42.6,50.0,10.795,0.5,21.3,19.0826,4.1285,0.0573,0.1402,14.0552
29,42.6,50.0,11.43,0.5,21.3,19.0571,4.2472,0.0589,0.1402,14.0552
29,42.6,50.0,12.065,0.5,21.3,19.0305,4.3714,0.0606,0.1402,14.0552
29,42.6,50.0,6.985,0.6,25.56,19.2116,3.5309,0.0493,0.1183,11.7484
29,42.6,50.0,7.62,0.6,25.56,19.1935,3.614,0.0504,0.1183,11.7484
29,42.6,50.0,8.255,0.6,25.56,19.1742,3.7032,0.0516,0.1183,11.7484
29,42.6,50.0,8.89,0.6,25.56,19.1537,3.7983,0.0529,0.1183,11.7484
29,42.6,50.0,9.525,0.6,25.56,19.1319,3.8994,0.0543,0.1183,11.7484
29,42.6,50.0,10.16,0.6,25.56,19.1089,4.0063,0.0557,0.1183,11.7484
29,42.6,50.0,10.795,0.6,25.56,19.0847,4.1188,0.0572,0.1183,11.7484
29,42.6,50.0,11.43,0.6,25.56,19.0593,4.237,0.0588,0.1183,11.7484
29,42.6,50.0,12.065,0.6,25.56,19.0328,4.3606,0.0604,0.1183,11.7484
29,42.6,50.0,6.985,0.7,29.82,19.2129,3.5247,0.0492,0.1024,10.0886
29,42.6,50.0,7.62,0.7,29.82,19.195,3.6075,0.0503,0.1024,10.0886
29,42.6,50.0,8.255,0.7,29.82,19.1757,3.6963,0.0515,0.1024,10.0886
29,42.6,50.0,8.89,0.7,29.82,19.1552,3.7911,0.0528,0.1024,10.0886
29,42.6,50.0,9.525,0.7,29.82,19.1335,3.8918,0.0542,0.1024,10.0886
29,42.6,50.0,10.16,0.7,29.82,19.1106,3.9982,0.0556,0.1024,10.0886
29,42.6,50.0,10.795,0.7,29.82,19.0865,4.1104,0.0571,0.1024,10.0886
29,42.6,50.0,11.43,0.7,29.82,19.0612,4.228,0.0587,0.1024,10.0886
29,42.6,50.0,12.065,0.7,29.82,19.0349,4.3511,0.0603,0.1024,10.0886
29,42.6,50.0,6.985,0.8,34.08,19.2141,3.5192,0.0491,0.0905,8.8382
29,42.6,50.0,7.62,0.8,34.08,19.1962,3.6017,0.0502,0.0905,8.8382
29,42.6,50.0,8.255,0.8,34.08,19.1771,3.6902,0.0514,0.0905,8.8382
29,42.6,50.0,8.89,0.8,34.08,19.1566,3.7847,0.0527,0.0905,8.8382
29,42.6,50.0,9.525,0.8,34.08,19.135,3.885,0.0541,0.0905,8.8382
29,42.6,50.0,10.16,0.8,34.08,19.1121,3.9911,0.0555,0.0905,8.8382
29,42.6,50.0,10.795,0.8,34.08,19.0881,4.1028,0.057,0.0905,8.8382
29,42.6,50.0,11.43,0.8,34.08,19.0629,4.22,0.0586,0.0905,8.8382
29,42.6,50.0,12.065,0.8,34.08,19.0367,4.3426,0.0602,0.0905,8.8382
29,42.6,50.0,6.985,0.9,38.34,19.2152,3.5141,0.049,0.0812,7.8626
29,42.6,50.0,7.62,0.9,38.34,19.1974,3.5964,0.0502,0.0812,7.8626
29,42.6,50.0,8.255,0.9,38.34,19.1783,3.6847,0.0514,0.0812,7.8626
29,42.6,50.0,8.89,0.9,38.34,19.1579,3.7789,0.0526,0.0812,7.8626
29,42.6,50.0,9.525,0.9,38.34,19.1363,3.8789,0.054,0.0812,7.8626
29,42.6,50.0,10.16,0.9,38.34,19.1135,3.9846,0.0554,0.0812,7.8626
29,42.6,50.0,10.795,0.9,38.34,19.0896,4.0959,0.0569,0.0812,7.8626
29,42.6,50.0,11.43,0.9,38.34,19.0645,4.2127,0.0585,0.0812,7.8626
29,42.6,50.0,12.065,0.9,38.34,19.0383,4.3349,0.0601,0.0812,7.8626
29,53.6,63.0,6.985,0.3,16.08,19.4814,2.2993,0.0324,0.1824,18.48
29,53.6,63.0,7.62,0.3,16.08,19.4692,2.3546,0.0332,0.1824,18.48
29,53.6,63.0,8.255,0.3,16.08,19.4561,2.4139,0.034,0.1824,18.48
29,53.6,63.0,8.89,0.3,16.08,19.442,2.4773,0.0349,0.1824,18.48
29,53.6,63.0,9.525,0.3,16.08,19.4272,2.5448,0.0358,0.1824,18.48
29,53.6,63.0,6.985,0.4,21.44,19.4824,2.2949,0.0324,0.1394,13.9653
29,53.6,63.0,7.62,0.4,21.44,19.4702,2.3499,0.0331,0.1394,13.9653
29,53.6,63.0,8.255,0.4,21.44,19.4571,2.409,0.0339,0.1394,13.9653
29,53.6,63.0,8.89,0.4,21.44,19.4432,2.4722,0.0348,0.1394,13.9653
29,53.6,63.0,9.525,0.4,21.44,19.4284,2.5393,0.0357,0.1394,13.9653
29,53.6,63.0,10.16,0.4,21.44,19.4127,2.6105,0.0367,0.1394,13.9653
29,53.6,63.0,10.795,0.4,21.44,19.3962,2.6856,0.0377,0.1394,13.9653
29,53.6,63.0,11.43,0.4,21.44,19.3788,2.7646,0.0388,0.1394,13.9653
29,53.6,63.0,12.065,0.4,21.44,19.3606,2.8474,0.04,0.1394,13.9653
29,53.6,63.0,6.985,0.5,26.8,19.4832,2.2912,0.0323,0.1131,11.2119
29,53.6,63.0,7.62,0.5,26.8,19.4711,2.346,0.0331,0.1131,11.2119
29,53.6,63.0,8.255,0.5,26.8,19.458,2.4049,0.0339,0.1131,11.2119
29,53.6,63.0,8.89,0.5,26.8,19.4441,2.4679,0.0347,0.1131,11.2119
29,53.6,63.0,9.525,0.5,26.8,19.4294,2.5348,0.0357,0.1131,11.2119
29,53.6,63.0,10.16,0.5,26.8,19.4137,2.6057,0.0366,0.1131,11.2119
29,53.6,63.0,10.795,0.5,26.8,19.3973,2.6806,0.0377,0.1131,11.2119
29,53.6,63.0,11.43,0.5,26.8,19.38,2.7592,0.0388,0.1131,11.2119
29,53.6,63.0,12.065,0.5,26.8,19.3619,2.8417,0.0399,0.1131,11.2119
29,53.6,63.0,6.985,0.6,32.16,19.4839,2.288,0.0323,0.0955,9.3613
29,53.6,63.0,7.62,0.6,32.16,19.4718,2.3427,0.033,0.0955,9.3613
29,53.6,63.0,8.255,0.6,32.16,19.4588,2.4015,0.0338,0.0955,9.3613
29,53.6,63.0,8.89,0.6,32.16,19.4449,2.4642,0.0347,0.0955,9.3613
29,53.6,63.0,9.525,0.6,32.16,19.4302,2.531,0.0356,0.0955,9.3613
29,53.6,63.0,10.16,0.6,32.16,19.4146,2.6017,0.0366,0.0955,9.3613
29,53.6,63.0,10.795,0.6,32.16,19.3982,2.6763,0.0376,0.0955,9.3613
29,53.6,63.0,11.43,0.6,32.16,19.381,2.7547,0.0387,0.0955,9.3613
29,53.6,63.0,12.065,0.6,32.16,19.3629,2.8369,0.0398,0.0955,9.3613
29,53.6,63.0,6.985,0.7,37.52,19.4845,2.2853,0.0322,0.0829,8.0334
29,53.6,63.0,7.62,0.7,37.52,19.4724,2.3398,0.033,0.0829,8.0334
29,53.6,63.0,8.255,0.7,37.52,19.4595,2.3984,0.0338,0.0829,8.0334
29,53.6,63.0,8.89,0.7,37.52,19.4457,2.461,0.0346,0.0829,8.0334
29,53.6,63.0,9.525,0.7,37.52,19.431,2.5276,0.0356,0.0829,8.0334
29,53.6,63.0,10.16,0.7,37.52,19.4154,2.5981,0.0365,0.0829,8.0334
29,53.6,63.0,10.795,0.7,37.52,19.3991,2.6725,0.0376,0.0829,8.0334
29,53.6,63.0,11.43,0.7,37.52,19.3819,2.7507,0.0386,0.0829,8.0334
29,53.6,63.0,12.065,0.7,37.52,19.3639,2.8326,0.0398,0.0829,8.0334
29,53.6,63.0,6.985,0.8,42.88,19.485,2.2828,0.0322,0.0734,7.0345
29,53.6,63.0,7.62,0.8,42.88,19.473,2.3372,0.0329,0.0734,7.0345
29,53.6,63.0,8.255,0.8,42.88,19.4601,2.3957,0.0337,0.0734,7.0345
29,53.6,63.0,8.89,0.8,42.88,19.4463,2.4582,0.0346,0.0734,7.0345
29,53.6,63.0,9.525,0.8,42.88,19.4316,2.5246,0.0355,0.0734,7.0345
29,53.6,63.0,10.16,0.8,42.88,19.4161,2.5949,0.0365,0.0734,7.0345
29,53.6,63.0,10.795,0.8,42.88,19.3998,2.6691,0.0375,0.0734,7.0345
29,53.6,63.0,11.43,0.8,42.88,19.3827,2.7471,0.0386,0.0734,7.0345
29,53.6,63.0,12.065,0.8,42.88,19.3647,2.8288,0.0397,0.0734,7.0345
29,53.6,63.0,6.985,0.9,48.24,19.4855,2.2806,0.0322,0.0659,6.2562
29,53.6,63.0,7.62,0.9,48.24,19.4735,2.3349,0.0329,0.0659,6.2562
29,53.6,63.0,8.255,0.9,48.24,19.4606,2.3932,0.0337,0.0659,6.2562
29,53.6,63.0,8.89,0.9,48.24,19.4469,2.4555,0.0346,0.0659,6.2562
29,53.6,63.0,9.525,0.9,48.24,19.4322,2.5218,0.0355,0.0659,6.2562
29,53.6,63.0,10.16,0.9,48.24,19.4168,2.592,0.0365,0.0659,6.2562
29,53.6,63.0,10.795,0.9,48.24,19.4005,2.666,0.0375,0.0659,6.2562
29,53.6,63.0,11.43,0.9,48.24,19.3834,2.7438,0.0385,0.0659,6.2562
29,53.6,63.0,12.065,0.9,48.24,19.3655,2.8254,0.0397,0.0659,6.2562
30,17.0,20.0,6.985,0.8,13.6,16.0111,20.3675,0.2493,0.2131,21.7021
30,17.0,20.0,6.985,0.9,15.3,16.0334,20.2332,0.2479,0.191,19.3873
30,17.0,20.0,7.62,0.9,15.3,15.9683,20.6258,0.252,0.191,19.3873
30,17.0,20.0,8.255,0.9,15.3,15.8998,21.0411,0.2563,0.191,19.3873
30,17.0,20.0,8.89,0.9,15.3,15.8285,21.4768,0.2607,0.191,19.3873
30,22.0,25.0,6.985,0.7,15.4,17.404,12.4823,0.1623,0.1899,19.2662
30,22.0,25.0,7.62,0.7,15.4,17.3531,12.7536,0.1654,0.1899,19.2662
30,22.0,25.0,8.255,0.7,15.4,17.2992,13.0427,0.1688,0.1899,19.2662
30,22.0,25.0,8.89,0.7,15.4,17.2424,13.3485,0.1723,0.1899,19.2662
30,22.0,25.0,6.985,0.8,17.6,17.4151,12.4231,0.1616,0.1676,16.9321
30,22.0,25.0,7.62,0.8,17.6,17.3647,12.6918,0.1647,0.1676,16.9321
30,22.0,25.0,8.255,0.8,17.6,17.3113,12.978,0.168,0.1676,16.9321
30,22.0,25.0,8.89,0.8,17.6,17.255,13.2808,0.1716,0.1676,16.9321
30,22.0,25.0,9.525,0.8,17.6,17.1961,13.5991,0.1752,0.1676,16.9321
30,22.0,25.0,10.16,0.8,17.6,17.1348,13.932,0.1791,0.1676,16.9321
30,22.0,25.0,10.795,0.8,17.6,17.0714,14.2784,0.183,0.1676,16.9321
30,22.0,25.0,6.985,0.9,19.8,17.4252,12.3697,0.1609,0.1501,15.0965
30,22.0,25.0,7.62,0.9,19.8,17.3751,12.6361,0.1641,0.1501,15.0965
30,22.0,25.0,8.255,0.9,19.8,17.3221,12.9198,0.1674,0.1501,15.0965
30,22.0,25.0,8.89,0.9,19.8,17.2663,13.2198,0.1709,0.1501,15.0965
30,22.0,25.0,9.525,0.9,19.8,17.2079,13.5352,0.1745,0.1501,15.0965
30,22.0,25.0,10.16,0.9,19.8,17.1471,13.8649,0.1783,0.1501,15.0965
30,22.0,25.0,10.795,0.9,19.8,17.0843,14.208,0.1822,0.1501,15.0965
30,22.0,25.0,11.43,0.9,19.8,17.0195,14.5632,0.1863,0.1501,15.0965
30,22.0,25.0,12.065,0.9,19.8,16.9532,14.9294,0.1904,0.1501,15.0965
30,27.2,32.0,6.985,0.5,13.6,18.2031,8.3654,0.1123,0.2131,21.7021
30,27.2,32.0,6.985,0.6,16.32,18.2102,8.3299,0.1119,0.1799,18.2174
30,27.2,32.0,7.62,0.6,16.32,18.1719,8.5212,0.1143,0.1799,18.2174
30,27.2,32.0,8.255,0.6,16.32,18.131,8.7257,0.1168,0.1799,18.2174
30,27.2,32.0,8.89,0.6,16.32,18.0878,8.9429,0.1195,0.1799,18.2174
30,27.2,32.0,9.525,0.6,16.32,18.0423,9.1724,0.1224,0.1799,18.2174
30,27.2,32.0,6.985,0.7,19.04,18.2164,8.299,0.1115,0.1557,15.6844
30,27.2,32.0,7.62,0.7,19.04,18.1784,8.4888,0.1139,0.1557,15.6844
30,27.2,32.0,8.255,0.7,19.04,18.1378,8.6917,0.1164,0.1557,15.6844
30,27.2,32.0,8.89,0.7,19.04,18.0949,8.9072,0.1191,0.1557,15.6844
30,27.2,32.0,9.525,0.7,19.04,18.0497,9.1349,0.1219,0.1557,15.6844
30,27.2,32.0,10.16,0.7,19.04,18.0024,9.3742,0.1249,0.1557,15.6844
30,27.2,32.0,10.795,0.7,19.04,17.9531,9.6247,0.1279,0.1557,15.6844
30,27.2,32.0,11.43,0.7,19.04,17.9019,9.8857,0.1311,0.1557,15.6844
30,27.2,32.0,12.065,0.7,19.04,17.8489,10.1567,0.1344,0.1557,15.6844
30,27.2,32.0,6.985,0.8,21.76,18.222,8.2713,0.1111,0.1375,13.7638
30,27.2,32.0,7.62,0.8,21.76,18.1842,8.4599,0.1135,0.1375,13.7638
30,27.2,32.0,8.255,0.8,21.76,18.1439,8.6614,0.116,0.1375,13.7638
30,27.2,32.0,8.89,0.8,21.76,18.1012,8.8754,0.1187,0.1375,13.7638
30,27.2,32.0,9.525,0.8,21.76,18.0563,9.1014,0.1215,0.1375,13.7638
30,27.2,32.0,10.16,0.8,21.76,18.0094,9.339,0.1244,0.1375,13.7638
30,27.2,32.0,10.795,0.8,21.76,17.9604,9.5876,0.1275,0.1375,13.7638
30,27.2,32.0,11.43,0.8,21.76,17.9095,9.8466,0.1307,0.1375,13.7638
30,27.2,32.0,12.065,0.8,21.76,17.857,10.1154,0.1339,0.1375,13.7638
30,27.2,32.0,6.985,0.9,24.48,18.227,8.2464,0.1108,0.1231,12.259
30,27.2,32.0,7.62,0.9,24.48,18.1894,8.4338,0.1132,0.1231,12.259
30,27.2,32.0,8.255,0.9,24.48,18.1493,8.6341,0.1157,0.1231,12.259
30,27.2,32.0,8.89,0.9,24.48,18.1069,8.8467,0.1183,0.1231,12.259
30,27.2,32.0,9.525,0.9,24.48,18.0623,9.0712,0.1211,0.1231,12.259
30,27.2,32.0,10.16,0.9,24.48,18.0156,9.3072,0.124,0.1231,12.259
30,27.2,32.0,10.795,0.9,24.48,17.967,9.5541,0.1271,0.1231,12.259
30,27.2,32.0,11.43,0.9,24.48,17.9165,9.8112,0.1302,0.1231,12.259
30,27.2,32.0,12.065,0.9,24.48,17.8643,10.0781,0.1335,0.1231,12.259
30,34.0,40.0,6.985,0.4,13.6,18.799,5.4632,0.0751,0.2131,21.7021
30,34.0,40.0,6.985,0.5,17.0,18.8029,5.4446,0.0748,0.1731,17.5116
30,34.0,40.0,7.62,0.5,17.0,18.7756,5.5744,0.0765,0.1731,17.5116
30,34.0,40.0,8.255,0.5,17.0,18.7465,5.7135,0.0783,0.1731,17.5116
30,34.0,40.0,8.89,0.5,17.0,18.7155,5.8616,0.0803,0.1731,17.5116
30,34.0,40.0,9.525,0.5,17.0,18.6828,6.0187,0.0823,0.1731,17.5116
30,34.0,40.0,10.16,0.5,17.0,18.6483,6.1844,0.0845,0.1731,17.5116
30,34.0,40.0,6.985,0.6,20.4,18.8062,5.4287,0.0746,0.146,14.6622
30,34.0,40.0,7.62,0.6,20.4,18.7791,5.5577,0.0763,0.146,14.6622
30,34.0,40.0,8.255,0.6,20.4,18.7502,5.696,0.0781,0.146,14.6622
30,34.0,40.0,8.89,0.6,20.4,18.7194,5.8432,0.08,0.146,14.6622
30,34.0,40.0,9.525,0.6,20.4,18.6868,5.9993,0.0821,0.146,14.6622
30,34.0,40.0,10.16,0.6,20.4,18.6526,6.1639,0.0842,0.146,14.6622
30,34.0,40.0,10.795,0.6,20.4,18.6167,6.3369,0.0865,0.146,14.6622
30,34.0,40.0,11.43,0.6,20.4,18.5792,6.5179,0.0888,0.146,14.6622
30,34.0,40.0,12.065,0.6,20.4,18.5402,6.7067,0.0912,0.146,14.6622
30,34.0,40.0,6.985,0.7,23.8,18.8092,5.4148,0.0744,0.1264,12.6038
30,34.0,40.0,7.62,0.7,23.8,18.7822,5.5432,0.0761,0.1264,12.6038
30,34.0,40.0,8.255,0.7,23.8,18.7534,5.6806,0.0779,0.1264,12.6038
30,34.0,40.0,8.89,0.7,23.8,18.7227,5.8271,0.0798,0.1264,12.6038
30,34.0,40.0,9.525,0.7,23.8,18.6904,5.9823,0.0819,0.1264,12.6038
30,34.0,40.0,10.16,0.7,23.8,18.6563,6.146,0.084,0.1264,12.6038
30,34.0,40.0,10.795,0.7,23.8,18.6206,6.3179,0.0862,0.1264,12.6038
30,34.0,40.0,11.43,0.7,23.8,18.5833,6.4979,0.0885,0.1264,12.6038
30,34.0,40.0,12.065,0.7,23.8,18.5446,6.6855,0.091,0.1264,12.6038
30,34.0,40.0,6.985,0.8,27.2,18.8118,5.4024,0.0743,0.1116,11.049
30,34.0,40.0,7.62,0.8,27.2,18.7849,5.5301,0.0759,0.1116,11.049
30,34.0,40.0,8.255,0.8,27.2,18.7562,5.667,0.0777,0.1116,11.049
30,34.0,40.0,8.89,0.8,27.2,18.7257,5.8127,0.0796,0.1116,11.049
30,34.0,40.0,9.525,0.8,27.2,18.6935,5.9671,0.0817,0.1116,11.049
30,34.0,40.0,10.16,0.8,27.2,18.6596,6.1299,0.0838,0.1116,11.049
30,34.0,40.0,10.795,0.8,27.2,18.6241,6.301,0.086,0.1116,11.049
30,34.0,40.0,11.43,0.8,27.2,18.587,6.48,0.0883,0.1116,11.049
30,34.0,40.0,12.065,0.8,27.2,18.5485,6.6666,0.0907,0.1116,11.049
30,34.0,40.0,6.985,0.9,30.6,18.8141,5.3911,0.0741,0.1,9.834
30,34.0,40.0,7.62,0.9,30.6,18.7874,5.5183,0.0758,0.1,9.834
30,34.0,40.0,8.255,0.9,30.6,18.7588,5.6546,0.0776,0.1,9.834
30,34.0,40.0,8.89,0.9,30.6,18.7285,5.7997,0.0795,0.1,9.834
30,34.0,40.0,9.525,0.9,30.6,18.6964,5.9534,0.0815,0.1,9.834
30,34.0,40.0,10.16,0.9,30.6,18.6626,6.1155,0.0836,0.1,9.834
30,34.0,40.0,10.795,0.9,30.6,18.6273,6.2857,0.0858,0.1,9.834
30,34.0,40.0,11.43,0.9,30.6,18.5904,6.4638,0.0881,0.1,9.834
30,34.0,40.0,12.065,0.9,30.6,18.552,6.6495,0.0905,0.1,9.834
30,42.6,50.0,6.985,0.4,17.04,19.2076,3.5493,0.0495,0.1728,17.4717
30,42.6,50.0,7.62,0.4,17.04,19.1888,3.636,0.0507,0.1728,17.4717
30,42.6,50.0,8.255,0.4,17.04,19.1687,3.729,0.052,0.1728,17.4717
30,42.6,50.0,8.89,0.4,17.04,19.1472,3.8284,0.0533,0.1728,17.4717
30,42.6,50.0,9.525,0.4,17.04,19.1244,3.9339,0.0547,0.1728,17.4717
30,42.6,50.0,10.16,0.4,17.04,19.1004,4.0454,0.0562,0.1728,17.4717
30,42.6,50.0,6.985,0.5,21.3,19.2094,3.541,0.0494,0.1402,14.0552
30,42.6,50.0,7.62,0.5,21.3,19.1907,3.6273,0.0506,0.1402,14.0552
30,42.6,50.0,8.255,0.5,21.3,19.1706,3.7199,0.0518,0.1402,14.0552
30,42.6,50.0,8.89,0.5,21.3,19.1493,3.8187,0.0532,0.1402,14.0552
30,42.6,50.0,9.525,0.5,21.3,19.1266,3.9236,0.0546,0.1402,14.0552
30,42.6,50.0,10.16,0.5,21.3,19.1028,4.0346,0.0561,0.1402,14.0552
30,42.6,50.0,10.795,0.5,21.3,19.0776,4.1516,0.0576,0.1402,14.0552
30,42.6,50.0,11.43,0.5,21.3,19.0513,4.2743,0.0593,0.1402,14.0552
30,42.6,50.0,12.065,0.5,21.3,19.0238,4.4027,0.061,0.1402,14.0552
30,42.6,50.0,6.985,0.6,25.56,19.2109,3.5339,0.0493,0.1183,11.7484
30,42.6,50.0,7.62,0.6,25.56,19.1923,3.6198,0.0505,0.1183,11.7484
30,42.6,50.0,8.255,0.6,25.56,19.1723,3.712,0.0517,0.1183,11.7484
30,42.6,50.0,8.89,0.6,25.56,19.1511,3.8104,0.0531,0.1183,11.7484
30,42.6,50.0,9.525,0.6,25.56,19.1285,3.9149,0.0545,0.1183,11.7484
30,42.6,50.0,10.16,0.6,25.56,19.1047,4.0254,0.056,0.1183,11.7484
30,42.6,50.0,10.795,0.6,25.56,19.0797,4.1418,0.0575,0.1183,11.7484
30,42.6,50.0,11.43,0.6,25.56,19.0535,4.2639,0.0592,0.1183,11.7484
30,42.6,50.0,12.065,0.6,25.56,19.0262,4.3917,0.0609,0.1183,11.7484
30,42.6,50.0,6.985,0.7,29.82,19.2123,3.5276,0.0492,0.1024,10.0886
30,42.6,50.0,7.62,0.7,29.82,19.1937,3.6133,0.0504,0.1024,10.0886
30,42.6,50.0,8.255,0.7,29.82,19.1738,3.7051,0.0516,0.1024,10.0886
30,42.6,50.0,8.89,0.7,29.82,19.1526,3.8032,0.053,0.1024,10.0886
30,42.6,50.0,9.525,0.7,29.82,19.1302,3.9073,0.0544,0.1024,10.0886
30,42.6,50.0,10.16,0.7,29.82,19.1065,4.0173,0.0558,0.1024,10.0886
30,42.6,50.0,10.795,0.7,29.82,19.0816,4.1332,0.0574,0.1024,10.0886
30,42.6,50.0,11.43,0.7,29.82,19.0555,4.2549,0.059,0.1024,10.0886
30,42.6,50.0,12.065,0.7,29.82,19.0282,4.3821,0.0607,0.1024,10.0886
30,42.6,50.0,6.985,0.8,34.08,19.2135,3.5221,0.0492,0.0905,8.8382
30,42.6,50.0,7.62,0.8,34.08,19.195,3.6074,0.0503,0.0905,8.8382
30,42.6,50.0,8.255,0.8,34.08,19.1752,3.699,0.0516,0.0905,8.8382
30,42.6,50.0,8.89,0.8,34.08,19.154,3.7967,0.0529,0.0905,8.8382
30,42.6,50.0,9.525,0.8,34.08,19.1317,3.9004,0.0543,0.0905,8.8382
30,42.6,50.0,10.16,0.8,34.08,19.108,4.0101,0.0557,0.0905,8.8382
30,42.6,50.0,10.795,0.8,34.08,19.0832,4.1256,0.0573,0.0905,8.8382
30,42.6,50.0,11.43,0.8,34.08,19.0572,4.2468,0.0589,0.0905,8.8382
30,42.6,50.0,12.065,0.8,34.08,19.0301,4.3735,0.0606,0.0905,8.8382
30,42.6,50.0,6.985,0.9,38.34,19.2146,3.517,0.0491,0.0812,7.8626
30,42.6,50.0,7.62,0.9,38.34,19.1961,3.6021,0.0502,0.0812,7.8626
30,42.6,50.0,8.255,0.9,38.34,19.1764,3.6934,0.0515,0.0812,7.8626
30,42.6,50.0,8.89,0.9,38.34,19.1553,3.7908,0.0528,0.0812,7.8626
30,42.6,50.0,9.525,0.9,38.34,19.133,3.8942,0.0542,0.0812,7.8626
30,42.6,50.0,10.16,0.9,38.34,19.1094,4.0035,0.0557,0.0812,7.8626
30,42.6,50.0,10.795,0.9,38.34,19.0847,4.1186,0.0572,0.0812,7.8626
30,42.6,50.0,11.43,0.9,38.34,19.0588,4.2394,0.0588,0.0812,7.8626
30,42.6,50.0,12.065,0.9,38.34,19.0317,4.3657,0.0605,0.0812,7.8626
30,53.6,63.0,6.985,0.3,16.08,19.481,2.3013,0.0324,0.1824,18.48
30,53.6,63.0,7.62,0.3,16.08,19.4683,2.3584,0.0332,0.1824,18.48
30,53.6,63.0,8.255,0.3,16.08,19.4548,2.4198,0.0341,0.1824,18.48
30,53.6,63.0,8.89,0.3,16.08,19.4403,2.4854,0.035,0.1824,18.48
30,53.6,63.0,9.525,0.3,16.08,19.4249,2.5552,0.0359,0.1824,18.48
30,53.6,63.0,6.985,0.4,21.44,19.4819,2.2968,0.0324,0.1394,13.9653
30,53.6,63.0,7.62,0.4,21.44,19.4694,2.3537,0.0332,0.1394,13.9653
30,53.6,63.0,8.255,0.4,21.44,19.4558,2.4148,0.034,0.1394,13.9653
30,53.6,63.0,8.89,0.4,21.44,19.4414,2.4802,0.0349,0.1394,13.9653
30,53.6,63.0,9.525,0.4,21.44,19.4261,2.5497,0.0359,0.1394,13.9653
30,53.6,63.0,10.16,0.4,21.44,19.4099,2.6233,0.0369,0.1394,13.9653
30,53.6,63.0,10.795,0.4,21.44,19.3928,2.7009,0.0379,0.1394,13.9653
30,53.6,63.0,11.43,0.4,21.44,19.3749,2.7826,0.0391,0.1394,13.9653
30,53.6,63.0,12.065,0.4,21.44,19.3561,2.8682,0.0402,0.1394,13.9653
30,53.6,63.0,6.985,0.5,26.8,19.4828,2.2931,0.0323,0.1131,11.2119
30,53.6,63.0,7.62,0.5,26.8,19.4702,2.3498,0.0331,0.1131,11.2119
30,53.6,63.0,8.255,0.5,26.8,19.4567,2.4108,0.034,0.1131,11.2119
30,53.6,63.0,8.89,0.5,26.8,19.4424,2.4759,0.0349,0.1131,11.2119
30,53.6,63.0,9.525,0.5,26.8,19.4271,2.5451,0.0358,0.1131,11.2119
30,53.6,63.0,10.16,0.5,26.8,19.4109,2.6185,0.0368,0.1131,11.2119
30,53.6,63.0,10.795,0.5,26.8,19.3939,2.6958,0.0379,0.1131,11.2119
30,53.6,63.0,11.43,0.5,26.8,19.376,2.7772,0.039,0.1131,11.2119
30,53.6,63.0,12.065,0.5,26.8,19.3573,2.8625,0.0402,0.1131,11.2119
30,53.6,63.0,6.985,0.6,32.16,19.4835,2.29,0.0323,0.0955,9.3613
30,53.6,63.0,7.62,0.6,32.16,19.4709,2.3465,0.0331,0.0955,9.3613
30,53.6,63.0,8.255,0.6,32.16,19.4575,2.4073,0.0339,0.0955,9.3613
30,53.6,63.0,8.89,0.6,32.16,19.4432,2.4722,0.0348,0.0955,9.3613
30,53.6,63.0,9.525,0.6,32.16,19.428,2.5412,0.0358,0.0955,9.3613
30,53.6,63.0,10.16,0.6,32.16,19.4119,2.6143,0.0368,0.0955,9.3613
30,53.6,63.0,10.795,0.6,32.16,19.3949,2.6915,0.0378,0.0955,9.3613
30,53.6,63.0,11.43,0.6,32.16,19.3771,2.7726,0.0389,0.0955,9.3613
30,53.6,63.0,12.065,0.6,32.16,19.3584,2.8576,0.0401,0.0955,9.3613
30,53.6,63.0,6.985,0.7,37.52,19.4841,2.2872,0.0322,0.0829,8.0334
30,53.6,63.0,7.62,0.7,37.52,19.4716,2.3436,0.033,0.0829,8.0334
30,53.6,63.0,8.255,0.7,37.52,19.4582,2.4042,0.0339,0.0829,8.0334
30,53.6,63.0,8.89,0.7,37.52,19.4439,2.469,0.0348,0.0829,8.0334
30,53.6,63.0,9.525,0.7,37.52,19.4287,2.5378,0.0357,0.0829,8.0334
30,53.6,63.0,10.16,0.7,37.52,19.4126,2.6107,0.0367,0.0829,8.0334
30,53.6,63.0,10.795,0.7,37.52,19.3957,2.6876,0.0378,0.0829,8.0334
30,53.6,63.0,11.43,0.7,37.52,19.378,2.7685,0.0389,0.0829,8.0334
30,53.6,63.0,12.065,0.7,37.52,19.3594,2.8532,0.04,0.0829,8.0334
30,53.6,63.0,6.985,0.8,42.88,19.4846,2.2847,0.0322,0.0734,7.0345
30,53.6,63.0,7.62,0.8,42.88,19.4722,2.341,0.033,0.0734,7.0345
30,53.6,63.0,8.255,0.8,42.88,19.4588,2.4015,0.0338,0.0734,7.0345
30,53.6,63.0,8.89,0.8,42.88,19.4445,2.4661,0.0347,0.0734,7.0345
30,53.6,63.0,9.525,0.8,42.88,19.4294,2.5348,0.0357,0.0734,7.0345
30,53.6,63.0,10.16,0.8,42.88,19.4134,2.6075,0.0367,0.0734,7.0345
30,53.6,63.0,10.795,0.8,42.88,19.3965,2.6842,0.0377,0.0734,7.0345
30,53.6,63.0,11.43,0.8,42.88,19.3788,2.7649,0.0388,0.0734,7.0345
30,53.6,63.0,12.065,0.8,42.88,19.3602,2.8494,0.04,0.0734,7.0345
30,53.6,63.0,6.985,0.9,48.24,19.4851,2.2825,0.0322,0.0659,6.2562
30,53.6,63.0,7.62,0.9,48.24,19.4727,2.3387,0.033,0.0659,6.2562
30,53.6,63.0,8.255,0.9,48.24,19.4593,2.399,0.0338,0.0659,6.2562
30,53.6,63.0,8.89,0.9,48.24,19.4451,2.4635,0.0347,0.0659,6.2562
30,53.6,63.0,9.525,0.9,48.24,19.43,2.532,0.0356,0.0659,6.2562
30,53.6,63.0,10.16,0.9,48.24,19.414,2.6046,0.0366,0.0659,6.2562
30,53.6,63.0,10.795,0.9,48.24,19.3972,2.6811,0.0377,0.0659,6.2562
30,53.6,63.0,11.43,0.9,48.24,19.3795,2.7616,0.0388,0.0659,6.2562
30,53.6,63.0,12.065,0.9,48.24,19.361,2.8459,0.0399,0.0659,6.2562
31,17.0,20.0,6.985,0.8,13.6,16.0088,20.3812,0.2494,0.2131,21.7021
31,17.0,20.0,6.985,0.9,15.3,16.0312,20.2466,0.2481,0.191,19.3873
31,17.0,20.0,7.62,0.9,15.3,15.9639,20.6521,0.2523,0.191,19.3873
31,17.0,20.0,8.255,0.9,15.3,15.8933,21.0808,0.2567,0.191,19.3873
31,17.0,20.0,8.89,0.9,15.3,15.8197,21.5305,0.2613,0.191,19.3873
31,22.0,25.0,6.985,0.7,15.4,17.4023,12.4915,0.1624,0.1899,19.2662
31,22.0,25.0,7.62,0.7,15.4,17.3497,12.7718,0.1656,0.1899,19.2662
31,22.0,25.0,8.255,0.7,15.4,17.2941,13.0703,0.1691,0.1899,19.2662
31,22.0,25.0,8.89,0.7,15.4,17.2355,13.386,0.1728,0.1899,19.2662
31,22.0,25.0,6.985,0.8,17.6,17.4134,12.4322,0.1617,0.1676,16.9321
31,22.0,25.0,7.62,0.8,17.6,17.3613,12.7099,0.1649,0.1676,16.9321
31,22.0,25.0,8.255,0.8,17.6,17.3062,13.0054,0.1684,0.1676,16.9321
31,22.0,25.0,8.89,0.8,17.6,17.2481,13.318,0.172,0.1676,16.9321
31,22.0,25.0,9.525,0.8,17.6,17.1873,13.6465,0.1758,0.1676,16.9321
31,22.0,25.0,10.16,0.8,17.6,17.1242,13.99,0.1797,0.1676,16.9321
31,22.0,25.0,10.795,0.8,17.6,17.0588,14.3473,0.1838,0.1676,16.9321
31,22.0,25.0,6.985,0.9,19.8,17.4235,12.3788,0.161,0.1501,15.0965
31,22.0,25.0,7.62,0.9,19.8,17.3718,12.654,0.1643,0.1501,15.0965
31,22.0,25.0,8.255,0.9,19.8,17.3171,12.9469,0.1677,0.1501,15.0965
31,22.0,25.0,8.89,0.9,19.8,17.2595,13.2566,0.1713,0.1501,15.0965
31,22.0,25.0,9.525,0.9,19.8,17.1992,13.5821,0.175,0.1501,15.0965
31,22.0,25.0,10.16,0.9,19.8,17.1366,13.9224,0.179,0.1501,15.0965
31,22.0,25.0,10.795,0.9,19.8,17.0718,14.2762,0.183,0.1501,15.0965
31,22.0,25.0,11.43,0.9,19.8,17.0051,14.6425,0.1872,0.1501,15.0965
31,22.0,25.0,12.065,0.9,19.8,16.9368,15.0199,0.1914,0.1501,15.0965
31,27.2,32.0,6.985,0.5,13.6,18.2018,8.372,0.1124,0.2131,21.7021
31,27.2,32.0,6.985,0.6,16.32,18.2089,8.3365,0.1119,0.1799,18.2174
31,27.2,32.0,7.62,0.6,16.32,18.1693,8.5341,0.1144,0.1799,18.2174
31,27.2,32.0,8.255,0.6,16.32,18.1271,8.7453,0.1171,0.1799,18.2174
31,27.2,32.0,8.89,0.6,16.32,18.0825,8.9696,0.1198,0.1799,18.2174
31,27.2,32.0,9.525,0.6,16.32,18.0355,9.2066,0.1228,0.1799,18.2174
31,27.2,32.0,6.985,0.7,19.04,18.2151,8.3054,0.1116,0.1557,15.6844
31,27.2,32.0,7.62,0.7,19.04,18.1758,8.5016,0.114,0.1557,15.6844
31,27.2,32.0,8.255,0.7,19.04,18.134,8.7111,0.1166,0.1557,15.6844
31,27.2,32.0,8.89,0.7,19.04,18.0896,8.9337,0.1194,0.1557,15.6844
31,27.2,32.0,9.525,0.7,19.04,18.043,9.1687,0.1223,0.1557,15.6844
31,27.2,32.0,10.16,0.7,19.04,17.9942,9.4158,0.1254,0.1557,15.6844
31,27.2,32.0,10.795,0.7,19.04,17.9433,9.6743,0.1285,0.1557,15.6844
31,27.2,32.0,11.43,0.7,19.04,17.8905,9.9436,0.1318,0.1557,15.6844
31,27.2,32.0,12.065,0.7,19.04,17.836,10.2232,0.1353,0.1557,15.6844
31,27.2,32.0,6.985,0.8,21.76,18.2207,8.2778,0.1112,0.1375,13.7638
31,27.2,32.0,7.62,0.8,21.76,18.1816,8.4726,0.1136,0.1375,13.7638
31,27.2,32.0,8.255,0.8,21.76,18.14,8.6807,0.1162,0.1375,13.7638
31,27.2,32.0,8.89,0.8,21.76,18.096,8.9017,0.119,0.1375,13.7638
31,27.2,32.0,9.525,0.8,21.76,18.0497,9.1351,0.1219,0.1375,13.7638
31,27.2,32.0,10.16,0.8,21.76,18.0012,9.3803,0.1249,0.1375,13.7638
31,27.2,32.0,10.795,0.8,21.76,17.9507,9.6368,0.1281,0.1375,13.7638
31,27.2,32.0,11.43,0.8,21.76,17.8983,9.904,0.1314,0.1375,13.7638
31,27.2,32.0,12.065,0.8,21.76,17.8441,10.1813,0.1347,0.1375,13.7638
31,27.2,32.0,6.985,0.9,24.48,18.2257,8.2528,0.1109,0.1231,12.259
31,27.2,32.0,7.62,0.9,24.48,18.1869,8.4464,0.1133,0.1231,12.259
31,27.2,32.0,8.255,0.9,24.48,18.1455,8.6532,0.1159,0.1231,12.259
31,27.2,32.0,8.89,0.9,24.48,18.1018,8.8728,0.1186,0.1231,12.259
31,27.2,32.0,9.525,0.9,24.48,18.0557,9.1046,0.1215,0.1231,12.259
31,27.2,32.0,10.16,0.9,24.48,18.0075,9.3482,0.1245,0.1231,12.259
31,27.2,32.0,10.795,0.9,24.48,17.9573,9.6029,0.1277,0.1231,12.259
31,27.2,32.0,11.43,0.9,24.48,17.9053,9.8683,0.1309,0.1231,12.259
31,27.2,32.0,12.065,0.9,24.48,17.8515,10.1436,0.1343,0.1231,12.259
31,34.0,40.0,6.985,0.4,13.6,18.798,5.4677,0.0751,0.2131,21.7021
31,34.0,40.0,6.985,0.5,17.0,18.802,5.449,0.0749,0.1731,17.5116
31,34.0,40.0,7.62,0.5,17.0,18.7738,5.5831,0.0766,0.1731,17.5116
31,34.0,40.0,8.255,0.5,17.0,18.7437,5.7268,0.0785,0.1731,17.5116
31,34.0,40.0,8.89,0.5,17.0,18.7117,5.8798,0.0805,0.1731,17.5116
31,34.0,40.0,9.525,0.5,17.0,18.6779,6.042,0.0826,0.1731,17.5116
31,34.0,40.0,10.16,0.5,17.0,18.6423,6.2131,0.0849,0.1731,17.5116
31,34.0,40.0,6.985,0.6,20.4,18.8053,5.4331,0.0747,0.146,14.6622
31,34.0,40.0,7.62,0.6,20.4,18.7773,5.5664,0.0764,0.146,14.6622
31,34.0,40.0,8.255,0.6,20.4,18.7474,5.7092,0.0783,0.146,14.6622
31,34.0,40.0,8.89,0.6,20.4,18.7156,5.8613,0.0803,0.146,14.6622
31,34.0,40.0,9.525,0.6,20.4,18.682,6.0224,0.0824,0.146,14.6622
31,34.0,40.0,10.16,0.6,20.4,18.6466,6.1925,0.0846,0.146,14.6622
31,34.0,40.0,10.795,0.6,20.4,18.6096,6.371,0.0869,0.146,14.6622
31,34.0,40.0,11.43,0.6,20.4,18.5709,6.5579,0.0893,0.146,14.6622
31,34.0,40.0,12.065,0.6,20.4,18.5307,6.7528,0.0918,0.146,14.6622
31,34.0,40.0,6.985,0.7,23.8,18.8082,5.4192,0.0745,0.1264,12.6038
31,34.0,40.0,7.62,0.7,23.8,18.7804,5.5518,0.0762,0.1264,12.6038
31,34.0,40.0,8.255,0.7,23.8,18.7506,5.6938,0.0781,0.1264,12.6038
31,34.0,40.0,8.89,0.7,23.8,18.719,5.8451,0.0801,0.1264,12.6038
31,34.0,40.0,9.525,0.7,23.8,18.6855,6.0053,0.0822,0.1264,12.6038
31,34.0,40.0,10.16,0.7,23.8,18.6504,6.1743,0.0844,0.1264,12.6038
31,34.0,40.0,10.795,0.7,23.8,18.6135,6.3519,0.0867,0.1264,12.6038
31,34.0,40.0,11.43,0.7,23.8,18.5751,6.5376,0.0891,0.1264,12.6038
31,34.0,40.0,12.065,0.7,23.8,18.5352,6.7313,0.0916,0.1264,12.6038
31,34.0,40.0,6.985,0.8,27.2,18.8109,5.4067,0.0743,0.1116,11.049
31,34.0,40.0,7.62,0.8,27.2,18.7831,5.5387,0.0761,0.1116,11.049
31,34.0,40.0,8.255,0.8,27.2,18.7535,5.6801,0.0779,0.1116,11.049
31,34.0,40.0,8.89,0.8,27.2,18.722,5.8306,0.0799,0.1116,11.049
31,34.0,40.0,9.525,0.8,27.2,18.6887,5.99,0.082,0.1116,11.049
31,34.0,40.0,10.16,0.8,27.2,18.6537,6.1582,0.0841,0.1116,11.049
31,34.0,40.0,10.795,0.8,27.2,18.6171,6.3348,0.0864,0.1116,11.049
31,34.0,40.0,11.43,0.8,27.2,18.5789,6.5195,0.0888,0.1116,11.049
31,34.0,40.0,12.065,0.8,27.2,18.5391,6.7121,0.0913,0.1116,11.049
31,34.0,40.0,6.985,0.9,30.6,18.8132,5.3955,0.0742,0.1,9.834
31,34.0,40.0,7.62,0.9,30.6,18.7856,5.5269,0.0759,0.1,9.834
31,34.0,40.0,8.255,0.9,30.6,18.7561,5.6676,0.0777,0.1,9.834
31,34.0,40.0,8.89,0.9,30.6,18.7247,5.8175,0.0797,0.1,9.834
31,34.0,40.0,9.525,0.9,30.6,18.6916,5.9762,0.0818,0.1,9.834
31,34.0,40.0,10.16,0.9,30.6,18.6568,6.1436,0.084,0.1,9.834
31,34.0,40.0,10.795,0.9,30.6,18.6203,6.3193,0.0862,0.1,9.834
31,34.0,40.0,11.43,0.9,30.6,18.5822,6.5032,0.0886,0.1,9.834
31,34.0,40.0,12.065,0.9,30.6,18.5427,6.6948,0.0911,0.1,9.834
31,42.6,50.0,6.985,0.4,17.04,19.2069,3.5522,0.0496,0.1728,17.4717
31,42.6,50.0,7.62,0.4,17.04,19.1875,3.6418,0.0508,0.1728,17.4717
31,42.6,50.0,8.255,0.4,17.04,19.1667,3.7379,0.0521,0.1728,17.4717
31,42.6,50.0,8.89,0.4,17.04,19.1446,3.8406,0.0535,0.1728,17.4717
31,42.6,50.0,9.525,0.4,17.04,19.1211,3.9495,0.0549,0.1728,17.4717
31,42.6,50.0,10.16,0.4,17.04,19.0963,4.0648,0.0565,0.1728,17.4717
31,42.6,50.0,6.985,0.5,21.3,19.2087,3.5439,0.0495,0.1402,14.0552
31,42.6,50.0,7.62,0.5,21.3,19.1894,3.6331,0.0507,0.1402,14.0552
31,42.6,50.0,8.255,0.5,21.3,19.1687,3.7287,0.052,0.1402,14.0552
31,42.6,50.0,8.89,0.5,21.3,19.1467,3.8308,0.0533,0.1402,14.0552
31,42.6,50.0,9.525,0.5,21.3,19.1233,3.9392,0.0548,0.1402,14.0552
31,42.6,50.0,10.16,0.5,21.3,19.0986,4.0539,0.0563,0.1402,14.0552
31,42.6,50.0,10.795,0.5,21.3,19.0727,4.1746,0.058,0.1402,14.0552
31,42.6,50.0,11.43,0.5,21.3,19.0455,4.3014,0.0597,0.1402,14.0552
31,42.6,50.0,12.065,0.5,21.3,19.0171,4.434,0.0614,0.1402,14.0552
31,42.6,50.0,6.985,0.6,25.56,19.2103,3.5368,0.0494,0.1183,11.7484
31,42.6,50.0,7.62,0.6,25.56,19.191,3.6256,0.0506,0.1183,11.7484
31,42.6,50.0,8.255,0.6,25.56,19.1704,3.7208,0.0518,0.1183,11.7484
31,42.6,50.0,8.89,0.6,25.56,19.1485,3.8225,0.0532,0.1183,11.7484
31,42.6,50.0,9.525,0.6,25.56,19.1252,3.9304,0.0547,0.1183,11.7484
31,42.6,50.0,10.16,0.6,25.56,19.1006,4.0446,0.0562,0.1183,11.7484
31,42.6,50.0,10.795,0.6,25.56,19.0748,4.1648,0.0578,0.1183,11.7484
31,42.6,50.0,11.43,0.6,25.56,19.0477,4.2909,0.0595,0.1183,11.7484
31,42.6,50.0,12.065,0.6,25.56,19.0195,4.4228,0.0613,0.1183,11.7484
31,42.6,50.0,6.985,0.7,29.82,19.2116,3.5305,0.0493,0.1024,10.0886
31,42.6,50.0,7.62,0.7,29.82,19.1925,3.619,0.0505,0.1024,10.0886
31,42.6,50.0,8.255,0.7,29.82,19.1719,3.7139,0.0518,0.1024,10.0886
31,42.6,50.0,8.89,0.7,29.82,19.15,3.8152,0.0531,0.1024,10.0886
31,42.6,50.0,9.525,0.7,29.82,19.1268,3.9227,0.0546,0.1024,10.0886
31,42.6,50.0,10.16,0.7,29.82,19.1024,4.0364,0.0561,0.1024,10.0886
31,42.6,50.0,10.795,0.7,29.82,19.0766,4.1561,0.0577,0.1024,10.0886
31,42.6,50.0,11.43,0.7,29.82,19.0497,4.2817,0.0594,0.1024,10.0886
31,42.6,50.0,12.065,0.7,29.82,19.0216,4.4131,0.0612,0.1024,10.0886
31,42.6,50.0,6.985,0.8,34.08,19.2129,3.525,0.0492,0.0905,8.8382
31,42.6,50.0,7.62,0.8,34.08,19.1937,3.6131,0.0504,0.0905,8.8382
31,42.6,50.0,8.255,0.8,34.08,19.1733,3.7078,0.0517,0.0905,8.8382
31,42.6,50.0,8.89,0.8,34.08,19.1514,3.8087,0.053,0.0905,8.8382
31,42.6,50.0,9.525,0.8,34.08,19.1283,3.9158,0.0545,0.0905,8.8382
31,42.6,50.0,10.16,0.8,34.08,19.1039,4.0291,0.056,0.0905,8.8382
31,42.6,50.0,10.795,0.8,34.08,19.0783,4.1484,0.0576,0.0905,8.8382
31,42.6,50.0,11.43,0.8,34.08,19.0515,4.2735,0.0593,0.0905,8.8382
31,42.6,50.0,12.065,0.8,34.08,19.0235,4.4043,0.061,0.0905,8.8382
31,42.6,50.0,6.985,0.9,38.34,19.2139,3.5199,0.0491,0.0812,7.8626
31,42.6,50.0,7.62,0.9,38.34,19.1949,3.6078,0.0503,0.0812,7.8626
31,42.6,50.0,8.255,0.9,38.34,19.1745,3.7022,0.0516,0.0812,7.8626
31,42.6,50.0,8.89,0.9,38.34,19.1527,3.8028,0.053,0.0812,7.8626
31,42.6,50.0,9.525,0.9,38.34,19.1297,3.9096,0.0544,0.0812,7.8626
31,42.6,50.0,10.16,0.9,38.34,19.1054,4.0225,0.0559,0.0812,7.8626
31,42.6,50.0,10.795,0.9,38.34,19.0798,4.1414,0.0575,0.0812,7.8626
31,42.6,50.0,11.43,0.9,38.34,19.0531,4.2661,0.0592,0.0812,7.8626
31,42.6,50.0,12.065,0.9,38.34,19.0252,4.3964,0.0609,0.0812,7.8626
31,53.6,63.0,6.985,0.3,16.08,19.4805,2.3032,0.0325,0.1824,18.48
31,53.6,63.0,7.62,0.3,16.08,19.4675,2.3623,0.0333,0.1824,18.48
31,53.6,63.0,8.255,0.3,16.08,19.4535,2.4257,0.0342,0.1824,18.48
31,53.6,63.0,8.89,0.3,16.08,19.4385,2.4935,0.0351,0.1824,18.48
31,53.6,63.0,9.525,0.3,16.08,19.4226,2.5655,0.0361,0.1824,18.48
31,53.6,63.0,6.985,0.4,21.44,19.4815,2.2987,0.0324,0.1394,13.9653
31,53.6,63.0,7.62,0.4,21.44,19.4685,2.3575,0.0332,0.1394,13.9653
31,53.6,63.0,8.255,0.4,21.44,19.4546,2.4207,0.0341,0.1394,13.9653
31,53.6,63.0,8.89,0.4,21.44,19.4397,2.4882,0.035,0.1394,13.9653
31,53.6,63.0,9.525,0.4,21.44,19.4238,2.56,0.036,0.1394,13.9653
31,53.6,63.0,10.16,0.4,21.44,19.4071,2.636,0.0371,0.1394,13.9653
31,53.6,63.0,10.795,0.4,21.44,19.3894,2.7162,0.0382,0.1394,13.9653
31,53.6,63.0,11.43,0.4,21.44,19.3709,2.8006,0.0393,0.1394,13.9653
31,53.6,63.0,12.065,0.4,21.44,19.3515,2.889,0.0405,0.1394,13.9653
31,53.6,63.0,6.985,0.5,26.8,19.4823,2.295,0.0324,0.1131,11.2119
31,53.6,63.0,7.62,0.5,26.8,19.4694,2.3537,0.0332,0.1131,11.2119
31,53.6,63.0,8.255,0.5,26.8,19.4555,2.4166,0.034,0.1131,11.2119
31,53.6,63.0,8.89,0.5,26.8,19.4406,2.4839,0.035,0.1131,11.2119
31,53.6,63.0,9.525,0.5,26.8,19.4248,2.5554,0.0359,0.1131,11.2119
31,53.6,63.0,10.16,0.5,26.8,19.4082,2.6312,0.037,0.1131,11.2119
31,53.6,63.0,10.795,0.5,26.8,19.3906,2.7111,0.0381,0.1131,11.2119
31,53.6,63.0,11.43,0.5,26.8,19.3721,2.7951,0.0392,0.1131,11.2119
31,53.6,63.0,12.065,0.5,26.8,19.3528,2.8832,0.0405,0.1131,11.2119
31,53.6,63.0,6.985,0.6,32.16,19.483,2.2919,0.0323,0.0955,9.3613
31,53.6,63.0,7.62,0.6,32.16,19.4701,2.3503,0.0331,0.0955,9.3613
31,53.6,63.0,8.255,0.6,32.16,19.4562,2.4131,0.034,0.0955,9.3613
31,53.6,63.0,8.89,0.6,32.16,19.4414,2.4802,0.0349,0.0955,9.3613
31,53.6,63.0,9.525,0.6,32.16,19.4257,2.5515,0.0359,0.0955,9.3613
31,53.6,63.0,10.16,0.6,32.16,19.4091,2.627,0.0369,0.0955,9.3613
31,53.6,63.0,10.795,0.6,32.16,19.3915,2.7067,0.038,0.0955,9.3613
31,53.6,63.0,11.43,0.6,32.16,19.3731,2.7904,0.0392,0.0955,9.3613
31,53.6,63.0,12.065,0.6,32.16,19.3539,2.8782,0.0404,0.0955,9.3613
31,53.6,63.0,6.985,0.7,37.52,19.4837,2.2891,0.0323,0.0829,8.0334
31,53.6,63.0,7.62,0.7,37.52,19.4708,2.3474,0.0331,0.0829,8.0334
31,53.6,63.0,8.255,0.7,37.52,19.4569,2.41,0.0339,0.0829,8.0334
31,53.6,63.0,8.89,0.7,37.52,19.4421,2.4769,0.0349,0.0829,8.0334
31,53.6,63.0,9.525,0.7,37.52,19.4265,2.5481,0.0358,0.0829,8.0334
31,53.6,63.0,10.16,0.7,37.52,19.4099,2.6234,0.0369,0.0829,8.0334
31,53.6,63.0,10.795,0.7,37.52,19.3924,2.7028,0.038,0.0829,8.0334
31,53.6,63.0,11.43,0.7,37.52,19.374,2.7863,0.0391,0.0829,8.0334
31,53.6,63.0,12.065,0.7,37.52,19.3548,2.8738,0.0403,0.0829,8.0334
31,53.6,63.0,6.985,0.8,42.88,19.4842,2.2866,0.0322,0.0734,7.0345
31,53.6,63.0,7.62,0.8,42.88,19.4713,2.3448,0.033,0.0734,7.0345
31,53.6,63.0,8.255,0.8,42.88,19.4575,2.4073,0.0339,0.0734,7.0345
31,53.6,63.0,8.89,0.8,42.88,19.4428,2.474,0.0348,0.0734,7.0345
31,53.6,63.0,9.525,0.8,42.88,19.4271,2.545,0.0358,0.0734,7.0345
31,53.6,63.0,10.16,0.8,42.88,19.4106,2.6201,0.0368,0.0734,7.0345
31,53.6,63.0,10.795,0.8,42.88,19.3932,2.6993,0.0379,0.0734,7.0345
31,53.6,63.0,11.43,0.8,42.88,19.3749,2.7826,0.0391,0.0734,7.0345
31,53.6,63.0,12.065,0.8,42.88,19.3557,2.8699,0.0403,0.0734,7.0345
31,53.6,63.0,6.985,0.9,48.24,19.4847,2.2844,0.0322,0.0659,6.2562
31,53.6,63.0,7.62,0.9,48.24,19.4719,2.3424,0.033,0.0659,6.2562
31,53.6,63.0,8.255,0.9,48.24,19.4581,2.4048,0.0339,0.0659,6.2562
31,53.6,63.0,8.89,0.9,48.24,19.4434,2.4714,0.0348,0.0659,6.2562
31,53.6,63.0,9.525,0.9,48.24,19.4277,2.5422,0.0358,0.0659,6.2562
31,53.6,63.0,10.16,0.9,48.24,19.4112,2.6171,0.0368,0.0659,6.2562
31,53.6,63.0,10.795,0.9,48.24,19.3938,2.6962,0.0379,0.0659,6.2562
31,53.6,63.0,11.43,0.9,48.24,19.3756,2.7793,0.039,0.0659,6.2562
31,53.6,63.0,12.065,0.9,48.24,19.3565,2.8664,0.0402,0.0659,6.2562
32,17.0,20.0,6.985,0.8,13.6,16.0066,20.3948,0.2496,0.2131,21.7021
32,17.0,20.0,6.985,0.9,15.3,16.0289,20.2601,0.2482,0.191,19.3873
32,17.0,20.0,7.62,0.9,15.3,15.9596,20.6784,0.2525,0.191,19.3873
32,17.0,20.0,8.255,0.9,15.3,15.8868,21.1205,0.2571,0.191,19.3873
32,17.0,20.0,8.89,0.9,15.3,15.811,21.584,0.2618,0.191,19.3873
32,22.0,25.0,6.985,0.7,15.4,17.4005,12.5008,0.1625,0.1899,19.2662
32,22.0,25.0,7.62,0.7,15.4,17.3463,12.79,0.1659,0.1899,19.2662
32,22.0,25.0,8.255,0.7,15.4,17.2889,13.0979,0.1694,0.1899,19.2662
32,22.0,25.0,8.89,0.7,15.4,17.2285,13.4236,0.1732,0.1899,19.2662
32,22.0,25.0,6.985,0.8,17.6,17.4117,12.4414,0.1618,0.1676,16.9321
32,22.0,25.0,7.62,0.8,17.6,17.358,12.7279,0.1651,0.1676,16.9321
32,22.0,25.0,8.255,0.8,17.6,17.3011,13.0328,0.1687,0.1676,16.9321
32,22.0,25.0,8.89,0.8,17.6,17.2412,13.3551,0.1724,0.1676,16.9321
32,22.0,25.0,9.525,0.8,17.6,17.1786,13.6939,0.1763,0.1676,16.9321
32,22.0,25.0,10.16,0.8,17.6,17.1136,14.0479,0.1804,0.1676,16.9321
32,22.0,25.0,10.795,0.8,17.6,17.0463,14.4161,0.1846,0.1676,16.9321
32,22.0,25.0,6.985,0.9,19.8,17.4217,12.3879,0.1611,0.1501,15.0965
32,22.0,25.0,7.62,0.9,19.8,17.3684,12.6719,0.1645,0.1501,15.0965
32,22.0,25.0,8.255,0.9,19.8,17.312,12.974,0.168,0.1501,15.0965
32,22.0,25.0,8.89,0.9,19.8,17.2526,13.2934,0.1717,0.1501,15.0965
32,22.0,25.0,9.525,0.9,19.8,17.1906,13.629,0.1756,0.1501,15.0965
32,22.0,25.0,10.16,0.9,19.8,17.1261,13.9797,0.1796,0.1501,15.0965
32,22.0,25.0,10.795,0.9,19.8,17.0594,14.3443,0.1838,0.1501,15.0965
32,22.0,25.0,11.43,0.9,19.8,16.9908,14.7216,0.1881,0.1501,15.0965
32,22.0,25.0,12.065,0.9,19.8,16.9205,15.1102,0.1925,0.1501,15.0965
32,27.2,32.0,6.985,0.5,13.6,18.2005,8.3785,0.1125,0.2131,21.7021
32,27.2,32.0,6.985,0.6,16.32,18.2076,8.343,0.112,0.1799,18.2174
32,27.2,32.0,7.62,0.6,16.32,18.1667,8.5469,0.1146,0.1799,18.2174
32,27.2,32.0,8.255,0.6,16.32,18.1232,8.7648,0.1173,0.1799,18.2174
32,27.2,32.0,8.89,0.6,16.32,18.0772,8.9963,0.1202,0.1799,18.2174
32,27.2,32.0,9.525,0.6,16.32,18.0288,9.2407,0.1232,0.1799,18.2174
32,27.2,32.0,6.985,0.7,19.04,18.2138,8.3119,0.1116,0.1557,15.6844
32,27.2,32.0,7.62,0.7,19.04,18.1733,8.5143,0.1142,0.1557,15.6844
32,27.2,32.0,8.255,0.7,19.04,18.1301,8.7305,0.1169,0.1557,15.6844
32,27.2,32.0,8.89,0.7,19.04,18.0844,8.9601,0.1197,0.1557,15.6844
32,27.2,32.0,9.525,0.7,19.04,18.0363,9.2026,0.1227,0.1557,15.6844
32,27.2,32.0,10.16,0.7,19.04,17.986,9.4574,0.1259,0.1557,15.6844
32,27.2,32.0,10.795,0.7,19.04,17.9336,9.7239,0.1292,0.1557,15.6844
32,27.2,32.0,11.43,0.7,19.04,17.8792,10.0015,0.1325,0.1557,15.6844
32,27.2,32.0,12.065,0.7,19.04,17.8231,10.2896,0.1361,0.1557,15.6844
32,27.2,32.0,6.985,0.8,21.76,18.2194,8.2842,0.1113,0.1375,13.7638
32,27.2,32.0,7.62,0.8,21.76,18.1791,8.4852,0.1138,0.1375,13.7638
32,27.2,32.0,8.255,0.8,21.76,18.1362,8.7,0.1165,0.1375,13.7638
32,27.2,32.0,8.89,0.8,21.76,18.0908,8.9279,0.1193,0.1375,13.7638
32,27.2,32.0,9.525,0.8,21.76,18.043,9.1686,0.1223,0.1375,13.7638
32,27.2,32.0,10.16,0.8,21.76,17.9931,9.4215,0.1254,0.1375,13.7638
32,27.2,32.0,10.795,0.8,21.76,17.941,9.686,0.1287,0.1375,13.7638
32,27.2,32.0,11.43,0.8,21.76,17.8871,9.9614,0.1321,0.1375,13.7638
32,27.2,32.0,12.065,0.8,21.76,17.8313,10.2472,0.1355,0.1375,13.7638
32,27.2,32.0,6.985,0.9,24.48,18.2244,8.2592,0.111,0.1231,12.259
32,27.2,32.0,7.62,0.9,24.48,18.1843,8.459,0.1135,0.1231,12.259
32,27.2,32.0,8.255,0.9,24.48,18.1417,8.6724,0.1161,0.1231,12.259
32,27.2,32.0,8.89,0.9,24.48,18.0966,8.8989,0.119,0.1231,12.259
32,27.2,32.0,9.525,0.9,24.48,18.0491,9.138,0.1219,0.1231,12.259
32,27.2,32.0,10.16,0.9,24.48,17.9995,9.3891,0.125,0.1231,12.259
32,27.2,32.0,10.795,0.9,24.48,17.9477,9.6518,0.1283,0.1231,12.259
32,27.2,32.0,11.43,0.9,24.48,17.8941,9.9252,0.1316,0.1231,12.259
32,27.2,32.0,12.065,0.9,24.48,17.8388,10.2089,0.1351,0.1231,12.259
32,34.0,40.0,6.985,0.4,13.6,18.7971,5.4721,0.0752,0.2131,21.7021
32,34.0,40.0,6.985,0.5,17.0,18.801,5.4534,0.0749,0.1731,17.5116
32,34.0,40.0,7.62,0.5,17.0,18.772,5.5918,0.0768,0.1731,17.5116
32,34.0,40.0,8.255,0.5,17.0,18.7409,5.7401,0.0787,0.1731,17.5116
32,34.0,40.0,8.89,0.5,17.0,18.7079,5.898,0.0808,0.1731,17.5116
32,34.0,40.0,9.525,0.5,17.0,18.673,6.0653,0.0829,0.1731,17.5116
32,34.0,40.0,10.16,0.5,17.0,18.6364,6.2419,0.0852,0.1731,17.5116
32,34.0,40.0,6.985,0.6,20.4,18.8044,5.4375,0.0747,0.146,14.6622
32,34.0,40.0,7.62,0.6,20.4,18.7755,5.5751,0.0765,0.146,14.6622
32,34.0,40.0,8.255,0.6,20.4,18.7446,5.7224,0.0785,0.146,14.6622
32,34.0,40.0,8.89,0.6,20.4,18.7118,5.8794,0.0805,0.146,14.6622
32,34.0,40.0,9.525,0.6,20.4,18.6772,6.0456,0.0827,0.146,14.6622
32,34.0,40.0,10.16,0.6,20.4,18.6407,6.221,0.085,0.146,14.6622
32,34.0,40.0,10.795,0.6,20.4,18.6025,6.4052,0.0873,0.146,14.6622
32,34.0,40.0,11.43,0.6,20.4,18.5627,6.5979,0.0898,0.146,14.6622
32,34.0,40.0,12.065,0.6,20.4,18.5213,6.7989,0.0924,0.146,14.6622
32,34.0,40.0,6.985,0.7,23.8,18.8073,5.4235,0.0745,0.1264,12.6038
32,34.0,40.0,7.62,0.7,23.8,18.7786,5.5604,0.0763,0.1264,12.6038
32,34.0,40.0,8.255,0.7,23.8,18.7479,5.707,0.0783,0.1264,12.6038
32,34.0,40.0,8.89,0.7,23.8,18.7152,5.863,0.0803,0.1264,12.6038
32,34.0,40.0,9.525,0.7,23.8,18.6807,6.0284,0.0825,0.1264,12.6038
32,34.0,40.0,10.16,0.7,23.8,18.6445,6.2027,0.0847,0.1264,12.6038
32,34.0,40.0,10.795,0.7,23.8,18.6065,6.3858,0.0871,0.1264,12.6038
32,34.0,40.0,11.43,0.7,23.8,18.5669,6.5774,0.0896,0.1264,12.6038
32,34.0,40.0,12.065,0.7,23.8,18.5258,6.7771,0.0921,0.1264,12.6038
32,34.0,40.0,6.985,0.8,27.2,18.8099,5.4111,0.0744,0.1116,11.049
32,34.0,40.0,7.62,0.8,27.2,18.7813,5.5473,0.0762,0.1116,11.049
32,34.0,40.0,8.255,0.8,27.2,18.7507,5.6932,0.0781,0.1116,11.049
32,34.0,40.0,8.89,0.8,27.2,18.7183,5.8485,0.0801,0.1116,11.049
32,34.0,40.0,9.525,0.8,27.2,18.684,6.013,0.0823,0.1116,11.049
32,34.0,40.0,10.16,0.8,27.2,18.6479,6.1864,0.0845,0.1116,11.049
32,34.0,40.0,10.795,0.8,27.2,18.6101,6.3686,0.0869,0.1116,11.049
32,34.0,40.0,11.43,0.8,27.2,18.5707,6.5591,0.0893,0.1116,11.049
32,34.0,40.0,12.065,0.8,27.2,18.5298,6.7576,0.0919,0.1116,11.049
32,34.0,40.0,6.985,0.9,30.6,18.8123,5.3998,0.0742,0.1,9.834
32,34.0,40.0,7.62,0.9,30.6,18.7838,5.5354,0.076,0.1,9.834
32,34.0,40.0,8.255,0.9,30.6,18.7534,5.6807,0.0779,0.1,9.834
32,34.0,40.0,8.89,0.9,30.6,18.721,5.8353,0.0799,0.1,9.834
32,34.0,40.0,9.525,0.9,30.6,18.6869,5.999,0.0821,0.1,9.834
32,34.0,40.0,10.16,0.9,30.6,18.6509,6.1717,0.0843,0.1,9.834
32,34.0,40.0,10.795,0.9,30.6,18.6133,6.3529,0.0867,0.1,9.834
32,34.0,40.0,11.43,0.9,30.6,18.5741,6.5425,0.0891,0.1,9.834
32,34.0,40.0,12.065,0.9,30.6,18.5334,6.74,0.0917,0.1,9.834
32,42.6,50.0,6.985,0.4,17.04,19.2063,3.5552,0.0496,0.1728,17.4717
32,42.6,50.0,7.62,0.4,17.04,19.1863,3.6476,0.0509,0.1728,17.4717
32,42.6,50.0,8.255,0.4,17.04,19.1648,3.7469,0.0522,0.1728,17.4717
32,42.6,50.0,8.89,0.4,17.04,19.1419,3.8527,0.0536,0.1728,17.4717
32,42.6,50.0,9.525,0.4,17.04,19.1177,3.9652,0.0551,0.1728,17.4717
32,42.6,50.0,10.16,0.4,17.04,19.0921,4.0841,0.0567,0.1728,17.4717
32,42.6,50.0,6.985,0.5,21.3,19.2081,3.5468,0.0495,0.1402,14.0552
32,42.6,50.0,7.62,0.5,21.3,19.1882,3.6389,0.0507,0.1402,14.0552
32,42.6,50.0,8.255,0.5,21.3,19.1668,3.7376,0.0521,0.1402,14.0552
32,42.6,50.0,8.89,0.5,21.3,19.1441,3.843,0.0535,0.1402,14.0552
32,42.6,50.0,9.525,0.5,21.3,19.1199,3.9548,0.055,0.1402,14.0552
32,42.6,50.0,10.16,0.5,21.3,19.0945,4.0731,0.0566,0.1402,14.0552
32,42.6,50.0,10.795,0.5,21.3,19.0677,4.1977,0.0583,0.1402,14.0552
32,42.6,50.0,11.43,0.5,21.3,19.0397,4.3284,0.06,0.1402,14.0552
32,42.6,50.0,12.065,0.5,21.3,19.0105,4.4652,0.0618,0.1402,14.0552
32,42.6,50.0,6.985,0.6,25.56,19.2097,3.5397,0.0494,0.1183,11.7484
32,42.6,50.0,7.62,0.6,25.56,19.1898,3.6314,0.0506,0.1183,11.7484
32,42.6,50.0,8.255,0.6,25.56,19.1685,3.7297,0.052,0.1183,11.7484
32,42.6,50.0,8.89,0.6,25.56,19.1459,3.8346,0.0534,0.1183,11.7484
32,42.6,50.0,9.525,0.6,25.56,19.1218,3.946,0.0549,0.1183,11.7484
32,42.6,50.0,10.16,0.6,25.56,19.0965,4.0637,0.0565,0.1183,11.7484
32,42.6,50.0,10.795,0.6,25.56,19.0699,4.1877,0.0581,0.1183,11.7484
32,42.6,50.0,11.43,0.6,25.56,19.042,4.3178,0.0599,0.1183,11.7484
32,42.6,50.0,12.065,0.6,25.56,19.0129,4.4539,0.0617,0.1183,11.7484
32,42.6,50.0,6.985,0.7,29.82,19.211,3.5335,0.0493,0.1024,10.0886
32,42.6,50.0,7.62,0.7,29.82,19.1912,3.6248,0.0505,0.1024,10.0886
32,42.6,50.0,8.255,0.7,29.82,19.17,3.7227,0.0519,0.1024,10.0886
32,42.6,50.0,8.89,0.7,29.82,19.1474,3.8272,0.0533,0.1024,10.0886
32,42.6,50.0,9.525,0.7,29.82,19.1235,3.9382,0.0548,0.1024,10.0886
32,42.6,50.0,10.16,0.7,29.82,19.0983,4.0555,0.0564,0.1024,10.0886
32,42.6,50.0,10.795,0.7,29.82,19.0717,4.179,0.058,0.1024,10.0886
32,42.6,50.0,11.43,0.7,29.82,19.044,4.3085,0.0598,0.1024,10.0886
32,42.6,50.0,12.065,0.7,29.82,19.015,4.444,0.0616,0.1024,10.0886
32,42.6,50.0,6.985,0.8,34.08,19.2122,3.5279,0.0492,0.0905,8.8382
32,42.6,50.0,7.62,0.8,34.08,19.1925,3.6189,0.0505,0.0905,8.8382
32,42.6,50.0,8.255,0.8,34.08,19.1714,3.7165,0.0518,0.0905,8.8382
32,42.6,50.0,8.89,0.8,34.08,19.1489,3.8207,0.0532,0.0905,8.8382
32,42.6,50.0,9.525,0.8,34.08,19.125,3.9312,0.0547,0.0905,8.8382
32,42.6,50.0,10.16,0.8,34.08,19.0999,4.0481,0.0563,0.0905,8.8382
32,42.6,50.0,10.795,0.8,34.08,19.0734,4.1711,0.0579,0.0905,8.8382
32,42.6,50.0,11.43,0.8,34.08,19.0457,4.3002,0.0596,0.0905,8.8382
32,42.6,50.0,12.065,0.8,34.08,19.0169,4.4352,0.0614,0.0905,8.8382
32,42.6,50.0,6.985,0.9,38.34,19.2133,3.5228,0.0492,0.0812,7.8626
32,42.6,50.0,7.62,0.9,38.34,19.1936,3.6135,0.0504,0.0812,7.8626
32,42.6,50.0,8.255,0.9,38.34,19.1726,3.7109,0.0517,0.0812,7.8626
32,42.6,50.0,8.89,0.9,38.34,19.1501,3.8147,0.0531,0.0812,7.8626
32,42.6,50.0,9.525,0.9,38.34,19.1264,3.9249,0.0546,0.0812,7.8626
32,42.6,50.0,10.16,0.9,38.34,19.1013,4.0414,0.0562,0.0812,7.8626
32,42.6,50.0,10.795,0.9,38.34,19.0749,4.164,0.0578,0.0812,7.8626
32,42.6,50.0,11.43,0.9,38.34,19.0474,4.2927,0.0595,0.0812,7.8626
32,42.6,50.0,12.065,0.9,38.34,19.0186,4.4271,0.0613,0.0812,7.8626
32,53.6,63.0,6.985,0.3,16.08,19.4801,2.3052,0.0325,0.1824,18.48
32,53.6,63.0,7.62,0.3,16.08,19.4666,2.3661,0.0333,0.1824,18.48
32,53.6,63.0,8.255,0.3,16.08,19.4522,2.4316,0.0342,0.1824,18.48
32,53.6,63.0,8.89,0.3,16.08,19.4367,2.5015,0.0352,0.1824,18.48
32,53.6,63.0,9.525,0.3,16.08,19.4203,2.5759,0.0362,0.1824,18.48
32,53.6,63.0,6.985,0.4,21.44,19.4811,2.3007,0.0324,0.1394,13.9653
32,53.6,63.0,7.62,0.4,21.44,19.4677,2.3614,0.0333,0.1394,13.9653
32,53.6,63.0,8.255,0.4,21.44,19.4533,2.4266,0.0342,0.1394,13.9653
32,53.6,63.0,8.89,0.4,21.44,19.4379,2.4962,0.0351,0.1394,13.9653
32,53.6,63.0,9.525,0.4,21.44,19.4216,2.5703,0.0362,0.1394,13.9653
32,53.6,63.0,10.16,0.4,21.44,19.4043,2.6488,0.0372,0.1394,13.9653
32,53.6,63.0,10.795,0.4,21.44,19.3861,2.7315,0.0384,0.1394,13.9653
32,53.6,63.0,11.43,0.4,21.44,19.367,2.8186,0.0396,0.1394,13.9653
32,53.6,63.0,12.065,0.4,21.44,19.347,2.9098,0.0408,0.1394,13.9653
32,53.6,63.0,6.985,0.5,26.8,19.4819,2.297,0.0324,0.1131,11.2119
32,53.6,63.0,7.62,0.5,26.8,19.4685,2.3575,0.0332,0.1131,11.2119
32,53.6,63.0,8.255,0.5,26.8,19.4542,2.4224,0.0341,0.1131,11.2119
32,53.6,63.0,8.89,0.5,26.8,19.4388,2.4919,0.0351,0.1131,11.2119
32,53.6,63.0,9.525,0.5,26.8,19.4226,2.5657,0.0361,0.1131,11.2119
32,53.6,63.0,10.16,0.5,26.8,19.4054,2.6439,0.0372,0.1131,11.2119
32,53.6,63.0,10.795,0.5,26.8,19.3872,2.7263,0.0383,0.1131,11.2119
32,53.6,63.0,11.43,0.5,26.8,19.3682,2.813,0.0395,0.1131,11.2119
32,53.6,63.0,12.065,0.5,26.8,19.3483,2.9039,0.0407,0.1131,11.2119
32,53.6,63.0,6.985,0.6,32.16,19.4826,2.2938,0.0323,0.0955,9.3613
32,53.6,63.0,7.62,0.6,32.16,19.4693,2.3541,0.0332,0.0955,9.3613
32,53.6,63.0,8.255,0.6,32.16,19.4549,2.4189,0.0341,0.0955,9.3613
32,53.6,63.0,8.89,0.6,32.16,19.4397,2.4881,0.035,0.0955,9.3613
32,53.6,63.0,9.525,0.6,32.16,19.4234,2.5617,0.036,0.0955,9.3613
32,53.6,63.0,10.16,0.6,32.16,19.4063,2.6397,0.0371,0.0955,9.3613
32,53.6,63.0,10.795,0.6,32.16,19.3882,2.7219,0.0382,0.0955,9.3613
32,53.6,63.0,11.43,0.6,32.16,19.3692,2.8083,0.0394,0.0955,9.3613
32,53.6,63.0,12.065,0.6,32.16,19.3494,2.8989,0.0407,0.0955,9.3613
32,53.6,63.0,6.985,0.7,37.52,19.4832,2.291,0.0323,0.0829,8.0334
32,53.6,63.0,7.62,0.7,37.52,19.4699,2.3512,0.0331,0.0829,8.0334
32,53.6,63.0,8.255,0.7,37.52,19.4556,2.4158,0.034,0.0829,8.0334
32,53.6,63.0,8.89,0.7,37.52,19.4404,2.4849,0.035,0.0829,8.0334
32,53.6,63.0,9.525,0.7,37.52,19.4242,2.5583,0.036,0.0829,8.0334
32,53.6,63.0,10.16,0.7,37.52,19.4071,2.636,0.0371,0.0829,8.0334
32,53.6,63.0,10.795,0.7,37.52,19.3891,2.718,0.0382,0.0829,8.0334
32,53.6,63.0,11.43,0.7,37.52,19.3701,2.8041,0.0394,0.0829,8.0334
32,53.6,63.0,12.065,0.7,37.52,19.3503,2.8944,0.0406,0.0829,8.0334
32,53.6,63.0,6.985,0.8,42.88,19.4838,2.2885,0.0323,0.0734,7.0345
32,53.6,63.0,7.62,0.8,42.88,19.4705,2.3486,0.0331,0.0734,7.0345
32,53.6,63.0,8.255,0.8,42.88,19.4562,2.4131,0.034,0.0734,7.0345
32,53.6,63.0,8.89,0.8,42.88,19.441,2.4819,0.0349,0.0734,7.0345
32,53.6,63.0,9.525,0.8,42.88,19.4249,2.5552,0.0359,0.0734,7.0345
32,53.6,63.0,10.16,0.8,42.88,19.4078,2.6327,0.037,0.0734,7.0345
32,53.6,63.0,10.795,0.8,42.88,19.3898,2.7145,0.0381,0.0734,7.0345
32,53.6,63.0,11.43,0.8,42.88,19.371,2.8004,0.0393,0.0734,7.0345
32,53.6,63.0,12.065,0.8,42.88,19.3512,2.8904,0.0405,0.0734,7.0345
32,53.6,63.0,6.985,0.9,48.24,19.4843,2.2863,0.0322,0.0659,6.2562
32,53.6,63.0,7.62,0.9,48.24,19.471,2.3462,0.0331,0.0659,6.2562
32,53.6,63.0,8.255,0.9,48.24,19.4568,2.4106,0.034,0.0659,6.2562
32,53.6,63.0,8.89,0.9,48.24,19.4416,2.4793,0.0349,0.0659,6.2562
32,53.6,63.0,9.525,0.9,48.24,19.4255,2.5524,0.0359,0.0659,6.2562
32,53.6,63.0,10.16,0.9,48.24,19.4085,2.6297,0.037,0.0659,6.2562
32,53.6,63.0,10.795,0.9,48.24,19.3905,2.7113,0.0381,0.0659,6.2562
32,53.6,63.0,11.43,0.9,48.24,19.3717,2.797,0.0393,0.0659,6.2562
32,53.6,63.0,12.065,0.9,48.24,19.352,2.8868,0.0405,0.0659,6.2562
33,17.0,20.0,6.985,0.8,13.6,16.0043,20.4084,0.2497,0.2131,21.7021
33,17.0,20.0,6.985,0.9,15.3,16.0267,20.2735,0.2483,0.191,19.3873
33,17.0,20.0,7.62,0.9,15.3,15.9553,20.7047,0.2528,0.191,19.3873
33,17.0,20.0,8.255,0.9,15.3,15.8803,21.1601,0.2575,0.191,19.3873
33,17.0,20.0,8.89,0.9,15.3,15.8023,21.6374,0.2624,0.191,19.3873
33,22.0,25.0,6.985,0.7,15.4,17.3988,12.5101,0.1626,0.1899,19.2662
33,22.0,25.0,7.62,0.7,15.4,17.3429,12.8082,0.1661,0.1899,19.2662
33,22.0,25.0,8.255,0.7,15.4,17.2838,13.1256,0.1698,0.1899,19.2662
33,22.0,25.0,8.89,0.7,15.4,17.2216,13.4611,0.1737,0.1899,19.2662
33,22.0,25.0,6.985,0.8,17.6,17.41,12.4506,0.1619,0.1676,16.9321
33,22.0,25.0,7.62,0.8,17.6,17.3546,12.7459,0.1653,0.1676,16.9321
33,22.0,25.0,8.255,0.8,17.6,17.296,13.0601,0.169,0.1676,16.9321
33,22.0,25.0,8.89,0.8,17.6,17.2343,13.3922,0.1729,0.1676,16.9321
33,22.0,25.0,9.525,0.8,17.6,17.1699,13.7412,0.1769,0.1676,16.9321
33,22.0,25.0,10.16,0.8,17.6,17.103,14.1057,0.1811,0.1676,16.9321
33,22.0,25.0,10.795,0.8,17.6,17.0338,14.4848,0.1854,0.1676,16.9321
33,22.0,25.0,6.985,0.9,19.8,17.42,12.397,0.1612,0.1501,15.0965
33,22.0,25.0,7.62,0.9,19.8,17.3651,12.6897,0.1647,0.1501,15.0965
33,22.0,25.0,8.255,0.9,19.8,17.307,13.0011,0.1683,0.1501,15.0965
33,22.0,25.0,8.89,0.9,19.8,17.2458,13.3302,0.1721,0.1501,15.0965
33,22.0,25.0,9.525,0.9,19.8,17.1819,13.6759,0.1761,0.1501,15.0965
33,22.0,25.0,10.16,0.9,19.8,17.1156,14.037,0.1803,0.1501,15.0965
33,22.0,25.0,10.795,0.9,19.8,17.047,14.4123,0.1846,0.1501,15.0965
33,22.0,25.0,11.43,0.9,19.8,16.9765,14.8005,0.189,0.1501,15.0965
33,22.0,25.0,12.065,0.9,19.8,16.9043,15.2003,0.1935,0.1501,15.0965
33,27.2,32.0,6.985,0.5,13.6,18.1991,8.3851,0.1126,0.2131,21.7021
33,27.2,32.0,6.985,0.6,16.32,18.2063,8.3495,0.1121,0.1799,18.2174
33,27.2,32.0,7.62,0.6,16.32,18.1642,8.5598,0.1147,0.1799,18.2174
33,27.2,32.0,8.255,0.6,16.32,18.1194,8.7844,0.1175,0.1799,18.2174
33,27.2,32.0,8.89,0.6,16.32,18.0719,9.0229,0.1205,0.1799,18.2174
33,27.2,32.0,9.525,0.6,16.32,18.022,9.2748,0.1236,0.1799,18.2174
33,27.2,32.0,6.985,0.7,19.04,18.2125,8.3184,0.1117,0.1557,15.6844
33,27.2,32.0,7.62,0.7,19.04,18.1707,8.527,0.1143,0.1557,15.6844
33,27.2,32.0,8.255,0.7,19.04,18.1262,8.7499,0.1171,0.1557,15.6844
33,27.2,32.0,8.89,0.7,19.04,18.0791,8.9866,0.1201,0.1557,15.6844
33,27.2,32.0,9.525,0.7,19.04,18.0296,9.2364,0.1231,0.1557,15.6844
33,27.2,32.0,10.16,0.7,19.04,17.9778,9.4988,0.1264,0.1557,15.6844
33,27.2,32.0,10.795,0.7,19.04,17.9239,9.7733,0.1298,0.1557,15.6844
33,27.2,32.0,11.43,0.7,19.04,17.868,10.0592,0.1333,0.1557,15.6844
33,27.2,32.0,12.065,0.7,19.04,17.8102,10.3558,0.1369,0.1557,15.6844
33,27.2,32.0,6.985,0.8,21.76,18.2181,8.2906,0.1114,0.1375,13.7638
33,27.2,32.0,7.62,0.8,21.76,18.1766,8.4979,0.114,0.1375,13.7638
33,27.2,32.0,8.255,0.8,21.76,18.1323,8.7192,0.1167,0.1375,13.7638
33,27.2,32.0,8.89,0.8,21.76,18.0856,8.9542,0.1197,0.1375,13.7638
33,27.2,32.0,9.525,0.8,21.76,18.0364,9.2022,0.1227,0.1375,13.7638
33,27.2,32.0,10.16,0.8,21.76,17.985,9.4627,0.1259,0.1375,13.7638
33,27.2,32.0,10.795,0.8,21.76,17.9314,9.7351,0.1293,0.1375,13.7638
33,27.2,32.0,11.43,0.8,21.76,17.8759,10.0187,0.1328,0.1375,13.7638
33,27.2,32.0,12.065,0.8,21.76,17.8185,10.3129,0.1363,0.1375,13.7638
33,27.2,32.0,6.985,0.9,24.48,18.2231,8.2655,0.1111,0.1231,12.259
33,27.2,32.0,7.62,0.9,24.48,18.1818,8.4716,0.1136,0.1231,12.259
33,27.2,32.0,8.255,0.9,24.48,18.1379,8.6915,0.1164,0.1231,12.259
33,27.2,32.0,8.89,0.9,24.48,18.0914,8.9249,0.1193,0.1231,12.259
33,27.2,32.0,9.525,0.9,24.48,18.0425,9.1713,0.1223,0.1231,12.259
33,27.2,32.0,10.16,0.9,24.48,17.9914,9.43,0.1255,0.1231,12.259
33,27.2,32.0,10.795,0.9,24.48,17.9382,9.7005,0.1289,0.1231,12.259
33,27.2,32.0,11.43,0.9,24.48,17.883,9.9821,0.1323,0.1231,12.259
33,27.2,32.0,12.065,0.9,24.48,17.8261,10.2741,0.1359,0.1231,12.259
33,34.0,40.0,6.985,0.4,13.6,18.7962,5.4766,0.0752,0.2131,21.7021
33,34.0,40.0,6.985,0.5,17.0,18.8001,5.4579,0.075,0.1731,17.5116
33,34.0,40.0,7.62,0.5,17.0,18.7702,5.6005,0.0769,0.1731,17.5116
33,34.0,40.0,8.255,0.5,17.0,18.7381,5.7534,0.0789,0.1731,17.5116
33,34.0,40.0,8.89,0.5,17.0,18.7041,5.9162,0.081,0.1731,17.5116
33,34.0,40.0,9.525,0.5,17.0,18.6682,6.0887,0.0832,0.1731,17.5116
33,34.0,40.0,10.16,0.5,17.0,18.6304,6.2706,0.0856,0.1731,17.5116
33,34.0,40.0,6.985,0.6,20.4,18.8035,5.4419,0.0748,0.146,14.6622
33,34.0,40.0,7.62,0.6,20.4,18.7737,5.5837,0.0766,0.146,14.6622
33,34.0,40.0,8.255,0.6,20.4,18.7419,5.7357,0.0786,0.146,14.6622
33,34.0,40.0,8.89,0.6,20.4,18.708,5.8974,0.0807,0.146,14.6622
33,34.0,40.0,9.525,0.6,20.4,18.6723,6.0688,0.083,0.146,14.6622
33,34.0,40.0,10.16,0.6,20.4,18.6348,6.2495,0.0853,0.146,14.6622
33,34.0,40.0,10.795,0.6,20.4,18.5954,6.4393,0.0878,0.146,14.6622
33,34.0,40.0,11.43,0.6,20.4,18.5544,6.6379,0.0903,0.146,14.6622
33,34.0,40.0,12.065,0.6,20.4,18.5118,6.8449,0.093,0.146,14.6622
33,34.0,40.0,6.985,0.7,23.8,18.8064,5.4279,0.0746,0.1264,12.6038
33,34.0,40.0,7.62,0.7,23.8,18.7768,5.569,0.0765,0.1264,12.6038
33,34.0,40.0,8.255,0.7,23.8,18.7451,5.7201,0.0784,0.1264,12.6038
33,34.0,40.0,8.89,0.7,23.8,18.7115,5.881,0.0805,0.1264,12.6038
33,34.0,40.0,9.525,0.7,23.8,18.6759,6.0514,0.0828,0.1264,12.6038
33,34.0,40.0,10.16,0.7,23.8,18.6386,6.2311,0.0851,0.1264,12.6038
33,34.0,40.0,10.795,0.7,23.8,18.5995,6.4197,0.0875,0.1264,12.6038
33,34.0,40.0,11.43,0.7,23.8,18.5587,6.6171,0.0901,0.1264,12.6038
33,34.0,40.0,12.065,0.7,23.8,18.5164,6.8228,0.0927,0.1264,12.6038
33,34.0,40.0,6.985,0.8,27.2,18.809,5.4154,0.0744,0.1116,11.049
33,34.0,40.0,7.62,0.8,27.2,18.7795,5.5559,0.0763,0.1116,11.049
33,34.0,40.0,8.255,0.8,27.2,18.748,5.7063,0.0782,0.1116,11.049
33,34.0,40.0,8.89,0.8,27.2,18.7145,5.8663,0.0803,0.1116,11.049
33,34.0,40.0,9.525,0.8,27.2,18.6792,6.0359,0.0826,0.1116,11.049
33,34.0,40.0,10.16,0.8,27.2,18.642,6.2146,0.0849,0.1116,11.049
33,34.0,40.0,10.795,0.8,27.2,18.6031,6.4023,0.0873,0.1116,11.049
33,34.0,40.0,11.43,0.8,27.2,18.5625,6.5985,0.0898,0.1116,11.049
33,34.0,40.0,12.065,0.8,27.2,18.5204,6.8031,0.0925,0.1116,11.049
33,34.0,40.0,6.985,0.9,30.6,18.8114,5.4041,0.0743,0.1,9.834
33,34.0,40.0,7.62,0.9,30.6,18.782,5.544,0.0761,0.1,9.834
33,34.0,40.0,8.255,0.9,30.6,18.7506,5.6937,0.0781,0.1,9.834
33,34.0,40.0,8.89,0.9,30.6,18.7173,5.8531,0.0802,0.1,9.834
33,34.0,40.0,9.525,0.9,30.6,18.6821,6.0218,0.0824,0.1,9.834
33,34.0,40.0,10.16,0.9,30.6,18.6451,6.1997,0.0847,0.1,9.834
33,34.0,40.0,10.795,0.9,30.6,18.6064,6.3865,0.0871,0.1,9.834
33,34.0,40.0,11.43,0.9,30.6,18.566,6.5818,0.0896,0.1,9.834
33,34.0,40.0,12.065,0.9,30.6,18.5241,6.7852,0.0922,0.1,9.834
33,42.6,50.0,6.985,0.4,17.04,19.2057,3.5581,0.0496,0.1728,17.4717
33,42.6,50.0,7.62,0.4,17.04,19.185,3.6535,0.0509,0.1728,17.4717
33,42.6,50.0,8.255,0.4,17.04,19.1629,3.7558,0.0523,0.1728,17.4717
33,42.6,50.0,8.89,0.4,17.04,19.1393,3.8649,0.0538,0.1728,17.4717
33,42.6,50.0,9.525,0.4,17.04,19.1143,3.9809,0.0554,0.1728,17.4717
33,42.6,50.0,10.16,0.4,17.04,19.088,4.1034,0.057,0.1728,17.4717
33,42.6,50.0,6.985,0.5,21.3,19.2075,3.5498,0.0495,0.1402,14.0552
33,42.6,50.0,7.62,0.5,21.3,19.1869,3.6447,0.0508,0.1402,14.0552
33,42.6,50.0,8.255,0.5,21.3,19.1649,3.7465,0.0522,0.1402,14.0552
33,42.6,50.0,8.89,0.5,21.3,19.1414,3.8551,0.0537,0.1402,14.0552
33,42.6,50.0,9.525,0.5,21.3,19.1166,3.9704,0.0552,0.1402,14.0552
33,42.6,50.0,10.16,0.5,21.3,19.0903,4.0923,0.0569,0.1402,14.0552
33,42.6,50.0,10.795,0.5,21.3,19.0628,4.2207,0.0586,0.1402,14.0552
33,42.6,50.0,11.43,0.5,21.3,19.0339,4.3555,0.0604,0.1402,14.0552
33,42.6,50.0,12.065,0.5,21.3,19.0038,4.4964,0.0623,0.1402,14.0552
33,42.6,50.0,6.985,0.6,25.56,19.209,3.5426,0.0494,0.1183,11.7484
33,42.6,50.0,7.62,0.6,25.56,19.1885,3.6371,0.0507,0.1183,11.7484
33,42.6,50.0,8.255,0.6,25.56,19.1666,3.7385,0.0521,0.1183,11.7484
33,42.6,50.0,8.89,0.6,25.56,19.1433,3.8467,0.0535,0.1183,11.7484
33,42.6,50.0,9.525,0.6,25.56,19.1185,3.9615,0.0551,0.1183,11.7484
33,42.6,50.0,10.16,0.6,25.56,19.0924,4.0829,0.0567,0.1183,11.7484
33,42.6,50.0,10.795,0.6,25.56,19.0649,4.2106,0.0584,0.1183,11.7484
33,42.6,50.0,11.43,0.6,25.56,19.0362,4.3447,0.0602,0.1183,11.7484
33,42.6,50.0,12.065,0.6,25.56,19.0062,4.485,0.0621,0.1183,11.7484
33,42.6,50.0,6.985,0.7,29.82,19.2104,3.5364,0.0494,0.1024,10.0886
33,42.6,50.0,7.62,0.7,29.82,19.19,3.6305,0.0506,0.1024,10.0886
33,42.6,50.0,8.255,0.7,29.82,19.1681,3.7315,0.052,0.1024,10.0886
33,42.6,50.0,8.89,0.7,29.82,19.1448,3.8393,0.0534,0.1024,10.0886
33,42.6,50.0,9.525,0.7,29.82,19.1202,3.9536,0.055,0.1024,10.0886
33,42.6,50.0,10.16,0.7,29.82,19.0942,4.0745,0.0566,0.1024,10.0886
33,42.6,50.0,10.795,0.7,29.82,19.0668,4.2018,0.0583,0.1024,10.0886
33,42.6,50.0,11.43,0.7,29.82,19.0382,4.3353,0.0601,0.1024,10.0886
33,42.6,50.0,12.065,0.7,29.82,19.0084,4.4749,0.062,0.1024,10.0886
33,42.6,50.0,6.985,0.8,34.08,19.2116,3.5308,0.0493,0.0905,8.8382
33,42.6,50.0,7.62,0.8,34.08,19.1912,3.6246,0.0505,0.0905,8.8382
33,42.6,50.0,8.255,0.8,34.08,19.1695,3.7253,0.0519,0.0905,8.8382
33,42.6,50.0,8.89,0.8,34.08,19.1463,3.8327,0.0534,0.0905,8.8382
33,42.6,50.0,9.525,0.8,34.08,19.1217,3.9466,0.0549,0.0905,8.8382
33,42.6,50.0,10.16,0.8,34.08,19.0958,4.0671,0.0565,0.0905,8.8382
33,42.6,50.0,10.795,0.8,34.08,19.0685,4.1939,0.0582,0.0905,8.8382
33,42.6,50.0,11.43,0.8,34.08,19.04,4.3269,0.06,0.0905,8.8382
33,42.6,50.0,12.065,0.8,34.08,19.0103,4.4659,0.0619,0.0905,8.8382
33,42.6,50.0,6.985,0.9,38.34,19.2127,3.5257,0.0492,0.0812,7.8626
33,42.6,50.0,7.62,0.9,38.34,19.1924,3.6193,0.0505,0.0812,7.8626
33,42.6,50.0,8.255,0.9,38.34,19.1707,3.7196,0.0518,0.0812,7.8626
33,42.6,50.0,8.89,0.9,38.34,19.1476,3.8267,0.0533,0.0812,7.8626
33,42.6,50.0,9.525,0.9,38.34,19.1231,3.9403,0.0548,0.0812,7.8626
33,42.6,50.0,10.16,0.9,38.34,19.0972,4.0604,0.0564,0.0812,7.8626
33,42.6,50.0,10.795,0.9,38.34,19.0701,4.1867,0.0581,0.0812,7.8626
33,42.6,50.0,11.43,0.9,38.34,19.0417,4.3193,0.0599,0.0812,7.8626
33,42.6,50.0,12.065,0.9,38.34,19.012,4.4578,0.0617,0.0812,7.8626
33,53.6,63.0,6.985,0.3,16.08,19.4797,2.3071,0.0325,0.1824,18.48
33,53.6,63.0,7.62,0.3,16.08,19.4658,2.3699,0.0334,0.1824,18.48
33,53.6,63.0,8.255,0.3,16.08,19.4509,2.4374,0.0343,0.1824,18.48
33,53.6,63.0,8.89,0.3,16.08,19.4349,2.5096,0.0353,0.1824,18.48
33,53.6,63.0,9.525,0.3,16.08,19.418,2.5863,0.0364,0.1824,18.48
33,53.6,63.0,6.985,0.4,21.44,19.4807,2.3026,0.0325,0.1394,13.9653
33,53.6,63.0,7.62,0.4,21.44,19.4668,2.3652,0.0333,0.1394,13.9653
33,53.6,63.0,8.255,0.4,21.44,19.452,2.4324,0.0343,0.1394,13.9653
33,53.6,63.0,8.89,0.4,21.44,19.4361,2.5042,0.0352,0.1394,13.9653
33,53.6,63.0,9.525,0.4,21.44,19.4193,2.5806,0.0363,0.1394,13.9653
33,53.6,63.0,10.16,0.4,21.44,19.4015,2.6615,0.0374,0.1394,13.9653
33,53.6,63.0,10.795,0.4,21.44,19.3827,2.7468,0.0386,0.1394,13.9653
33,53.6,63.0,11.43,0.4,21.44,19.363,2.8366,0.0398,0.1394,13.9653
33,53.6,63.0,12.065,0.4,21.44,19.3424,2.9306,0.0411,0.1394,13.9653
33,53.6,63.0,6.985,0.5,26.8,19.4815,2.2989,0.0324,0.1131,11.2119
33,53.6,63.0,7.62,0.5,26.8,19.4677,2.3613,0.0333,0.1131,11.2119
33,53.6,63.0,8.255,0.5,26.8,19.4529,2.4283,0.0342,0.1131,11.2119
33,53.6,63.0,8.89,0.5,26.8,19.4371,2.4999,0.0352,0.1131,11.2119
33,53.6,63.0,9.525,0.5,26.8,19.4203,2.576,0.0362,0.1131,11.2119
33,53.6,63.0,10.16,0.5,26.8,19.4026,2.6566,0.0373,0.1131,11.2119
33,53.6,63.0,10.795,0.5,26.8,19.3839,2.7416,0.0385,0.1131,11.2119
33,53.6,63.0,11.43,0.5,26.8,19.3642,2.8309,0.0397,0.1131,11.2119
33,53.6,63.0,12.065,0.5,26.8,19.3437,2.9246,0.041,0.1131,11.2119
33,53.6,63.0,6.985,0.6,32.16,19.4822,2.2957,0.0324,0.0955,9.3613
33,53.6,63.0,7.62,0.6,32.16,19.4684,2.3579,0.0332,0.0955,9.3613
33,53.6,63.0,8.255,0.6,32.16,19.4537,2.4247,0.0341,0.0955,9.3613
33,53.6,63.0,8.89,0.6,32.16,19.4379,2.4961,0.0351,0.0955,9.3613
33,53.6,63.0,9.525,0.6,32.16,19.4212,2.572,0.0362,0.0955,9.3613
33,53.6,63.0,10.16,0.6,32.16,19.4035,2.6523,0.0373,0.0955,9.3613
33,53.6,63.0,10.795,0.6,32.16,19.3849,2.7371,0.0384,0.0955,9.3613
33,53.6,63.0,11.43,0.6,32.16,19.3653,2.8261,0.0397,0.0955,9.3613
33,53.6,63.0,12.065,0.6,32.16,19.3448,2.9195,0.0409,0.0955,9.3613
33,53.6,63.0,6.985,0.7,37.52,19.4828,2.2929,0.0323,0.0829,8.0334
33,53.6,63.0,7.62,0.7,37.52,19.4691,2.355,0.0332,0.0829,8.0334
33,53.6,63.0,8.255,0.7,37.52,19.4543,2.4216,0.0341,0.0829,8.0334
33,53.6,63.0,8.89,0.7,37.52,19.4386,2.4928,0.0351,0.0829,8.0334
33,53.6,63.0,9.525,0.7,37.52,19.422,2.5685,0.0361,0.0829,8.0334
33,53.6,63.0,10.16,0.7,37.52,19.4043,2.6486,0.0372,0.0829,8.0334
33,53.6,63.0,10.795,0.7,37.52,19.3857,2.7331,0.0384,0.0829,8.0334
33,53.6,63.0,11.43,0.7,37.52,19.3662,2.8219,0.0396,0.0829,8.0334
33,53.6,63.0,12.065,0.7,37.52,19.3458,2.915,0.0409,0.0829,8.0334
33,53.6,63.0,6.985,0.8,42.88,19.4834,2.2904,0.0323,0.0734,7.0345
33,53.6,63.0,7.62,0.8,42.88,19.4697,2.3524,0.0331,0.0734,7.0345
33,53.6,63.0,8.255,0.8,42.88,19.455,2.4189,0.0341,0.0734,7.0345
33,53.6,63.0,8.89,0.8,42.88,19.4393,2.4899,0.035,0.0734,7.0345
33,53.6,63.0,9.525,0.8,42.88,19.4226,2.5654,0.0361,0.0734,7.0345
33,53.6,63.0,10.16,0.8,42.88,19.405,2.6453,0.0372,0.0734,7.0345
33,53.6,63.0,10.795,0.8,42.88,19.3865,2.7296,0.0383,0.0734,7.0345
33,53.6,63.0,11.43,0.8,42.88,19.3671,2.8181,0.0396,0.0734,7.0345
33,53.6,63.0,12.065,0.8,42.88,19.3467,2.911,0.0408,0.0734,7.0345
33,53.6,63.0,6.985,0.9,48.24,19.4839,2.2882,0.0323,0.0659,6.2562
33,53.6,63.0,7.62,0.9,48.24,19.4702,2.35,0.0331,0.0659,6.2562
33,53.6,63.0,8.255,0.9,48.24,19.4555,2.4163,0.034,0.0659,6.2562
33,53.6,63.0,8.89,0.9,48.24,19.4399,2.4872,0.035,0.0659,6.2562
33,53.6,63.0,9.525,0.9,48.24,19.4233,2.5625,0.036,0.0659,6.2562
33,53.6,63.0,10.16,0.9,48.24,19.4057,2.6423,0.0371,0.0659,6.2562
33,53.6,63.0,10.795,0.9,48.24,19.3872,2.7264,0.0383,0.0659,6.2562
33,53.6,63.0,11.43,0.9,48.24,19.3678,2.8147,0.0395,0.0659,6.2562
33,53.6,63.0,12.065,0.9,48.24,19.3475,2.9073,0.0408,0.0659,6.2562
34,17.0,20.0,6.985,0.8,13.6,16.002,20.422,0.2499,0.2131,21.7021
34,17.0,20.0,6.985,0.9,15.3,16.0245,20.287,0.2485,0.191,19.3873
34,17.0,20.0,7.62,0.9,15.3,15.9509,20.7309,0.2531,0.191,19.3873
34,17.0,20.0,8.255,0.9,15.3,15.8738,21.1997,0.2579,0.191,19.3873
34,17.0,20.0,8.89,0.9,15.3,15.7936,21.6908,0.2629,0.191,19.3873
34,22.0,25.0,6.985,0.7,15.4,17.397,12.5193,0.1627,0.1899,19.2662
34,22.0,25.0,7.62,0.7,15.4,17.3395,12.8264,0.1663,0.1899,19.2662
34,22.0,25.0,8.255,0.7,15.4,17.2787,13.1532,0.1701,0.1899,19.2662
34,22.0,25.0,8.89,0.7,15.4,17.2147,13.4985,0.1741,0.1899,19.2662
34,22.0,25.0,6.985,0.8,17.6,17.4082,12.4597,0.162,0.1676,16.9321
34,22.0,25.0,7.62,0.8,17.6,17.3512,12.7639,0.1655,0.1676,16.9321
34,22.0,25.0,8.255,0.8,17.6,17.2909,13.0874,0.1693,0.1676,16.9321
34,22.0,25.0,8.89,0.8,17.6,17.2275,13.4293,0.1733,0.1676,16.9321
34,22.0,25.0,9.525,0.8,17.6,17.1612,13.7884,0.1774,0.1676,16.9321
34,22.0,25.0,10.16,0.8,17.6,17.0924,14.1635,0.1817,0.1676,16.9321
34,22.0,25.0,10.795,0.8,17.6,17.0213,14.5533,0.1862,0.1676,16.9321
34,22.0,25.0,6.985,0.9,19.8,17.4183,12.406,0.1614,0.1501,15.0965
34,22.0,25.0,7.62,0.9,19.8,17.3618,12.7075,0.1649,0.1501,15.0965
34,22.0,25.0,8.255,0.9,19.8,17.3019,13.0282,0.1686,0.1501,15.0965
34,22.0,25.0,8.89,0.9,19.8,17.239,13.3669,0.1726,0.1501,15.0965
34,22.0,25.0,9.525,0.9,19.8,17.1733,13.7227,0.1767,0.1501,15.0965
34,22.0,25.0,10.16,0.9,19.8,17.1051,14.0941,0.1809,0.1501,15.0965
34,22.0,25.0,10.795,0.9,19.8,17.0346,14.4801,0.1853,0.1501,15.0965
34,22.0,25.0,11.43,0.9,19.8,16.9622,14.8792,0.1899,0.1501,15.0965
34,22.0,25.0,12.065,0.9,19.8,16.8882,15.2901,0.1945,0.1501,15.0965
34,27.2,32.0,6.985,0.5,13.6,18.1978,8.3917,0.1126,0.2131,21.7021
34,27.2,32.0,6.985,0.6,16.32,18.205,8.356,0.1122,0.1799,18.2174
34,27.2,32.0,7.62,0.6,16.32,18.1616,8.5726,0.1149,0.1799,18.2174
34,27.2,32.0,8.255,0.6,16.32,18.1155,8.8039,0.1178,0.1799,18.2174
34,27.2,32.0,8.89,0.6,16.32,18.0666,9.0495,0.1208,0.1799,18.2174
34,27.2,32.0,9.525,0.6,16.32,18.0153,9.3088,0.124,0.1799,18.2174
34,27.2,32.0,6.985,0.7,19.04,18.2112,8.3248,0.1118,0.1557,15.6844
34,27.2,32.0,7.62,0.7,19.04,18.1682,8.5398,0.1145,0.1557,15.6844
34,27.2,32.0,8.255,0.7,19.04,18.1224,8.7693,0.1174,0.1557,15.6844
34,27.2,32.0,8.89,0.7,19.04,18.0739,9.013,0.1204,0.1557,15.6844
34,27.2,32.0,9.525,0.7,19.04,18.023,9.2702,0.1236,0.1557,15.6844
34,27.2,32.0,10.16,0.7,19.04,17.9697,9.5403,0.1269,0.1557,15.6844
34,27.2,32.0,10.795,0.7,19.04,17.9142,9.8228,0.1304,0.1557,15.6844
34,27.2,32.0,11.43,0.7,19.04,17.8567,10.1169,0.134,0.1557,15.6844
34,27.2,32.0,12.065,0.7,19.04,17.7974,10.4219,0.1377,0.1557,15.6844
34,27.2,32.0,6.985,0.8,21.76,18.2168,8.297,0.1114,0.1375,13.7638
34,27.2,32.0,7.62,0.8,21.76,18.174,8.5105,0.1141,0.1375,13.7638
34,27.2,32.0,8.255,0.8,21.76,18.1285,8.7385,0.117,0.1375,13.7638
34,27.2,32.0,8.89,0.8,21.76,18.0804,8.9804,0.12,0.1375,13.7638
34,27.2,32.0,9.525,0.8,21.76,18.0298,9.2357,0.1231,0.1375,13.7638
34,27.2,32.0,10.16,0.8,21.76,17.9768,9.5038,0.1264,0.1375,13.7638
34,27.2,32.0,10.795,0.8,21.76,17.9218,9.7841,0.1299,0.1375,13.7638
34,27.2,32.0,11.43,0.8,21.76,17.8647,10.0759,0.1335,0.1375,13.7638
34,27.2,32.0,12.065,0.8,21.76,17.8058,10.3784,0.1371,0.1375,13.7638
34,27.2,32.0,6.985,0.9,24.48,18.2219,8.2719,0.1111,0.1231,12.259
34,27.2,32.0,7.62,0.9,24.48,18.1793,8.4841,0.1138,0.1231,12.259
34,27.2,32.0,8.255,0.9,24.48,18.134,8.7106,0.1166,0.1231,12.259
34,27.2,32.0,8.89,0.9,24.48,18.0862,8.951,0.1196,0.1231,12.259
34,27.2,32.0,9.525,0.9,24.48,18.0359,9.2046,0.1228,0.1231,12.259
34,27.2,32.0,10.16,0.9,24.48,17.9833,9.4709,0.126,0.1231,12.259
34,27.2,32.0,10.795,0.9,24.48,17.9286,9.7492,0.1295,0.1231,12.259
34,27.2,32.0,11.43,0.9,24.48,17.8719,10.0389,0.133,0.1231,12.259
34,27.2,32.0,12.065,0.9,24.48,17.8134,10.3392,0.1367,0.1231,12.259
34,34.0,40.0,6.985,0.4,13.6,18.7952,5.481,0.0753,0.2131,21.7021
34,34.0,40.0,6.985,0.5,17.0,18.7992,5.4623,0.0751,0.1731,17.5116
34,34.0,40.0,7.62,0.5,17.0,18.7683,5.6093,0.077,0.1731,17.5116
34,34.0,40.0,8.255,0.5,17.0,18.7354,5.7667,0.079,0.1731,17.5116
34,34.0,40.0,8.89,0.5,17.0,18.7003,5.9343,0.0812,0.1731,17.5116
34,34.0,40.0,9.525,0.5,17.0,18.6633,6.112,0.0835,0.1731,17.5116
34,34.0,40.0,10.16,0.5,17.0,18.6245,6.2993,0.086,0.1731,17.5116
34,34.0,40.0,6.985,0.6,20.4,18.8025,5.4463,0.0748,0.146,14.6622
34,34.0,40.0,7.62,0.6,20.4,18.7719,5.5924,0.0768,0.146,14.6622
34,34.0,40.0,8.255,0.6,20.4,18.7391,5.7489,0.0788,0.146,14.6622
34,34.0,40.0,8.89,0.6,20.4,18.7043,5.9155,0.081,0.146,14.6622
34,34.0,40.0,9.525,0.6,20.4,18.6675,6.0919,0.0833,0.146,14.6622
34,34.0,40.0,10.16,0.6,20.4,18.6289,6.278,0.0857,0.146,14.6622
34,34.0,40.0,10.795,0.6,20.4,18.5884,6.4734,0.0882,0.146,14.6622
34,34.0,40.0,11.43,0.6,20.4,18.5462,6.6778,0.0909,0.146,14.6622
34,34.0,40.0,12.065,0.6,20.4,18.5024,6.8908,0.0936,0.146,14.6622
34,34.0,40.0,6.985,0.7,23.8,18.8055,5.4323,0.0747,0.1264,12.6038
34,34.0,40.0,7.62,0.7,23.8,18.775,5.5776,0.0766,0.1264,12.6038
34,34.0,40.0,8.255,0.7,23.8,18.7424,5.7333,0.0786,0.1264,12.6038
34,34.0,40.0,8.89,0.7,23.8,18.7077,5.899,0.0808,0.1264,12.6038
34,34.0,40.0,9.525,0.7,23.8,18.6712,6.0744,0.0831,0.1264,12.6038
34,34.0,40.0,10.16,0.7,23.8,18.6327,6.2594,0.0855,0.1264,12.6038
34,34.0,40.0,10.795,0.7,23.8,18.5925,6.4536,0.088,0.1264,12.6038
34,34.0,40.0,11.43,0.7,23.8,18.5505,6.6567,0.0906,0.1264,12.6038
34,34.0,40.0,12.065,0.7,23.8,18.507,6.8684,0.0933,0.1264,12.6038
34,34.0,40.0,6.985,0.8,27.2,18.8081,5.4198,0.0745,0.1116,11.049
34,34.0,40.0,7.62,0.8,27.2,18.7777,5.5644,0.0764,0.1116,11.049
34,34.0,40.0,8.255,0.8,27.2,18.7453,5.7193,0.0784,0.1116,11.049
34,34.0,40.0,8.89,0.8,27.2,18.7108,5.8842,0.0806,0.1116,11.049
34,34.0,40.0,9.525,0.8,27.2,18.6744,6.0588,0.0828,0.1116,11.049
34,34.0,40.0,10.16,0.8,27.2,18.6362,6.2428,0.0852,0.1116,11.049
34,34.0,40.0,10.795,0.8,27.2,18.5961,6.436,0.0877,0.1116,11.049
34,34.0,40.0,11.43,0.8,27.2,18.5544,6.638,0.0903,0.1116,11.049
34,34.0,40.0,12.065,0.8,27.2,18.5111,6.8484,0.0931,0.1116,11.049
34,34.0,40.0,6.985,0.9,30.6,18.8105,5.4084,0.0743,0.1,9.834
34,34.0,40.0,7.62,0.9,30.6,18.7802,5.5525,0.0762,0.1,9.834
34,34.0,40.0,8.255,0.9,30.6,18.7479,5.7067,0.0783,0.1,9.834
34,34.0,40.0,8.89,0.9,30.6,18.7136,5.8709,0.0804,0.1,9.834
34,34.0,40.0,9.525,0.9,30.6,18.6774,6.0446,0.0827,0.1,9.834
34,34.0,40.0,10.16,0.9,30.6,18.6393,6.2278,0.085,0.1,9.834
34,34.0,40.0,10.795,0.9,30.6,18.5994,6.42,0.0875,0.1,9.834
34,34.0,40.0,11.43,0.9,30.6,18.5579,6.621,0.0901,0.1,9.834
34,34.0,40.0,12.065,0.9,30.6,18.5148,6.8304,0.0928,0.1,9.834
34,42.6,50.0,6.985,0.4,17.04,19.205,3.5611,0.0497,0.1728,17.4717
34,42.6,50.0,7.62,0.4,17.04,19.1837,3.6593,0.051,0.1728,17.4717
34,42.6,50.0,8.255,0.4,17.04,19.161,3.7647,0.0524,0.1728,17.4717
34,42.6,50.0,8.89,0.4,17.04,19.1367,3.8771,0.054,0.1728,17.4717
34,42.6,50.0,9.525,0.4,17.04,19.111,3.9965,0.0556,0.1728,17.4717
34,42.6,50.0,10.16,0.4,17.04,19.0838,4.1228,0.0573,0.1728,17.4717
34,42.6,50.0,6.985,0.5,21.3,19.2068,3.5527,0.0496,0.1402,14.0552
34,42.6,50.0,7.62,0.5,21.3,19.1857,3.6505,0.0509,0.1402,14.0552
34,42.6,50.0,8.255,0.5,21.3,19.163,3.7553,0.0523,0.1402,14.0552
34,42.6,50.0,8.89,0.5,21.3,19.1388,3.8672,0.0538,0.1402,14.0552
34,42.6,50.0,9.525,0.5,21.3,19.1132,3.986,0.0554,0.1402,14.0552
34,42.6,50.0,10.16,0.5,21.3,19.0862,4.1116,0.0571,0.1402,14.0552
34,42.6,50.0,10.795,0.5,21.3,19.0578,4.2438,0.0589,0.1402,14.0552
34,42.6,50.0,11.43,0.5,21.3,19.0281,4.3825,0.0607,0.1402,14.0552
34,42.6,50.0,12.065,0.5,21.3,18.9971,4.5276,0.0627,0.1402,14.0552
34,42.6,50.0,6.985,0.6,25.56,19.2084,3.5456,0.0495,0.1183,11.7484
34,42.6,50.0,7.62,0.6,25.56,19.1873,3.6429,0.0508,0.1183,11.7484
34,42.6,50.0,8.255,0.6,25.56,19.1647,3.7473,0.0522,0.1183,11.7484
34,42.6,50.0,8.89,0.6,25.56,19.1406,3.8587,0.0537,0.1183,11.7484
34,42.6,50.0,9.525,0.6,25.56,19.1152,3.977,0.0553,0.1183,11.7484
34,42.6,50.0,10.16,0.6,25.56,19.0883,4.102,0.057,0.1183,11.7484
34,42.6,50.0,10.795,0.6,25.56,19.06,4.2336,0.0587,0.1183,11.7484
34,42.6,50.0,11.43,0.6,25.56,19.0305,4.3716,0.0606,0.1183,11.7484
34,42.6,50.0,12.065,0.6,25.56,18.9996,4.516,0.0625,0.1183,11.7484
34,42.6,50.0,6.985,0.7,29.82,19.2097,3.5393,0.0494,0.1024,10.0886
34,42.6,50.0,7.62,0.7,29.82,19.1887,3.6363,0.0507,0.1024,10.0886
34,42.6,50.0,8.255,0.7,29.82,19.1662,3.7403,0.0521,0.1024,10.0886
34,42.6,50.0,8.89,0.7,29.82,19.1423,3.8513,0.0536,0.1024,10.0886
34,42.6,50.0,9.525,0.7,29.82,19.1169,3.9691,0.0552,0.1024,10.0886
34,42.6,50.0,10.16,0.7,29.82,19.0901,4.0936,0.0569,0.1024,10.0886
34,42.6,50.0,10.795,0.7,29.82,19.0619,4.2246,0.0586,0.1024,10.0886
34,42.6,50.0,11.43,0.7,29.82,19.0325,4.3621,0.0605,0.1024,10.0886
34,42.6,50.0,12.065,0.7,29.82,19.0018,4.5058,0.0624,0.1024,10.0886
34,42.6,50.0,6.985,0.8,34.08,19.211,3.5337,0.0493,0.0905,8.8382
34,42.6,50.0,7.62,0.8,34.08,19.19,3.6304,0.0506,0.0905,8.8382
34,42.6,50.0,8.255,0.8,34.08,19.1676,3.7341,0.052,0.0905,8.8382
34,42.6,50.0,8.89,0.8,34.08,19.1437,3.8446,0.0535,0.0905,8.8382
34,42.6,50.0,9.525,0.8,34.08,19.1184,3.962,0.0551,0.0905,8.8382
34,42.6,50.0,10.16,0.8,34.08,19.0917,4.0861,0.0568,0.0905,8.8382
34,42.6,50.0,10.795,0.8,34.08,19.0637,4.2166,0.0585,0.0905,8.8382
34,42.6,50.0,11.43,0.8,34.08,19.0343,4.3536,0.0604,0.0905,8.8382
34,42.6,50.0,12.065,0.8,34.08,19.0037,4.4967,0.0623,0.0905,8.8382
34,42.6,50.0,6.985,0.9,38.34,19.2121,3.5286,0.0492,0.0812,7.8626
34,42.6,50.0,7.62,0.9,38.34,19.1912,3.625,0.0506,0.0812,7.8626
34,42.6,50.0,8.255,0.9,38.34,19.1688,3.7284,0.0519,0.0812,7.8626
34,42.6,50.0,8.89,0.9,38.34,19.145,3.8386,0.0534,0.0812,7.8626
34,42.6,50.0,9.525,0.9,38.34,19.1198,3.9556,0.055,0.0812,7.8626
34,42.6,50.0,10.16,0.9,38.34,19.0932,4.0793,0.0567,0.0812,7.8626
34,42.6,50.0,10.795,0.9,38.34,19.0652,4.2094,0.0584,0.0812,7.8626
34,42.6,50.0,11.43,0.9,38.34,19.036,4.3458,0.0603,0.0812,7.8626
34,42.6,50.0,12.065,0.9,38.34,19.0055,4.4885,0.0622,0.0812,7.8626
34,53.6,63.0,6.985,0.3,16.08,19.4792,2.309,0.0325,0.1824,18.48
34,53.6,63.0,7.62,0.3,16.08,19.4649,2.3738,0.0334,0.1824,18.48
34,53.6,63.0,8.255,0.3,16.08,19.4496,2.4433,0.0344,0.1824,18.48
34,53.6,63.0,8.89,0.3,16.08,19.4332,2.5176,0.0354,0.1824,18.48
34,53.6,63.0,9.525,0.3,16.08,19.4158,2.5966,0.0365,0.1824,18.48
34,53.6,63.0,6.985,0.4,21.44,19.4802,2.3045,0.0325,0.1394,13.9653
34,53.6,63.0,7.62,0.4,21.44,19.466,2.369,0.0334,0.1394,13.9653
34,53.6,63.0,8.255,0.4,21.44,19.4507,2.4383,0.0343,0.1394,13.9653
34,53.6,63.0,8.89,0.4,21.44,19.4343,2.5123,0.0354,0.1394,13.9653
34,53.6,63.0,9.525,0.4,21.44,19.417,2.5909,0.0364,0.1394,13.9653
34,53.6,63.0,10.16,0.4,21.44,19.3987,2.6742,0.0376,0.1394,13.9653
34,53.6,63.0,10.795,0.4,21.44,19.3794,2.7621,0.0388,0.1394,13.9653
34,53.6,63.0,11.43,0.4,21.44,19.3591,2.8545,0.0401,0.1394,13.9653
34,53.6,63.0,12.065,0.4,21.44,19.3379,2.9514,0.0414,0.1394,13.9653
34,53.6,63.0,6.985,0.5,26.8,19.4811,2.3008,0.0324,0.1131,11.2119
34,53.6,63.0,7.62,0.5,26.8,19.4668,2.3651,0.0333,0.1131,11.2119
34,53.6,63.0,8.255,0.5,26.8,19.4516,2.4341,0.0343,0.1131,11.2119
34,53.6,63.0,8.89,0.5,26.8,19.4353,2.5078,0.0353,0.1131,11.2119
34,53.6,63.0,9.525,0.5,26.8,19.418,2.5862,0.0364,0.1131,11.2119
34,53.6,63.0,10.16,0.5,26.8,19.3998,2.6692,0.0375,0.1131,11.2119
34,53.6,63.0,10.795,0.5,26.8,19.3805,2.7568,0.0387,0.1131,11.2119
34,53.6,63.0,11.43,0.5,26.8,19.3603,2.8488,0.04,0.1131,11.2119
34,53.6,63.0,12.065,0.5,26.8,19.3392,2.9453,0.0413,0.1131,11.2119
34,53.6,63.0,6.985,0.6,32.16,19.4818,2.2976,0.0324,0.0955,9.3613
34,53.6,63.0,7.62,0.6,32.16,19.4676,2.3617,0.0333,0.0955,9.3613
34,53.6,63.0,8.255,0.6,32.16,19.4524,2.4306,0.0342,0.0955,9.3613
34,53.6,63.0,8.89,0.6,32.16,19.4362,2.5041,0.0352,0.0955,9.3613
34,53.6,63.0,9.525,0.6,32.16,19.4189,2.5822,0.0363,0.0955,9.3613
34,53.6,63.0,10.16,0.6,32.16,19.4007,2.665,0.0375,0.0955,9.3613
34,53.6,63.0,10.795,0.6,32.16,19.3815,2.7522,0.0387,0.0955,9.3613
34,53.6,63.0,11.43,0.6,32.16,19.3614,2.844,0.0399,0.0955,9.3613
34,53.6,63.0,12.065,0.6,32.16,19.3403,2.9401,0.0412,0.0955,9.3613
34,53.6,63.0,6.985,0.7,37.52,19.4824,2.2949,0.0324,0.0829,8.0334
34,53.6,63.0,7.62,0.7,37.52,19.4682,2.3588,0.0332,0.0829,8.0334
34,53.6,63.0,8.255,0.7,37.52,19.4531,2.4274,0.0342,0.0829,8.0334
34,53.6,63.0,8.89,0.7,37.52,19.4369,2.5008,0.0352,0.0829,8.0334
34,53.6,63.0,9.525,0.7,37.52,19.4197,2.5787,0.0363,0.0829,8.0334
34,53.6,63.0,10.16,0.7,37.52,19.4015,2.6612,0.0374,0.0829,8.0334
34,53.6,63.0,10.795,0.7,37.52,19.3824,2.7482,0.0386,0.0829,8.0334
34,53.6,63.0,11.43,0.7,37.52,19.3623,2.8397,0.0399,0.0829,8.0334
34,53.6,63.0,12.065,0.7,37.52,19.3413,2.9355,0.0412,0.0829,8.0334
34,53.6,63.0,6.985,0.8,42.88,19.4829,2.2924,0.0323,0.0734,7.0345
34,53.6,63.0,7.62,0.8,42.88,19.4688,2.3562,0.0332,0.0734,7.0345
34,53.6,63.0,8.255,0.8,42.88,19.4537,2.4246,0.0341,0.0734,7.0345
34,53.6,63.0,8.89,0.8,42.88,19.4375,2.4978,0.0352,0.0734,7.0345
34,53.6,63.0,9.525,0.8,42.88,19.4204,2.5756,0.0362,0.0734,7.0345
34,53.6,63.0,10.16,0.8,42.88,19.4023,2.6579,0.0374,0.0734,7.0345
34,53.6,63.0,10.795,0.8,42.88,19.3832,2.7447,0.0386,0.0734,7.0345
34,53.6,63.0,11.43,0.8,42.88,19.3632,2.8359,0.0398,0.0734,7.0345
34,53.6,63.0,12.065,0.8,42.88,19.3422,2.9315,0.0411,0.0734,7.0345
34,53.6,63.0,6.985,0.9,48.24,19.4834,2.2901,0.0323,0.0659,6.2562
34,53.6,63.0,7.62,0.9,48.24,19.4693,2.3538,0.0332,0.0659,6.2562
34,53.6,63.0,8.255,0.9,48.24,19.4542,2.4221,0.0341,0.0659,6.2562
34,53.6,63.0,8.89,0.9,48.24,19.4381,2.4951,0.0351,0.0659,6.2562
34,53.6,63.0,9.525,0.9,48.24,19.421,2.5727,0.0362,0.0659,6.2562
34,53.6,63.0,10.16,0.9,48.24,19.4029,2.6548,0.0373,0.0659,6.2562
34,53.6,63.0,10.795,0.9,48.24,19.3839,2.7414,0.0385,0.0659,6.2562
34,53.6,63.0,11.43,0.9,48.24,19.3639,2.8324,0.0398,0.0659,6.2562
34,53.6,63.0,12.065,0.9,48.24,19.343,2.9277,0.0411,0.0659,6.2562
35,17.0,20.0,6.985,0.8,13.6,15.9998,20.4356,0.25,0.2131,21.7021
35,17.0,20.0,6.985,0.9,15.3,16.0222,20.3004,0.2486,0.191,19.3873
35,17.0,20.0,7.62,0.9,15.3,15.9466,20.7571,0.2533,0.191,19.3873
35,17.0,20.0,8.255,0.9,15.3,15.8673,21.2392,0.2583,0.191,19.3873
35,17.0,20.0,8.89,0.9,15.3,15.785,21.744,0.2634,0.191,19.3873
35,22.0,25.0,6.985,0.7,15.4,17.3953,12.5286,0.1628,0.1899,19.2662
35,22.0,25.0,7.62,0.7,15.4,17.3361,12.8446,0.1665,0.1899,19.2662
35,22.0,25.0,8.255,0.7,15.4,17.2735,13.1807,0.1704,0.1899,19.2662
35,22.0,25.0,8.89,0.7,15.4,17.2077,13.5359,0.1745,0.1899,19.2662
35,22.0,25.0,6.985,0.8,17.6,17.4065,12.4689,0.1621,0.1676,16.9321
35,22.0,25.0,7.62,0.8,17.6,17.3479,12.7819,0.1658,0.1676,16.9321
35,22.0,25.0,8.255,0.8,17.6,17.2858,13.1147,0.1696,0.1676,16.9321
35,22.0,25.0,8.89,0.8,17.6,17.2206,13.4663,0.1737,0.1676,16.9321
35,22.0,25.0,9.525,0.8,17.6,17.1525,13.8355,0.178,0.1676,16.9321
35,22.0,25.0,10.16,0.8,17.6,17.0819,14.2211,0.1824,0.1676,16.9321
35,22.0,25.0,10.795,0.8,17.6,17.0089,14.6216,0.1869,0.1676,16.9321
35,22.0,25.0,6.985,0.9,19.8,17.4166,12.4151,0.1615,0.1501,15.0965
35,22.0,25.0,7.62,0.9,19.8,17.3584,12.7254,0.1651,0.1501,15.0965
35,22.0,25.0,8.255,0.9,19.8,17.2969,13.0552,0.1689,0.1501,15.0965
35,22.0,25.0,8.89,0.9,19.8,17.2322,13.4036,0.173,0.1501,15.0965
35,22.0,25.0,9.525,0.9,19.8,17.1647,13.7694,0.1772,0.1501,15.0965
35,22.0,25.0,10.16,0.9,19.8,17.0947,14.1512,0.1816,0.1501,15.0965
35,22.0,25.0,10.795,0.9,19.8,17.0223,14.5478,0.1861,0.1501,15.0965
35,22.0,25.0,11.43,0.9,19.8,16.948,14.9577,0.1907,0.1501,15.0965
35,22.0,25.0,12.065,0.9,19.8,16.8721,15.3797,0.1955,0.1501,15.0965
35,27.2,32.0,6.985,0.5,13.6,18.1965,8.3982,0.1127,0.2131,21.7021
35,27.2,32.0,6.985,0.6,16.32,18.2037,8.3625,0.1123,0.1799,18.2174
35,27.2,32.0,7.62,0.6,16.32,18.1591,8.5854,0.1151,0.1799,18.2174
35,27.2,32.0,8.255,0.6,16.32,18.1116,8.8235,0.118,0.1799,18.2174
35,27.2,32.0,8.89,0.6,16.32,18.0614,9.0761,0.1212,0.1799,18.2174
35,27.2,32.0,9.525,0.6,16.32,18.0086,9.3429,0.1245,0.1799,18.2174
35,27.2,32.0,6.985,0.7,19.04,18.2099,8.3313,0.1119,0.1557,15.6844
35,27.2,32.0,7.62,0.7,19.04,18.1656,8.5525,0.1146,0.1557,15.6844
35,27.2,32.0,8.255,0.7,19.04,18.1185,8.7887,0.1176,0.1557,15.6844
35,27.2,32.0,8.89,0.7,19.04,18.0687,9.0394,0.1207,0.1557,15.6844
35,27.2,32.0,9.525,0.7,19.04,18.0163,9.3039,0.124,0.1557,15.6844
35,27.2,32.0,10.16,0.7,19.04,17.9615,9.5817,0.1274,0.1557,15.6844
35,27.2,32.0,10.795,0.7,19.04,17.9045,9.8721,0.131,0.1557,15.6844
35,27.2,32.0,11.43,0.7,19.04,17.8455,10.1744,0.1347,0.1557,15.6844
35,27.2,32.0,12.065,0.7,19.04,17.7846,10.4879,0.1385,0.1557,15.6844
35,27.2,32.0,6.985,0.8,21.76,18.2155,8.3035,0.1115,0.1375,13.7638
35,27.2,32.0,7.62,0.8,21.76,18.1715,8.5232,0.1143,0.1375,13.7638
35,27.2,32.0,8.255,0.8,21.76,18.1247,8.7577,0.1172,0.1375,13.7638
35,27.2,32.0,8.89,0.8,21.76,18.0752,9.0066,0.1203,0.1375,13.7638
35,27.2,32.0,9.525,0.8,21.76,18.0231,9.2692,0.1236,0.1375,13.7638
35,27.2,32.0,10.16,0.8,21.76,17.9688,9.5449,0.127,0.1375,13.7638
35,27.2,32.0,10.795,0.8,21.76,17.9122,9.8331,0.1305,0.1375,13.7638
35,27.2,32.0,11.43,0.8,21.76,17.8536,10.133,0.1342,0.1375,13.7638
35,27.2,32.0,12.065,0.8,21.76,17.7931,10.4439,0.1379,0.1375,13.7638
35,27.2,32.0,6.985,0.9,24.48,18.2206,8.2783,0.1112,0.1231,12.259
35,27.2,32.0,7.62,0.9,24.48,18.1768,8.4967,0.114,0.1231,12.259
35,27.2,32.0,8.255,0.9,24.48,18.1302,8.7298,0.1169,0.1231,12.259
35,27.2,32.0,8.89,0.9,24.48,18.081,8.977,0.1199,0.1231,12.259
35,27.2,32.0,9.525,0.9,24.48,18.0293,9.2379,0.1232,0.1231,12.259
35,27.2,32.0,10.16,0.9,24.48,17.9753,9.5117,0.1265,0.1231,12.259
35,27.2,32.0,10.795,0.9,24.48,17.9191,9.7978,0.1301,0.1231,12.259
35,27.2,32.0,11.43,0.9,24.48,17.8609,10.0955,0.1337,0.1231,12.259
35,27.2,32.0,12.065,0.9,24.48,17.8008,10.4041,0.1374,0.1231,12.259
35,34.0,40.0,6.985,0.4,13.6,18.7943,5.4854,0.0754,0.2131,21.7021
35,34.0,40.0,6.985,0.5,17.0,18.7983,5.4667,0.0751,0.1731,17.5116
35,34.0,40.0,7.62,0.5,17.0,18.7665,5.618,0.0771,0.1731,17.5116
35,34.0,40.0,8.255,0.5,17.0,18.7326,5.78,0.0792,0.1731,17.5116
35,34.0,40.0,8.89,0.5,17.0,18.6966,5.9525,0.0815,0.1731,17.5116
35,34.0,40.0,9.525,0.5,17.0,18.6585,6.1352,0.0838,0.1731,17.5116
35,34.0,40.0,10.16,0.5,17.0,18.6185,6.3279,0.0863,0.1731,17.5116
35,34.0,40.0,6.985,0.6,20.4,18.8016,5.4507,0.0749,0.146,14.6622
35,34.0,40.0,7.62,0.6,20.4,18.77,5.6011,0.0769,0.146,14.6622
35,34.0,40.0,8.255,0.6,20.4,18.7363,5.7621,0.079,0.146,14.6622
35,34.0,40.0,8.89,0.6,20.4,18.7005,5.9335,0.0812,0.146,14.6622
35,34.0,40.0,9.525,0.6,20.4,18.6627,6.1151,0.0836,0.146,14.6622
35,34.0,40.0,10.16,0.6,20.4,18.623,6.3065,0.0861,0.146,14.6622
35,34.0,40.0,10.795,0.6,20.4,18.5814,6.5075,0.0887,0.146,14.6622
35,34.0,40.0,11.43,0.6,20.4,18.538,6.7176,0.0914,0.146,14.6622
35,34.0,40.0,12.065,0.6,20.4,18.493,6.9367,0.0942,0.146,14.6622
35,34.0,40.0,6.985,0.7,23.8,18.8046,5.4366,0.0747,0.1264,12.6038
35,34.0,40.0,7.62,0.7,23.8,18.7732,5.5862,0.0767,0.1264,12.6038
35,34.0,40.0,8.255,0.7,23.8,18.7396,5.7464,0.0788,0.1264,12.6038
35,34.0,40.0,8.89,0.7,23.8,18.704,5.9169,0.081,0.1264,12.6038
35,34.0,40.0,9.525,0.7,23.8,18.6664,6.0974,0.0834,0.1264,12.6038
35,34.0,40.0,10.16,0.7,23.8,18.6268,6.2877,0.0858,0.1264,12.6038
35,34.0,40.0,10.795,0.7,23.8,18.5855,6.4875,0.0884,0.1264,12.6038
35,34.0,40.0,11.43,0.7,23.8,18.5424,6.6964,0.0911,0.1264,12.6038
35,34.0,40.0,12.065,0.7,23.8,18.4976,6.914,0.0939,0.1264,12.6038
35,34.0,40.0,6.985,0.8,27.2,18.8072,5.4241,0.0745,0.1116,11.049
35,34.0,40.0,7.62,0.8,27.2,18.7759,5.573,0.0765,0.1116,11.049
35,34.0,40.0,8.255,0.8,27.2,18.7425,5.7324,0.0786,0.1116,11.049
35,34.0,40.0,8.89,0.8,27.2,18.7071,5.9021,0.0808,0.1116,11.049
35,34.0,40.0,9.525,0.8,27.2,18.6696,6.0817,0.0831,0.1116,11.049
35,34.0,40.0,10.16,0.8,27.2,18.6303,6.271,0.0856,0.1116,11.049
35,34.0,40.0,10.795,0.8,27.2,18.5892,6.4696,0.0882,0.1116,11.049
35,34.0,40.0,11.43,0.8,27.2,18.5463,6.6774,0.0909,0.1116,11.049
35,34.0,40.0,12.065,0.8,27.2,18.5018,6.8938,0.0936,0.1116,11.049
35,34.0,40.0,6.985,0.9,30.6,18.8096,5.4128,0.0744,0.1,9.834
35,34.0,40.0,7.62,0.9,30.6,18.7784,5.561,0.0763,0.1,9.834
35,34.0,40.0,8.255,0.9,30.6,18.7452,5.7198,0.0784,0.1,9.834
35,34.0,40.0,8.89,0.9,30.6,18.7099,5.8886,0.0806,0.1,9.834
35,34.0,40.0,9.525,0.9,30.6,18.6726,6.0674,0.083,0.1,9.834
35,34.0,40.0,10.16,0.9,30.6,18.6335,6.2558,0.0854,0.1,9.834
35,34.0,40.0,10.795,0.9,30.6,18.5925,6.4535,0.088,0.1,9.834
35,34.0,40.0,11.43,0.9,30.6,18.5498,6.6602,0.0906,0.1,9.834
35,34.0,40.0,12.065,0.9,30.6,18.5055,6.8754,0.0934,0.1,9.834
35,42.6,50.0,6.985,0.4,17.04,19.2044,3.564,0.0497,0.1728,17.4717
35,42.6,50.0,7.62,0.4,17.04,19.1825,3.6651,0.0511,0.1728,17.4717
35,42.6,50.0,8.255,0.4,17.04,19.159,3.7736,0.0526,0.1728,17.4717
35,42.6,50.0,8.89,0.4,17.04,19.1341,3.8893,0.0541,0.1728,17.4717
35,42.6,50.0,9.525,0.4,17.04,19.1076,4.0122,0.0558,0.1728,17.4717
35,42.6,50.0,10.16,0.4,17.04,19.0797,4.1421,0.0575,0.1728,17.4717
35,42.6,50.0,6.985,0.5,21.3,19.2062,3.5556,0.0496,0.1402,14.0552
35,42.6,50.0,7.62,0.5,21.3,19.1844,3.6563,0.051,0.1402,14.0552
35,42.6,50.0,8.255,0.5,21.3,19.1611,3.7642,0.0524,0.1402,14.0552
35,42.6,50.0,8.89,0.5,21.3,19.1362,3.8793,0.054,0.1402,14.0552
35,42.6,50.0,9.525,0.5,21.3,19.1099,4.0016,0.0556,0.1402,14.0552
35,42.6,50.0,10.16,0.5,21.3,19.0821,4.1308,0.0574,0.1402,14.0552
35,42.6,50.0,10.795,0.5,21.3,19.0529,4.2668,0.0592,0.1402,14.0552
35,42.6,50.0,11.43,0.5,21.3,19.0224,4.4095,0.0611,0.1402,14.0552
35,42.6,50.0,12.065,0.5,21.3,18.9905,4.5588,0.0631,0.1402,14.0552
35,42.6,50.0,6.985,0.6,25.56,19.2077,3.5485,0.0495,0.1183,11.7484
35,42.6,50.0,7.62,0.6,25.56,19.186,3.6487,0.0509,0.1183,11.7484
35,42.6,50.0,8.255,0.6,25.56,19.1628,3.7562,0.0523,0.1183,11.7484
35,42.6,50.0,8.89,0.6,25.56,19.138,3.8708,0.0539,0.1183,11.7484
35,42.6,50.0,9.525,0.6,25.56,19.1118,3.9925,0.0555,0.1183,11.7484
35,42.6,50.0,10.16,0.6,25.56,19.0842,4.1211,0.0572,0.1183,11.7484
35,42.6,50.0,10.795,0.6,25.56,19.0551,4.2565,0.0591,0.1183,11.7484
35,42.6,50.0,11.43,0.6,25.56,19.0247,4.3985,0.061,0.1183,11.7484
35,42.6,50.0,12.065,0.6,25.56,18.993,4.547,0.0629,0.1183,11.7484
35,42.6,50.0,6.985,0.7,29.82,19.2091,3.5422,0.0494,0.1024,10.0886
35,42.6,50.0,7.62,0.7,29.82,19.1875,3.642,0.0508,0.1024,10.0886
35,42.6,50.0,8.255,0.7,29.82,19.1643,3.7491,0.0522,0.1024,10.0886
35,42.6,50.0,8.89,0.7,29.82,19.1397,3.8633,0.0538,0.1024,10.0886
35,42.6,50.0,9.525,0.7,29.82,19.1135,3.9845,0.0554,0.1024,10.0886
35,42.6,50.0,10.16,0.7,29.82,19.086,4.1126,0.0571,0.1024,10.0886
35,42.6,50.0,10.795,0.7,29.82,19.0571,4.2474,0.0589,0.1024,10.0886
35,42.6,50.0,11.43,0.7,29.82,19.0268,4.3888,0.0608,0.1024,10.0886
35,42.6,50.0,12.065,0.7,29.82,18.9952,4.5367,0.0628,0.1024,10.0886
35,42.6,50.0,6.985,0.8,34.08,19.2103,3.5366,0.0494,0.0905,8.8382
35,42.6,50.0,7.62,0.8,34.08,19.1888,3.6361,0.0507,0.0905,8.8382
35,42.6,50.0,8.255,0.8,34.08,19.1657,3.7428,0.0521,0.0905,8.8382
35,42.6,50.0,8.89,0.8,34.08,19.1411,3.8566,0.0537,0.0905,8.8382
35,42.6,50.0,9.525,0.8,34.08,19.1151,3.9774,0.0553,0.0905,8.8382
35,42.6,50.0,10.16,0.8,34.08,19.0876,4.105,0.057,0.0905,8.8382
35,42.6,50.0,10.795,0.8,34.08,19.0588,4.2394,0.0588,0.0905,8.8382
35,42.6,50.0,11.43,0.8,34.08,19.0286,4.3802,0.0607,0.0905,8.8382
35,42.6,50.0,12.065,0.8,34.08,18.9972,4.5274,0.0627,0.0905,8.8382
35,42.6,50.0,6.985,0.9,38.34,19.2114,3.5315,0.0493,0.0812,7.8626
35,42.6,50.0,7.62,0.9,38.34,19.1899,3.6307,0.0506,0.0812,7.8626
35,42.6,50.0,8.255,0.9,38.34,19.1669,3.7371,0.0521,0.0812,7.8626
35,42.6,50.0,8.89,0.9,38.34,19.1424,3.8506,0.0536,0.0812,7.8626
35,42.6,50.0,9.525,0.9,38.34,19.1165,3.971,0.0552,0.0812,7.8626
35,42.6,50.0,10.16,0.9,38.34,19.0891,4.0982,0.0569,0.0812,7.8626
35,42.6,50.0,10.795,0.9,38.34,19.0604,4.232,0.0587,0.0812,7.8626
35,42.6,50.0,11.43,0.9,38.34,19.0303,4.3724,0.0606,0.0812,7.8626
35,42.6,50.0,12.065,0.9,38.34,18.9989,4.5191,0.0626,0.0812,7.8626
35,53.6,63.0,6.985,0.3,16.08,19.4788,2.311,0.0326,0.1824,18.48
35,53.6,63.0,7.62,0.3,16.08,19.4641,2.3776,0.0335,0.1824,18.48
35,53.6,63.0,8.255,0.3,16.08,19.4483,2.4492,0.0345,0.1824,18.48
35,53.6,63.0,8.89,0.3,16.08,19.4314,2.5257,0.0355,0.1824,18.48
35,53.6,63.0,9.525,0.3,16.08,19.4135,2.607,0.0367,0.1824,18.48
35,53.6,63.0,6.985,0.4,21.44,19.4798,2.3065,0.0325,0.1394,13.9653
35,53.6,63.0,7.62,0.4,21.44,19.4651,2.3728,0.0334,0.1394,13.9653
35,53.6,63.0,8.255,0.4,21.44,19.4494,2.4441,0.0344,0.1394,13.9653
35,53.6,63.0,8.89,0.4,21.44,19.4326,2.5203,0.0355,0.1394,13.9653
35,53.6,63.0,9.525,0.4,21.44,19.4147,2.6012,0.0366,0.1394,13.9653
35,53.6,63.0,10.16,0.4,21.44,19.3959,2.687,0.0378,0.1394,13.9653
35,53.6,63.0,10.795,0.4,21.44,19.376,2.7774,0.039,0.1394,13.9653
35,53.6,63.0,11.43,0.4,21.44,19.3551,2.8725,0.0403,0.1394,13.9653
35,53.6,63.0,12.065,0.4,21.44,19.3333,2.9721,0.0417,0.1394,13.9653
35,53.6,63.0,6.985,0.5,26.8,19.4806,2.3027,0.0325,0.1131,11.2119
35,53.6,63.0,7.62,0.5,26.8,19.466,2.3689,0.0334,0.1131,11.2119
35,53.6,63.0,8.255,0.5,26.8,19.4503,2.4399,0.0344,0.1131,11.2119
35,53.6,63.0,8.89,0.5,26.8,19.4336,2.5158,0.0354,0.1131,11.2119
35,53.6,63.0,9.525,0.5,26.8,19.4158,2.5965,0.0365,0.1131,11.2119
35,53.6,63.0,10.16,0.5,26.8,19.397,2.6819,0.0377,0.1131,11.2119
35,53.6,63.0,10.795,0.5,26.8,19.3772,2.772,0.0389,0.1131,11.2119
35,53.6,63.0,11.43,0.5,26.8,19.3564,2.8667,0.0402,0.1131,11.2119
35,53.6,63.0,12.065,0.5,26.8,19.3347,2.966,0.0416,0.1131,11.2119
35,53.6,63.0,6.985,0.6,32.16,19.4813,2.2996,0.0324,0.0955,9.3613
35,53.6,63.0,7.62,0.6,32.16,19.4667,2.3655,0.0333,0.0955,9.3613
35,53.6,63.0,8.255,0.6,32.16,19.4511,2.4364,0.0343,0.0955,9.3613
35,53.6,63.0,8.89,0.6,32.16,19.4344,2.512,0.0354,0.0955,9.3613
35,53.6,63.0,9.525,0.6,32.16,19.4167,2.5925,0.0365,0.0955,9.3613
35,53.6,63.0,10.16,0.6,32.16,19.3979,2.6776,0.0376,0.0955,9.3613
35,53.6,63.0,10.795,0.6,32.16,19.3782,2.7674,0.0389,0.0955,9.3613
35,53.6,63.0,11.43,0.6,32.16,19.3575,2.8618,0.0402,0.0955,9.3613
35,53.6,63.0,12.065,0.6,32.16,19.3358,2.9607,0.0415,0.0955,9.3613
35,53.6,63.0,6.985,0.7,37.52,19.482,2.2968,0.0324,0.0829,8.0334
35,53.6,63.0,7.62,0.7,37.52,19.4674,2.3626,0.0333,0.0829,8.0334
35,53.6,63.0,8.255,0.7,37.52,19.4518,2.4332,0.0343,0.0829,8.0334
35,53.6,63.0,8.89,0.7,37.52,19.4351,2.5087,0.0353,0.0829,8.0334
35,53.6,63.0,9.525,0.7,37.52,19.4175,2.5889,0.0364,0.0829,8.0334
35,53.6,63.0,10.16,0.7,37.52,19.3988,2.6738,0.0376,0.0829,8.0334
35,53.6,63.0,10.795,0.7,37.52,19.3791,2.7634,0.0388,0.0829,8.0334
35,53.6,63.0,11.43,0.7,37.52,19.3584,2.8575,0.0401,0.0829,8.0334
35,53.6,63.0,12.065,0.7,37.52,19.3368,2.9561,0.0414,0.0829,8.0334
35,53.6,63.0,6.985,0.8,42.88,19.4825,2.2943,0.0323,0.0734,7.0345
35,53.6,63.0,7.62,0.8,42.88,19.468,2.3599,0.0333,0.0734,7.0345
35,53.6,63.0,8.255,0.8,42.88,19.4524,2.4304,0.0342,0.0734,7.0345
35,53.6,63.0,8.89,0.8,42.88,19.4358,2.5057,0.0353,0.0734,7.0345
35,53.6,63.0,9.525,0.8,42.88,19.4181,2.5857,0.0364,0.0734,7.0345
35,53.6,63.0,10.16,0.8,42.88,19.3995,2.6704,0.0375,0.0734,7.0345
35,53.6,63.0,10.795,0.8,42.88,19.3799,2.7598,0.0388,0.0734,7.0345
35,53.6,63.0,11.43,0.8,42.88,19.3593,2.8536,0.04,0.0734,7.0345
35,53.6,63.0,12.065,0.8,42.88,19.3377,2.9519,0.0414,0.0734,7.0345
35,53.6,63.0,6.985,0.9,48.24,19.483,2.292,0.0323,0.0659,6.2562
35,53.6,63.0,7.62,0.9,48.24,19.4685,2.3575,0.0332,0.0659,6.2562
35,53.6,63.0,8.255,0.9,48.24,19.453,2.4279,0.0342,0.0659,6.2562
35,53.6,63.0,8.89,0.9,48.24,19.4364,2.503,0.0352,0.0659,6.2562
35,53.6,63.0,9.525,0.9,48.24,19.4188,2.5829,0.0363,0.0659,6.2562
35,53.6,63.0,10.16,0.9,48.24,19.4002,2.6674,0.0375,0.0659,6.2562
35,53.6,63.0,10.795,0.9,48.24,19.3806,2.7565,0.0387,0.0659,6.2562
35,53.6,63.0,11.43,0.9,48.24,19.36,2.8501,0.04,0.0659,6.2562
35,53.6,63.0,12.065,0.9,48.24,19.3386,2.9482,0.0413,0.0659,6.2562
36,17.0,20.0,6.985,0.8,13.6,15.9975,20.4492,0.2502,0.2131,21.7021
36,17.0,20.0,6.985,0.9,15.3,16.02,20.3138,0.2487,0.191,19.3873
36,17.0,20.0,7.62,0.9,15.3,15.9423,20.7833,0.2536,0.191,19.3873
36,17.0,20.0,8.255,0.9,15.3,15.8609,21.2787,0.2587,0.191,19.3873
36,17.0,20.0,8.89,0.9,15.3,15.7763,21.7972,0.264,0.191,19.3873
36,22.0,25.0,6.985,0.7,15.4,17.3936,12.5378,0.1629,0.1899,19.2662
36,22.0,25.0,7.62,0.7,15.4,17.3328,12.8627,0.1667,0.1899,19.2662
36,22.0,25.0,8.255,0.7,15.4,17.2684,13.2083,0.1707,0.1899,19.2662
36,22.0,25.0,8.89,0.7,15.4,17.2008,13.5733,0.1749,0.1899,19.2662
36,22.0,25.0,6.985,0.8,17.6,17.4048,12.4781,0.1622,0.1676,16.9321
36,22.0,25.0,7.62,0.8,17.6,17.3445,12.7999,0.166,0.1676,16.9321
36,22.0,25.0,8.255,0.8,17.6,17.2807,13.142,0.17,0.1676,16.9321
36,22.0,25.0,8.89,0.8,17.6,17.2138,13.5033,0.1741,0.1676,16.9321
36,22.0,25.0,9.525,0.8,17.6,17.1439,13.8826,0.1785,0.1676,16.9321
36,22.0,25.0,10.16,0.8,17.6,17.0714,14.2786,0.183,0.1676,16.9321
36,22.0,25.0,10.795,0.8,17.6,16.9965,14.6899,0.1877,0.1676,16.9321
36,22.0,25.0,6.985,0.9,19.8,17.4149,12.4242,0.1616,0.1501,15.0965
36,22.0,25.0,7.62,0.9,19.8,17.3551,12.7432,0.1653,0.1501,15.0965
36,22.0,25.0,8.255,0.9,19.8,17.2918,13.0823,0.1693,0.1501,15.0965
36,22.0,25.0,8.89,0.9,19.8,17.2254,13.4403,0.1734,0.1501,15.0965
36,22.0,25.0,9.525,0.9,19.8,17.1561,13.816,0.1777,0.1501,15.0965
36,22.0,25.0,10.16,0.9,19.8,17.0842,14.2081,0.1822,0.1501,15.0965
36,22.0,25.0,10.795,0.9,19.8,17.0101,14.6153,0.1869,0.1501,15.0965
36,22.0,25.0,11.43,0.9,19.8,16.9339,15.0361,0.1916,0.1501,15.0965
36,22.0,25.0,12.065,0.9,19.8,16.8561,15.469,0.1965,0.1501,15.0965
36,27.2,32.0,6.985,0.5,13.6,18.1952,8.4048,0.1128,0.2131,21.7021
36,27.2,32.0,6.985,0.6,16.32,18.2024,8.369,0.1124,0.1799,18.2174
36,27.2,32.0,7.62,0.6,16.32,18.1565,8.5982,0.1152,0.1799,18.2174
36,27.2,32.0,8.255,0.6,16.32,18.1077,8.843,0.1183,0.1799,18.2174
36,27.2,32.0,8.89,0.6,16.32,18.0561,9.1027,0.1215,0.1799,18.2174
36,27.2,32.0,9.525,0.6,16.32,18.0019,9.3769,0.1249,0.1799,18.2174
36,27.2,32.0,6.985,0.7,19.04,18.2086,8.3378,0.112,0.1557,15.6844
36,27.2,32.0,7.62,0.7,19.04,18.1631,8.5652,0.1148,0.1557,15.6844
36,27.2,32.0,8.255,0.7,19.04,18.1146,8.8081,0.1178,0.1557,15.6844
36,27.2,32.0,8.89,0.7,19.04,18.0634,9.0657,0.121,0.1557,15.6844
36,27.2,32.0,9.525,0.7,19.04,18.0096,9.3376,0.1244,0.1557,15.6844
36,27.2,32.0,10.16,0.7,19.04,17.9534,9.6231,0.1279,0.1557,15.6844
36,27.2,32.0,10.795,0.7,19.04,17.8949,9.9214,0.1316,0.1557,15.6844
36,27.2,32.0,11.43,0.7,19.04,17.8343,10.2319,0.1354,0.1557,15.6844
36,27.2,32.0,12.065,0.7,19.04,17.7718,10.5538,0.1393,0.1557,15.6844
36,27.2,32.0,6.985,0.8,21.76,18.2142,8.3099,0.1116,0.1375,13.7638
36,27.2,32.0,7.62,0.8,21.76,18.169,8.5358,0.1144,0.1375,13.7638
36,27.2,32.0,8.255,0.8,21.76,18.1208,8.777,0.1174,0.1375,13.7638
36,27.2,32.0,8.89,0.8,21.76,18.07,9.0328,0.1206,0.1375,13.7638
36,27.2,32.0,9.525,0.8,21.76,18.0165,9.3027,0.124,0.1375,13.7638
36,27.2,32.0,10.16,0.8,21.76,17.9607,9.586,0.1275,0.1375,13.7638
36,27.2,32.0,10.795,0.8,21.76,17.9026,9.882,0.1311,0.1375,13.7638
36,27.2,32.0,11.43,0.8,21.76,17.8425,10.19,0.1348,0.1375,13.7638
36,27.2,32.0,12.065,0.8,21.76,17.7804,10.5092,0.1387,0.1375,13.7638
36,27.2,32.0,6.985,0.9,24.48,18.2193,8.2847,0.1113,0.1231,12.259
36,27.2,32.0,7.62,0.9,24.48,18.1743,8.5092,0.1141,0.1231,12.259
36,27.2,32.0,8.255,0.9,24.48,18.1264,8.7489,0.1171,0.1231,12.259
36,27.2,32.0,8.89,0.9,24.48,18.0759,9.003,0.1203,0.1231,12.259
36,27.2,32.0,9.525,0.9,24.48,18.0228,9.2711,0.1236,0.1231,12.259
36,27.2,32.0,10.16,0.9,24.48,17.9673,9.5525,0.127,0.1231,12.259
36,27.2,32.0,10.795,0.9,24.48,17.9096,9.8464,0.1307,0.1231,12.259
36,27.2,32.0,11.43,0.9,24.48,17.8498,10.1521,0.1344,0.1231,12.259
36,27.2,32.0,12.065,0.9,24.48,17.7882,10.469,0.1382,0.1231,12.259
36,34.0,40.0,6.985,0.4,13.6,18.7934,5.4899,0.0754,0.2131,21.7021
36,34.0,40.0,6.985,0.5,17.0,18.7973,5.4711,0.0752,0.1731,17.5116
36,34.0,40.0,7.62,0.5,17.0,18.7647,5.6267,0.0772,0.1731,17.5116
36,34.0,40.0,8.255,0.5,17.0,18.7298,5.7933,0.0794,0.1731,17.5116
36,34.0,40.0,8.89,0.5,17.0,18.6928,5.9707,0.0817,0.1731,17.5116
36,34.0,40.0,9.525,0.5,17.0,18.6537,6.1585,0.0841,0.1731,17.5116
36,34.0,40.0,10.16,0.5,17.0,18.6126,6.3566,0.0867,0.1731,17.5116
36,34.0,40.0,6.985,0.6,20.4,18.8007,5.4551,0.075,0.146,14.6622
36,34.0,40.0,7.62,0.6,20.4,18.7682,5.6097,0.077,0.146,14.6622
36,34.0,40.0,8.255,0.6,20.4,18.7336,5.7753,0.0792,0.146,14.6622
36,34.0,40.0,8.89,0.6,20.4,18.6968,5.9516,0.0815,0.146,14.6622
36,34.0,40.0,9.525,0.6,20.4,18.6579,6.1382,0.0839,0.146,14.6622
36,34.0,40.0,10.16,0.6,20.4,18.6171,6.335,0.0864,0.146,14.6622
36,34.0,40.0,10.795,0.6,20.4,18.5743,6.5415,0.0891,0.146,14.6622
36,34.0,40.0,11.43,0.6,20.4,18.5298,6.7575,0.0919,0.146,14.6622
36,34.0,40.0,12.065,0.6,20.4,18.4836,6.9825,0.0948,0.146,14.6622
36,34.0,40.0,6.985,0.7,23.8,18.8037,5.441,0.0748,0.1264,12.6038
36,34.0,40.0,7.62,0.7,23.8,18.7713,5.5949,0.0768,0.1264,12.6038
36,34.0,40.0,8.255,0.7,23.8,18.7369,5.7596,0.0789,0.1264,12.6038
36,34.0,40.0,8.89,0.7,23.8,18.7002,5.9348,0.0812,0.1264,12.6038
36,34.0,40.0,9.525,0.7,23.8,18.6616,6.1204,0.0837,0.1264,12.6038
36,34.0,40.0,10.16,0.7,23.8,18.621,6.316,0.0862,0.1264,12.6038
36,34.0,40.0,10.795,0.7,23.8,18.5785,6.5213,0.0888,0.1264,12.6038
36,34.0,40.0,11.43,0.7,23.8,18.5342,6.7359,0.0916,0.1264,12.6038
36,34.0,40.0,12.065,0.7,23.8,18.4883,6.9595,0.0945,0.1264,12.6038
36,34.0,40.0,6.985,0.8,27.2,18.8063,5.4285,0.0746,0.1116,11.049
36,34.0,40.0,7.62,0.8,27.2,18.7741,5.5816,0.0766,0.1116,11.049
36,34.0,40.0,8.255,0.8,27.2,18.7398,5.7455,0.0788,0.1116,11.049
36,34.0,40.0,8.89,0.8,27.2,18.7034,5.9199,0.081,0.1116,11.049
36,34.0,40.0,9.525,0.8,27.2,18.6649,6.1045,0.0834,0.1116,11.049
36,34.0,40.0,10.16,0.8,27.2,18.6245,6.2991,0.086,0.1116,11.049
36,34.0,40.0,10.795,0.8,27.2,18.5822,6.5033,0.0886,0.1116,11.049
36,34.0,40.0,11.43,0.8,27.2,18.5382,6.7167,0.0914,0.1116,11.049
36,34.0,40.0,12.065,0.8,27.2,18.4925,6.939,0.0942,0.1116,11.049
36,34.0,40.0,6.985,0.9,30.6,18.8087,5.4171,0.0745,0.1,9.834
36,34.0,40.0,7.62,0.9,30.6,18.7766,5.5696,0.0765,0.1,9.834
36,34.0,40.0,8.255,0.9,30.6,18.7425,5.7328,0.0786,0.1,9.834
36,34.0,40.0,8.89,0.9,30.6,18.7062,5.9064,0.0809,0.1,9.834
36,34.0,40.0,9.525,0.9,30.6,18.6679,6.0902,0.0833,0.1,9.834
36,34.0,40.0,10.16,0.9,30.6,18.6277,6.2838,0.0858,0.1,9.834
36,34.0,40.0,10.795,0.9,30.6,18.5856,6.487,0.0884,0.1,9.834
36,34.0,40.0,11.43,0.9,30.6,18.5418,6.6993,0.0911,0.1,9.834
36,34.0,40.0,12.065,0.9,30.6,18.4963,6.9205,0.094,0.1,9.834
36,42.6,50.0,6.985,0.4,17.04,19.2037,3.567,0.0498,0.1728,17.4717
36,42.6,50.0,7.62,0.4,17.04,19.1812,3.6709,0.0512,0.1728,17.4717
36,42.6,50.0,8.255,0.4,17.04,19.1571,3.7825,0.0527,0.1728,17.4717
36,42.6,50.0,8.89,0.4,17.04,19.1314,3.9015,0.0543,0.1728,17.4717
36,42.6,50.0,9.525,0.4,17.04,19.1042,4.0278,0.056,0.1728,17.4717
36,42.6,50.0,10.16,0.4,17.04,19.0755,4.1614,0.0578,0.1728,17.4717
36,42.6,50.0,6.985,0.5,21.3,19.2056,3.5586,0.0497,0.1402,14.0552
36,42.6,50.0,7.62,0.5,21.3,19.1831,3.662,0.0511,0.1402,14.0552
36,42.6,50.0,8.255,0.5,21.3,19.1591,3.773,0.0526,0.1402,14.0552
36,42.6,50.0,8.89,0.5,21.3,19.1336,3.8914,0.0542,0.1402,14.0552
36,42.6,50.0,9.525,0.5,21.3,19.1065,4.0171,0.0558,0.1402,14.0552
36,42.6,50.0,10.16,0.5,21.3,19.078,4.15,0.0576,0.1402,14.0552
36,42.6,50.0,10.795,0.5,21.3,19.048,4.2898,0.0595,0.1402,14.0552
36,42.6,50.0,11.43,0.5,21.3,19.0166,4.4365,0.0615,0.1402,14.0552
36,42.6,50.0,12.065,0.5,21.3,18.9838,4.5899,0.0635,0.1402,14.0552
36,42.6,50.0,6.985,0.6,25.56,19.2071,3.5514,0.0496,0.1183,11.7484
36,42.6,50.0,7.62,0.6,25.56,19.1848,3.6544,0.051,0.1183,11.7484
36,42.6,50.0,8.255,0.6,25.56,19.1609,3.765,0.0524,0.1183,11.7484
36,42.6,50.0,8.89,0.6,25.56,19.1354,3.8829,0.054,0.1183,11.7484
36,42.6,50.0,9.525,0.6,25.56,19.1085,4.008,0.0557,0.1183,11.7484
36,42.6,50.0,10.16,0.6,25.56,19.0801,4.1402,0.0575,0.1183,11.7484
36,42.6,50.0,10.795,0.6,25.56,19.0502,4.2794,0.0594,0.1183,11.7484
36,42.6,50.0,11.43,0.6,25.56,19.019,4.4253,0.0613,0.1183,11.7484
36,42.6,50.0,12.065,0.6,25.56,18.9864,4.578,0.0634,0.1183,11.7484
36,42.6,50.0,6.985,0.7,29.82,19.2085,3.5451,0.0495,0.1024,10.0886
36,42.6,50.0,7.62,0.7,29.82,19.1862,3.6478,0.0509,0.1024,10.0886
36,42.6,50.0,8.255,0.7,29.82,19.1624,3.7579,0.0523,0.1024,10.0886
36,42.6,50.0,8.89,0.7,29.82,19.1371,3.8753,0.0539,0.1024,10.0886
36,42.6,50.0,9.525,0.7,29.82,19.1102,4.0,0.0556,0.1024,10.0886
36,42.6,50.0,10.16,0.7,29.82,19.0819,4.1316,0.0574,0.1024,10.0886
36,42.6,50.0,10.795,0.7,29.82,19.0522,4.2702,0.0592,0.1024,10.0886
36,42.6,50.0,11.43,0.7,29.82,19.0211,4.4156,0.0612,0.1024,10.0886
36,42.6,50.0,12.065,0.7,29.82,18.9886,4.5675,0.0632,0.1024,10.0886
36,42.6,50.0,6.985,0.8,34.08,19.2097,3.5395,0.0494,0.0905,8.8382
36,42.6,50.0,7.62,0.8,34.08,19.1875,3.6418,0.0508,0.0905,8.8382
36,42.6,50.0,8.255,0.8,34.08,19.1638,3.7516,0.0523,0.0905,8.8382
36,42.6,50.0,8.89,0.8,34.08,19.1385,3.8686,0.0538,0.0905,8.8382
36,42.6,50.0,9.525,0.8,34.08,19.1118,3.9928,0.0555,0.0905,8.8382
36,42.6,50.0,10.16,0.8,34.08,19.0835,4.124,0.0573,0.0905,8.8382
36,42.6,50.0,10.795,0.8,34.08,19.0539,4.2621,0.0591,0.0905,8.8382
36,42.6,50.0,11.43,0.8,34.08,19.0229,4.4068,0.0611,0.0905,8.8382
36,42.6,50.0,12.065,0.8,34.08,18.9906,4.5582,0.0631,0.0905,8.8382
36,42.6,50.0,6.985,0.9,38.34,19.2108,3.5344,0.0493,0.0812,7.8626
36,42.6,50.0,7.62,0.9,38.34,19.1887,3.6364,0.0507,0.0812,7.8626
36,42.6,50.0,8.255,0.9,38.34,19.165,3.7458,0.0522,0.0812,7.8626
36,42.6,50.0,8.89,0.9,38.34,19.1398,3.8625,0.0538,0.0812,7.8626
36,42.6,50.0,9.525,0.9,38.34,19.1132,3.9863,0.0554,0.0812,7.8626
36,42.6,50.0,10.16,0.9,38.34,19.085,4.1171,0.0572,0.0812,7.8626
36,42.6,50.0,10.795,0.9,38.34,19.0555,4.2547,0.059,0.0812,7.8626
36,42.6,50.0,11.43,0.9,38.34,19.0246,4.3989,0.061,0.0812,7.8626
36,42.6,50.0,12.065,0.9,38.34,18.9924,4.5497,0.063,0.0812,7.8626
36,53.6,63.0,6.985,0.3,16.08,19.4784,2.3129,0.0326,0.1824,18.48
36,53.6,63.0,7.62,0.3,16.08,19.4632,2.3815,0.0335,0.1824,18.48
36,53.6,63.0,8.255,0.3,16.08,19.447,2.4551,0.0346,0.1824,18.48
36,53.6,63.0,8.89,0.3,16.08,19.4296,2.5337,0.0356,0.1824,18.48
36,53.6,63.0,9.525,0.3,16.08,19.4112,2.6173,0.0368,0.1824,18.48
36,53.6,63.0,6.985,0.4,21.44,19.4794,2.3084,0.0325,0.1394,13.9653
36,53.6,63.0,7.62,0.4,21.44,19.4643,2.3767,0.0335,0.1394,13.9653
36,53.6,63.0,8.255,0.4,21.44,19.4481,2.45,0.0345,0.1394,13.9653
36,53.6,63.0,8.89,0.4,21.44,19.4308,2.5283,0.0356,0.1394,13.9653
36,53.6,63.0,9.525,0.4,21.44,19.4125,2.6116,0.0367,0.1394,13.9653
36,53.6,63.0,10.16,0.4,21.44,19.3931,2.6997,0.0379,0.1394,13.9653
36,53.6,63.0,10.795,0.4,21.44,19.3726,2.7927,0.0392,0.1394,13.9653
36,53.6,63.0,11.43,0.4,21.44,19.3512,2.8905,0.0406,0.1394,13.9653
36,53.6,63.0,12.065,0.4,21.44,19.3288,2.9929,0.042,0.1394,13.9653
36,53.6,63.0,6.985,0.5,26.8,19.4802,2.3047,0.0325,0.1131,11.2119
36,53.6,63.0,7.62,0.5,26.8,19.4652,2.3727,0.0334,0.1131,11.2119
36,53.6,63.0,8.255,0.5,26.8,19.449,2.4458,0.0344,0.1131,11.2119
36,53.6,63.0,8.89,0.5,26.8,19.4318,2.5238,0.0355,0.1131,11.2119
36,53.6,63.0,9.525,0.5,26.8,19.4135,2.6068,0.0367,0.1131,11.2119
36,53.6,63.0,10.16,0.5,26.8,19.3942,2.6946,0.0379,0.1131,11.2119
36,53.6,63.0,10.795,0.5,26.8,19.3738,2.7873,0.0391,0.1131,11.2119
36,53.6,63.0,11.43,0.5,26.8,19.3525,2.8846,0.0405,0.1131,11.2119
36,53.6,63.0,12.065,0.5,26.8,19.3301,2.9866,0.0419,0.1131,11.2119
36,53.6,63.0,6.985,0.6,32.16,19.4809,2.3015,0.0324,0.0955,9.3613
36,53.6,63.0,7.62,0.6,32.16,19.4659,2.3693,0.0334,0.0955,9.3613
36,53.6,63.0,8.255,0.6,32.16,19.4498,2.4422,0.0344,0.0955,9.3613
36,53.6,63.0,8.89,0.6,32.16,19.4326,2.52,0.0355,0.0955,9.3613
36,53.6,63.0,9.525,0.6,32.16,19.4144,2.6027,0.0366,0.0955,9.3613
36,53.6,63.0,10.16,0.6,32.16,19.3951,2.6903,0.0378,0.0955,9.3613
36,53.6,63.0,10.795,0.6,32.16,19.3749,2.7826,0.0391,0.0955,9.3613
36,53.6,63.0,11.43,0.6,32.16,19.3536,2.8796,0.0404,0.0955,9.3613
36,53.6,63.0,12.065,0.6,32.16,19.3313,2.9813,0.0418,0.0955,9.3613
36,53.6,63.0,6.985,0.7,37.52,19.4815,2.2987,0.0324,0.0829,8.0334
36,53.6,63.0,7.62,0.7,37.52,19.4666,2.3664,0.0333,0.0829,8.0334
36,53.6,63.0,8.255,0.7,37.52,19.4505,2.439,0.0343,0.0829,8.0334
36,53.6,63.0,8.89,0.7,37.52,19.4334,2.5166,0.0354,0.0829,8.0334
36,53.6,63.0,9.525,0.7,37.52,19.4152,2.5991,0.0365,0.0829,8.0334
36,53.6,63.0,10.16,0.7,37.52,19.396,2.6864,0.0378,0.0829,8.0334
36,53.6,63.0,10.795,0.7,37.52,19.3758,2.7785,0.039,0.0829,8.0334
36,53.6,63.0,11.43,0.7,37.52,19.3545,2.8753,0.0403,0.0829,8.0334
36,53.6,63.0,12.065,0.7,37.52,19.3323,2.9766,0.0417,0.0829,8.0334
36,53.6,63.0,6.985,0.8,42.88,19.4821,2.2962,0.0324,0.0734,7.0345
36,53.6,63.0,7.62,0.8,42.88,19.4671,2.3637,0.0333,0.0734,7.0345
36,53.6,63.0,8.255,0.8,42.88,19.4511,2.4362,0.0343,0.0734,7.0345
36,53.6,63.0,8.89,0.8,42.88,19.434,2.5136,0.0354,0.0734,7.0345
36,53.6,63.0,9.525,0.8,42.88,19.4159,2.5959,0.0365,0.0734,7.0345
36,53.6,63.0,10.16,0.8,42.88,19.3967,2.683,0.0377,0.0734,7.0345
36,53.6,63.0,10.795,0.8,42.88,19.3766,2.7748,0.039,0.0734,7.0345
36,53.6,63.0,11.43,0.8,42.88,19.3554,2.8713,0.0403,0.0734,7.0345
36,53.6,63.0,12.065,0.8,42.88,19.3332,2.9724,0.0417,0.0734,7.0345
36,53.6,63.0,6.985,0.9,48.24,19.4826,2.2939,0.0323,0.0659,6.2562
36,53.6,63.0,7.62,0.9,48.24,19.4677,2.3613,0.0333,0.0659,6.2562
36,53.6,63.0,8.255,0.9,48.24,19.4517,2.4337,0.0343,0.0659,6.2562
36,53.6,63.0,8.89,0.9,48.24,19.4346,2.5109,0.0353,0.0659,6.2562
36,53.6,63.0,9.525,0.9,48.24,19.4165,2.593,0.0365,0.0659,6.2562
36,53.6,63.0,10.16,0.9,48.24,19.3974,2.6799,0.0377,0.0659,6.2562
36,53.6,63.0,10.795,0.9,48.24,19.3773,2.7715,0.0389,0.0659,6.2562
36,53.6,63.0,11.43,0.9,48.24,19.3562,2.8678,0.0402,0.0659,6.2562
36,53.6,63.0,12.065,0.9,48.24,19.3341,2.9686,0.0416,0.0659,6.2562
37,17.0,20.0,6.985,0.8,13.6,15.9953,20.4628,0.2503,0.2131,21.7021
37,17.0,20.0,6.985,0.9,15.3,16.0178,20.3272,0.2489,0.191,19.3873
37,17.0,20.0,7.62,0.9,15.3,15.938,20.8095,0.2539,0.191,19.3873
37,17.0,20.0,8.255,0.9,15.3,15.8544,21.3181,0.2591,0.191,19.3873
37,17.0,20.0,8.89,0.9,15.3,15.7677,21.8503,0.2645,0.191,19.3873
37,22.0,25.0,6.985,0.7,15.4,17.3918,12.5471,0.163,0.1899,19.2662
37,22.0,25.0,7.62,0.7,15.4,17.3294,12.8809,0.1669,0.1899,19.2662
37,22.0,25.0,8.255,0.7,15.4,17.2633,13.2358,0.171,0.1899,19.2662
37,22.0,25.0,8.89,0.7,15.4,17.1939,13.6107,0.1754,0.1899,19.2662
37,22.0,25.0,6.985,0.8,17.6,17.4031,12.4872,0.1623,0.1676,16.9321
37,22.0,25.0,7.62,0.8,17.6,17.3411,12.8178,0.1662,0.1676,16.9321
37,22.0,25.0,8.255,0.8,17.6,17.2757,13.1693,0.1703,0.1676,16.9321
37,22.0,25.0,8.89,0.8,17.6,17.2069,13.5403,0.1746,0.1676,16.9321
37,22.0,25.0,9.525,0.8,17.6,17.1352,13.9297,0.179,0.1676,16.9321
37,22.0,25.0,10.16,0.8,17.6,17.0609,14.3361,0.1837,0.1676,16.9321
37,22.0,25.0,10.795,0.8,17.6,16.9842,14.758,0.1885,0.1676,16.9321
37,22.0,25.0,6.985,0.9,19.8,17.4132,12.4333,0.1617,0.1501,15.0965
37,22.0,25.0,7.62,0.9,19.8,17.3518,12.761,0.1655,0.1501,15.0965
37,22.0,25.0,8.255,0.9,19.8,17.2868,13.1093,0.1696,0.1501,15.0965
37,22.0,25.0,8.89,0.9,19.8,17.2187,13.4769,0.1738,0.1501,15.0965
37,22.0,25.0,9.525,0.9,19.8,17.1476,13.8626,0.1783,0.1501,15.0965
37,22.0,25.0,10.16,0.9,19.8,17.0738,14.265,0.1829,0.1501,15.0965
37,22.0,25.0,10.795,0.9,19.8,16.9978,14.6827,0.1876,0.1501,15.0965
37,22.0,25.0,11.43,0.9,19.8,16.9198,15.1143,0.1925,0.1501,15.0965
37,22.0,25.0,12.065,0.9,19.8,16.8401,15.5581,0.1975,0.1501,15.0965
37,27.2,32.0,6.985,0.5,13.6,18.1939,8.4114,0.1129,0.2131,21.7021
37,27.2,32.0,6.985,0.6,16.32,18.2011,8.3755,0.1124,0.1799,18.2174
37,27.2,32.0,7.62,0.6,16.32,18.1539,8.6111,0.1154,0.1799,18.2174
37,27.2,32.0,8.255,0.6,16.32,18.1038,8.8625,0.1185,0.1799,18.2174
37,27.2,32.0,8.89,0.6,16.32,18.0508,9.1293,0.1218,0.1799,18.2174
37,27.2,32.0,9.525,0.6,16.32,17.9952,9.4108,0.1253,0.1799,18.2174
37,27.2,32.0,6.985,0.7,19.04,18.2073,8.3442,0.112,0.1557,15.6844
37,27.2,32.0,7.62,0.7,19.04,18.1605,8.5779,0.115,0.1557,15.6844
37,27.2,32.0,8.255,0.7,19.04,18.1108,8.8274,0.1181,0.1557,15.6844
37,27.2,32.0,8.89,0.7,19.04,18.0582,9.0921,0.1214,0.1557,15.6844
37,27.2,32.0,9.525,0.7,19.04,18.003,9.3713,0.1248,0.1557,15.6844
37,27.2,32.0,10.16,0.7,19.04,17.9453,9.6644,0.1284,0.1557,15.6844
37,27.2,32.0,10.795,0.7,19.04,17.8853,9.9706,0.1322,0.1557,15.6844
37,27.2,32.0,11.43,0.7,19.04,17.8231,10.2893,0.1361,0.1557,15.6844
37,27.2,32.0,12.065,0.7,19.04,17.7591,10.6196,0.1401,0.1557,15.6844
37,27.2,32.0,6.985,0.8,21.76,18.213,8.3163,0.1117,0.1375,13.7638
37,27.2,32.0,7.62,0.8,21.76,18.1664,8.5484,0.1146,0.1375,13.7638
37,27.2,32.0,8.255,0.8,21.76,18.117,8.7962,0.1177,0.1375,13.7638
37,27.2,32.0,8.89,0.8,21.76,18.0648,9.0589,0.121,0.1375,13.7638
37,27.2,32.0,9.525,0.8,21.76,18.0099,9.3361,0.1244,0.1375,13.7638
37,27.2,32.0,10.16,0.8,21.76,17.9526,9.6269,0.128,0.1375,13.7638
37,27.2,32.0,10.795,0.8,21.76,17.893,9.9308,0.1317,0.1375,13.7638
37,27.2,32.0,11.43,0.8,21.76,17.8314,10.2469,0.1355,0.1375,13.7638
37,27.2,32.0,12.065,0.8,21.76,17.7678,10.5744,0.1395,0.1375,13.7638
37,27.2,32.0,6.985,0.9,24.48,18.218,8.2911,0.1114,0.1231,12.259
37,27.2,32.0,7.62,0.9,24.48,18.1718,8.5218,0.1143,0.1231,12.259
37,27.2,32.0,8.255,0.9,24.48,18.1226,8.768,0.1173,0.1231,12.259
37,27.2,32.0,8.89,0.9,24.48,18.0707,9.029,0.1206,0.1231,12.259
37,27.2,32.0,9.525,0.9,24.48,18.0162,9.3043,0.124,0.1231,12.259
37,27.2,32.0,10.16,0.9,24.48,17.9593,9.5932,0.1275,0.1231,12.259
37,27.2,32.0,10.795,0.9,24.48,17.9001,9.8948,0.1312,0.1231,12.259
37,27.2,32.0,11.43,0.9,24.48,17.8388,10.2086,0.1351,0.1231,12.259
37,27.2,32.0,12.065,0.9,24.48,17.7757,10.5337,0.139,0.1231,12.259
37,34.0,40.0,6.985,0.4,13.6,18.7924,5.4943,0.0755,0.2131,21.7021
37,34.0,40.0,6.985,0.5,17.0,18.7964,5.4755,0.0752,0.1731,17.5116
37,34.0,40.0,7.62,0.5,17.0,18.7628,5.6354,0.0773,0.1731,17.5116
37,34.0,40.0,8.255,0.5,17.0,18.727,5.8066,0.0796,0.1731,17.5116
37,34.0,40.0,8.89,0.5,17.0,18.689,5.9888,0.0819,0.1731,17.5116
37,34.0,40.0,9.525,0.5,17.0,18.6488,6.1818,0.0844,0.1731,17.5116
37,34.0,40.0,10.16,0.5,17.0,18.6066,6.3852,0.0871,0.1731,17.5116
37,34.0,40.0,6.985,0.6,20.4,18.7998,5.4594,0.075,0.146,14.6622
37,34.0,40.0,7.62,0.6,20.4,18.7664,5.6184,0.0771,0.146,14.6622
37,34.0,40.0,8.255,0.6,20.4,18.7308,5.7885,0.0793,0.146,14.6622
37,34.0,40.0,8.89,0.6,20.4,18.693,5.9696,0.0817,0.146,14.6622
37,34.0,40.0,9.525,0.6,20.4,18.6531,6.1613,0.0842,0.146,14.6622
37,34.0,40.0,10.16,0.6,20.4,18.6112,6.3634,0.0868,0.146,14.6622
37,34.0,40.0,10.795,0.6,20.4,18.5673,6.5755,0.0895,0.146,14.6622
37,34.0,40.0,11.43,0.6,20.4,18.5216,6.7973,0.0924,0.146,14.6622
37,34.0,40.0,12.065,0.6,20.4,18.4742,7.0283,0.0954,0.146,14.6622
37,34.0,40.0,6.985,0.7,23.8,18.8027,5.4454,0.0748,0.1264,12.6038
37,34.0,40.0,7.62,0.7,23.8,18.7695,5.6035,0.0769,0.1264,12.6038
37,34.0,40.0,8.255,0.7,23.8,18.7341,5.7727,0.0791,0.1264,12.6038
37,34.0,40.0,8.89,0.7,23.8,18.6965,5.9528,0.0815,0.1264,12.6038
37,34.0,40.0,9.525,0.7,23.8,18.6568,6.1434,0.0839,0.1264,12.6038
37,34.0,40.0,10.16,0.7,23.8,18.6151,6.3443,0.0866,0.1264,12.6038
37,34.0,40.0,10.795,0.7,23.8,18.5715,6.5551,0.0893,0.1264,12.6038
37,34.0,40.0,11.43,0.7,23.8,18.5261,6.7754,0.0921,0.1264,12.6038
37,34.0,40.0,12.065,0.7,23.8,18.479,7.005,0.0951,0.1264,12.6038
37,34.0,40.0,6.985,0.8,27.2,18.8054,5.4328,0.0747,0.1116,11.049
37,34.0,40.0,7.62,0.8,27.2,18.7723,5.5902,0.0767,0.1116,11.049
37,34.0,40.0,8.255,0.8,27.2,18.7371,5.7586,0.0789,0.1116,11.049
37,34.0,40.0,8.89,0.8,27.2,18.6996,5.9377,0.0813,0.1116,11.049
37,34.0,40.0,9.525,0.8,27.2,18.6601,6.1274,0.0837,0.1116,11.049
37,34.0,40.0,10.16,0.8,27.2,18.6187,6.3272,0.0863,0.1116,11.049
37,34.0,40.0,10.795,0.8,27.2,18.5753,6.5369,0.089,0.1116,11.049
37,34.0,40.0,11.43,0.8,27.2,18.5301,6.756,0.0919,0.1116,11.049
37,34.0,40.0,12.065,0.8,27.2,18.4832,6.9842,0.0948,0.1116,11.049
37,34.0,40.0,6.985,0.9,30.6,18.8078,5.4214,0.0745,0.1,9.834
37,34.0,40.0,7.62,0.9,30.6,18.7749,5.5781,0.0766,0.1,9.834
37,34.0,40.0,8.255,0.9,30.6,18.7397,5.7458,0.0788,0.1,9.834
37,34.0,40.0,8.89,0.9,30.6,18.7025,5.9242,0.0811,0.1,9.834
37,34.0,40.0,9.525,0.9,30.6,18.6631,6.1129,0.0836,0.1,9.834
37,34.0,40.0,10.16,0.9,30.6,18.6219,6.3118,0.0861,0.1,9.834
37,34.0,40.0,10.795,0.9,30.6,18.5787,6.5204,0.0888,0.1,9.834
37,34.0,40.0,11.43,0.9,30.6,18.5337,6.7384,0.0916,0.1,9.834
37,34.0,40.0,12.065,0.9,30.6,18.4871,6.9654,0.0946,0.1,9.834
37,42.6,50.0,6.985,0.4,17.04,19.2031,3.5699,0.0498,0.1728,17.4717
37,42.6,50.0,7.62,0.4,17.04,19.18,3.6768,0.0513,0.1728,17.4717
37,42.6,50.0,8.255,0.4,17.04,19.1552,3.7914,0.0528,0.1728,17.4717
37,42.6,50.0,8.89,0.4,17.04,19.1288,3.9137,0.0544,0.1728,17.4717
37,42.6,50.0,9.525,0.4,17.04,19.1009,4.0435,0.0562,0.1728,17.4717
37,42.6,50.0,10.16,0.4,17.04,19.0714,4.1807,0.058,0.1728,17.4717
37,42.6,50.0,6.985,0.5,21.3,19.2049,3.5615,0.0497,0.1402,14.0552
37,42.6,50.0,7.62,0.5,21.3,19.1819,3.6678,0.0511,0.1402,14.0552
37,42.6,50.0,8.255,0.5,21.3,19.1572,3.7819,0.0527,0.1402,14.0552
37,42.6,50.0,8.89,0.5,21.3,19.131,3.9035,0.0543,0.1402,14.0552
37,42.6,50.0,9.525,0.5,21.3,19.1032,4.0327,0.0561,0.1402,14.0552
37,42.6,50.0,10.16,0.5,21.3,19.0739,4.1691,0.0579,0.1402,14.0552
37,42.6,50.0,10.795,0.5,21.3,19.0431,4.3128,0.0598,0.1402,14.0552
37,42.6,50.0,11.43,0.5,21.3,19.0108,4.4635,0.0618,0.1402,14.0552
37,42.6,50.0,12.065,0.5,21.3,18.9772,4.621,0.0639,0.1402,14.0552
37,42.6,50.0,6.985,0.6,25.56,19.2065,3.5543,0.0496,0.1183,11.7484
37,42.6,50.0,7.62,0.6,25.56,19.1835,3.6602,0.051,0.1183,11.7484
37,42.6,50.0,8.255,0.6,25.56,19.159,3.7738,0.0526,0.1183,11.7484
37,42.6,50.0,8.89,0.6,25.56,19.1328,3.8949,0.0542,0.1183,11.7484
37,42.6,50.0,9.525,0.6,25.56,19.1052,4.0235,0.0559,0.1183,11.7484
37,42.6,50.0,10.16,0.6,25.56,19.076,4.1593,0.0578,0.1183,11.7484
37,42.6,50.0,10.795,0.6,25.56,19.0453,4.3023,0.0597,0.1183,11.7484
37,42.6,50.0,11.43,0.6,25.56,19.0132,4.4522,0.0617,0.1183,11.7484
37,42.6,50.0,12.065,0.6,25.56,18.9798,4.6089,0.0638,0.1183,11.7484
37,42.6,50.0,6.985,0.7,29.82,19.2079,3.548,0.0495,0.1024,10.0886
37,42.6,50.0,7.62,0.7,29.82,19.185,3.6535,0.0509,0.1024,10.0886
37,42.6,50.0,8.255,0.7,29.82,19.1605,3.7667,0.0525,0.1024,10.0886
37,42.6,50.0,8.89,0.7,29.82,19.1345,3.8873,0.0541,0.1024,10.0886
37,42.6,50.0,9.525,0.7,29.82,19.1069,4.0154,0.0558,0.1024,10.0886
37,42.6,50.0,10.16,0.7,29.82,19.0778,4.1507,0.0576,0.1024,10.0886
37,42.6,50.0,10.795,0.7,29.82,19.0473,4.293,0.0595,0.1024,10.0886
37,42.6,50.0,11.43,0.7,29.82,19.0154,4.4423,0.0615,0.1024,10.0886
37,42.6,50.0,12.065,0.7,29.82,18.9821,4.5983,0.0636,0.1024,10.0886
37,42.6,50.0,6.985,0.8,34.08,19.2091,3.5424,0.0494,0.0905,8.8382
37,42.6,50.0,7.62,0.8,34.08,19.1863,3.6475,0.0509,0.0905,8.8382
37,42.6,50.0,8.255,0.8,34.08,19.1619,3.7603,0.0524,0.0905,8.8382
37,42.6,50.0,8.89,0.8,34.08,19.1359,3.8806,0.054,0.0905,8.8382
37,42.6,50.0,9.525,0.8,34.08,19.1084,4.0082,0.0557,0.0905,8.8382
37,42.6,50.0,10.16,0.8,34.08,19.0795,4.1429,0.0575,0.0905,8.8382
37,42.6,50.0,10.795,0.8,34.08,19.0491,4.2848,0.0594,0.0905,8.8382
37,42.6,50.0,11.43,0.8,34.08,19.0172,4.4334,0.0614,0.0905,8.8382
37,42.6,50.0,12.065,0.8,34.08,18.9841,4.5888,0.0635,0.0905,8.8382
37,42.6,50.0,6.985,0.9,38.34,19.2102,3.5373,0.0494,0.0812,7.8626
37,42.6,50.0,7.62,0.9,38.34,19.1875,3.6421,0.0508,0.0812,7.8626
37,42.6,50.0,8.255,0.9,38.34,19.1631,3.7546,0.0523,0.0812,7.8626
37,42.6,50.0,8.89,0.9,38.34,19.1373,3.8744,0.0539,0.0812,7.8626
37,42.6,50.0,9.525,0.9,38.34,19.1099,4.0016,0.0556,0.0812,7.8626
37,42.6,50.0,10.16,0.9,38.34,19.081,4.1359,0.0574,0.0812,7.8626
37,42.6,50.0,10.795,0.9,38.34,19.0507,4.2773,0.0593,0.0812,7.8626
37,42.6,50.0,11.43,0.9,38.34,19.019,4.4254,0.0613,0.0812,7.8626
37,42.6,50.0,12.065,0.9,38.34,18.9859,4.5803,0.0634,0.0812,7.8626
37,53.6,63.0,6.985,0.3,16.08,19.478,2.3149,0.0326,0.1824,18.48
37,53.6,63.0,7.62,0.3,16.08,19.4624,2.3853,0.0336,0.1824,18.48
37,53.6,63.0,8.255,0.3,16.08,19.4457,2.4609,0.0346,0.1824,18.48
37,53.6,63.0,8.89,0.3,16.08,19.4278,2.5418,0.0358,0.1824,18.48
37,53.6,63.0,9.525,0.3,16.08,19.4089,2.6277,0.0369,0.1824,18.48
37,53.6,63.0,6.985,0.4,21.44,19.479,2.3103,0.0326,0.1394,13.9653
37,53.6,63.0,7.62,0.4,21.44,19.4634,2.3805,0.0335,0.1394,13.9653
37,53.6,63.0,8.255,0.4,21.44,19.4468,2.4558,0.0346,0.1394,13.9653
37,53.6,63.0,8.89,0.4,21.44,19.429,2.5363,0.0357,0.1394,13.9653
37,53.6,63.0,9.525,0.4,21.44,19.4102,2.6219,0.0369,0.1394,13.9653
37,53.6,63.0,10.16,0.4,21.44,19.3903,2.7124,0.0381,0.1394,13.9653
37,53.6,63.0,10.795,0.4,21.44,19.3693,2.808,0.0394,0.1394,13.9653
37,53.6,63.0,11.43,0.4,21.44,19.3473,2.9084,0.0408,0.1394,13.9653
37,53.6,63.0,12.065,0.4,21.44,19.3242,3.0136,0.0422,0.1394,13.9653
37,53.6,63.0,6.985,0.5,26.8,19.4798,2.3066,0.0325,0.1131,11.2119
37,53.6,63.0,7.62,0.5,26.8,19.4643,2.3765,0.0335,0.1131,11.2119
37,53.6,63.0,8.255,0.5,26.8,19.4477,2.4516,0.0345,0.1131,11.2119
37,53.6,63.0,8.89,0.5,26.8,19.43,2.5318,0.0356,0.1131,11.2119
37,53.6,63.0,9.525,0.5,26.8,19.4113,2.6171,0.0368,0.1131,11.2119
37,53.6,63.0,10.16,0.5,26.8,19.3914,2.7073,0.038,0.1131,11.2119
37,53.6,63.0,10.795,0.5,26.8,19.3705,2.8025,0.0393,0.1131,11.2119
37,53.6,63.0,11.43,0.5,26.8,19.3486,2.9025,0.0407,0.1131,11.2119
37,53.6,63.0,12.065,0.5,26.8,19.3256,3.0073,0.0421,0.1131,11.2119
37,53.6,63.0,6.985,0.6,32.16,19.4805,2.3034,0.0325,0.0955,9.3613
37,53.6,63.0,7.62,0.6,32.16,19.4651,2.3731,0.0334,0.0955,9.3613
37,53.6,63.0,8.255,0.6,32.16,19.4485,2.448,0.0345,0.0955,9.3613
37,53.6,63.0,8.89,0.6,32.16,19.4309,2.528,0.0356,0.0955,9.3613
37,53.6,63.0,9.525,0.6,32.16,19.4122,2.6129,0.0367,0.0955,9.3613
37,53.6,63.0,10.16,0.6,32.16,19.3924,2.7029,0.038,0.0955,9.3613
37,53.6,63.0,10.795,0.6,32.16,19.3715,2.7978,0.0393,0.0955,9.3613
37,53.6,63.0,11.43,0.6,32.16,19.3497,2.8974,0.0406,0.0955,9.3613
37,53.6,63.0,12.065,0.6,32.16,19.3268,3.0019,0.0421,0.0955,9.3613
37,53.6,63.0,6.985,0.7,37.52,19.4811,2.3006,0.0324,0.0829,8.0334
37,53.6,63.0,7.62,0.7,37.52,19.4657,2.3702,0.0334,0.0829,8.0334
37,53.6,63.0,8.255,0.7,37.52,19.4492,2.4448,0.0344,0.0829,8.0334
37,53.6,63.0,8.89,0.7,37.52,19.4316,2.5246,0.0355,0.0829,8.0334
37,53.6,63.0,9.525,0.7,37.52,19.413,2.6093,0.0367,0.0829,8.0334
37,53.6,63.0,10.16,0.7,37.52,19.3932,2.699,0.0379,0.0829,8.0334
37,53.6,63.0,10.795,0.7,37.52,19.3724,2.7936,0.0392,0.0829,8.0334
37,53.6,63.0,11.43,0.7,37.52,19.3506,2.893,0.0406,0.0829,8.0334
37,53.6,63.0,12.065,0.7,37.52,19.3278,2.9971,0.042,0.0829,8.0334
37,53.6,63.0,6.985,0.8,42.88,19.4817,2.2981,0.0324,0.0734,7.0345
37,53.6,63.0,7.62,0.8,42.88,19.4663,2.3675,0.0334,0.0734,7.0345
37,53.6,63.0,8.255,0.8,42.88,19.4498,2.442,0.0344,0.0734,7.0345
37,53.6,63.0,8.89,0.8,42.88,19.4323,2.5216,0.0355,0.0734,7.0345
37,53.6,63.0,9.525,0.8,42.88,19.4137,2.6061,0.0366,0.0734,7.0345
37,53.6,63.0,10.16,0.8,42.88,19.394,2.6956,0.0379,0.0734,7.0345
37,53.6,63.0,10.795,0.8,42.88,19.3732,2.7899,0.0392,0.0734,7.0345
37,53.6,63.0,11.43,0.8,42.88,19.3515,2.889,0.0405,0.0734,7.0345
37,53.6,63.0,12.065,0.8,42.88,19.3288,2.9929,0.042,0.0734,7.0345
37,53.6,63.0,6.985,0.9,48.24,19.4822,2.2958,0.0324,0.0659,6.2562
37,53.6,63.0,7.62,0.9,48.24,19.4668,2.3651,0.0333,0.0659,6.2562
37,53.6,63.0,8.255,0.9,48.24,19.4504,2.4394,0.0343,0.0659,6.2562
37,53.6,63.0,8.89,0.9,48.24,19.4329,2.5188,0.0354,0.0659,6.2562
37,53.6,63.0,9.525,0.9,48.24,19.4143,2.6032,0.0366,0.0659,6.2562
37,53.6,63.0,10.16,0.9,48.24,19.3947,2.6925,0.0378,0.0659,6.2562
37,53.6,63.0,10.795,0.9,48.24,19.374,2.7866,0.0391,0.0659,6.2562
37,53.6,63.0,11.43,0.9,48.24,19.3523,2.8855,0.0405,0.0659,6.2562
37,53.6,63.0,12.065,0.9,48.24,19.3296,2.989,0.0419,0.0659,6.2562
38,17.0,20.0,6.985,0.8,13.6,15.993,20.4764,0.2504,0.2131,21.7021
38,17.0,20.0,6.985,0.9,15.3,16.0155,20.3406,0.249,0.191,19.3873
38,17.0,20.0,7.62,0.9,15.3,15.9336,20.8357,0.2541,0.191,19.3873
38,17.0,20.0,8.255,0.9,15.3,15.848,21.3575,0.2595,0.191,19.3873
38,17.0,20.0,8.89,0.9,15.3,15.7591,21.9033,0.2651,0.191,19.3873
38,22.0,25.0,6.985,0.7,15.4,17.3901,12.5563,0.1631,0.1899,19.2662
38,22.0,25.0,7.62,0.7,15.4,17.326,12.899,0.1671,0.1899,19.2662
38,22.0,25.0,8.255,0.7,15.4,17.2582,13.2633,0.1714,0.1899,19.2662
38,22.0,25.0,8.89,0.7,15.4,17.1871,13.648,0.1758,0.1899,19.2662
38,22.0,25.0,6.985,0.8,17.6,17.4013,12.4964,0.1624,0.1676,16.9321
38,22.0,25.0,7.62,0.8,17.6,17.3378,12.8358,0.1664,0.1676,16.9321
38,22.0,25.0,8.255,0.8,17.6,17.2706,13.1965,0.1706,0.1676,16.9321
38,22.0,25.0,8.89,0.8,17.6,17.2001,13.5772,0.175,0.1676,16.9321
38,22.0,25.0,9.525,0.8,17.6,17.1266,13.9767,0.1796,0.1676,16.9321
38,22.0,25.0,10.16,0.8,17.6,17.0504,14.3934,0.1843,0.1676,16.9321
38,22.0,25.0,10.795,0.8,17.6,16.9719,14.826,0.1893,0.1676,16.9321
38,22.0,25.0,6.985,0.9,19.8,17.4115,12.4424,0.1618,0.1501,15.0965
38,22.0,25.0,7.62,0.9,19.8,17.3484,12.7788,0.1657,0.1501,15.0965
38,22.0,25.0,8.255,0.9,19.8,17.2818,13.1363,0.1699,0.1501,15.0965
38,22.0,25.0,8.89,0.9,19.8,17.2119,13.5135,0.1743,0.1501,15.0965
38,22.0,25.0,9.525,0.9,19.8,17.139,13.9091,0.1788,0.1501,15.0965
38,22.0,25.0,10.16,0.9,19.8,17.0635,14.3218,0.1835,0.1501,15.0965
38,22.0,25.0,10.795,0.9,19.8,16.9856,14.75,0.1884,0.1501,15.0965
38,22.0,25.0,11.43,0.9,19.8,16.9058,15.1922,0.1934,0.1501,15.0965
38,22.0,25.0,12.065,0.9,19.8,16.8242,15.6469,0.1985,0.1501,15.0965
38,27.2,32.0,6.985,0.5,13.6,18.1926,8.4179,0.113,0.2131,21.7021
38,27.2,32.0,6.985,0.6,16.32,18.1998,8.3821,0.1125,0.1799,18.2174
38,27.2,32.0,7.62,0.6,16.32,18.1514,8.6239,0.1155,0.1799,18.2174
38,27.2,32.0,8.255,0.6,16.32,18.0999,8.882,0.1188,0.1799,18.2174
38,27.2,32.0,8.89,0.6,16.32,18.0456,9.1558,0.1222,0.1799,18.2174
38,27.2,32.0,9.525,0.6,16.32,17.9885,9.4447,0.1257,0.1799,18.2174
38,27.2,32.0,6.985,0.7,19.04,18.2061,8.3507,0.1121,0.1557,15.6844
38,27.2,32.0,7.62,0.7,19.04,18.158,8.5907,0.1151,0.1557,15.6844
38,27.2,32.0,8.255,0.7,19.04,18.1069,8.8468,0.1183,0.1557,15.6844
38,27.2,32.0,8.89,0.7,19.04,18.053,9.1184,0.1217,0.1557,15.6844
38,27.2,32.0,9.525,0.7,19.04,17.9963,9.4049,0.1252,0.1557,15.6844
38,27.2,32.0,10.16,0.7,19.04,17.9372,9.7056,0.1289,0.1557,15.6844
38,27.2,32.0,10.795,0.7,19.04,17.8757,10.0198,0.1328,0.1557,15.6844
38,27.2,32.0,11.43,0.7,19.04,17.812,10.3466,0.1368,0.1557,15.6844
38,27.2,32.0,12.065,0.7,19.04,17.7464,10.6852,0.1409,0.1557,15.6844
38,27.2,32.0,6.985,0.8,21.76,18.2117,8.3227,0.1118,0.1375,13.7638
38,27.2,32.0,7.62,0.8,21.76,18.1639,8.5611,0.1148,0.1375,13.7638
38,27.2,32.0,8.255,0.8,21.76,18.1132,8.8154,0.1179,0.1375,13.7638
38,27.2,32.0,8.89,0.8,21.76,18.0596,9.0851,0.1213,0.1375,13.7638
38,27.2,32.0,9.525,0.8,21.76,18.0033,9.3695,0.1248,0.1375,13.7638
38,27.2,32.0,10.16,0.8,21.76,17.9446,9.6679,0.1285,0.1375,13.7638
38,27.2,32.0,10.795,0.8,21.76,17.8835,9.9796,0.1323,0.1375,13.7638
38,27.2,32.0,11.43,0.8,21.76,17.8203,10.3037,0.1362,0.1375,13.7638
38,27.2,32.0,12.065,0.8,21.76,17.7552,10.6395,0.1403,0.1375,13.7638
38,27.2,32.0,6.985,0.9,24.48,18.2167,8.2975,0.1115,0.1231,12.259
38,27.2,32.0,7.62,0.9,24.48,18.1693,8.5343,0.1144,0.1231,12.259
38,27.2,32.0,8.255,0.9,24.48,18.1188,8.7871,0.1176,0.1231,12.259
38,27.2,32.0,8.89,0.9,24.48,18.0656,9.055,0.1209,0.1231,12.259
38,27.2,32.0,9.525,0.9,24.48,18.0097,9.3375,0.1244,0.1231,12.259
38,27.2,32.0,10.16,0.9,24.48,17.9513,9.6338,0.128,0.1231,12.259
38,27.2,32.0,10.795,0.9,24.48,17.8906,9.9433,0.1318,0.1231,12.259
38,27.2,32.0,11.43,0.9,24.48,17.8279,10.265,0.1358,0.1231,12.259
38,27.2,32.0,12.065,0.9,24.48,17.7632,10.5983,0.1398,0.1231,12.259
38,34.0,40.0,6.985,0.4,13.6,18.7915,5.4988,0.0755,0.2131,21.7021
38,34.0,40.0,6.985,0.5,17.0,18.7955,5.4799,0.0753,0.1731,17.5116
38,34.0,40.0,7.62,0.5,17.0,18.761,5.6441,0.0774,0.1731,17.5116
38,34.0,40.0,8.255,0.5,17.0,18.7242,5.8199,0.0797,0.1731,17.5116
38,34.0,40.0,8.89,0.5,17.0,18.6852,6.0069,0.0822,0.1731,17.5116
38,34.0,40.0,9.525,0.5,17.0,18.644,6.205,0.0847,0.1731,17.5116
38,34.0,40.0,10.16,0.5,17.0,18.6007,6.4138,0.0875,0.1731,17.5116
38,34.0,40.0,6.985,0.6,20.4,18.7989,5.4638,0.0751,0.146,14.6622
38,34.0,40.0,7.62,0.6,20.4,18.7646,5.627,0.0772,0.146,14.6622
38,34.0,40.0,8.255,0.6,20.4,18.728,5.8017,0.0795,0.146,14.6622
38,34.0,40.0,8.89,0.6,20.4,18.6892,5.9876,0.0819,0.146,14.6622
38,34.0,40.0,9.525,0.6,20.4,18.6483,6.1844,0.0845,0.146,14.6622
38,34.0,40.0,10.16,0.6,20.4,18.6053,6.3918,0.0872,0.146,14.6622
38,34.0,40.0,10.795,0.6,20.4,18.5603,6.6095,0.09,0.146,14.6622
38,34.0,40.0,11.43,0.6,20.4,18.5134,6.837,0.0929,0.146,14.6622
38,34.0,40.0,12.065,0.6,20.4,18.4648,7.074,0.0959,0.146,14.6622
38,34.0,40.0,6.985,0.7,23.8,18.8018,5.4497,0.0749,0.1264,12.6038
38,34.0,40.0,7.62,0.7,23.8,18.7677,5.6121,0.077,0.1264,12.6038
38,34.0,40.0,8.255,0.7,23.8,18.7314,5.7858,0.0793,0.1264,12.6038
38,34.0,40.0,8.89,0.7,23.8,18.6928,5.9707,0.0817,0.1264,12.6038
38,34.0,40.0,9.525,0.7,23.8,18.652,6.1664,0.0842,0.1264,12.6038
38,34.0,40.0,10.16,0.7,23.8,18.6093,6.3725,0.0869,0.1264,12.6038
38,34.0,40.0,10.795,0.7,23.8,18.5645,6.5888,0.0897,0.1264,12.6038
38,34.0,40.0,11.43,0.7,23.8,18.518,6.8149,0.0926,0.1264,12.6038
38,34.0,40.0,12.065,0.7,23.8,18.4696,7.0504,0.0956,0.1264,12.6038
38,34.0,40.0,6.985,0.8,27.2,18.8045,5.4371,0.0747,0.1116,11.049
38,34.0,40.0,7.62,0.8,27.2,18.7705,5.5987,0.0768,0.1116,11.049
38,34.0,40.0,8.255,0.8,27.2,18.7343,5.7716,0.0791,0.1116,11.049
38,34.0,40.0,8.89,0.8,27.2,18.6959,5.9556,0.0815,0.1116,11.049
38,34.0,40.0,9.525,0.8,27.2,18.6554,6.1502,0.084,0.1116,11.049
38,34.0,40.0,10.16,0.8,27.2,18.6128,6.3553,0.0867,0.1116,11.049
38,34.0,40.0,10.795,0.8,27.2,18.5683,6.5704,0.0895,0.1116,11.049
38,34.0,40.0,11.43,0.8,27.2,18.522,6.7953,0.0924,0.1116,11.049
38,34.0,40.0,12.065,0.8,27.2,18.474,7.0293,0.0954,0.1116,11.049
38,34.0,40.0,6.985,0.9,30.6,18.8069,5.4257,0.0746,0.1,9.834
38,34.0,40.0,7.62,0.9,30.6,18.7731,5.5866,0.0767,0.1,9.834
38,34.0,40.0,8.255,0.9,30.6,18.737,5.7588,0.0789,0.1,9.834
38,34.0,40.0,8.89,0.9,30.6,18.6988,5.9419,0.0813,0.1,9.834
38,34.0,40.0,9.525,0.9,30.6,18.6584,6.1357,0.0838,0.1,9.834
38,34.0,40.0,10.16,0.9,30.6,18.6161,6.3398,0.0865,0.1,9.834
38,34.0,40.0,10.795,0.9,30.6,18.5718,6.5538,0.0893,0.1,9.834
38,34.0,40.0,11.43,0.9,30.6,18.5257,6.7775,0.0921,0.1,9.834
38,34.0,40.0,12.065,0.9,30.6,18.4779,7.0103,0.0951,0.1,9.834
38,42.6,50.0,6.985,0.4,17.04,19.2025,3.5729,0.0498,0.1728,17.4717
38,42.6,50.0,7.62,0.4,17.04,19.1787,3.6826,0.0513,0.1728,17.4717
38,42.6,50.0,8.255,0.4,17.04,19.1533,3.8003,0.0529,0.1728,17.4717
38,42.6,50.0,8.89,0.4,17.04,19.1262,3.9258,0.0546,0.1728,17.4717
38,42.6,50.0,9.525,0.4,17.04,19.0975,4.0591,0.0564,0.1728,17.4717
38,42.6,50.0,10.16,0.4,17.04,19.0672,4.1999,0.0583,0.1728,17.4717
38,42.6,50.0,6.985,0.5,21.3,19.2043,3.5644,0.0497,0.1402,14.0552
38,42.6,50.0,7.62,0.5,21.3,19.1806,3.6736,0.0512,0.1402,14.0552
38,42.6,50.0,8.255,0.5,21.3,19.1553,3.7908,0.0528,0.1402,14.0552
38,42.6,50.0,8.89,0.5,21.3,19.1284,3.9157,0.0545,0.1402,14.0552
38,42.6,50.0,9.525,0.5,21.3,19.0998,4.0482,0.0563,0.1402,14.0552
38,42.6,50.0,10.16,0.5,21.3,19.0697,4.1883,0.0581,0.1402,14.0552
38,42.6,50.0,10.795,0.5,21.3,19.0381,4.3358,0.0601,0.1402,14.0552
38,42.6,50.0,11.43,0.5,21.3,19.0051,4.4904,0.0622,0.1402,14.0552
38,42.6,50.0,12.065,0.5,21.3,18.9706,4.6521,0.0643,0.1402,14.0552
38,42.6,50.0,6.985,0.6,25.56,19.2059,3.5572,0.0496,0.1183,11.7484
38,42.6,50.0,7.62,0.6,25.56,19.1823,3.666,0.0511,0.1183,11.7484
38,42.6,50.0,8.255,0.6,25.56,19.1571,3.7826,0.0527,0.1183,11.7484
38,42.6,50.0,8.89,0.6,25.56,19.1302,3.907,0.0544,0.1183,11.7484
38,42.6,50.0,9.525,0.6,25.56,19.1018,4.0389,0.0561,0.1183,11.7484
38,42.6,50.0,10.16,0.6,25.56,19.0719,4.1784,0.058,0.1183,11.7484
38,42.6,50.0,10.795,0.6,25.56,19.0404,4.3251,0.06,0.1183,11.7484
38,42.6,50.0,11.43,0.6,25.56,19.0075,4.479,0.062,0.1183,11.7484
38,42.6,50.0,12.065,0.6,25.56,18.9732,4.6398,0.0642,0.1183,11.7484
38,42.6,50.0,6.985,0.7,29.82,19.2072,3.5509,0.0495,0.1024,10.0886
38,42.6,50.0,7.62,0.7,29.82,19.1837,3.6593,0.051,0.1024,10.0886
38,42.6,50.0,8.255,0.7,29.82,19.1586,3.7755,0.0526,0.1024,10.0886
38,42.6,50.0,8.89,0.7,29.82,19.1319,3.8993,0.0543,0.1024,10.0886
38,42.6,50.0,9.525,0.7,29.82,19.1036,4.0308,0.056,0.1024,10.0886
38,42.6,50.0,10.16,0.7,29.82,19.0737,4.1697,0.0579,0.1024,10.0886
38,42.6,50.0,10.795,0.7,29.82,19.0424,4.3158,0.0598,0.1024,10.0886
38,42.6,50.0,11.43,0.7,29.82,19.0096,4.469,0.0619,0.1024,10.0886
38,42.6,50.0,12.065,0.7,29.82,18.9755,4.6291,0.064,0.1024,10.0886
38,42.6,50.0,6.985,0.8,34.08,19.2084,3.5453,0.0495,0.0905,8.8382
38,42.6,50.0,7.62,0.8,34.08,19.185,3.6533,0.0509,0.0905,8.8382
38,42.6,50.0,8.255,0.8,34.08,19.16,3.7691,0.0525,0.0905,8.8382
38,42.6,50.0,8.89,0.8,34.08,19.1334,3.8925,0.0542,0.0905,8.8382
38,42.6,50.0,9.525,0.8,34.08,19.1051,4.0235,0.0559,0.0905,8.8382
38,42.6,50.0,10.16,0.8,34.08,19.0754,4.1619,0.0578,0.0905,8.8382
38,42.6,50.0,10.795,0.8,34.08,19.0442,4.3074,0.0597,0.0905,8.8382
38,42.6,50.0,11.43,0.8,34.08,19.0116,4.46,0.0618,0.0905,8.8382
38,42.6,50.0,12.065,0.8,34.08,18.9775,4.6195,0.0639,0.0905,8.8382
38,42.6,50.0,6.985,0.9,38.34,19.2096,3.5401,0.0494,0.0812,7.8626
38,42.6,50.0,7.62,0.9,38.34,19.1862,3.6478,0.0509,0.0812,7.8626
38,42.6,50.0,8.255,0.9,38.34,19.1613,3.7633,0.0524,0.0812,7.8626
38,42.6,50.0,8.89,0.9,38.34,19.1347,3.8864,0.0541,0.0812,7.8626
38,42.6,50.0,9.525,0.9,38.34,19.1066,4.0169,0.0558,0.0812,7.8626
38,42.6,50.0,10.16,0.9,38.34,19.0769,4.1548,0.0577,0.0812,7.8626
38,42.6,50.0,10.795,0.9,38.34,19.0458,4.2999,0.0596,0.0812,7.8626
38,42.6,50.0,11.43,0.9,38.34,19.0133,4.4519,0.0617,0.0812,7.8626
38,42.6,50.0,12.065,0.9,38.34,18.9794,4.6108,0.0638,0.0812,7.8626
38,53.6,63.0,6.985,0.3,16.08,19.4775,2.3168,0.0327,0.1824,18.48
38,53.6,63.0,7.62,0.3,16.08,19.4615,2.3891,0.0337,0.1824,18.48
38,53.6,63.0,8.255,0.3,16.08,19.4444,2.4668,0.0347,0.1824,18.48
38,53.6,63.0,8.89,0.3,16.08,19.4261,2.5498,0.0359,0.1824,18.48
38,53.6,63.0,9.525,0.3,16.08,19.4066,2.638,0.0371,0.1824,18.48
38,53.6,63.0,6.985,0.4,21.44,19.4785,2.3123,0.0326,0.1394,13.9653
38,53.6,63.0,7.62,0.4,21.44,19.4626,2.3843,0.0336,0.1394,13.9653
38,53.6,63.0,8.255,0.4,21.44,19.4455,2.4617,0.0347,0.1394,13.9653
38,53.6,63.0,8.89,0.4,21.44,19.4273,2.5443,0.0358,0.1394,13.9653
38,53.6,63.0,9.525,0.4,21.44,19.4079,2.6322,0.037,0.1394,13.9653
38,53.6,63.0,10.16,0.4,21.44,19.3875,2.7252,0.0383,0.1394,13.9653
38,53.6,63.0,10.795,0.4,21.44,19.3659,2.8232,0.0396,0.1394,13.9653
38,53.6,63.0,11.43,0.4,21.44,19.3433,2.9263,0.041,0.1394,13.9653
38,53.6,63.0,12.065,0.4,21.44,19.3197,3.0344,0.0425,0.1394,13.9653
38,53.6,63.0,6.985,0.5,26.8,19.4794,2.3085,0.0325,0.1131,11.2119
38,53.6,63.0,7.62,0.5,26.8,19.4635,2.3803,0.0335,0.1131,11.2119
38,53.6,63.0,8.255,0.5,26.8,19.4464,2.4574,0.0346,0.1131,11.2119
38,53.6,63.0,8.89,0.5,26.8,19.4283,2.5398,0.0357,0.1131,11.2119
38,53.6,63.0,9.525,0.5,26.8,19.409,2.6273,0.0369,0.1131,11.2119
38,53.6,63.0,10.16,0.5,26.8,19.3886,2.72,0.0382,0.1131,11.2119
38,53.6,63.0,10.795,0.5,26.8,19.3672,2.8177,0.0396,0.1131,11.2119
38,53.6,63.0,11.43,0.5,26.8,19.3446,2.9204,0.041,0.1131,11.2119
38,53.6,63.0,12.065,0.5,26.8,19.3211,3.0279,0.0424,0.1131,11.2119
38,53.6,63.0,6.985,0.6,32.16,19.4801,2.3053,0.0325,0.0955,9.3613
38,53.6,63.0,7.62,0.6,32.16,19.4642,2.3769,0.0335,0.0955,9.3613
38,53.6,63.0,8.255,0.6,32.16,19.4472,2.4538,0.0345,0.0955,9.3613
38,53.6,63.0,8.89,0.6,32.16,19.4291,2.5359,0.0357,0.0955,9.3613
38,53.6,63.0,9.525,0.6,32.16,19.4099,2.6232,0.0369,0.0955,9.3613
38,53.6,63.0,10.16,0.6,32.16,19.3896,2.7155,0.0382,0.0955,9.3613
38,53.6,63.0,10.795,0.6,32.16,19.3682,2.8129,0.0395,0.0955,9.3613
38,53.6,63.0,11.43,0.6,32.16,19.3458,2.9153,0.0409,0.0955,9.3613
38,53.6,63.0,12.065,0.6,32.16,19.3223,3.0224,0.0424,0.0955,9.3613
38,53.6,63.0,6.985,0.7,37.52,19.4807,2.3025,0.0325,0.0829,8.0334
38,53.6,63.0,7.62,0.7,37.52,19.4649,2.374,0.0334,0.0829,8.0334
38,53.6,63.0,8.255,0.7,37.52,19.4479,2.4506,0.0345,0.0829,8.0334
38,53.6,63.0,8.89,0.7,37.52,19.4299,2.5325,0.0356,0.0829,8.0334
38,53.6,63.0,9.525,0.7,37.52,19.4107,2.6195,0.0368,0.0829,8.0334
38,53.6,63.0,10.16,0.7,37.52,19.3904,2.7116,0.0381,0.0829,8.0334
38,53.6,63.0,10.795,0.7,37.52,19.3691,2.8087,0.0394,0.0829,8.0334
38,53.6,63.0,11.43,0.7,37.52,19.3467,2.9108,0.0408,0.0829,8.0334
38,53.6,63.0,12.065,0.7,37.52,19.3234,3.0176,0.0423,0.0829,8.0334
38,53.6,63.0,6.985,0.8,42.88,19.4812,2.3,0.0324,0.0734,7.0345
38,53.6,63.0,7.62,0.8,42.88,19.4655,2.3713,0.0334,0.0734,7.0345
38,53.6,63.0,8.255,0.8,42.88,19.4486,2.4478,0.0345,0.0734,7.0345
38,53.6,63.0,8.89,0.8,42.88,19.4305,2.5295,0.0356,0.0734,7.0345
38,53.6,63.0,9.525,0.8,42.88,19.4114,2.6163,0.0368,0.0734,7.0345
38,53.6,63.0,10.16,0.8,42.88,19.3912,2.7082,0.038,0.0734,7.0345
38,53.6,63.0,10.795,0.8,42.88,19.3699,2.805,0.0394,0.0734,7.0345
38,53.6,63.0,11.43,0.8,42.88,19.3476,2.9067,0.0408,0.0734,7.0345
38,53.6,63.0,12.065,0.8,42.88,19.3243,3.0133,0.0422,0.0734,7.0345
38,53.6,63.0,6.985,0.9,48.24,19.4817,2.2977,0.0324,0.0659,6.2562
38,53.6,63.0,7.62,0.9,48.24,19.466,2.3689,0.0334,0.0659,6.2562
38,53.6,63.0,8.255,0.9,48.24,19.4491,2.4452,0.0344,0.0659,6.2562
38,53.6,63.0,8.89,0.9,48.24,19.4312,2.5267,0.0356,0.0659,6.2562
38,53.6,63.0,9.525,0.9,48.24,19.4121,2.6133,0.0367,0.0659,6.2562
38,53.6,63.0,10.16,0.9,48.24,19.3919,2.705,0.038,0.0659,6.2562
38,53.6,63.0,10.795,0.9,48.24,19.3707,2.8016,0.0393,0.0659,6.2562
38,53.6,63.0,11.43,0.9,48.24,19.3484,2.9031,0.0407,0.0659,6.2562
38,53.6,63.0,12.065,0.9,48.24,19.3252,3.0094,0.0422,0.0659,6.2562
39,17.0,20.0,6.985,0.8,13.6,15.9908,20.49,0.2506,0.2131,21.7021
39,17.0,20.0,6.985,0.9,15.3,16.0133,20.354,0.2492,0.191,19.3873
39,17.0,20.0,7.62,0.9,15.3,15.9293,20.8618,0.2544,0.191,19.3873
39,17.0,20.0,8.255,0.9,15.3,15.8416,21.3969,0.2599,0.191,19.3873
39,17.0,20.0,8.89,0.9,15.3,15.7505,21.9563,0.2656,0.191,19.3873
39,22.0,25.0,6.985,0.7,15.4,17.3884,12.5655,0.1632,0.1899,19.2662
39,22.0,25.0,7.62,0.7,15.4,17.3226,12.9172,0.1673,0.1899,19.2662
39,22.0,25.0,8.255,0.7,15.4,17.2531,13.2908,0.1717,0.1899,19.2662
39,22.0,25.0,8.89,0.7,15.4,17.1802,13.6852,0.1762,0.1899,19.2662
39,22.0,25.0,6.985,0.8,17.6,17.3996,12.5055,0.1625,0.1676,16.9321
39,22.0,25.0,7.62,0.8,17.6,17.3344,12.8538,0.1666,0.1676,16.9321
39,22.0,25.0,8.255,0.8,17.6,17.2656,13.2237,0.1709,0.1676,16.9321
39,22.0,25.0,8.89,0.8,17.6,17.1933,13.6141,0.1754,0.1676,16.9321
39,22.0,25.0,9.525,0.8,17.6,17.118,14.0236,0.1801,0.1676,16.9321
39,22.0,25.0,10.16,0.8,17.6,17.04,14.4507,0.185,0.1676,16.9321
39,22.0,25.0,10.795,0.8,17.6,16.9596,14.8938,0.19,0.1676,16.9321
39,22.0,25.0,6.985,0.9,19.8,17.4098,12.4515,0.1619,0.1501,15.0965
39,22.0,25.0,7.62,0.9,19.8,17.3451,12.7966,0.1659,0.1501,15.0965
39,22.0,25.0,8.255,0.9,19.8,17.2768,13.1632,0.1702,0.1501,15.0965
39,22.0,25.0,8.89,0.9,19.8,17.2051,13.55,0.1747,0.1501,15.0965
39,22.0,25.0,9.525,0.9,19.8,17.1305,13.9556,0.1793,0.1501,15.0965
39,22.0,25.0,10.16,0.9,19.8,17.0531,14.3785,0.1842,0.1501,15.0965
39,22.0,25.0,10.795,0.9,19.8,16.9735,14.8172,0.1892,0.1501,15.0965
39,22.0,25.0,11.43,0.9,19.8,16.8918,15.2701,0.1943,0.1501,15.0965
39,22.0,25.0,12.065,0.9,19.8,16.8084,15.7356,0.1995,0.1501,15.0965
39,27.2,32.0,6.985,0.5,13.6,18.1912,8.4245,0.113,0.2131,21.7021
39,27.2,32.0,6.985,0.6,16.32,18.1985,8.3886,0.1126,0.1799,18.2174
39,27.2,32.0,7.62,0.6,16.32,18.1488,8.6367,0.1157,0.1799,18.2174
39,27.2,32.0,8.255,0.6,16.32,18.096,8.9015,0.119,0.1799,18.2174
39,27.2,32.0,8.89,0.6,16.32,18.0403,9.1824,0.1225,0.1799,18.2174
39,27.2,32.0,9.525,0.6,16.32,17.9818,9.4787,0.1261,0.1799,18.2174
39,27.2,32.0,6.985,0.7,19.04,18.2048,8.3571,0.1122,0.1557,15.6844
39,27.2,32.0,7.62,0.7,19.04,18.1555,8.6034,0.1153,0.1557,15.6844
39,27.2,32.0,8.255,0.7,19.04,18.1031,8.8661,0.1186,0.1557,15.6844
39,27.2,32.0,8.89,0.7,19.04,18.0478,9.1447,0.122,0.1557,15.6844
39,27.2,32.0,9.525,0.7,19.04,17.9897,9.4385,0.1256,0.1557,15.6844
39,27.2,32.0,10.16,0.7,19.04,17.9291,9.7469,0.1294,0.1557,15.6844
39,27.2,32.0,10.795,0.7,19.04,17.8661,10.0689,0.1334,0.1557,15.6844
39,27.2,32.0,11.43,0.7,19.04,17.8009,10.4038,0.1374,0.1557,15.6844
39,27.2,32.0,12.065,0.7,19.04,17.7337,10.7508,0.1416,0.1557,15.6844
39,27.2,32.0,6.985,0.8,21.76,18.2104,8.3291,0.1119,0.1375,13.7638
39,27.2,32.0,7.62,0.8,21.76,18.1614,8.5737,0.1149,0.1375,13.7638
39,27.2,32.0,8.255,0.8,21.76,18.1093,8.8346,0.1182,0.1375,13.7638
39,27.2,32.0,8.89,0.8,21.76,18.0544,9.1112,0.1216,0.1375,13.7638
39,27.2,32.0,9.525,0.8,21.76,17.9968,9.4028,0.1252,0.1375,13.7638
39,27.2,32.0,10.16,0.8,21.76,17.9366,9.7088,0.129,0.1375,13.7638
39,27.2,32.0,10.795,0.8,21.76,17.874,10.0283,0.1329,0.1375,13.7638
39,27.2,32.0,11.43,0.8,21.76,17.8093,10.3604,0.1369,0.1375,13.7638
39,27.2,32.0,12.065,0.8,21.76,17.7427,10.7045,0.1411,0.1375,13.7638
39,27.2,32.0,6.985,0.9,24.48,18.2155,8.3038,0.1115,0.1231,12.259
39,27.2,32.0,7.62,0.9,24.48,18.1668,8.5469,0.1146,0.1231,12.259
39,27.2,32.0,8.255,0.9,24.48,18.115,8.8061,0.1178,0.1231,12.259
39,27.2,32.0,8.89,0.9,24.48,18.0604,9.0809,0.1212,0.1231,12.259
39,27.2,32.0,9.525,0.9,24.48,18.0031,9.3706,0.1248,0.1231,12.259
39,27.2,32.0,10.16,0.9,24.48,17.9433,9.6744,0.1285,0.1231,12.259
39,27.2,32.0,10.795,0.9,24.48,17.8812,9.9916,0.1324,0.1231,12.259
39,27.2,32.0,11.43,0.9,24.48,17.8169,10.3213,0.1364,0.1231,12.259
39,27.2,32.0,12.065,0.9,24.48,17.7507,10.6627,0.1406,0.1231,12.259
39,34.0,40.0,6.985,0.4,13.6,18.7906,5.5032,0.0756,0.2131,21.7021
39,34.0,40.0,6.985,0.5,17.0,18.7945,5.4843,0.0753,0.1731,17.5116
39,34.0,40.0,7.62,0.5,17.0,18.7592,5.6528,0.0776,0.1731,17.5116
39,34.0,40.0,8.255,0.5,17.0,18.7215,5.8331,0.0799,0.1731,17.5116
39,34.0,40.0,8.89,0.5,17.0,18.6814,6.0251,0.0824,0.1731,17.5116
39,34.0,40.0,9.525,0.5,17.0,18.6392,6.2283,0.0851,0.1731,17.5116
39,34.0,40.0,10.16,0.5,17.0,18.5948,6.4424,0.0878,0.1731,17.5116
39,34.0,40.0,6.985,0.6,20.4,18.7979,5.4682,0.0751,0.146,14.6622
39,34.0,40.0,7.62,0.6,20.4,18.7628,5.6357,0.0773,0.146,14.6622
39,34.0,40.0,8.255,0.6,20.4,18.7253,5.8149,0.0797,0.146,14.6622
39,34.0,40.0,8.89,0.6,20.4,18.6855,6.0056,0.0822,0.146,14.6622
39,34.0,40.0,9.525,0.6,20.4,18.6435,6.2075,0.0848,0.146,14.6622
39,34.0,40.0,10.16,0.6,20.4,18.5994,6.4202,0.0875,0.146,14.6622
39,34.0,40.0,10.795,0.6,20.4,18.5533,6.6434,0.0904,0.146,14.6622
39,34.0,40.0,11.43,0.6,20.4,18.5053,6.8767,0.0934,0.146,14.6622
39,34.0,40.0,12.065,0.6,20.4,18.4555,7.1197,0.0965,0.146,14.6622
39,34.0,40.0,6.985,0.7,23.8,18.8009,5.4541,0.0749,0.1264,12.6038
39,34.0,40.0,7.62,0.7,23.8,18.7659,5.6207,0.0771,0.1264,12.6038
39,34.0,40.0,8.255,0.7,23.8,18.7286,5.7989,0.0795,0.1264,12.6038
39,34.0,40.0,8.89,0.7,23.8,18.689,5.9886,0.0819,0.1264,12.6038
39,34.0,40.0,9.525,0.7,23.8,18.6473,6.1893,0.0845,0.1264,12.6038
39,34.0,40.0,10.16,0.7,23.8,18.6034,6.4007,0.0873,0.1264,12.6038
39,34.0,40.0,10.795,0.7,23.8,18.5576,6.6226,0.0902,0.1264,12.6038
39,34.0,40.0,11.43,0.7,23.8,18.5099,6.8544,0.0931,0.1264,12.6038
39,34.0,40.0,12.065,0.7,23.8,18.4604,7.0957,0.0962,0.1264,12.6038
39,34.0,40.0,6.985,0.8,27.2,18.8036,5.4415,0.0748,0.1116,11.049
39,34.0,40.0,7.62,0.8,27.2,18.7687,5.6073,0.077,0.1116,11.049
39,34.0,40.0,8.255,0.8,27.2,18.7316,5.7847,0.0793,0.1116,11.049
39,34.0,40.0,8.89,0.8,27.2,18.6922,5.9734,0.0817,0.1116,11.049
39,34.0,40.0,9.525,0.8,27.2,18.6506,6.1731,0.0843,0.1116,11.049
39,34.0,40.0,10.16,0.8,27.2,18.607,6.3834,0.0871,0.1116,11.049
39,34.0,40.0,10.795,0.8,27.2,18.5614,6.604,0.0899,0.1116,11.049
39,34.0,40.0,11.43,0.8,27.2,18.514,6.8345,0.0929,0.1116,11.049
39,34.0,40.0,12.065,0.8,27.2,18.4647,7.0744,0.096,0.1116,11.049
39,34.0,40.0,6.985,0.9,30.6,18.806,5.4301,0.0746,0.1,9.834
39,34.0,40.0,7.62,0.9,30.6,18.7713,5.5952,0.0768,0.1,9.834
39,34.0,40.0,8.255,0.9,30.6,18.7343,5.7718,0.0791,0.1,9.834
39,34.0,40.0,8.89,0.9,30.6,18.6951,5.9596,0.0816,0.1,9.834
39,34.0,40.0,9.525,0.9,30.6,18.6537,6.1584,0.0841,0.1,9.834
39,34.0,40.0,10.16,0.9,30.6,18.6103,6.3677,0.0869,0.1,9.834
39,34.0,40.0,10.795,0.9,30.6,18.5649,6.5872,0.0897,0.1,9.834
39,34.0,40.0,11.43,0.9,30.6,18.5177,6.8165,0.0926,0.1,9.834
39,34.0,40.0,12.065,0.9,30.6,18.4687,7.0551,0.0957,0.1,9.834
39,42.6,50.0,6.985,0.4,17.04,19.2018,3.5758,0.0499,0.1728,17.4717
39,42.6,50.0,7.62,0.4,17.04,19.1774,3.6884,0.0514,0.1728,17.4717
39,42.6,50.0,8.255,0.4,17.04,19.1513,3.8092,0.053,0.1728,17.4717
39,42.6,50.0,8.89,0.4,17.04,19.1236,3.938,0.0548,0.1728,17.4717
39,42.6,50.0,9.525,0.4,17.04,19.0941,4.0747,0.0566,0.1728,17.4717
39,42.6,50.0,10.16,0.4,17.04,19.0631,4.2192,0.0586,0.1728,17.4717
39,42.6,50.0,6.985,0.5,21.3,19.2037,3.5674,0.0498,0.1402,14.0552
39,42.6,50.0,7.62,0.5,21.3,19.1794,3.6794,0.0513,0.1402,14.0552
39,42.6,50.0,8.255,0.5,21.3,19.1534,3.7996,0.0529,0.1402,14.0552
39,42.6,50.0,8.89,0.5,21.3,19.1258,3.9278,0.0546,0.1402,14.0552
39,42.6,50.0,9.525,0.5,21.3,19.0965,4.0638,0.0565,0.1402,14.0552
39,42.6,50.0,10.16,0.5,21.3,19.0656,4.2075,0.0584,0.1402,14.0552
39,42.6,50.0,10.795,0.5,21.3,19.0332,4.3587,0.0604,0.1402,14.0552
39,42.6,50.0,11.43,0.5,21.3,18.9993,4.5173,0.0625,0.1402,14.0552
39,42.6,50.0,12.065,0.5,21.3,18.964,4.6831,0.0648,0.1402,14.0552
39,42.6,50.0,6.985,0.6,25.56,19.2052,3.5602,0.0497,0.1183,11.7484
39,42.6,50.0,7.62,0.6,25.56,19.181,3.6718,0.0512,0.1183,11.7484
39,42.6,50.0,8.255,0.6,25.56,19.1552,3.7914,0.0528,0.1183,11.7484
39,42.6,50.0,8.89,0.6,25.56,19.1276,3.919,0.0545,0.1183,11.7484
39,42.6,50.0,9.525,0.6,25.56,19.0985,4.0544,0.0563,0.1183,11.7484
39,42.6,50.0,10.16,0.6,25.56,19.0678,4.1975,0.0583,0.1183,11.7484
39,42.6,50.0,10.795,0.6,25.56,19.0355,4.348,0.0603,0.1183,11.7484
39,42.6,50.0,11.43,0.6,25.56,19.0018,4.5058,0.0624,0.1183,11.7484
39,42.6,50.0,12.065,0.6,25.56,18.9666,4.6707,0.0646,0.1183,11.7484
39,42.6,50.0,6.985,0.7,29.82,19.2066,3.5538,0.0496,0.1024,10.0886
39,42.6,50.0,7.62,0.7,29.82,19.1825,3.665,0.0511,0.1024,10.0886
39,42.6,50.0,8.255,0.7,29.82,19.1567,3.7842,0.0527,0.1024,10.0886
39,42.6,50.0,8.89,0.7,29.82,19.1293,3.9114,0.0544,0.1024,10.0886
39,42.6,50.0,9.525,0.7,29.82,19.1003,4.0462,0.0562,0.1024,10.0886
39,42.6,50.0,10.16,0.7,29.82,19.0697,4.1887,0.0581,0.1024,10.0886
39,42.6,50.0,10.795,0.7,29.82,19.0375,4.3385,0.0602,0.1024,10.0886
39,42.6,50.0,11.43,0.7,29.82,19.004,4.4956,0.0623,0.1024,10.0886
39,42.6,50.0,12.065,0.7,29.82,18.9689,4.6598,0.0644,0.1024,10.0886
39,42.6,50.0,6.985,0.8,34.08,19.2078,3.5482,0.0495,0.0905,8.8382
39,42.6,50.0,7.62,0.8,34.08,19.1838,3.659,0.051,0.0905,8.8382
39,42.6,50.0,8.255,0.8,34.08,19.1581,3.7778,0.0526,0.0905,8.8382
39,42.6,50.0,8.89,0.8,34.08,19.1308,3.9045,0.0543,0.0905,8.8382
39,42.6,50.0,9.525,0.8,34.08,19.1018,4.0389,0.0561,0.0905,8.8382
39,42.6,50.0,10.16,0.8,34.08,19.0713,4.1808,0.058,0.0905,8.8382
39,42.6,50.0,10.795,0.8,34.08,19.0393,4.3301,0.06,0.0905,8.8382
39,42.6,50.0,11.43,0.8,34.08,19.0059,4.4866,0.0621,0.0905,8.8382
39,42.6,50.0,12.065,0.8,34.08,18.971,4.6501,0.0643,0.0905,8.8382
39,42.6,50.0,6.985,0.9,38.34,19.2089,3.543,0.0494,0.0812,7.8626
39,42.6,50.0,7.62,0.9,38.34,19.185,3.6536,0.0509,0.0812,7.8626
39,42.6,50.0,8.255,0.9,38.34,19.1594,3.772,0.0525,0.0812,7.8626
39,42.6,50.0,8.89,0.9,38.34,19.1321,3.8983,0.0542,0.0812,7.8626
39,42.6,50.0,9.525,0.9,38.34,19.1033,4.0322,0.056,0.0812,7.8626
39,42.6,50.0,10.16,0.9,38.34,19.0729,4.1737,0.0579,0.0812,7.8626
39,42.6,50.0,10.795,0.9,38.34,19.041,4.3225,0.0599,0.0812,7.8626
39,42.6,50.0,11.43,0.9,38.34,19.0076,4.4784,0.062,0.0812,7.8626
39,42.6,50.0,12.065,0.9,38.34,18.9729,4.6413,0.0642,0.0812,7.8626
39,53.6,63.0,6.985,0.3,16.08,19.4771,2.3187,0.0327,0.1824,18.48
39,53.6,63.0,7.62,0.3,16.08,19.4607,2.393,0.0337,0.1824,18.48
39,53.6,63.0,8.255,0.3,16.08,19.4431,2.4727,0.0348,0.1824,18.48
39,53.6,63.0,8.89,0.3,16.08,19.4243,2.5579,0.036,0.1824,18.48
39,53.6,63.0,9.525,0.3,16.08,19.4044,2.6484,0.0372,0.1824,18.48
39,53.6,63.0,6.985,0.4,21.44,19.4781,2.3142,0.0326,0.1394,13.9653
39,53.6,63.0,7.62,0.4,21.44,19.4617,2.3881,0.0336,0.1394,13.9653
39,53.6,63.0,8.255,0.4,21.44,19.4442,2.4675,0.0347,0.1394,13.9653
39,53.6,63.0,8.89,0.4,21.44,19.4255,2.5523,0.0359,0.1394,13.9653
39,53.6,63.0,9.525,0.4,21.44,19.4057,2.6425,0.0371,0.1394,13.9653
39,53.6,63.0,10.16,0.4,21.44,19.3847,2.7379,0.0385,0.1394,13.9653
39,53.6,63.0,10.795,0.4,21.44,19.3626,2.8385,0.0398,0.1394,13.9653
39,53.6,63.0,11.43,0.4,21.44,19.3394,2.9443,0.0413,0.1394,13.9653
39,53.6,63.0,12.065,0.4,21.44,19.3152,3.0551,0.0428,0.1394,13.9653
39,53.6,63.0,6.985,0.5,26.8,19.4789,2.3105,0.0326,0.1131,11.2119
39,53.6,63.0,7.62,0.5,26.8,19.4626,2.3841,0.0336,0.1131,11.2119
39,53.6,63.0,8.255,0.5,26.8,19.4452,2.4633,0.0347,0.1131,11.2119
39,53.6,63.0,8.89,0.5,26.8,19.4265,2.5478,0.0358,0.1131,11.2119
39,53.6,63.0,9.525,0.5,26.8,19.4067,2.6376,0.0371,0.1131,11.2119
39,53.6,63.0,10.16,0.5,26.8,19.3858,2.7326,0.0384,0.1131,11.2119
39,53.6,63.0,10.795,0.5,26.8,19.3638,2.8329,0.0398,0.1131,11.2119
39,53.6,63.0,11.43,0.5,26.8,19.3407,2.9382,0.0412,0.1131,11.2119
39,53.6,63.0,12.065,0.5,26.8,19.3166,3.0486,0.0427,0.1131,11.2119
39,53.6,63.0,6.985,0.6,32.16,19.4796,2.3073,0.0325,0.0955,9.3613
39,53.6,63.0,7.62,0.6,32.16,19.4634,2.3807,0.0335,0.0955,9.3613
39,53.6,63.0,8.255,0.6,32.16,19.446,2.4596,0.0346,0.0955,9.3613
39,53.6,63.0,8.89,0.6,32.16,19.4274,2.5439,0.0358,0.0955,9.3613
39,53.6,63.0,9.525,0.6,32.16,19.4077,2.6334,0.037,0.0955,9.3613
39,53.6,63.0,10.16,0.6,32.16,19.3868,2.7282,0.0383,0.0955,9.3613
39,53.6,63.0,10.795,0.6,32.16,19.3649,2.8281,0.0397,0.0955,9.3613
39,53.6,63.0,11.43,0.6,32.16,19.3419,2.933,0.0411,0.0955,9.3613
39,53.6,63.0,12.065,0.6,32.16,19.3178,3.043,0.0426,0.0955,9.3613
39,53.6,63.0,6.985,0.7,37.52,19.4803,2.3044,0.0325,0.0829,8.0334
39,53.6,63.0,7.62,0.7,37.52,19.464,2.3777,0.0335,0.0829,8.0334
39,53.6,63.0,8.255,0.7,37.52,19.4467,2.4564,0.0346,0.0829,8.0334
39,53.6,63.0,8.89,0.7,37.52,19.4281,2.5405,0.0357,0.0829,8.0334
39,53.6,63.0,9.525,0.7,37.52,19.4085,2.6297,0.037,0.0829,8.0334
39,53.6,63.0,10.16,0.7,37.52,19.3877,2.7242,0.0383,0.0829,8.0334
39,53.6,63.0,10.795,0.7,37.52,19.3658,2.8238,0.0396,0.0829,8.0334
39,53.6,63.0,11.43,0.7,37.52,19.3429,2.9285,0.0411,0.0829,8.0334
39,53.6,63.0,12.065,0.7,37.52,19.3189,3.0381,0.0426,0.0829,8.0334
39,53.6,63.0,6.985,0.8,42.88,19.4808,2.3019,0.0324,0.0734,7.0345
39,53.6,63.0,7.62,0.8,42.88,19.4646,2.3751,0.0335,0.0734,7.0345
39,53.6,63.0,8.255,0.8,42.88,19.4473,2.4536,0.0345,0.0734,7.0345
39,53.6,63.0,8.89,0.8,42.88,19.4288,2.5374,0.0357,0.0734,7.0345
39,53.6,63.0,9.525,0.8,42.88,19.4092,2.6265,0.0369,0.0734,7.0345
39,53.6,63.0,10.16,0.8,42.88,19.3885,2.7207,0.0382,0.0734,7.0345
39,53.6,63.0,10.795,0.8,42.88,19.3666,2.8201,0.0396,0.0734,7.0345
39,53.6,63.0,11.43,0.8,42.88,19.3438,2.9244,0.041,0.0734,7.0345
39,53.6,63.0,12.065,0.8,42.88,19.3198,3.0337,0.0425,0.0734,7.0345
39,53.6,63.0,6.985,0.9,48.24,19.4813,2.2996,0.0324,0.0659,6.2562
39,53.6,63.0,7.62,0.9,48.24,19.4652,2.3726,0.0334,0.0659,6.2562
39,53.6,63.0,8.255,0.9,48.24,19.4479,2.451,0.0345,0.0659,6.2562
39,53.6,63.0,8.89,0.9,48.24,19.4294,2.5346,0.0357,0.0659,6.2562
39,53.6,63.0,9.525,0.9,48.24,19.4098,2.6235,0.0369,0.0659,6.2562
39,53.6,63.0,10.16,0.9,48.24,19.3892,2.7175,0.0382,0.0659,6.2562
39,53.6,63.0,10.795,0.9,48.24,19.3674,2.8166,0.0395,0.0659,6.2562
39,53.6,63.0,11.43,0.9,48.24,19.3446,2.9208,0.041,0.0659,6.2562
39,53.6,63.0,12.065,0.9,48.24,19.3207,3.0298,0.0425,0.0659,6.2562
40,17.0,20.0,6.985,0.8,13.6,15.9885,20.5036,0.2507,0.2131,21.7021
40,17.0,20.0,6.985,0.9,15.3,16.0111,20.3675,0.2493,0.191,19.3873
40,17.0,20.0,7.62,0.9,15.3,15.925,20.8879,0.2547,0.191,19.3873
40,17.0,20.0,8.255,0.9,15.3,15.8351,21.4362,0.2603,0.191,19.3873
40,17.0,20.0,8.89,0.9,15.3,15.742,22.0091,0.2661,0.191,19.3873
40,22.0,25.0,6.985,0.7,15.4,17.3866,12.5748,0.1633,0.1899,19.2662
40,22.0,25.0,7.62,0.7,15.4,17.3192,12.9353,0.1675,0.1899,19.2662
40,22.0,25.0,8.255,0.7,15.4,17.248,13.3183,0.172,0.1899,19.2662
40,22.0,25.0,8.89,0.7,15.4,17.1733,13.7225,0.1767,0.1899,19.2662
40,22.0,25.0,6.985,0.8,17.6,17.3979,12.5147,0.1626,0.1676,16.9321
40,22.0,25.0,7.62,0.8,17.6,17.3311,12.8717,0.1668,0.1676,16.9321
40,22.0,25.0,8.255,0.8,17.6,17.2605,13.2509,0.1712,0.1676,16.9321
40,22.0,25.0,8.89,0.8,17.6,17.1865,13.651,0.1758,0.1676,16.9321
40,22.0,25.0,9.525,0.8,17.6,17.1094,14.0704,0.1807,0.1676,16.9321
40,22.0,25.0,10.16,0.8,17.6,17.0296,14.5078,0.1857,0.1676,16.9321
40,22.0,25.0,10.795,0.8,17.6,16.9474,14.9615,0.1908,0.1676,16.9321
40,22.0,25.0,6.985,0.9,19.8,17.4081,12.4605,0.162,0.1501,15.0965
40,22.0,25.0,7.62,0.9,19.8,17.3418,12.8144,0.1661,0.1501,15.0965
40,22.0,25.0,8.255,0.9,19.8,17.2718,13.1902,0.1705,0.1501,15.0965
40,22.0,25.0,8.89,0.9,19.8,17.1984,13.5865,0.1751,0.1501,15.0965
40,22.0,25.0,9.525,0.9,19.8,17.122,14.002,0.1799,0.1501,15.0965
40,22.0,25.0,10.16,0.9,19.8,17.0428,14.4351,0.1848,0.1501,15.0965
40,22.0,25.0,10.795,0.9,19.8,16.9613,14.8842,0.1899,0.1501,15.0965
40,22.0,25.0,11.43,0.9,19.8,16.8778,15.3477,0.1951,0.1501,15.0965
40,22.0,25.0,12.065,0.9,19.8,16.7926,15.8239,0.2005,0.1501,15.0965
40,27.2,32.0,6.985,0.5,13.6,18.1899,8.4311,0.1131,0.2131,21.7021
40,27.2,32.0,6.985,0.6,16.32,18.1972,8.3951,0.1127,0.1799,18.2174
40,27.2,32.0,7.62,0.6,16.32,18.1463,8.6495,0.1159,0.1799,18.2174
40,27.2,32.0,8.255,0.6,16.32,18.0922,8.921,0.1192,0.1799,18.2174
40,27.2,32.0,8.89,0.6,16.32,18.0351,9.2089,0.1228,0.1799,18.2174
40,27.2,32.0,9.525,0.6,16.32,17.9751,9.5125,0.1266,0.1799,18.2174
40,27.2,32.0,6.985,0.7,19.04,18.2035,8.3636,0.1123,0.1557,15.6844
40,27.2,32.0,7.62,0.7,19.04,18.1529,8.6161,0.1154,0.1557,15.6844
40,27.2,32.0,8.255,0.7,19.04,18.0992,8.8854,0.1188,0.1557,15.6844
40,27.2,32.0,8.89,0.7,19.04,18.0426,9.171,0.1223,0.1557,15.6844
40,27.2,32.0,9.525,0.7,19.04,17.9831,9.4721,0.1261,0.1557,15.6844
40,27.2,32.0,10.16,0.7,19.04,17.921,9.788,0.1299,0.1557,15.6844
40,27.2,32.0,10.795,0.7,19.04,17.8565,10.1179,0.134,0.1557,15.6844
40,27.2,32.0,11.43,0.7,19.04,17.7898,10.4609,0.1381,0.1557,15.6844
40,27.2,32.0,12.065,0.7,19.04,17.7211,10.8162,0.1424,0.1557,15.6844
40,27.2,32.0,6.985,0.8,21.76,18.2091,8.3355,0.1119,0.1375,13.7638
40,27.2,32.0,7.62,0.8,21.76,18.1589,8.5863,0.1151,0.1375,13.7638
40,27.2,32.0,8.255,0.8,21.76,18.1055,8.8538,0.1184,0.1375,13.7638
40,27.2,32.0,8.89,0.8,21.76,18.0492,9.1373,0.1219,0.1375,13.7638
40,27.2,32.0,9.525,0.8,21.76,17.9902,9.4362,0.1256,0.1375,13.7638
40,27.2,32.0,10.16,0.8,21.76,17.9285,9.7496,0.1295,0.1375,13.7638
40,27.2,32.0,10.795,0.8,21.76,17.8645,10.0769,0.1335,0.1375,13.7638
40,27.2,32.0,11.43,0.8,21.76,17.7983,10.4171,0.1376,0.1375,13.7638
40,27.2,32.0,12.065,0.8,21.76,17.7301,10.7693,0.1419,0.1375,13.7638
40,27.2,32.0,6.985,0.9,24.48,18.2142,8.3102,0.1116,0.1231,12.259
40,27.2,32.0,7.62,0.9,24.48,18.1642,8.5594,0.1147,0.1231,12.259
40,27.2,32.0,8.255,0.9,24.48,18.1112,8.8252,0.118,0.1231,12.259
40,27.2,32.0,8.89,0.9,24.48,18.0553,9.1069,0.1215,0.1231,12.259
40,27.2,32.0,9.525,0.9,24.48,17.9966,9.4037,0.1252,0.1231,12.259
40,27.2,32.0,10.16,0.9,24.48,17.9353,9.715,0.129,0.1231,12.259
40,27.2,32.0,10.795,0.9,24.48,17.8717,10.0399,0.133,0.1231,12.259
40,27.2,32.0,11.43,0.9,24.48,17.806,10.3775,0.1371,0.1231,12.259
40,27.2,32.0,12.065,0.9,24.48,17.7383,10.7271,0.1414,0.1231,12.259
40,34.0,40.0,6.985,0.4,13.6,18.7896,5.5077,0.0756,0.2131,21.7021
40,34.0,40.0,6.985,0.5,17.0,18.7936,5.4887,0.0754,0.1731,17.5116
40,34.0,40.0,7.62,0.5,17.0,18.7574,5.6615,0.0777,0.1731,17.5116
40,34.0,40.0,8.255,0.5,17.0,18.7187,5.8464,0.0801,0.1731,17.5116
40,34.0,40.0,8.89,0.5,17.0,18.6777,6.0432,0.0826,0.1731,17.5116
40,34.0,40.0,9.525,0.5,17.0,18.6344,6.2515,0.0854,0.1731,17.5116
40,34.0,40.0,10.16,0.5,17.0,18.5889,6.471,0.0882,0.1731,17.5116
40,34.0,40.0,6.985,0.6,20.4,18.797,5.4726,0.0752,0.146,14.6622
40,34.0,40.0,7.62,0.6,20.4,18.761,5.6443,0.0774,0.146,14.6622
40,34.0,40.0,8.255,0.6,20.4,18.7225,5.8281,0.0798,0.146,14.6622
40,34.0,40.0,8.89,0.6,20.4,18.6817,6.0236,0.0824,0.146,14.6622
40,34.0,40.0,9.525,0.6,20.4,18.6387,6.2306,0.0851,0.146,14.6622
40,34.0,40.0,10.16,0.6,20.4,18.5935,6.4486,0.0879,0.146,14.6622
40,34.0,40.0,10.795,0.6,20.4,18.5463,6.6773,0.0909,0.146,14.6622
40,34.0,40.0,11.43,0.6,20.4,18.4971,6.9163,0.0939,0.146,14.6622
40,34.0,40.0,12.065,0.6,20.4,18.4461,7.1653,0.0971,0.146,14.6622
40,34.0,40.0,6.985,0.7,23.8,18.8,5.4585,0.075,0.1264,12.6038
40,34.0,40.0,7.62,0.7,23.8,18.7641,5.6293,0.0772,0.1264,12.6038
40,34.0,40.0,8.255,0.7,23.8,18.7259,5.8121,0.0796,0.1264,12.6038
40,34.0,40.0,8.89,0.7,23.8,18.6853,6.0065,0.0822,0.1264,12.6038
40,34.0,40.0,9.525,0.7,23.8,18.6425,6.2122,0.0848,0.1264,12.6038
40,34.0,40.0,10.16,0.7,23.8,18.5976,6.4289,0.0877,0.1264,12.6038
40,34.0,40.0,10.795,0.7,23.8,18.5506,6.6563,0.0906,0.1264,12.6038
40,34.0,40.0,11.43,0.7,23.8,18.5018,6.8938,0.0936,0.1264,12.6038
40,34.0,40.0,12.065,0.7,23.8,18.4511,7.141,0.0968,0.1264,12.6038
40,34.0,40.0,6.985,0.8,27.2,18.8026,5.4458,0.0748,0.1116,11.049
40,34.0,40.0,7.62,0.8,27.2,18.7669,5.6159,0.0771,0.1116,11.049
40,34.0,40.0,8.255,0.8,27.2,18.7289,5.7977,0.0794,0.1116,11.049
40,34.0,40.0,8.89,0.8,27.2,18.6885,5.9912,0.082,0.1116,11.049
40,34.0,40.0,9.525,0.8,27.2,18.6459,6.1959,0.0846,0.1116,11.049
40,34.0,40.0,10.16,0.8,27.2,18.6012,6.4114,0.0874,0.1116,11.049
40,34.0,40.0,10.795,0.8,27.2,18.5545,6.6375,0.0903,0.1116,11.049
40,34.0,40.0,11.43,0.8,27.2,18.5059,6.8736,0.0934,0.1116,11.049
40,34.0,40.0,12.065,0.8,27.2,18.4555,7.1194,0.0965,0.1116,11.049
40,34.0,40.0,6.985,0.9,30.6,18.805,5.4344,0.0747,0.1,9.834
40,34.0,40.0,7.62,0.9,30.6,18.7695,5.6037,0.0769,0.1,9.834
40,34.0,40.0,8.255,0.9,30.6,18.7316,5.7848,0.0793,0.1,9.834
40,34.0,40.0,8.89,0.9,30.6,18.6914,5.9774,0.0818,0.1,9.834
40,34.0,40.0,9.525,0.9,30.6,18.649,6.1811,0.0844,0.1,9.834
40,34.0,40.0,10.16,0.9,30.6,18.6045,6.3956,0.0872,0.1,9.834
40,34.0,40.0,10.795,0.9,30.6,18.558,6.6205,0.0901,0.1,9.834
40,34.0,40.0,11.43,0.9,30.6,18.5096,6.8554,0.0931,0.1,9.834
40,34.0,40.0,12.065,0.9,30.6,18.4595,7.0999,0.0963,0.1,9.834
40,42.6,50.0,6.985,0.4,17.04,19.2012,3.5788,0.0499,0.1728,17.4717
40,42.6,50.0,7.62,0.4,17.04,19.1762,3.6942,0.0515,0.1728,17.4717
40,42.6,50.0,8.255,0.4,17.04,19.1494,3.8181,0.0532,0.1728,17.4717
40,42.6,50.0,8.89,0.4,17.04,19.1209,3.9502,0.0549,0.1728,17.4717
40,42.6,50.0,9.525,0.4,17.04,19.0908,4.0903,0.0568,0.1728,17.4717
40,42.6,50.0,10.16,0.4,17.04,19.059,4.2385,0.0588,0.1728,17.4717
40,42.6,50.0,6.985,0.5,21.3,19.203,3.5703,0.0498,0.1402,14.0552
40,42.6,50.0,7.62,0.5,21.3,19.1781,3.6852,0.0514,0.1402,14.0552
40,42.6,50.0,8.255,0.5,21.3,19.1515,3.8085,0.053,0.1402,14.0552
40,42.6,50.0,8.89,0.5,21.3,19.1232,3.9399,0.0548,0.1402,14.0552
40,42.6,50.0,9.525,0.5,21.3,19.0931,4.0793,0.0567,0.1402,14.0552
40,42.6,50.0,10.16,0.5,21.3,19.0615,4.2266,0.0587,0.1402,14.0552
40,42.6,50.0,10.795,0.5,21.3,19.0283,4.3817,0.0607,0.1402,14.0552
40,42.6,50.0,11.43,0.5,21.3,18.9936,4.5443,0.0629,0.1402,14.0552
40,42.6,50.0,12.065,0.5,21.3,18.9574,4.7142,0.0652,0.1402,14.0552
40,42.6,50.0,6.985,0.6,25.56,19.2046,3.5631,0.0497,0.1183,11.7484
40,42.6,50.0,7.62,0.6,25.56,19.1798,3.6775,0.0513,0.1183,11.7484
40,42.6,50.0,8.255,0.6,25.56,19.1533,3.8002,0.0529,0.1183,11.7484
40,42.6,50.0,8.89,0.6,25.56,19.1251,3.9311,0.0547,0.1183,11.7484
40,42.6,50.0,9.525,0.6,25.56,19.0952,4.0699,0.0566,0.1183,11.7484
40,42.6,50.0,10.16,0.6,25.56,19.0637,4.2165,0.0585,0.1183,11.7484
40,42.6,50.0,10.795,0.6,25.56,19.0306,4.3708,0.0606,0.1183,11.7484
40,42.6,50.0,11.43,0.6,25.56,18.9961,4.5326,0.0627,0.1183,11.7484
40,42.6,50.0,12.065,0.6,25.56,18.9601,4.7016,0.065,0.1183,11.7484
40,42.6,50.0,6.985,0.7,29.82,19.206,3.5567,0.0496,0.1024,10.0886
40,42.6,50.0,7.62,0.7,29.82,19.1813,3.6708,0.0512,0.1024,10.0886
40,42.6,50.0,8.255,0.7,29.82,19.1548,3.793,0.0528,0.1024,10.0886
40,42.6,50.0,8.89,0.7,29.82,19.1267,3.9234,0.0546,0.1024,10.0886
40,42.6,50.0,9.525,0.7,29.82,19.097,4.0616,0.0564,0.1024,10.0886
40,42.6,50.0,10.16,0.7,29.82,19.0656,4.2076,0.0584,0.1024,10.0886
40,42.6,50.0,10.795,0.7,29.82,19.0327,4.3613,0.0605,0.1024,10.0886
40,42.6,50.0,11.43,0.7,29.82,18.9983,4.5223,0.0626,0.1024,10.0886
40,42.6,50.0,12.065,0.7,29.82,18.9624,4.6906,0.0648,0.1024,10.0886
40,42.6,50.0,6.985,0.8,34.08,19.2072,3.5511,0.0496,0.0905,8.8382
40,42.6,50.0,7.62,0.8,34.08,19.1826,3.6647,0.0511,0.0905,8.8382
40,42.6,50.0,8.255,0.8,34.08,19.1562,3.7866,0.0527,0.0905,8.8382
40,42.6,50.0,8.89,0.8,34.08,19.1282,3.9165,0.0545,0.0905,8.8382
40,42.6,50.0,9.525,0.8,34.08,19.0985,4.0542,0.0563,0.0905,8.8382
40,42.6,50.0,10.16,0.8,34.08,19.0673,4.1997,0.0583,0.0905,8.8382
40,42.6,50.0,10.795,0.8,34.08,19.0345,4.3527,0.0603,0.0905,8.8382
40,42.6,50.0,11.43,0.8,34.08,19.0002,4.5131,0.0625,0.0905,8.8382
40,42.6,50.0,12.065,0.8,34.08,18.9645,4.6807,0.0647,0.0905,8.8382
40,42.6,50.0,6.985,0.9,38.34,19.2083,3.5459,0.0495,0.0812,7.8626
40,42.6,50.0,7.62,0.9,38.34,19.1837,3.6593,0.051,0.0812,7.8626
40,42.6,50.0,8.255,0.9,38.34,19.1575,3.7807,0.0527,0.0812,7.8626
40,42.6,50.0,8.89,0.9,38.34,19.1295,3.9102,0.0544,0.0812,7.8626
40,42.6,50.0,9.525,0.9,38.34,19.1,4.0475,0.0563,0.0812,7.8626
40,42.6,50.0,10.16,0.9,38.34,19.0688,4.1925,0.0582,0.0812,7.8626
40,42.6,50.0,10.795,0.9,38.34,19.0362,4.345,0.0602,0.0812,7.8626
40,42.6,50.0,11.43,0.9,38.34,19.002,4.5048,0.0624,0.0812,7.8626
40,42.6,50.0,12.065,0.9,38.34,18.9664,4.6718,0.0646,0.0812,7.8626
40,53.6,63.0,6.985,0.3,16.08,19.4767,2.3207,0.0327,0.1824,18.48
40,53.6,63.0,7.62,0.3,16.08,19.4598,2.3968,0.0338,0.1824,18.48
40,53.6,63.0,8.255,0.3,16.08,19.4418,2.4786,0.0349,0.1824,18.48
40,53.6,63.0,8.89,0.3,16.08,19.4225,2.5659,0.0361,0.1824,18.48
40,53.6,63.0,9.525,0.3,16.08,19.4021,2.6587,0.0374,0.1824,18.48
40,53.6,63.0,6.985,0.4,21.44,19.4777,2.3161,0.0326,0.1394,13.9653
40,53.6,63.0,7.62,0.4,21.44,19.4609,2.392,0.0337,0.1394,13.9653
40,53.6,63.0,8.255,0.4,21.44,19.4429,2.4734,0.0348,0.1394,13.9653
40,53.6,63.0,8.89,0.4,21.44,19.4238,2.5603,0.036,0.1394,13.9653
40,53.6,63.0,9.525,0.4,21.44,19.4034,2.6528,0.0373,0.1394,13.9653
40,53.6,63.0,10.16,0.4,21.44,19.3819,2.7506,0.0386,0.1394,13.9653
40,53.6,63.0,10.795,0.4,21.44,19.3592,2.8538,0.04,0.1394,13.9653
40,53.6,63.0,11.43,0.4,21.44,19.3355,2.9622,0.0415,0.1394,13.9653
40,53.6,63.0,12.065,0.4,21.44,19.3106,3.0758,0.0431,0.1394,13.9653
40,53.6,63.0,6.985,0.5,26.8,19.4785,2.3124,0.0326,0.1131,11.2119
40,53.6,63.0,7.62,0.5,26.8,19.4618,2.388,0.0336,0.1131,11.2119
40,53.6,63.0,8.255,0.5,26.8,19.4439,2.4691,0.0348,0.1131,11.2119
40,53.6,63.0,8.89,0.5,26.8,19.4248,2.5557,0.036,0.1131,11.2119
40,53.6,63.0,9.525,0.5,26.8,19.4045,2.6478,0.0372,0.1131,11.2119
40,53.6,63.0,10.16,0.5,26.8,19.383,2.7453,0.0386,0.1131,11.2119
40,53.6,63.0,10.795,0.5,26.8,19.3605,2.8481,0.04,0.1131,11.2119
40,53.6,63.0,11.43,0.5,26.8,19.3368,2.9561,0.0414,0.1131,11.2119
40,53.6,63.0,12.065,0.5,26.8,19.3121,3.0692,0.043,0.1131,11.2119
40,53.6,63.0,6.985,0.6,32.16,19.4792,2.3092,0.0325,0.0955,9.3613
40,53.6,63.0,7.62,0.6,32.16,19.4625,2.3845,0.0336,0.0955,9.3613
40,53.6,63.0,8.255,0.6,32.16,19.4447,2.4654,0.0347,0.0955,9.3613
40,53.6,63.0,8.89,0.6,32.16,19.4256,2.5518,0.0359,0.0955,9.3613
40,53.6,63.0,9.525,0.6,32.16,19.4054,2.6436,0.0372,0.0955,9.3613
40,53.6,63.0,10.16,0.6,32.16,19.384,2.7408,0.0385,0.0955,9.3613
40,53.6,63.0,10.795,0.6,32.16,19.3616,2.8432,0.0399,0.0955,9.3613
40,53.6,63.0,11.43,0.6,32.16,19.338,2.9508,0.0414,0.0955,9.3613
40,53.6,63.0,12.065,0.6,32.16,19.3133,3.0636,0.0429,0.0955,9.3613
40,53.6,63.0,6.985,0.7,37.52,19.4798,2.3064,0.0325,0.0829,8.0334
40,53.6,63.0,7.62,0.7,37.52,19.4632,2.3815,0.0335,0.0829,8.0334
40,53.6,63.0,8.255,0.7,37.52,19.4454,2.4622,0.0347,0.0829,8.0334
40,53.6,63.0,8.89,0.7,37.52,19.4264,2.5484,0.0359,0.0829,8.0334
40,53.6,63.0,9.525,0.7,37.52,19.4062,2.6399,0.0371,0.0829,8.0334
40,53.6,63.0,10.16,0.7,37.52,19.3849,2.7368,0.0384,0.0829,8.0334
40,53.6,63.0,10.795,0.7,37.52,19.3625,2.8389,0.0398,0.0829,8.0334
40,53.6,63.0,11.43,0.7,37.52,19.339,2.9462,0.0413,0.0829,8.0334
40,53.6,63.0,12.065,0.7,37.52,19.3144,3.0586,0.0429,0.0829,8.0334
40,53.6,63.0,6.985,0.8,42.88,19.4804,2.3038,0.0325,0.0734,7.0345
40,53.6,63.0,7.62,0.8,42.88,19.4638,2.3788,0.0335,0.0734,7.0345
40,53.6,63.0,8.255,0.8,42.88,19.446,2.4594,0.0346,0.0734,7.0345
40,53.6,63.0,8.89,0.8,42.88,19.4271,2.5453,0.0358,0.0734,7.0345
40,53.6,63.0,9.525,0.8,42.88,19.4069,2.6366,0.0371,0.0734,7.0345
40,53.6,63.0,10.16,0.8,42.88,19.3857,2.7333,0.0384,0.0734,7.0345
40,53.6,63.0,10.795,0.8,42.88,19.3633,2.8351,0.0398,0.0734,7.0345
40,53.6,63.0,11.43,0.8,42.88,19.3399,2.9421,0.0413,0.0734,7.0345
40,53.6,63.0,12.065,0.8,42.88,19.3154,3.0542,0.0428,0.0734,7.0345
40,53.6,63.0,6.985,0.9,48.24,19.4809,2.3016,0.0324,0.0659,6.2562
40,53.6,63.0,7.62,0.9,48.24,19.4643,2.3764,0.0335,0.0659,6.2562
40,53.6,63.0,8.255,0.9,48.24,19.4466,2.4568,0.0346,0.0659,6.2562
40,53.6,63.0,8.89,0.9,48.24,19.4277,2.5425,0.0358,0.0659,6.2562
40,53.6,63.0,9.525,0.9,48.24,19.4076,2.6336,0.037,0.0659,6.2562
40,53.6,63.0,10.16,0.9,48.24,19.3864,2.7301,0.0383,0.0659,6.2562
40,53.6,63.0,10.795,0.9,48.24,19.3641,2.8317,0.0397,0.0659,6.2562
40,53.6,63.0,11.43,0.9,48.24,19.3407,2.9384,0.0412,0.0659,6.2562
40,53.6,63.0,12.065,0.9,48.24,19.3162,3.0501,0.0427,0.0659,6.2562
41,17.0,20.0,6.985,0.8,13.6,15.9863,20.5172,0.2509,0.2131,21.7021
41,17.0,20.0,6.985,0.9,15.3,16.0089,20.3809,0.2494,0.191,19.3873
41,17.0,20.0,7.62,0.9,15.3,15.9207,20.914,0.255,0.191,19.3873
41,17.0,20.0,8.255,0.9,15.3,15.8287,21.4754,0.2607,0.191,19.3873
41,17.0,20.0,8.89,0.9,15.3,15.7334,22.0619,0.2667,0.191,19.3873
41,22.0,25.0,6.985,0.7,15.4,17.3849,12.584,0.1634,0.1899,19.2662
41,22.0,25.0,7.62,0.7,15.4,17.3158,12.9534,0.1678,0.1899,19.2662
41,22.0,25.0,8.255,0.7,15.4,17.2429,13.3457,0.1723,0.1899,19.2662
41,22.0,25.0,8.89,0.7,15.4,17.1665,13.7597,0.1771,0.1899,19.2662
41,22.0,25.0,6.985,0.8,17.6,17.3962,12.5238,0.1627,0.1676,16.9321
41,22.0,25.0,7.62,0.8,17.6,17.3277,12.8897,0.167,0.1676,16.9321
41,22.0,25.0,8.255,0.8,17.6,17.2555,13.2781,0.1715,0.1676,16.9321
41,22.0,25.0,8.89,0.8,17.6,17.1797,13.6878,0.1763,0.1676,16.9321
41,22.0,25.0,9.525,0.8,17.6,17.1009,14.1172,0.1812,0.1676,16.9321
41,22.0,25.0,10.16,0.8,17.6,17.0192,14.5649,0.1863,0.1676,16.9321
41,22.0,25.0,10.795,0.8,17.6,16.9352,15.0291,0.1916,0.1676,16.9321
41,22.0,25.0,6.985,0.9,19.8,17.4064,12.4696,0.1621,0.1501,15.0965
41,22.0,25.0,7.62,0.9,19.8,17.3385,12.8322,0.1663,0.1501,15.0965
41,22.0,25.0,8.255,0.9,19.8,17.2668,13.2171,0.1708,0.1501,15.0965
41,22.0,25.0,8.89,0.9,19.8,17.1917,13.623,0.1755,0.1501,15.0965
41,22.0,25.0,9.525,0.9,19.8,17.1135,14.0483,0.1804,0.1501,15.0965
41,22.0,25.0,10.16,0.9,19.8,17.0326,14.4916,0.1855,0.1501,15.0965
41,22.0,25.0,10.795,0.9,19.8,16.9492,14.9511,0.1907,0.1501,15.0965
41,22.0,25.0,11.43,0.9,19.8,16.8639,15.4252,0.196,0.1501,15.0965
41,22.0,25.0,12.065,0.9,19.8,16.7769,15.9121,0.2014,0.1501,15.0965
41,27.2,32.0,6.985,0.5,13.6,18.1886,8.4376,0.1132,0.2131,21.7021
41,27.2,32.0,6.985,0.6,16.32,18.1958,8.4016,0.1128,0.1799,18.2174
41,27.2,32.0,7.62,0.6,16.32,18.1437,8.6623,0.116,0.1799,18.2174
41,27.2,32.0,8.255,0.6,16.32,18.0883,8.9404,0.1195,0.1799,18.2174
41,27.2,32.0,8.89,0.6,16.32,18.0298,9.2354,0.1231,0.1799,18.2174
41,27.2,32.0,9.525,0.6,16.32,17.9685,9.5464,0.127,0.1799,18.2174
41,27.2,32.0,6.985,0.7,19.04,18.2022,8.37,0.1124,0.1557,15.6844
41,27.2,32.0,7.62,0.7,19.04,18.1504,8.6288,0.1156,0.1557,15.6844
41,27.2,32.0,8.255,0.7,19.04,18.0954,8.9048,0.119,0.1557,15.6844
41,27.2,32.0,8.89,0.7,19.04,18.0374,9.1973,0.1227,0.1557,15.6844
41,27.2,32.0,9.525,0.7,19.04,17.9765,9.5057,0.1265,0.1557,15.6844
41,27.2,32.0,10.16,0.7,19.04,17.9129,9.8291,0.1304,0.1557,15.6844
41,27.2,32.0,10.795,0.7,19.04,17.847,10.1668,0.1346,0.1557,15.6844
41,27.2,32.0,11.43,0.7,19.04,17.7787,10.5179,0.1388,0.1557,15.6844
41,27.2,32.0,12.065,0.7,19.04,17.7085,10.8815,0.1432,0.1557,15.6844
41,27.2,32.0,6.985,0.8,21.76,18.2078,8.342,0.112,0.1375,13.7638
41,27.2,32.0,7.62,0.8,21.76,18.1563,8.5989,0.1152,0.1375,13.7638
41,27.2,32.0,8.255,0.8,21.76,18.1017,8.873,0.1186,0.1375,13.7638
41,27.2,32.0,8.89,0.8,21.76,18.0441,9.1634,0.1222,0.1375,13.7638
41,27.2,32.0,9.525,0.8,21.76,17.9836,9.4695,0.126,0.1375,13.7638
41,27.2,32.0,10.16,0.8,21.76,17.9205,9.7904,0.13,0.1375,13.7638
41,27.2,32.0,10.795,0.8,21.76,17.855,10.1254,0.1341,0.1375,13.7638
41,27.2,32.0,11.43,0.8,21.76,17.7873,10.4736,0.1383,0.1375,13.7638
41,27.2,32.0,12.065,0.8,21.76,17.7176,10.834,0.1426,0.1375,13.7638
41,27.2,32.0,6.985,0.9,24.48,18.2129,8.3166,0.1117,0.1231,12.259
41,27.2,32.0,7.62,0.9,24.48,18.1617,8.572,0.1149,0.1231,12.259
41,27.2,32.0,8.255,0.9,24.48,18.1074,8.8443,0.1183,0.1231,12.259
41,27.2,32.0,8.89,0.9,24.48,18.0501,9.1328,0.1219,0.1231,12.259
41,27.2,32.0,9.525,0.9,24.48,17.9901,9.4368,0.1256,0.1231,12.259
41,27.2,32.0,10.16,0.9,24.48,17.9274,9.7555,0.1295,0.1231,12.259
41,27.2,32.0,10.795,0.9,24.48,17.8623,10.0881,0.1336,0.1231,12.259
41,27.2,32.0,11.43,0.9,24.48,17.7951,10.4336,0.1378,0.1231,12.259
41,27.2,32.0,12.065,0.9,24.48,17.7259,10.7913,0.1421,0.1231,12.259
41,34.0,40.0,6.985,0.4,13.6,18.7887,5.5121,0.0757,0.2131,21.7021
41,34.0,40.0,6.985,0.5,17.0,18.7927,5.4932,0.0755,0.1731,17.5116
41,34.0,40.0,7.62,0.5,17.0,18.7556,5.6702,0.0778,0.1731,17.5116
41,34.0,40.0,8.255,0.5,17.0,18.7159,5.8597,0.0803,0.1731,17.5116
41,34.0,40.0,8.89,0.5,17.0,18.6739,6.0613,0.0829,0.1731,17.5116
41,34.0,40.0,9.525,0.5,17.0,18.6295,6.2747,0.0857,0.1731,17.5116
41,34.0,40.0,10.16,0.5,17.0,18.583,6.4995,0.0886,0.1731,17.5116
41,34.0,40.0,6.985,0.6,20.4,18.7961,5.477,0.0752,0.146,14.6622
41,34.0,40.0,7.62,0.6,20.4,18.7592,5.653,0.0776,0.146,14.6622
41,34.0,40.0,8.255,0.6,20.4,18.7198,5.8413,0.08,0.146,14.6622
41,34.0,40.0,8.89,0.6,20.4,18.678,6.0416,0.0826,0.146,14.6622
41,34.0,40.0,9.525,0.6,20.4,18.6339,6.2536,0.0854,0.146,14.6622
41,34.0,40.0,10.16,0.6,20.4,18.5877,6.4769,0.0883,0.146,14.6622
41,34.0,40.0,10.795,0.6,20.4,18.5393,6.7112,0.0913,0.146,14.6622
41,34.0,40.0,11.43,0.6,20.4,18.489,6.956,0.0944,0.146,14.6622
41,34.0,40.0,12.065,0.6,20.4,18.4368,7.2108,0.0977,0.146,14.6622
41,34.0,40.0,6.985,0.7,23.8,18.7991,5.4628,0.0751,0.1264,12.6038
41,34.0,40.0,7.62,0.7,23.8,18.7623,5.6379,0.0774,0.1264,12.6038
41,34.0,40.0,8.255,0.7,23.8,18.7231,5.8252,0.0798,0.1264,12.6038
41,34.0,40.0,8.89,0.7,23.8,18.6816,6.0244,0.0824,0.1264,12.6038
41,34.0,40.0,9.525,0.7,23.8,18.6378,6.2351,0.0851,0.1264,12.6038
41,34.0,40.0,10.16,0.7,23.8,18.5918,6.4571,0.088,0.1264,12.6038
41,34.0,40.0,10.795,0.7,23.8,18.5437,6.6899,0.091,0.1264,12.6038
41,34.0,40.0,11.43,0.7,23.8,18.4937,6.9331,0.0941,0.1264,12.6038
41,34.0,40.0,12.065,0.7,23.8,18.4418,7.1863,0.0974,0.1264,12.6038
41,34.0,40.0,6.985,0.8,27.2,18.8017,5.4502,0.0749,0.1116,11.049
41,34.0,40.0,7.62,0.8,27.2,18.7651,5.6244,0.0772,0.1116,11.049
41,34.0,40.0,8.255,0.8,27.2,18.7261,5.8108,0.0796,0.1116,11.049
41,34.0,40.0,8.89,0.8,27.2,18.6848,6.009,0.0822,0.1116,11.049
41,34.0,40.0,9.525,0.8,27.2,18.6412,6.2187,0.0849,0.1116,11.049
41,34.0,40.0,10.16,0.8,27.2,18.5954,6.4395,0.0878,0.1116,11.049
41,34.0,40.0,10.795,0.8,27.2,18.5476,6.671,0.0908,0.1116,11.049
41,34.0,40.0,11.43,0.8,27.2,18.4979,6.9128,0.0939,0.1116,11.049
41,34.0,40.0,12.065,0.8,27.2,18.4463,7.1644,0.0971,0.1116,11.049
41,34.0,40.0,6.985,0.9,30.6,18.8041,5.4387,0.0747,0.1,9.834
41,34.0,40.0,7.62,0.9,30.6,18.7677,5.6122,0.077,0.1,9.834
41,34.0,40.0,8.255,0.9,30.6,18.7289,5.7978,0.0794,0.1,9.834
41,34.0,40.0,8.89,0.9,30.6,18.6877,5.9951,0.082,0.1,9.834
41,34.0,40.0,9.525,0.9,30.6,18.6443,6.2038,0.0847,0.1,9.834
41,34.0,40.0,10.16,0.9,30.6,18.5987,6.4235,0.0876,0.1,9.834
41,34.0,40.0,10.795,0.9,30.6,18.5511,6.6538,0.0906,0.1,9.834
41,34.0,40.0,11.43,0.9,30.6,18.5017,6.8943,0.0936,0.1,9.834
41,34.0,40.0,12.065,0.9,30.6,18.4504,7.1446,0.0969,0.1,9.834
41,42.6,50.0,6.985,0.4,17.04,19.2005,3.5817,0.05,0.1728,17.4717
41,42.6,50.0,7.62,0.4,17.04,19.1749,3.7,0.0516,0.1728,17.4717
41,42.6,50.0,8.255,0.4,17.04,19.1475,3.827,0.0533,0.1728,17.4717
41,42.6,50.0,8.89,0.4,17.04,19.1183,3.9623,0.0551,0.1728,17.4717
41,42.6,50.0,9.525,0.4,17.04,19.0874,4.106,0.057,0.1728,17.4717
41,42.6,50.0,10.16,0.4,17.04,19.0548,4.2577,0.0591,0.1728,17.4717
41,42.6,50.0,6.985,0.5,21.3,19.2024,3.5732,0.0499,0.1402,14.0552
41,42.6,50.0,7.62,0.5,21.3,19.1769,3.691,0.0514,0.1402,14.0552
41,42.6,50.0,8.255,0.5,21.3,19.1496,3.8173,0.0532,0.1402,14.0552
41,42.6,50.0,8.89,0.5,21.3,19.1205,3.952,0.055,0.1402,14.0552
41,42.6,50.0,9.525,0.5,21.3,19.0898,4.0948,0.0569,0.1402,14.0552
41,42.6,50.0,10.16,0.5,21.3,19.0574,4.2458,0.0589,0.1402,14.0552
41,42.6,50.0,10.795,0.5,21.3,19.0234,4.4046,0.061,0.1402,14.0552
41,42.6,50.0,11.43,0.5,21.3,18.9878,4.5711,0.0633,0.1402,14.0552
41,42.6,50.0,12.065,0.5,21.3,18.9508,4.7452,0.0656,0.1402,14.0552
41,42.6,50.0,6.985,0.6,25.56,19.204,3.566,0.0498,0.1183,11.7484
41,42.6,50.0,7.62,0.6,25.56,19.1785,3.6833,0.0513,0.1183,11.7484
41,42.6,50.0,8.255,0.6,25.56,19.1514,3.809,0.053,0.1183,11.7484
41,42.6,50.0,8.89,0.6,25.56,19.1225,3.9431,0.0548,0.1183,11.7484
41,42.6,50.0,9.525,0.6,25.56,19.0918,4.0853,0.0568,0.1183,11.7484
41,42.6,50.0,10.16,0.6,25.56,19.0596,4.2356,0.0588,0.1183,11.7484
41,42.6,50.0,10.795,0.6,25.56,19.0258,4.3936,0.0609,0.1183,11.7484
41,42.6,50.0,11.43,0.6,25.56,18.9904,4.5593,0.0631,0.1183,11.7484
41,42.6,50.0,12.065,0.6,25.56,18.9535,4.7324,0.0654,0.1183,11.7484
41,42.6,50.0,6.985,0.7,29.82,19.2053,3.5596,0.0497,0.1024,10.0886
41,42.6,50.0,7.62,0.7,29.82,19.18,3.6765,0.0512,0.1024,10.0886
41,42.6,50.0,8.255,0.7,29.82,19.1529,3.8018,0.0529,0.1024,10.0886
41,42.6,50.0,8.89,0.7,29.82,19.1241,3.9353,0.0547,0.1024,10.0886
41,42.6,50.0,9.525,0.7,29.82,19.0936,4.077,0.0566,0.1024,10.0886
41,42.6,50.0,10.16,0.7,29.82,19.0615,4.2266,0.0587,0.1024,10.0886
41,42.6,50.0,10.795,0.7,29.82,19.0278,4.384,0.0608,0.1024,10.0886
41,42.6,50.0,11.43,0.7,29.82,18.9926,4.5489,0.063,0.1024,10.0886
41,42.6,50.0,12.065,0.7,29.82,18.9559,4.7212,0.0653,0.1024,10.0886
41,42.6,50.0,6.985,0.8,34.08,19.2066,3.554,0.0496,0.0905,8.8382
41,42.6,50.0,7.62,0.8,34.08,19.1813,3.6705,0.0512,0.0905,8.8382
41,42.6,50.0,8.255,0.8,34.08,19.1543,3.7953,0.0529,0.0905,8.8382
41,42.6,50.0,8.89,0.8,34.08,19.1256,3.9284,0.0546,0.0905,8.8382
41,42.6,50.0,9.525,0.8,34.08,19.0952,4.0696,0.0565,0.0905,8.8382
41,42.6,50.0,10.16,0.8,34.08,19.0632,4.2186,0.0585,0.0905,8.8382
41,42.6,50.0,10.795,0.8,34.08,19.0297,4.3754,0.0606,0.0905,8.8382
41,42.6,50.0,11.43,0.8,34.08,18.9946,4.5397,0.0628,0.0905,8.8382
41,42.6,50.0,12.065,0.8,34.08,18.958,4.7113,0.0651,0.0905,8.8382
41,42.6,50.0,6.985,0.9,38.34,19.2077,3.5488,0.0495,0.0812,7.8626
41,42.6,50.0,7.62,0.9,38.34,19.1825,3.665,0.0511,0.0812,7.8626
41,42.6,50.0,8.255,0.9,38.34,19.1556,3.7895,0.0528,0.0812,7.8626
41,42.6,50.0,8.89,0.9,38.34,19.127,3.9221,0.0546,0.0812,7.8626
41,42.6,50.0,9.525,0.9,38.34,19.0967,4.0628,0.0565,0.0812,7.8626
41,42.6,50.0,10.16,0.9,38.34,19.0648,4.2114,0.0585,0.0812,7.8626
41,42.6,50.0,10.795,0.9,38.34,19.0313,4.3676,0.0605,0.0812,7.8626
41,42.6,50.0,11.43,0.9,38.34,18.9963,4.5313,0.0627,0.0812,7.8626
41,42.6,50.0,12.065,0.9,38.34,18.9599,4.7022,0.065,0.0812,7.8626
41,53.6,63.0,6.985,0.3,16.08,19.4762,2.3226,0.0327,0.1824,18.48
41,53.6,63.0,7.62,0.3,16.08,19.459,2.4007,0.0338,0.1824,18.48
41,53.6,63.0,8.255,0.3,16.08,19.4405,2.4844,0.035,0.1824,18.48
41,53.6,63.0,8.89,0.3,16.08,19.4208,2.5739,0.0362,0.1824,18.48
41,53.6,63.0,9.525,0.3,16.08,19.3998,2.6691,0.0375,0.1824,18.48
41,53.6,63.0,6.985,0.4,21.44,19.4772,2.3181,0.0327,0.1394,13.9653
41,53.6,63.0,7.62,0.4,21.44,19.4601,2.3958,0.0337,0.1394,13.9653
41,53.6,63.0,8.255,0.4,21.44,19.4416,2.4792,0.0349,0.1394,13.9653
41,53.6,63.0,8.89,0.4,21.44,19.422,2.5683,0.0361,0.1394,13.9653
41,53.6,63.0,9.525,0.4,21.44,19.4011,2.663,0.0374,0.1394,13.9653
41,53.6,63.0,10.16,0.4,21.44,19.3791,2.7633,0.0388,0.1394,13.9653
41,53.6,63.0,10.795,0.4,21.44,19.3559,2.869,0.0403,0.1394,13.9653
41,53.6,63.0,11.43,0.4,21.44,19.3316,2.9801,0.0418,0.1394,13.9653
41,53.6,63.0,12.065,0.4,21.44,19.3061,3.0965,0.0434,0.1394,13.9653
41,53.6,63.0,6.985,0.5,26.8,19.4781,2.3143,0.0326,0.1131,11.2119
41,53.6,63.0,7.62,0.5,26.8,19.4609,2.3918,0.0337,0.1131,11.2119
41,53.6,63.0,8.255,0.5,26.8,19.4426,2.4749,0.0348,0.1131,11.2119
41,53.6,63.0,8.89,0.5,26.8,19.423,2.5637,0.0361,0.1131,11.2119
41,53.6,63.0,9.525,0.5,26.8,19.4022,2.6581,0.0374,0.1131,11.2119
41,53.6,63.0,10.16,0.5,26.8,19.3803,2.758,0.0387,0.1131,11.2119
41,53.6,63.0,10.795,0.5,26.8,19.3572,2.8633,0.0402,0.1131,11.2119
41,53.6,63.0,11.43,0.5,26.8,19.3329,2.9739,0.0417,0.1131,11.2119
41,53.6,63.0,12.065,0.5,26.8,19.3076,3.0898,0.0433,0.1131,11.2119
41,53.6,63.0,6.985,0.6,32.16,19.4788,2.3111,0.0326,0.0955,9.3613
41,53.6,63.0,7.62,0.6,32.16,19.4617,2.3883,0.0336,0.0955,9.3613
41,53.6,63.0,8.255,0.6,32.16,19.4434,2.4713,0.0348,0.0955,9.3613
41,53.6,63.0,8.89,0.6,32.16,19.4239,2.5598,0.036,0.0955,9.3613
41,53.6,63.0,9.525,0.6,32.16,19.4032,2.6539,0.0373,0.0955,9.3613
41,53.6,63.0,10.16,0.6,32.16,19.3813,2.7534,0.0387,0.0955,9.3613
41,53.6,63.0,10.795,0.6,32.16,19.3582,2.8584,0.0401,0.0955,9.3613
41,53.6,63.0,11.43,0.6,32.16,19.3341,2.9686,0.0416,0.0955,9.3613
41,53.6,63.0,12.065,0.6,32.16,19.3088,3.0841,0.0432,0.0955,9.3613
41,53.6,63.0,6.985,0.7,37.52,19.4794,2.3083,0.0325,0.0829,8.0334
41,53.6,63.0,7.62,0.7,37.52,19.4624,2.3853,0.0336,0.0829,8.0334
41,53.6,63.0,8.255,0.7,37.52,19.4441,2.468,0.0347,0.0829,8.0334
41,53.6,63.0,8.89,0.7,37.52,19.4246,2.5563,0.036,0.0829,8.0334
41,53.6,63.0,9.525,0.7,37.52,19.404,2.6501,0.0373,0.0829,8.0334
41,53.6,63.0,10.16,0.7,37.52,19.3821,2.7494,0.0386,0.0829,8.0334
41,53.6,63.0,10.795,0.7,37.52,19.3592,2.854,0.0401,0.0829,8.0334
41,53.6,63.0,11.43,0.7,37.52,19.3351,2.964,0.0416,0.0829,8.0334
41,53.6,63.0,12.065,0.7,37.52,19.3099,3.0791,0.0431,0.0829,8.0334
41,53.6,63.0,6.985,0.8,42.88,19.48,2.3058,0.0325,0.0734,7.0345
41,53.6,63.0,7.62,0.8,42.88,19.463,2.3826,0.0336,0.0734,7.0345
41,53.6,63.0,8.255,0.8,42.88,19.4447,2.4651,0.0347,0.0734,7.0345
41,53.6,63.0,8.89,0.8,42.88,19.4253,2.5532,0.0359,0.0734,7.0345
41,53.6,63.0,9.525,0.8,42.88,19.4047,2.6468,0.0372,0.0734,7.0345
41,53.6,63.0,10.16,0.8,42.88,19.3829,2.7458,0.0386,0.0734,7.0345
41,53.6,63.0,10.795,0.8,42.88,19.36,2.8502,0.04,0.0734,7.0345
41,53.6,63.0,11.43,0.8,42.88,19.336,2.9598,0.0415,0.0734,7.0345
41,53.6,63.0,12.065,0.8,42.88,19.3109,3.0746,0.0431,0.0734,7.0345
41,53.6,63.0,6.985,0.9,48.24,19.4805,2.3035,0.0325,0.0659,6.2562
41,53.6,63.0,7.62,0.9,48.24,19.4635,2.3802,0.0335,0.0659,6.2562
41,53.6,63.0,8.255,0.9,48.24,19.4453,2.4625,0.0347,0.0659,6.2562
41,53.6,63.0,8.89,0.9,48.24,19.4259,2.5504,0.0359,0.0659,6.2562
41,53.6,63.0,9.525,0.9,48.24,19.4054,2.6438,0.0372,0.0659,6.2562
41,53.6,63.0,10.16,0.9,48.24,19.3836,2.7426,0.0385,0.0659,6.2562
41,53.6,63.0,10.795,0.9,48.24,19.3608,2.8467,0.04,0.0659,6.2562
41,53.6,63.0,11.43,0.9,48.24,19.3368,2.956,0.0414,0.0659,6.2562
41,53.6,63.0,12.065,0.9,48.24,19.3118,3.0705,0.043,0.0659,6.2562
42,17.0,20.0,6.985,0.8,13.6,15.984,20.5308,0.251,0.2131,21.7021
42,17.0,20.0,6.985,0.9,15.3,16.0066,20.3942,0.2496,0.191,19.3873
42,17.0,20.0,7.62,0.9,15.3,15.9164,20.9401,0.2552,0.191,19.3873
42,17.0,20.0,8.255,0.9,15.3,15.8223,21.5146,0.2611,0.191,19.3873
42,17.0,20.0,8.89,0.9,15.3,15.7249,22.1146,0.2672,0.191,19.3873
42,22.0,25.0,6.985,0.7,15.4,17.3832,12.5933,0.1636,0.1899,19.2662
42,22.0,25.0,7.62,0.7,15.4,17.3125,12.9715,0.168,0.1899,19.2662
42,22.0,25.0,8.255,0.7,15.4,17.2378,13.3732,0.1726,0.1899,19.2662
42,22.0,25.0,8.89,0.7,15.4,17.1597,13.7968,0.1775,0.1899,19.2662
42,22.0,25.0,6.985,0.8,17.6,17.3945,12.533,0.1628,0.1676,16.9321
42,22.0,25.0,7.62,0.8,17.6,17.3244,12.9076,0.1672,0.1676,16.9321
42,22.0,25.0,8.255,0.8,17.6,17.2504,13.3052,0.1718,0.1676,16.9321
42,22.0,25.0,8.89,0.8,17.6,17.173,13.7245,0.1767,0.1676,16.9321
42,22.0,25.0,9.525,0.8,17.6,17.0923,14.1639,0.1817,0.1676,16.9321
42,22.0,25.0,10.16,0.8,17.6,17.0089,14.6218,0.1869,0.1676,16.9321
42,22.0,25.0,10.795,0.8,17.6,16.923,15.0966,0.1923,0.1676,16.9321
42,22.0,25.0,6.985,0.9,19.8,17.4047,12.4787,0.1622,0.1501,15.0965
42,22.0,25.0,7.62,0.9,19.8,17.3351,12.85,0.1666,0.1501,15.0965
42,22.0,25.0,8.255,0.9,19.8,17.2618,13.244,0.1711,0.1501,15.0965
42,22.0,25.0,8.89,0.9,19.8,17.185,13.6594,0.1759,0.1501,15.0965
42,22.0,25.0,9.525,0.9,19.8,17.105,14.0946,0.1809,0.1501,15.0965
42,22.0,25.0,10.16,0.9,19.8,17.0223,14.548,0.1861,0.1501,15.0965
42,22.0,25.0,10.795,0.9,19.8,16.9372,15.0178,0.1914,0.1501,15.0965
42,22.0,25.0,11.43,0.9,19.8,16.8501,15.5024,0.1969,0.1501,15.0965
42,22.0,25.0,12.065,0.9,19.8,16.7613,16.0,0.2024,0.1501,15.0965
42,27.2,32.0,6.985,0.5,13.6,18.1873,8.4442,0.1133,0.2131,21.7021
42,27.2,32.0,6.985,0.6,16.32,18.1945,8.4081,0.1128,0.1799,18.2174
42,27.2,32.0,7.62,0.6,16.32,18.1411,8.6751,0.1162,0.1799,18.2174
42,27.2,32.0,8.255,0.6,16.32,18.0844,8.9599,0.1197,0.1799,18.2174
42,27.2,32.0,8.89,0.6,16.32,18.0246,9.2619,0.1235,0.1799,18.2174
42,27.2,32.0,9.525,0.6,16.32,17.9618,9.5802,0.1274,0.1799,18.2174
42,27.2,32.0,6.985,0.7,19.04,18.2009,8.3765,0.1124,0.1557,15.6844
42,27.2,32.0,7.62,0.7,19.04,18.1479,8.6415,0.1158,0.1557,15.6844
42,27.2,32.0,8.255,0.7,19.04,18.0916,8.9241,0.1193,0.1557,15.6844
42,27.2,32.0,8.89,0.7,19.04,18.0322,9.2236,0.123,0.1557,15.6844
42,27.2,32.0,9.525,0.7,19.04,17.9699,9.5392,0.1269,0.1557,15.6844
42,27.2,32.0,10.16,0.7,19.04,17.9049,9.8702,0.1309,0.1557,15.6844
42,27.2,32.0,10.795,0.7,19.04,17.8374,10.2157,0.1352,0.1557,15.6844
42,27.2,32.0,11.43,0.7,19.04,17.7677,10.5749,0.1395,0.1557,15.6844
42,27.2,32.0,12.065,0.7,19.04,17.696,10.9466,0.144,0.1557,15.6844
42,27.2,32.0,6.985,0.8,21.76,18.2065,8.3484,0.1121,0.1375,13.7638
42,27.2,32.0,7.62,0.8,21.76,18.1538,8.6115,0.1154,0.1375,13.7638
42,27.2,32.0,8.255,0.8,21.76,18.0979,8.8921,0.1189,0.1375,13.7638
42,27.2,32.0,8.89,0.8,21.76,18.0389,9.1895,0.1226,0.1375,13.7638
42,27.2,32.0,9.525,0.8,21.76,17.9771,9.5028,0.1264,0.1375,13.7638
42,27.2,32.0,10.16,0.8,21.76,17.9125,9.8312,0.1305,0.1375,13.7638
42,27.2,32.0,10.795,0.8,21.76,17.8456,10.1739,0.1347,0.1375,13.7638
42,27.2,32.0,11.43,0.8,21.76,17.7764,10.5301,0.139,0.1375,13.7638
42,27.2,32.0,12.065,0.8,21.76,17.7052,10.8986,0.1434,0.1375,13.7638
42,27.2,32.0,6.985,0.9,24.48,18.2116,8.323,0.1118,0.1231,12.259
42,27.2,32.0,7.62,0.9,24.48,18.1592,8.5845,0.115,0.1231,12.259
42,27.2,32.0,8.255,0.9,24.48,18.1036,8.8633,0.1185,0.1231,12.259
42,27.2,32.0,8.89,0.9,24.48,18.045,9.1587,0.1222,0.1231,12.259
42,27.2,32.0,9.525,0.9,24.48,17.9835,9.4698,0.126,0.1231,12.259
42,27.2,32.0,10.16,0.9,24.48,17.9195,9.796,0.13,0.1231,12.259
42,27.2,32.0,10.795,0.9,24.48,17.8529,10.1362,0.1342,0.1231,12.259
42,27.2,32.0,11.43,0.9,24.48,17.7842,10.4896,0.1385,0.1231,12.259
42,27.2,32.0,12.065,0.9,24.48,17.7135,10.8554,0.1429,0.1231,12.259
42,34.0,40.0,6.985,0.4,13.6,18.7878,5.5165,0.0758,0.2131,21.7021
42,34.0,40.0,6.985,0.5,17.0,18.7918,5.4976,0.0755,0.1731,17.5116
42,34.0,40.0,7.62,0.5,17.0,18.7537,5.6789,0.0779,0.1731,17.5116
42,34.0,40.0,8.255,0.5,17.0,18.7132,5.873,0.0804,0.1731,17.5116
42,34.0,40.0,8.89,0.5,17.0,18.6701,6.0794,0.0831,0.1731,17.5116
42,34.0,40.0,9.525,0.5,17.0,18.6247,6.2979,0.086,0.1731,17.5116
42,34.0,40.0,10.16,0.5,17.0,18.5771,6.5281,0.0889,0.1731,17.5116
42,34.0,40.0,6.985,0.6,20.4,18.7952,5.4814,0.0753,0.146,14.6622
42,34.0,40.0,7.62,0.6,20.4,18.7574,5.6616,0.0777,0.146,14.6622
42,34.0,40.0,8.255,0.6,20.4,18.717,5.8545,0.0802,0.146,14.6622
42,34.0,40.0,8.89,0.6,20.4,18.6742,6.0596,0.0829,0.146,14.6622
42,34.0,40.0,9.525,0.6,20.4,18.6291,6.2766,0.0857,0.146,14.6622
42,34.0,40.0,10.16,0.6,20.4,18.5818,6.5053,0.0886,0.146,14.6622
42,34.0,40.0,10.795,0.6,20.4,18.5324,6.745,0.0917,0.146,14.6622
42,34.0,40.0,11.43,0.6,20.4,18.4809,6.9955,0.0949,0.146,14.6622
42,34.0,40.0,12.065,0.6,20.4,18.4275,7.2563,0.0983,0.146,14.6622
42,34.0,40.0,6.985,0.7,23.8,18.7982,5.4672,0.0751,0.1264,12.6038
42,34.0,40.0,7.62,0.7,23.8,18.7605,5.6465,0.0775,0.1264,12.6038
42,34.0,40.0,8.255,0.7,23.8,18.7204,5.8383,0.08,0.1264,12.6038
42,34.0,40.0,8.89,0.7,23.8,18.6779,6.0423,0.0826,0.1264,12.6038
42,34.0,40.0,9.525,0.7,23.8,18.633,6.2581,0.0854,0.1264,12.6038
42,34.0,40.0,10.16,0.7,23.8,18.5859,6.4853,0.0884,0.1264,12.6038
42,34.0,40.0,10.795,0.7,23.8,18.5368,6.7236,0.0915,0.1264,12.6038
42,34.0,40.0,11.43,0.7,23.8,18.4856,6.9724,0.0946,0.1264,12.6038
42,34.0,40.0,12.065,0.7,23.8,18.4326,7.2315,0.098,0.1264,12.6038
42,34.0,40.0,6.985,0.8,27.2,18.8008,5.4545,0.0749,0.1116,11.049
42,34.0,40.0,7.62,0.8,27.2,18.7634,5.633,0.0773,0.1116,11.049
42,34.0,40.0,8.255,0.8,27.2,18.7234,5.8238,0.0798,0.1116,11.049
42,34.0,40.0,8.89,0.8,27.2,18.6811,6.0268,0.0824,0.1116,11.049
42,34.0,40.0,9.525,0.8,27.2,18.6364,6.2415,0.0852,0.1116,11.049
42,34.0,40.0,10.16,0.8,27.2,18.5896,6.4675,0.0881,0.1116,11.049
42,34.0,40.0,10.795,0.8,27.2,18.5407,6.7044,0.0912,0.1116,11.049
42,34.0,40.0,11.43,0.8,27.2,18.4899,6.9518,0.0944,0.1116,11.049
42,34.0,40.0,12.065,0.8,27.2,18.4371,7.2093,0.0977,0.1116,11.049
42,34.0,40.0,6.985,0.9,30.6,18.8032,5.443,0.0748,0.1,9.834
42,34.0,40.0,7.62,0.9,30.6,18.7659,5.6207,0.0771,0.1,9.834
42,34.0,40.0,8.255,0.9,30.6,18.7261,5.8108,0.0796,0.1,9.834
42,34.0,40.0,8.89,0.9,30.6,18.684,6.0128,0.0823,0.1,9.834
42,34.0,40.0,9.525,0.9,30.6,18.6396,6.2264,0.085,0.1,9.834
42,34.0,40.0,10.16,0.9,30.6,18.593,6.4513,0.0879,0.1,9.834
42,34.0,40.0,10.795,0.9,30.6,18.5443,6.6871,0.091,0.1,9.834
42,34.0,40.0,11.43,0.9,30.6,18.4937,6.9332,0.0941,0.1,9.834
42,34.0,40.0,12.065,0.9,30.6,18.4412,7.1893,0.0974,0.1,9.834
42,42.6,50.0,6.985,0.4,17.04,19.1999,3.5846,0.05,0.1728,17.4717
42,42.6,50.0,7.62,0.4,17.04,19.1737,3.7059,0.0516,0.1728,17.4717
42,42.6,50.0,8.255,0.4,17.04,19.1456,3.8359,0.0534,0.1728,17.4717
42,42.6,50.0,8.89,0.4,17.04,19.1157,3.9745,0.0553,0.1728,17.4717
42,42.6,50.0,9.525,0.4,17.04,19.0841,4.1216,0.0572,0.1728,17.4717
42,42.6,50.0,10.16,0.4,17.04,19.0507,4.277,0.0593,0.1728,17.4717
42,42.6,50.0,6.985,0.5,21.3,19.2017,3.5762,0.0499,0.1402,14.0552
42,42.6,50.0,7.62,0.5,21.3,19.1756,3.6968,0.0515,0.1402,14.0552
42,42.6,50.0,8.255,0.5,21.3,19.1477,3.8261,0.0533,0.1402,14.0552
42,42.6,50.0,8.89,0.5,21.3,19.1179,3.9641,0.0551,0.1402,14.0552
42,42.6,50.0,9.525,0.5,21.3,19.0865,4.1104,0.0571,0.1402,14.0552
42,42.6,50.0,10.16,0.5,21.3,19.0533,4.2649,0.0592,0.1402,14.0552
42,42.6,50.0,10.795,0.5,21.3,19.0185,4.4275,0.0613,0.1402,14.0552
42,42.6,50.0,11.43,0.5,21.3,18.9821,4.598,0.0636,0.1402,14.0552
42,42.6,50.0,12.065,0.5,21.3,18.9442,4.7762,0.066,0.1402,14.0552
42,42.6,50.0,6.985,0.6,25.56,19.2033,3.5689,0.0498,0.1183,11.7484
42,42.6,50.0,7.62,0.6,25.56,19.1773,3.6891,0.0514,0.1183,11.7484
42,42.6,50.0,8.255,0.6,25.56,19.1495,3.8179,0.0532,0.1183,11.7484
42,42.6,50.0,8.89,0.6,25.56,19.1199,3.9551,0.055,0.1183,11.7484
42,42.6,50.0,9.525,0.6,25.56,19.0885,4.1008,0.057,0.1183,11.7484
42,42.6,50.0,10.16,0.6,25.56,19.0555,4.2546,0.059,0.1183,11.7484
42,42.6,50.0,10.795,0.6,25.56,19.0209,4.4164,0.0612,0.1183,11.7484
42,42.6,50.0,11.43,0.6,25.56,18.9847,4.586,0.0635,0.1183,11.7484
42,42.6,50.0,12.065,0.6,25.56,18.9469,4.7632,0.0658,0.1183,11.7484
42,42.6,50.0,6.985,0.7,29.82,19.2047,3.5626,0.0497,0.1024,10.0886
42,42.6,50.0,7.62,0.7,29.82,19.1788,3.6823,0.0513,0.1024,10.0886
42,42.6,50.0,8.255,0.7,29.82,19.151,3.8106,0.0531,0.1024,10.0886
42,42.6,50.0,8.89,0.7,29.82,19.1215,3.9473,0.0549,0.1024,10.0886
42,42.6,50.0,9.525,0.7,29.82,19.0903,4.0924,0.0569,0.1024,10.0886
42,42.6,50.0,10.16,0.7,29.82,19.0575,4.2456,0.0589,0.1024,10.0886
42,42.6,50.0,10.795,0.7,29.82,19.023,4.4067,0.0611,0.1024,10.0886
42,42.6,50.0,11.43,0.7,29.82,18.9869,4.5755,0.0633,0.1024,10.0886
42,42.6,50.0,12.065,0.7,29.82,18.9494,4.7519,0.0657,0.1024,10.0886
42,42.6,50.0,6.985,0.8,34.08,19.2059,3.5569,0.0496,0.0905,8.8382
42,42.6,50.0,7.62,0.8,34.08,19.1801,3.6762,0.0512,0.0905,8.8382
42,42.6,50.0,8.255,0.8,34.08,19.1524,3.8041,0.053,0.0905,8.8382
42,42.6,50.0,8.89,0.8,34.08,19.123,3.9404,0.0548,0.0905,8.8382
42,42.6,50.0,9.525,0.8,34.08,19.0919,4.0849,0.0568,0.0905,8.8382
42,42.6,50.0,10.16,0.8,34.08,19.0592,4.2375,0.0588,0.0905,8.8382
42,42.6,50.0,10.795,0.8,34.08,19.0248,4.398,0.0609,0.0905,8.8382
42,42.6,50.0,11.43,0.8,34.08,18.9889,4.5662,0.0632,0.0905,8.8382
42,42.6,50.0,12.065,0.8,34.08,18.9515,4.7418,0.0655,0.0905,8.8382
42,42.6,50.0,6.985,0.9,38.34,19.207,3.5517,0.0496,0.0812,7.8626
42,42.6,50.0,7.62,0.9,38.34,19.1813,3.6707,0.0512,0.0812,7.8626
42,42.6,50.0,8.255,0.9,38.34,19.1537,3.7982,0.0529,0.0812,7.8626
42,42.6,50.0,8.89,0.9,38.34,19.1244,3.934,0.0547,0.0812,7.8626
42,42.6,50.0,9.525,0.9,38.34,19.0934,4.0781,0.0567,0.0812,7.8626
42,42.6,50.0,10.16,0.9,38.34,19.0608,4.2302,0.0587,0.0812,7.8626
42,42.6,50.0,10.795,0.9,38.34,19.0265,4.3901,0.0608,0.0812,7.8626
42,42.6,50.0,11.43,0.9,38.34,18.9907,4.5577,0.0631,0.0812,7.8626
42,42.6,50.0,12.065,0.9,38.34,18.9534,4.7326,0.0654,0.0812,7.8626
42,53.6,63.0,6.985,0.3,16.08,19.4758,2.3246,0.0328,0.1824,18.48
42,53.6,63.0,7.62,0.3,16.08,19.4581,2.4045,0.0339,0.1824,18.48
42,53.6,63.0,8.255,0.3,16.08,19.4392,2.4903,0.0351,0.1824,18.48
42,53.6,63.0,8.89,0.3,16.08,19.419,2.582,0.0363,0.1824,18.48
42,53.6,63.0,9.525,0.3,16.08,19.3975,2.6794,0.0377,0.1824,18.48
42,53.6,63.0,6.985,0.4,21.44,19.4768,2.32,0.0327,0.1394,13.9653
42,53.6,63.0,7.62,0.4,21.44,19.4592,2.3996,0.0338,0.1394,13.9653
42,53.6,63.0,8.255,0.4,21.44,19.4403,2.4851,0.035,0.1394,13.9653
42,53.6,63.0,8.89,0.4,21.44,19.4202,2.5763,0.0362,0.1394,13.9653
42,53.6,63.0,9.525,0.4,21.44,19.3989,2.6733,0.0376,0.1394,13.9653
42,53.6,63.0,10.16,0.4,21.44,19.3763,2.776,0.039,0.1394,13.9653
42,53.6,63.0,10.795,0.4,21.44,19.3526,2.8843,0.0405,0.1394,13.9653
42,53.6,63.0,11.43,0.4,21.44,19.3276,2.998,0.042,0.1394,13.9653
42,53.6,63.0,12.065,0.4,21.44,19.3016,3.1172,0.0437,0.1394,13.9653
42,53.6,63.0,6.985,0.5,26.8,19.4776,2.3162,0.0326,0.1131,11.2119
42,53.6,63.0,7.62,0.5,26.8,19.4601,2.3956,0.0337,0.1131,11.2119
42,53.6,63.0,8.255,0.5,26.8,19.4413,2.4808,0.0349,0.1131,11.2119
42,53.6,63.0,8.89,0.5,26.8,19.4212,2.5717,0.0362,0.1131,11.2119
42,53.6,63.0,9.525,0.5,26.8,19.4,2.6684,0.0375,0.1131,11.2119
42,53.6,63.0,10.16,0.5,26.8,19.3775,2.7706,0.0389,0.1131,11.2119
42,53.6,63.0,10.795,0.5,26.8,19.3538,2.8785,0.0404,0.1131,11.2119
42,53.6,63.0,11.43,0.5,26.8,19.329,2.9917,0.0419,0.1131,11.2119
42,53.6,63.0,12.065,0.5,26.8,19.3031,3.1104,0.0436,0.1131,11.2119
42,53.6,63.0,6.985,0.6,32.16,19.4784,2.313,0.0326,0.0955,9.3613
42,53.6,63.0,7.62,0.6,32.16,19.4609,2.3921,0.0337,0.0955,9.3613
42,53.6,63.0,8.255,0.6,32.16,19.4421,2.4771,0.0349,0.0955,9.3613
42,53.6,63.0,8.89,0.6,32.16,19.4221,2.5677,0.0361,0.0955,9.3613
42,53.6,63.0,9.525,0.6,32.16,19.4009,2.6641,0.0374,0.0955,9.3613
42,53.6,63.0,10.16,0.6,32.16,19.3785,2.766,0.0388,0.0955,9.3613
42,53.6,63.0,10.795,0.6,32.16,19.3549,2.8735,0.0403,0.0955,9.3613
42,53.6,63.0,11.43,0.6,32.16,19.3302,2.9864,0.0419,0.0955,9.3613
42,53.6,63.0,12.065,0.6,32.16,19.3043,3.1046,0.0435,0.0955,9.3613
42,53.6,63.0,6.985,0.7,37.52,19.479,2.3102,0.0326,0.0829,8.0334
42,53.6,63.0,7.62,0.7,37.52,19.4615,2.3891,0.0337,0.0829,8.0334
42,53.6,63.0,8.255,0.7,37.52,19.4428,2.4738,0.0348,0.0829,8.0334
42,53.6,63.0,8.89,0.7,37.52,19.4229,2.5643,0.0361,0.0829,8.0334
42,53.6,63.0,9.525,0.7,37.52,19.4017,2.6603,0.0374,0.0829,8.0334
42,53.6,63.0,10.16,0.7,37.52,19.3794,2.762,0.0388,0.0829,8.0334
42,53.6,63.0,10.795,0.7,37.52,19.3559,2.8691,0.0403,0.0829,8.0334
42,53.6,63.0,11.43,0.7,37.52,19.3312,2.9817,0.0418,0.0829,8.0334
42,53.6,63.0,12.065,0.7,37.52,19.3055,3.0995,0.0434,0.0829,8.0334
42,53.6,63.0,6.985,0.8,42.88,19.4795,2.3077,0.0325,0.0734,7.0345
42,53.6,63.0,7.62,0.8,42.88,19.4621,2.3864,0.0336,0.0734,7.0345
42,53.6,63.0,8.255,0.8,42.88,19.4435,2.4709,0.0348,0.0734,7.0345
42,53.6,63.0,8.89,0.8,42.88,19.4236,2.5611,0.036,0.0734,7.0345
42,53.6,63.0,9.525,0.8,42.88,19.4025,2.657,0.0373,0.0734,7.0345
42,53.6,63.0,10.16,0.8,42.88,19.3802,2.7584,0.0387,0.0734,7.0345
42,53.6,63.0,10.795,0.8,42.88,19.3567,2.8652,0.0402,0.0734,7.0345
42,53.6,63.0,11.43,0.8,42.88,19.3321,2.9775,0.0417,0.0734,7.0345
42,53.6,63.0,12.065,0.8,42.88,19.3064,3.095,0.0433,0.0734,7.0345
42,53.6,63.0,6.985,0.9,48.24,19.4801,2.3054,0.0325,0.0659,6.2562
42,53.6,63.0,7.62,0.9,48.24,19.4627,2.384,0.0336,0.0659,6.2562
42,53.6,63.0,8.255,0.9,48.24,19.444,2.4683,0.0347,0.0659,6.2562
42,53.6,63.0,8.89,0.9,48.24,19.4242,2.5583,0.036,0.0659,6.2562
42,53.6,63.0,9.525,0.9,48.24,19.4031,2.6539,0.0373,0.0659,6.2562
42,53.6,63.0,10.16,0.9,48.24,19.3809,2.7551,0.0387,0.0659,6.2562
42,53.6,63.0,10.795,0.9,48.24,19.3575,2.8617,0.0402,0.0659,6.2562
42,53.6,63.0,11.43,0.9,48.24,19.333,2.9736,0.0417,0.0659,6.2562
42,53.6,63.0,12.065,0.9,48.24,19.3074,3.0908,0.0433,0.0659,6.2562
43,17.0,20.0,6.985,0.8,13.6,15.9818,20.5443,0.2511,0.2131,21.7021
43,17.0,20.0,6.985,0.9,15.3,16.0044,20.4076,0.2497,0.191,19.3873
43,17.0,20.0,7.62,0.9,15.3,15.9122,20.9661,0.2555,0.191,19.3873
43,17.0,20.0,8.255,0.9,15.3,15.8159,21.5538,0.2615,0.191,19.3873
43,17.0,20.0,8.89,0.9,15.3,15.7164,22.1671,0.2677,0.191,19.3873
43,22.0,25.0,6.985,0.7,15.4,17.3814,12.6025,0.1637,0.1899,19.2662
43,22.0,25.0,7.62,0.7,15.4,17.3091,12.9896,0.1682,0.1899,19.2662
43,22.0,25.0,8.255,0.7,15.4,17.2328,13.4006,0.173,0.1899,19.2662
43,22.0,25.0,8.89,0.7,15.4,17.1528,13.834,0.1779,0.1899,19.2662
43,22.0,25.0,6.985,0.8,17.6,17.3928,12.5421,0.163,0.1676,16.9321
43,22.0,25.0,7.62,0.8,17.6,17.321,12.9255,0.1674,0.1676,16.9321
43,22.0,25.0,8.255,0.8,17.6,17.2454,13.3324,0.1722,0.1676,16.9321
43,22.0,25.0,8.89,0.8,17.6,17.1662,13.7613,0.1771,0.1676,16.9321
43,22.0,25.0,9.525,0.8,17.6,17.0838,14.2106,0.1823,0.1676,16.9321
43,22.0,25.0,10.16,0.8,17.6,16.9985,14.6787,0.1876,0.1676,16.9321
43,22.0,25.0,10.795,0.8,17.6,16.9109,15.1639,0.1931,0.1676,16.9321
43,22.0,25.0,6.985,0.9,19.8,17.403,12.4877,0.1623,0.1501,15.0965
43,22.0,25.0,7.62,0.9,19.8,17.3318,12.8677,0.1668,0.1501,15.0965
43,22.0,25.0,8.255,0.9,19.8,17.2568,13.2709,0.1714,0.1501,15.0965
43,22.0,25.0,8.89,0.9,19.8,17.1783,13.6958,0.1764,0.1501,15.0965
43,22.0,25.0,9.525,0.9,19.8,17.0965,14.1408,0.1815,0.1501,15.0965
43,22.0,25.0,10.16,0.9,19.8,17.0121,14.6043,0.1867,0.1501,15.0965
43,22.0,25.0,10.795,0.9,19.8,16.9252,15.0844,0.1922,0.1501,15.0965
43,22.0,25.0,11.43,0.9,19.8,16.8363,15.5795,0.1977,0.1501,15.0965
43,22.0,25.0,12.065,0.9,19.8,16.7457,16.0877,0.2034,0.1501,15.0965
43,27.2,32.0,6.985,0.5,13.6,18.186,8.4508,0.1134,0.2131,21.7021
43,27.2,32.0,6.985,0.6,16.32,18.1932,8.4146,0.1129,0.1799,18.2174
43,27.2,32.0,7.62,0.6,16.32,18.1386,8.6879,0.1163,0.1799,18.2174
43,27.2,32.0,8.255,0.6,16.32,18.0806,8.9794,0.12,0.1799,18.2174
43,27.2,32.0,8.89,0.6,16.32,18.0194,9.2883,0.1238,0.1799,18.2174
43,27.2,32.0,9.525,0.6,16.32,17.9552,9.614,0.1278,0.1799,18.2174
43,27.2,32.0,6.985,0.7,19.04,18.1996,8.383,0.1125,0.1557,15.6844
43,27.2,32.0,7.62,0.7,19.04,18.1453,8.6542,0.1159,0.1557,15.6844
43,27.2,32.0,8.255,0.7,19.04,18.0877,8.9434,0.1195,0.1557,15.6844
43,27.2,32.0,8.89,0.7,19.04,18.027,9.2498,0.1233,0.1557,15.6844
43,27.2,32.0,9.525,0.7,19.04,17.9633,9.5727,0.1273,0.1557,15.6844
43,27.2,32.0,10.16,0.7,19.04,17.8969,9.9113,0.1314,0.1557,15.6844
43,27.2,32.0,10.795,0.7,19.04,17.8279,10.2646,0.1358,0.1557,15.6844
43,27.2,32.0,11.43,0.7,19.04,17.7567,10.6317,0.1402,0.1557,15.6844
43,27.2,32.0,12.065,0.7,19.04,17.6834,11.0117,0.1448,0.1557,15.6844
43,27.2,32.0,6.985,0.8,21.76,18.2052,8.3548,0.1122,0.1375,13.7638
43,27.2,32.0,7.62,0.8,21.76,18.1513,8.6242,0.1155,0.1375,13.7638
43,27.2,32.0,8.255,0.8,21.76,18.0941,8.9113,0.1191,0.1375,13.7638
43,27.2,32.0,8.89,0.8,21.76,18.0338,9.2155,0.1229,0.1375,13.7638
43,27.2,32.0,9.525,0.8,21.76,17.9705,9.536,0.1268,0.1375,13.7638
43,27.2,32.0,10.16,0.8,21.76,17.9046,9.8719,0.131,0.1375,13.7638
43,27.2,32.0,10.795,0.8,21.76,17.8362,10.2224,0.1352,0.1375,13.7638
43,27.2,32.0,11.43,0.8,21.76,17.7655,10.5864,0.1397,0.1375,13.7638
43,27.2,32.0,12.065,0.8,21.76,17.6928,10.9631,0.1442,0.1375,13.7638
43,27.2,32.0,6.985,0.9,24.48,18.2103,8.3293,0.1119,0.1231,12.259
43,27.2,32.0,7.62,0.9,24.48,18.1567,8.597,0.1152,0.1231,12.259
43,27.2,32.0,8.255,0.9,24.48,18.0998,8.8823,0.1188,0.1231,12.259
43,27.2,32.0,8.89,0.9,24.48,18.0399,9.1845,0.1225,0.1231,12.259
43,27.2,32.0,9.525,0.9,24.48,17.977,9.5028,0.1264,0.1231,12.259
43,27.2,32.0,10.16,0.9,24.48,17.9115,9.8364,0.1305,0.1231,12.259
43,27.2,32.0,10.795,0.9,24.48,17.8436,10.1843,0.1348,0.1231,12.259
43,27.2,32.0,11.43,0.9,24.48,17.7734,10.5456,0.1392,0.1231,12.259
43,27.2,32.0,12.065,0.9,24.48,17.7012,10.9193,0.1437,0.1231,12.259
43,34.0,40.0,6.985,0.4,13.6,18.7868,5.521,0.0758,0.2131,21.7021
43,34.0,40.0,6.985,0.5,17.0,18.7908,5.502,0.0756,0.1731,17.5116
43,34.0,40.0,7.62,0.5,17.0,18.7519,5.6876,0.078,0.1731,17.5116
43,34.0,40.0,8.255,0.5,17.0,18.7104,5.8862,0.0806,0.1731,17.5116
43,34.0,40.0,8.89,0.5,17.0,18.6664,6.0975,0.0834,0.1731,17.5116
43,34.0,40.0,9.525,0.5,17.0,18.6199,6.3211,0.0863,0.1731,17.5116
43,34.0,40.0,10.16,0.5,17.0,18.5712,6.5566,0.0893,0.1731,17.5116
43,34.0,40.0,6.985,0.6,20.4,18.7942,5.4858,0.0754,0.146,14.6622
43,34.0,40.0,7.62,0.6,20.4,18.7555,5.6703,0.0778,0.146,14.6622
43,34.0,40.0,8.255,0.6,20.4,18.7143,5.8677,0.0804,0.146,14.6622
43,34.0,40.0,8.89,0.6,20.4,18.6705,6.0776,0.0831,0.146,14.6622
43,34.0,40.0,9.525,0.6,20.4,18.6244,6.2997,0.086,0.146,14.6622
43,34.0,40.0,10.16,0.6,20.4,18.576,6.5336,0.089,0.146,14.6622
43,34.0,40.0,10.795,0.6,20.4,18.5254,6.7788,0.0922,0.146,14.6622
43,34.0,40.0,11.43,0.6,20.4,18.4728,7.035,0.0955,0.146,14.6622
43,34.0,40.0,12.065,0.6,20.4,18.4183,7.3017,0.0989,0.146,14.6622
43,34.0,40.0,6.985,0.7,23.8,18.7972,5.4715,0.0752,0.1264,12.6038
43,34.0,40.0,7.62,0.7,23.8,18.7587,5.6551,0.0776,0.1264,12.6038
43,34.0,40.0,8.255,0.7,23.8,18.7177,5.8514,0.0801,0.1264,12.6038
43,34.0,40.0,8.89,0.7,23.8,18.6741,6.0601,0.0829,0.1264,12.6038
43,34.0,40.0,9.525,0.7,23.8,18.6283,6.2809,0.0857,0.1264,12.6038
43,34.0,40.0,10.16,0.7,23.8,18.5801,6.5134,0.0887,0.1264,12.6038
43,34.0,40.0,10.795,0.7,23.8,18.5299,6.7571,0.0919,0.1264,12.6038
43,34.0,40.0,11.43,0.7,23.8,18.4776,7.0117,0.0952,0.1264,12.6038
43,34.0,40.0,12.065,0.7,23.8,18.4234,7.2766,0.0985,0.1264,12.6038
43,34.0,40.0,6.985,0.8,27.2,18.7999,5.4589,0.075,0.1116,11.049
43,34.0,40.0,7.62,0.8,27.2,18.7616,5.6415,0.0774,0.1116,11.049
43,34.0,40.0,8.255,0.8,27.2,18.7207,5.8369,0.08,0.1116,11.049
43,34.0,40.0,8.89,0.8,27.2,18.6774,6.0446,0.0827,0.1116,11.049
43,34.0,40.0,9.525,0.8,27.2,18.6317,6.2642,0.0855,0.1116,11.049
43,34.0,40.0,10.16,0.8,27.2,18.5838,6.4954,0.0885,0.1116,11.049
43,34.0,40.0,10.795,0.8,27.2,18.5338,6.7378,0.0916,0.1116,11.049
43,34.0,40.0,11.43,0.8,27.2,18.4818,6.9909,0.0949,0.1116,11.049
43,34.0,40.0,12.065,0.8,27.2,18.428,7.2542,0.0983,0.1116,11.049
43,34.0,40.0,6.985,0.9,30.6,18.8023,5.4474,0.0749,0.1,9.834
43,34.0,40.0,7.62,0.9,30.6,18.7641,5.6293,0.0772,0.1,9.834
43,34.0,40.0,8.255,0.9,30.6,18.7234,5.8238,0.0798,0.1,9.834
43,34.0,40.0,8.89,0.9,30.6,18.6803,6.0305,0.0825,0.1,9.834
43,34.0,40.0,9.525,0.9,30.6,18.6349,6.2491,0.0853,0.1,9.834
43,34.0,40.0,10.16,0.9,30.6,18.5872,6.4792,0.0883,0.1,9.834
43,34.0,40.0,10.795,0.9,30.6,18.5374,6.7203,0.0914,0.1,9.834
43,34.0,40.0,11.43,0.9,30.6,18.4857,6.972,0.0946,0.1,9.834
43,34.0,40.0,12.065,0.9,30.6,18.4321,7.2339,0.098,0.1,9.834
43,42.6,50.0,6.985,0.4,17.04,19.1993,3.5876,0.05,0.1728,17.4717
43,42.6,50.0,7.62,0.4,17.04,19.1724,3.7117,0.0517,0.1728,17.4717
43,42.6,50.0,8.255,0.4,17.04,19.1437,3.8447,0.0535,0.1728,17.4717
43,42.6,50.0,8.89,0.4,17.04,19.1131,3.9866,0.0554,0.1728,17.4717
43,42.6,50.0,9.525,0.4,17.04,19.0807,4.1372,0.0575,0.1728,17.4717
43,42.6,50.0,10.16,0.4,17.04,19.0466,4.2962,0.0596,0.1728,17.4717
43,42.6,50.0,6.985,0.5,21.3,19.2011,3.5791,0.0499,0.1402,14.0552
43,42.6,50.0,7.62,0.5,21.3,19.1744,3.7026,0.0516,0.1402,14.0552
43,42.6,50.0,8.255,0.5,21.3,19.1458,3.835,0.0534,0.1402,14.0552
43,42.6,50.0,8.89,0.5,21.3,19.1153,3.9761,0.0553,0.1402,14.0552
43,42.6,50.0,9.525,0.5,21.3,19.0831,4.1259,0.0573,0.1402,14.0552
43,42.6,50.0,10.16,0.5,21.3,19.0492,4.284,0.0594,0.1402,14.0552
43,42.6,50.0,10.795,0.5,21.3,19.0136,4.4504,0.0616,0.1402,14.0552
43,42.6,50.0,11.43,0.5,21.3,18.9764,4.6249,0.064,0.1402,14.0552
43,42.6,50.0,12.065,0.5,21.3,18.9376,4.8071,0.0664,0.1402,14.0552
43,42.6,50.0,6.985,0.6,25.56,19.2027,3.5718,0.0498,0.1183,11.7484
43,42.6,50.0,7.62,0.6,25.56,19.1761,3.6948,0.0515,0.1183,11.7484
43,42.6,50.0,8.255,0.6,25.56,19.1476,3.8267,0.0533,0.1183,11.7484
43,42.6,50.0,8.89,0.6,25.56,19.1173,3.9672,0.0552,0.1183,11.7484
43,42.6,50.0,9.525,0.6,25.56,19.0852,4.1162,0.0572,0.1183,11.7484
43,42.6,50.0,10.16,0.6,25.56,19.0514,4.2737,0.0593,0.1183,11.7484
43,42.6,50.0,10.795,0.6,25.56,19.016,4.4392,0.0615,0.1183,11.7484
43,42.6,50.0,11.43,0.6,25.56,18.979,4.6128,0.0638,0.1183,11.7484
43,42.6,50.0,12.065,0.6,25.56,18.9404,4.794,0.0662,0.1183,11.7484
43,42.6,50.0,6.985,0.7,29.82,19.2041,3.5655,0.0497,0.1024,10.0886
43,42.6,50.0,7.62,0.7,29.82,19.1775,3.688,0.0514,0.1024,10.0886
43,42.6,50.0,8.255,0.7,29.82,19.1491,3.8193,0.0532,0.1024,10.0886
43,42.6,50.0,8.89,0.7,29.82,19.119,3.9593,0.0551,0.1024,10.0886
43,42.6,50.0,9.525,0.7,29.82,19.087,4.1078,0.0571,0.1024,10.0886
43,42.6,50.0,10.16,0.7,29.82,19.0534,4.2645,0.0592,0.1024,10.0886
43,42.6,50.0,10.795,0.7,29.82,19.0181,4.4294,0.0614,0.1024,10.0886
43,42.6,50.0,11.43,0.7,29.82,18.9812,4.6021,0.0637,0.1024,10.0886
43,42.6,50.0,12.065,0.7,29.82,18.9428,4.7826,0.0661,0.1024,10.0886
43,42.6,50.0,6.985,0.8,34.08,19.2053,3.5598,0.0497,0.0905,8.8382
43,42.6,50.0,7.62,0.8,34.08,19.1788,3.6819,0.0513,0.0905,8.8382
43,42.6,50.0,8.255,0.8,34.08,19.1506,3.8128,0.0531,0.0905,8.8382
43,42.6,50.0,8.89,0.8,34.08,19.1205,3.9523,0.055,0.0905,8.8382
43,42.6,50.0,9.525,0.8,34.08,19.0887,4.1002,0.057,0.0905,8.8382
43,42.6,50.0,10.16,0.8,34.08,19.0551,4.2564,0.0591,0.0905,8.8382
43,42.6,50.0,10.795,0.8,34.08,19.02,4.4206,0.0613,0.0905,8.8382
43,42.6,50.0,11.43,0.8,34.08,18.9833,4.5927,0.0635,0.0905,8.8382
43,42.6,50.0,12.065,0.8,34.08,18.945,4.7723,0.0659,0.0905,8.8382
43,42.6,50.0,6.985,0.9,38.34,19.2064,3.5546,0.0496,0.0812,7.8626
43,42.6,50.0,7.62,0.9,38.34,19.18,3.6764,0.0512,0.0812,7.8626
43,42.6,50.0,8.255,0.9,38.34,19.1518,3.8069,0.053,0.0812,7.8626
43,42.6,50.0,8.89,0.9,38.34,19.1218,3.9459,0.0549,0.0812,7.8626
43,42.6,50.0,9.525,0.9,38.34,19.0901,4.0934,0.0569,0.0812,7.8626
43,42.6,50.0,10.16,0.9,38.34,19.0567,4.249,0.059,0.0812,7.8626
43,42.6,50.0,10.795,0.9,38.34,19.0217,4.4126,0.0611,0.0812,7.8626
43,42.6,50.0,11.43,0.9,38.34,18.9851,4.5841,0.0634,0.0812,7.8626
43,42.6,50.0,12.065,0.9,38.34,18.947,4.763,0.0658,0.0812,7.8626
43,53.6,63.0,6.985,0.3,16.08,19.4754,2.3265,0.0328,0.1824,18.48
43,53.6,63.0,7.62,0.3,16.08,19.4573,2.4083,0.0339,0.1824,18.48
43,53.6,63.0,8.255,0.3,16.08,19.4379,2.4962,0.0351,0.1824,18.48
43,53.6,63.0,8.89,0.3,16.08,19.4172,2.59,0.0364,0.1824,18.48
43,53.6,63.0,9.525,0.3,16.08,19.3953,2.6897,0.0378,0.1824,18.48
43,53.6,63.0,6.985,0.4,21.44,19.4764,2.3219,0.0327,0.1394,13.9653
43,53.6,63.0,7.62,0.4,21.44,19.4584,2.4034,0.0339,0.1394,13.9653
43,53.6,63.0,8.255,0.4,21.44,19.4391,2.4909,0.0351,0.1394,13.9653
43,53.6,63.0,8.89,0.4,21.44,19.4185,2.5843,0.0363,0.1394,13.9653
43,53.6,63.0,9.525,0.4,21.44,19.3966,2.6836,0.0377,0.1394,13.9653
43,53.6,63.0,10.16,0.4,21.44,19.3735,2.7887,0.0392,0.1394,13.9653
43,53.6,63.0,10.795,0.4,21.44,19.3492,2.8995,0.0407,0.1394,13.9653
43,53.6,63.0,11.43,0.4,21.44,19.3237,3.0159,0.0423,0.1394,13.9653
43,53.6,63.0,12.065,0.4,21.44,19.2971,3.1379,0.0439,0.1394,13.9653
43,53.6,63.0,6.985,0.5,26.8,19.4772,2.3182,0.0327,0.1131,11.2119
43,53.6,63.0,7.62,0.5,26.8,19.4593,2.3994,0.0338,0.1131,11.2119
43,53.6,63.0,8.255,0.5,26.8,19.44,2.4866,0.035,0.1131,11.2119
43,53.6,63.0,8.89,0.5,26.8,19.4195,2.5797,0.0363,0.1131,11.2119
43,53.6,63.0,9.525,0.5,26.8,19.3977,2.6786,0.0376,0.1131,11.2119
43,53.6,63.0,10.16,0.5,26.8,19.3747,2.7833,0.0391,0.1131,11.2119
43,53.6,63.0,10.795,0.5,26.8,19.3505,2.8936,0.0406,0.1131,11.2119
43,53.6,63.0,11.43,0.5,26.8,19.3251,3.0096,0.0422,0.1131,11.2119
43,53.6,63.0,12.065,0.5,26.8,19.2986,3.131,0.0438,0.1131,11.2119
43,53.6,63.0,6.985,0.6,32.16,19.4779,2.3149,0.0326,0.0955,9.3613
43,53.6,63.0,7.62,0.6,32.16,19.46,2.3959,0.0337,0.0955,9.3613
43,53.6,63.0,8.255,0.6,32.16,19.4408,2.4829,0.0349,0.0955,9.3613
43,53.6,63.0,8.89,0.6,32.16,19.4204,2.5757,0.0362,0.0955,9.3613
43,53.6,63.0,9.525,0.6,32.16,19.3987,2.6743,0.0376,0.0955,9.3613
43,53.6,63.0,10.16,0.6,32.16,19.3757,2.7786,0.039,0.0955,9.3613
43,53.6,63.0,10.795,0.6,32.16,19.3516,2.8886,0.0405,0.0955,9.3613
43,53.6,63.0,11.43,0.6,32.16,19.3263,3.0041,0.0421,0.0955,9.3613
43,53.6,63.0,12.065,0.6,32.16,19.2999,3.1251,0.0438,0.0955,9.3613
43,53.6,63.0,6.985,0.7,37.52,19.4786,2.3121,0.0326,0.0829,8.0334
43,53.6,63.0,7.62,0.7,37.52,19.4607,2.3929,0.0337,0.0829,8.0334
43,53.6,63.0,8.255,0.7,37.52,19.4415,2.4796,0.0349,0.0829,8.0334
43,53.6,63.0,8.89,0.7,37.52,19.4211,2.5722,0.0362,0.0829,8.0334
43,53.6,63.0,9.525,0.7,37.52,19.3995,2.6705,0.0375,0.0829,8.0334
43,53.6,63.0,10.16,0.7,37.52,19.3766,2.7746,0.039,0.0829,8.0334
43,53.6,63.0,10.795,0.7,37.52,19.3526,2.8842,0.0405,0.0829,8.0334
43,53.6,63.0,11.43,0.7,37.52,19.3273,2.9994,0.042,0.0829,8.0334
43,53.6,63.0,12.065,0.7,37.52,19.301,3.12,0.0437,0.0829,8.0334
43,53.6,63.0,6.985,0.8,42.88,19.4791,2.3096,0.0326,0.0734,7.0345
43,53.6,63.0,7.62,0.8,42.88,19.4613,2.3902,0.0337,0.0734,7.0345
43,53.6,63.0,8.255,0.8,42.88,19.4422,2.4767,0.0349,0.0734,7.0345
43,53.6,63.0,8.89,0.8,42.88,19.4218,2.569,0.0361,0.0734,7.0345
43,53.6,63.0,9.525,0.8,42.88,19.4002,2.6671,0.0375,0.0734,7.0345
43,53.6,63.0,10.16,0.8,42.88,19.3774,2.7709,0.0389,0.0734,7.0345
43,53.6,63.0,10.795,0.8,42.88,19.3534,2.8803,0.0404,0.0734,7.0345
43,53.6,63.0,11.43,0.8,42.88,19.3283,2.9951,0.042,0.0734,7.0345
43,53.6,63.0,12.065,0.8,42.88,19.302,3.1153,0.0436,0.0734,7.0345
43,53.6,63.0,6.985,0.9,48.24,19.4796,2.3073,0.0325,0.0659,6.2562
43,53.6,63.0,7.62,0.9,48.24,19.4618,2.3877,0.0336,0.0659,6.2562
43,53.6,63.0,8.255,0.9,48.24,19.4428,2.4741,0.0348,0.0659,6.2562
43,53.6,63.0,8.89,0.9,48.24,19.4225,2.5662,0.0361,0.0659,6.2562
43,53.6,63.0,9.525,0.9,48.24,19.4009,2.6641,0.0374,0.0659,6.2562
43,53.6,63.0,10.16,0.9,48.24,19.3782,2.7676,0.0389,0.0659,6.2562
43,53.6,63.0,10.795,0.9,48.24,19.3542,2.8767,0.0404,0.0659,6.2562
43,53.6,63.0,11.43,0.9,48.24,19.3291,2.9912,0.0419,0.0659,6.2562
43,53.6,63.0,12.065,0.9,48.24,19.3029,3.1112,0.0436,0.0659,6.2562
44,17.0,20.0,6.985,0.8,13.6,15.9795,20.5579,0.2513,0.2131,21.7021
44,17.0,20.0,6.985,0.9,15.3,16.0022,20.421,0.2499,0.191,19.3873
44,17.0,20.0,7.62,0.9,15.3,15.9079,20.9922,0.2558,0.191,19.3873
44,17.0,20.0,8.255,0.9,15.3,15.8096,21.5929,0.2619,0.191,19.3873
44,17.0,20.0,8.89,0.9,15.3,15.708,22.2197,0.2683,0.191,19.3873
44,22.0,25.0,6.985,0.7,15.4,17.3797,12.6117,0.1638,0.1899,19.2662
44,22.0,25.0,7.62,0.7,15.4,17.3057,13.0077,0.1684,0.1899,19.2662
44,22.0,25.0,8.255,0.7,15.4,17.2277,13.428,0.1733,0.1899,19.2662
44,22.0,25.0,8.89,0.7,15.4,17.146,13.871,0.1784,0.1899,19.2662
44,22.0,25.0,6.985,0.8,17.6,17.391,12.5513,0.1631,0.1676,16.9321
44,22.0,25.0,7.62,0.8,17.6,17.3177,12.9434,0.1676,0.1676,16.9321
44,22.0,25.0,8.255,0.8,17.6,17.2404,13.3595,0.1725,0.1676,16.9321
44,22.0,25.0,8.89,0.8,17.6,17.1594,13.798,0.1775,0.1676,16.9321
44,22.0,25.0,9.525,0.8,17.6,17.0753,14.2572,0.1828,0.1676,16.9321
44,22.0,25.0,10.16,0.8,17.6,16.9882,14.7355,0.1882,0.1676,16.9321
44,22.0,25.0,10.795,0.8,17.6,16.8988,15.2311,0.1938,0.1676,16.9321
44,22.0,25.0,6.985,0.9,19.8,17.4013,12.4968,0.1624,0.1501,15.0965
44,22.0,25.0,7.62,0.9,19.8,17.3285,12.8855,0.167,0.1501,15.0965
44,22.0,25.0,8.255,0.9,19.8,17.2518,13.2978,0.1718,0.1501,15.0965
44,22.0,25.0,8.89,0.9,19.8,17.1716,13.7321,0.1768,0.1501,15.0965
44,22.0,25.0,9.525,0.9,19.8,17.0881,14.187,0.182,0.1501,15.0965
44,22.0,25.0,10.16,0.9,19.8,17.0019,14.6605,0.1874,0.1501,15.0965
44,22.0,25.0,10.795,0.9,19.8,16.9132,15.1509,0.1929,0.1501,15.0965
44,22.0,25.0,11.43,0.9,19.8,16.8225,15.6565,0.1986,0.1501,15.0965
44,22.0,25.0,12.065,0.9,19.8,16.7302,16.1752,0.2044,0.1501,15.0965
44,27.2,32.0,6.985,0.5,13.6,18.1847,8.4573,0.1135,0.2131,21.7021
44,27.2,32.0,6.985,0.6,16.32,18.1919,8.4211,0.113,0.1799,18.2174
44,27.2,32.0,7.62,0.6,16.32,18.136,8.7007,0.1165,0.1799,18.2174
44,27.2,32.0,8.255,0.6,16.32,18.0767,8.9988,0.1202,0.1799,18.2174
44,27.2,32.0,8.89,0.6,16.32,18.0141,9.3148,0.1241,0.1799,18.2174
44,27.2,32.0,9.525,0.6,16.32,17.9485,9.6477,0.1282,0.1799,18.2174
44,27.2,32.0,6.985,0.7,19.04,18.1983,8.3894,0.1126,0.1557,15.6844
44,27.2,32.0,7.62,0.7,19.04,18.1428,8.6669,0.1161,0.1557,15.6844
44,27.2,32.0,8.255,0.7,19.04,18.0839,8.9627,0.1198,0.1557,15.6844
44,27.2,32.0,8.89,0.7,19.04,18.0218,9.276,0.1236,0.1557,15.6844
44,27.2,32.0,9.525,0.7,19.04,17.9567,9.6062,0.1277,0.1557,15.6844
44,27.2,32.0,10.16,0.7,19.04,17.8889,9.9523,0.1319,0.1557,15.6844
44,27.2,32.0,10.795,0.7,19.04,17.8185,10.3133,0.1363,0.1557,15.6844
44,27.2,32.0,11.43,0.7,19.04,17.7457,10.6885,0.1409,0.1557,15.6844
44,27.2,32.0,12.065,0.7,19.04,17.671,11.0766,0.1456,0.1557,15.6844
44,27.2,32.0,6.985,0.8,21.76,18.2039,8.3612,0.1123,0.1375,13.7638
44,27.2,32.0,7.62,0.8,21.76,18.1488,8.6368,0.1157,0.1375,13.7638
44,27.2,32.0,8.255,0.8,21.76,18.0903,8.9305,0.1194,0.1375,13.7638
44,27.2,32.0,8.89,0.8,21.76,18.0286,9.2415,0.1232,0.1375,13.7638
44,27.2,32.0,9.525,0.8,21.76,17.964,9.5692,0.1273,0.1375,13.7638
44,27.2,32.0,10.16,0.8,21.76,17.8966,9.9126,0.1315,0.1375,13.7638
44,27.2,32.0,10.795,0.8,21.76,17.8267,10.2707,0.1358,0.1375,13.7638
44,27.2,32.0,11.43,0.8,21.76,17.7546,10.6427,0.1403,0.1375,13.7638
44,27.2,32.0,12.065,0.8,21.76,17.6804,11.0275,0.145,0.1375,13.7638
44,27.2,32.0,6.985,0.9,24.48,18.2091,8.3357,0.1119,0.1231,12.259
44,27.2,32.0,7.62,0.9,24.48,18.1542,8.6096,0.1154,0.1231,12.259
44,27.2,32.0,8.255,0.9,24.48,18.0961,8.9014,0.119,0.1231,12.259
44,27.2,32.0,8.89,0.9,24.48,18.0348,9.2104,0.1228,0.1231,12.259
44,27.2,32.0,9.525,0.9,24.48,17.9705,9.5358,0.1268,0.1231,12.259
44,27.2,32.0,10.16,0.9,24.48,17.9036,9.8767,0.131,0.1231,12.259
44,27.2,32.0,10.795,0.9,24.48,17.8342,10.2323,0.1354,0.1231,12.259
44,27.2,32.0,11.43,0.9,24.48,17.7626,10.6014,0.1398,0.1231,12.259
44,27.2,32.0,12.065,0.9,24.48,17.6889,10.9832,0.1444,0.1231,12.259
44,34.0,40.0,6.985,0.4,13.6,18.7859,5.5254,0.0759,0.2131,21.7021
44,34.0,40.0,6.985,0.5,17.0,18.7899,5.5064,0.0756,0.1731,17.5116
44,34.0,40.0,7.62,0.5,17.0,18.7501,5.6963,0.0781,0.1731,17.5116
44,34.0,40.0,8.255,0.5,17.0,18.7076,5.8995,0.0808,0.1731,17.5116
44,34.0,40.0,8.89,0.5,17.0,18.6626,6.1156,0.0836,0.1731,17.5116
44,34.0,40.0,9.525,0.5,17.0,18.6151,6.3442,0.0866,0.1731,17.5116
44,34.0,40.0,10.16,0.5,17.0,18.5653,6.5851,0.0897,0.1731,17.5116
44,34.0,40.0,6.985,0.6,20.4,18.7933,5.4901,0.0754,0.146,14.6622
44,34.0,40.0,7.62,0.6,20.4,18.7537,5.6789,0.0779,0.146,14.6622
44,34.0,40.0,8.255,0.6,20.4,18.7115,5.8808,0.0805,0.146,14.6622
44,34.0,40.0,8.89,0.6,20.4,18.6668,6.0955,0.0833,0.146,14.6622
44,34.0,40.0,9.525,0.6,20.4,18.6196,6.3227,0.0863,0.146,14.6622
44,34.0,40.0,10.16,0.6,20.4,18.5701,6.5619,0.0894,0.146,14.6622
44,34.0,40.0,10.795,0.6,20.4,18.5184,6.8126,0.0926,0.146,14.6622
44,34.0,40.0,11.43,0.6,20.4,18.4647,7.0745,0.096,0.146,14.6622
44,34.0,40.0,12.065,0.6,20.4,18.409,7.3471,0.0994,0.146,14.6622
44,34.0,40.0,6.985,0.7,23.8,18.7963,5.4759,0.0752,0.1264,12.6038
44,34.0,40.0,7.62,0.7,23.8,18.7569,5.6637,0.0777,0.1264,12.6038
44,34.0,40.0,8.255,0.7,23.8,18.7149,5.8645,0.0803,0.1264,12.6038
44,34.0,40.0,8.89,0.7,23.8,18.6704,6.078,0.0831,0.1264,12.6038
44,34.0,40.0,9.525,0.7,23.8,18.6235,6.3038,0.086,0.1264,12.6038
44,34.0,40.0,10.16,0.7,23.8,18.5743,6.5415,0.0891,0.1264,12.6038
44,34.0,40.0,10.795,0.7,23.8,18.523,6.7907,0.0923,0.1264,12.6038
44,34.0,40.0,11.43,0.7,23.8,18.4695,7.0509,0.0957,0.1264,12.6038
44,34.0,40.0,12.065,0.7,23.8,18.4142,7.3216,0.0991,0.1264,12.6038
44,34.0,40.0,6.985,0.8,27.2,18.799,5.4632,0.0751,0.1116,11.049
44,34.0,40.0,7.62,0.8,27.2,18.7598,5.6501,0.0775,0.1116,11.049
44,34.0,40.0,8.255,0.8,27.2,18.718,5.8499,0.0801,0.1116,11.049
44,34.0,40.0,8.89,0.8,27.2,18.6737,6.0623,0.0829,0.1116,11.049
44,34.0,40.0,9.525,0.8,27.2,18.627,6.287,0.0858,0.1116,11.049
44,34.0,40.0,10.16,0.8,27.2,18.5781,6.5234,0.0889,0.1116,11.049
44,34.0,40.0,10.795,0.8,27.2,18.527,6.7712,0.0921,0.1116,11.049
44,34.0,40.0,11.43,0.8,27.2,18.4739,7.0299,0.0954,0.1116,11.049
44,34.0,40.0,12.065,0.8,27.2,18.4188,7.2989,0.0988,0.1116,11.049
44,34.0,40.0,6.985,0.9,30.6,18.8014,5.4517,0.0749,0.1,9.834
44,34.0,40.0,7.62,0.9,30.6,18.7623,5.6378,0.0774,0.1,9.834
44,34.0,40.0,8.255,0.9,30.6,18.7207,5.8367,0.08,0.1,9.834
44,34.0,40.0,8.89,0.9,30.6,18.6766,6.0482,0.0827,0.1,9.834
44,34.0,40.0,9.525,0.9,30.6,18.6302,6.2717,0.0856,0.1,9.834
44,34.0,40.0,10.16,0.9,30.6,18.5814,6.507,0.0887,0.1,9.834
44,34.0,40.0,10.795,0.9,30.6,18.5306,6.7535,0.0918,0.1,9.834
44,34.0,40.0,11.43,0.9,30.6,18.4778,7.0108,0.0951,0.1,9.834
44,34.0,40.0,12.065,0.9,30.6,18.423,7.2784,0.0986,0.1,9.834
44,42.6,50.0,6.985,0.4,17.04,19.1986,3.5905,0.0501,0.1728,17.4717
44,42.6,50.0,7.62,0.4,17.04,19.1712,3.7175,0.0518,0.1728,17.4717
44,42.6,50.0,8.255,0.4,17.04,19.1417,3.8536,0.0536,0.1728,17.4717
44,42.6,50.0,8.89,0.4,17.04,19.1105,3.9988,0.0556,0.1728,17.4717
44,42.6,50.0,9.525,0.4,17.04,19.0774,4.1528,0.0577,0.1728,17.4717
44,42.6,50.0,10.16,0.4,17.04,19.0425,4.3154,0.0598,0.1728,17.4717
44,42.6,50.0,6.985,0.5,21.3,19.2005,3.582,0.05,0.1402,14.0552
44,42.6,50.0,7.62,0.5,21.3,19.1731,3.7084,0.0517,0.1402,14.0552
44,42.6,50.0,8.255,0.5,21.3,19.1439,3.8438,0.0535,0.1402,14.0552
44,42.6,50.0,8.89,0.5,21.3,19.1127,3.9882,0.0555,0.1402,14.0552
44,42.6,50.0,9.525,0.5,21.3,19.0798,4.1414,0.0575,0.1402,14.0552
44,42.6,50.0,10.16,0.5,21.3,19.0451,4.3032,0.0597,0.1402,14.0552
44,42.6,50.0,10.795,0.5,21.3,19.0087,4.4733,0.062,0.1402,14.0552
44,42.6,50.0,11.43,0.5,21.3,18.9707,4.6517,0.0643,0.1402,14.0552
44,42.6,50.0,12.065,0.5,21.3,18.9311,4.838,0.0668,0.1402,14.0552
44,42.6,50.0,6.985,0.6,25.56,19.2021,3.5748,0.0499,0.1183,11.7484
44,42.6,50.0,7.62,0.6,25.56,19.1748,3.7006,0.0516,0.1183,11.7484
44,42.6,50.0,8.255,0.6,25.56,19.1457,3.8355,0.0534,0.1183,11.7484
44,42.6,50.0,8.89,0.6,25.56,19.1147,3.9792,0.0553,0.1183,11.7484
44,42.6,50.0,9.525,0.6,25.56,19.0819,4.1317,0.0574,0.1183,11.7484
44,42.6,50.0,10.16,0.6,25.56,19.0474,4.2927,0.0595,0.1183,11.7484
44,42.6,50.0,10.795,0.6,25.56,19.0111,4.462,0.0618,0.1183,11.7484
44,42.6,50.0,11.43,0.6,25.56,18.9733,4.6394,0.0642,0.1183,11.7484
44,42.6,50.0,12.065,0.6,25.56,18.9339,4.8248,0.0666,0.1183,11.7484
44,42.6,50.0,6.985,0.7,29.82,19.2034,3.5684,0.0498,0.1024,10.0886
44,42.6,50.0,7.62,0.7,29.82,19.1763,3.6938,0.0515,0.1024,10.0886
44,42.6,50.0,8.255,0.7,29.82,19.1473,3.8281,0.0533,0.1024,10.0886
44,42.6,50.0,8.89,0.7,29.82,19.1164,3.9713,0.0552,0.1024,10.0886
44,42.6,50.0,9.525,0.7,29.82,19.0837,4.1232,0.0573,0.1024,10.0886
44,42.6,50.0,10.16,0.7,29.82,19.0493,4.2835,0.0594,0.1024,10.0886
44,42.6,50.0,10.795,0.7,29.82,19.0133,4.4521,0.0617,0.1024,10.0886
44,42.6,50.0,11.43,0.7,29.82,18.9756,4.6287,0.064,0.1024,10.0886
44,42.6,50.0,12.065,0.7,29.82,18.9363,4.8132,0.0665,0.1024,10.0886
44,42.6,50.0,6.985,0.8,34.08,19.2047,3.5627,0.0497,0.0905,8.8382
44,42.6,50.0,7.62,0.8,34.08,19.1776,3.6876,0.0514,0.0905,8.8382
44,42.6,50.0,8.255,0.8,34.08,19.1487,3.8216,0.0532,0.0905,8.8382
44,42.6,50.0,8.89,0.8,34.08,19.1179,3.9642,0.0551,0.0905,8.8382
44,42.6,50.0,9.525,0.8,34.08,19.0854,4.1155,0.0572,0.0905,8.8382
44,42.6,50.0,10.16,0.8,34.08,19.0511,4.2753,0.0593,0.0905,8.8382
44,42.6,50.0,10.795,0.8,34.08,19.0152,4.4432,0.0616,0.0905,8.8382
44,42.6,50.0,11.43,0.8,34.08,18.9776,4.6191,0.0639,0.0905,8.8382
44,42.6,50.0,12.065,0.8,34.08,18.9385,4.8028,0.0663,0.0905,8.8382
44,42.6,50.0,6.985,0.9,38.34,19.2058,3.5575,0.0496,0.0812,7.8626
44,42.6,50.0,7.62,0.9,38.34,19.1788,3.6821,0.0513,0.0812,7.8626
44,42.6,50.0,8.255,0.9,38.34,19.15,3.8156,0.0531,0.0812,7.8626
44,42.6,50.0,8.89,0.9,38.34,19.1193,3.9578,0.055,0.0812,7.8626
44,42.6,50.0,9.525,0.9,38.34,19.0868,4.1086,0.0571,0.0812,7.8626
44,42.6,50.0,10.16,0.9,38.34,19.0527,4.2678,0.0592,0.0812,7.8626
44,42.6,50.0,10.795,0.9,38.34,19.0169,4.4351,0.0614,0.0812,7.8626
44,42.6,50.0,11.43,0.9,38.34,18.9795,4.6104,0.0638,0.0812,7.8626
44,42.6,50.0,12.065,0.9,38.34,18.9405,4.7934,0.0662,0.0812,7.8626
44,53.6,63.0,6.985,0.3,16.08,19.4749,2.3284,0.0328,0.1824,18.48
44,53.6,63.0,7.62,0.3,16.08,19.4564,2.4122,0.034,0.1824,18.48
44,53.6,63.0,8.255,0.3,16.08,19.4366,2.5021,0.0352,0.1824,18.48
44,53.6,63.0,8.89,0.3,16.08,19.4154,2.598,0.0365,0.1824,18.48
44,53.6,63.0,9.525,0.3,16.08,19.393,2.7001,0.0379,0.1824,18.48
44,53.6,63.0,6.985,0.4,21.44,19.476,2.3239,0.0328,0.1394,13.9653
44,53.6,63.0,7.62,0.4,21.44,19.4575,2.4072,0.0339,0.1394,13.9653
44,53.6,63.0,8.255,0.4,21.44,19.4378,2.4968,0.0351,0.1394,13.9653
44,53.6,63.0,8.89,0.4,21.44,19.4167,2.5923,0.0365,0.1394,13.9653
44,53.6,63.0,9.525,0.4,21.44,19.3943,2.6939,0.0379,0.1394,13.9653
44,53.6,63.0,10.16,0.4,21.44,19.3707,2.8014,0.0393,0.1394,13.9653
44,53.6,63.0,10.795,0.4,21.44,19.3459,2.9147,0.0409,0.1394,13.9653
44,53.6,63.0,11.43,0.4,21.44,19.3198,3.0338,0.0425,0.1394,13.9653
44,53.6,63.0,12.065,0.4,21.44,19.2926,3.1585,0.0442,0.1394,13.9653
44,53.6,63.0,6.985,0.5,26.8,19.4768,2.3201,0.0327,0.1131,11.2119
44,53.6,63.0,7.62,0.5,26.8,19.4584,2.4032,0.0338,0.1131,11.2119
44,53.6,63.0,8.255,0.5,26.8,19.4387,2.4924,0.0351,0.1131,11.2119
44,53.6,63.0,8.89,0.5,26.8,19.4177,2.5876,0.0364,0.1131,11.2119
44,53.6,63.0,9.525,0.5,26.8,19.3955,2.6888,0.0378,0.1131,11.2119
44,53.6,63.0,10.16,0.5,26.8,19.3719,2.7959,0.0393,0.1131,11.2119
44,53.6,63.0,10.795,0.5,26.8,19.3472,2.9088,0.0408,0.1131,11.2119
44,53.6,63.0,11.43,0.5,26.8,19.3212,3.0274,0.0424,0.1131,11.2119
44,53.6,63.0,12.065,0.5,26.8,19.2941,3.1516,0.0441,0.1131,11.2119
44,53.6,63.0,6.985,0.6,32.16,19.4775,2.3169,0.0327,0.0955,9.3613
44,53.6,63.0,7.62,0.6,32.16,19.4592,2.3997,0.0338,0.0955,9.3613
44,53.6,63.0,8.255,0.6,32.16,19.4395,2.4887,0.035,0.0955,9.3613
44,53.6,63.0,8.89,0.6,32.16,19.4186,2.5836,0.0363,0.0955,9.3613
44,53.6,63.0,9.525,0.6,32.16,19.3964,2.6845,0.0377,0.0955,9.3613
44,53.6,63.0,10.16,0.6,32.16,19.373,2.7912,0.0392,0.0955,9.3613
44,53.6,63.0,10.795,0.6,32.16,19.3483,2.9037,0.0407,0.0955,9.3613
44,53.6,63.0,11.43,0.6,32.16,19.3224,3.0219,0.0423,0.0955,9.3613
44,53.6,63.0,12.065,0.6,32.16,19.2954,3.1456,0.044,0.0955,9.3613
44,53.6,63.0,6.985,0.7,37.52,19.4781,2.314,0.0326,0.0829,8.0334
44,53.6,63.0,7.62,0.7,37.52,19.4599,2.3967,0.0338,0.0829,8.0334
44,53.6,63.0,8.255,0.7,37.52,19.4403,2.4854,0.035,0.0829,8.0334
44,53.6,63.0,8.89,0.7,37.52,19.4194,2.5801,0.0363,0.0829,8.0334
44,53.6,63.0,9.525,0.7,37.52,19.3972,2.6807,0.0377,0.0829,8.0334
44,53.6,63.0,10.16,0.7,37.52,19.3739,2.7871,0.0391,0.0829,8.0334
44,53.6,63.0,10.795,0.7,37.52,19.3493,2.8993,0.0407,0.0829,8.0334
44,53.6,63.0,11.43,0.7,37.52,19.3235,3.0171,0.0423,0.0829,8.0334
44,53.6,63.0,12.065,0.7,37.52,19.2965,3.1404,0.044,0.0829,8.0334
44,53.6,63.0,6.985,0.8,42.88,19.4787,2.3115,0.0326,0.0734,7.0345
44,53.6,63.0,7.62,0.8,42.88,19.4605,2.394,0.0337,0.0734,7.0345
44,53.6,63.0,8.255,0.8,42.88,19.4409,2.4825,0.0349,0.0734,7.0345
44,53.6,63.0,8.89,0.8,42.88,19.4201,2.577,0.0362,0.0734,7.0345
44,53.6,63.0,9.525,0.8,42.88,19.398,2.6773,0.0376,0.0734,7.0345
44,53.6,63.0,10.16,0.8,42.88,19.3747,2.7835,0.0391,0.0734,7.0345
44,53.6,63.0,10.795,0.8,42.88,19.3501,2.8953,0.0406,0.0734,7.0345
44,53.6,63.0,11.43,0.8,42.88,19.3244,3.0128,0.0422,0.0734,7.0345
44,53.6,63.0,12.065,0.8,42.88,19.2976,3.1357,0.0439,0.0734,7.0345
44,53.6,63.0,6.985,0.9,48.24,19.4792,2.3092,0.0325,0.0659,6.2562
44,53.6,63.0,7.62,0.9,48.24,19.461,2.3915,0.0337,0.0659,6.2562
44,53.6,63.0,8.255,0.9,48.24,19.4415,2.4798,0.0349,0.0659,6.2562
44,53.6,63.0,8.89,0.9,48.24,19.4207,2.5741,0.0362,0.0659,6.2562
44,53.6,63.0,9.525,0.9,48.24,19.3987,2.6742,0.0376,0.0659,6.2562
44,53.6,63.0,10.16,0.9,48.24,19.3754,2.7801,0.039,0.0659,6.2562
44,53.6,63.0,10.795,0.9,48.24,19.3509,2.8917,0.0406,0.0659,6.2562
44,53.6,63.0,11.43,0.9,48.24,19.3253,3.0088,0.0422,0.0659,6.2562
44,53.6,63.0,12.065,0.9,48.24,19.2985,3.1315,0.0438,0.0659,6.2562
45,17.0,20.0,6.985,0.8,13.6,15.9773,20.5714,0.2514,0.2131,21.7021
45,17.0,20.0,6.985,0.9,15.3,16.0,20.4344,0.25,0.191,19.3873
45,17.0,20.0,7.62,0.9,15.3,15.9036,21.0182,0.256,0.191,19.3873
45,17.0,20.0,8.255,0.9,15.3,15.8032,21.6319,0.2623,0.191,19.3873
45,17.0,20.0,8.89,0.9,15.3,15.6995,22.2721,0.2688,0.191,19.3873
45,22.0,25.0,6.985,0.7,15.4,17.378,12.621,0.1639,0.1899,19.2662
45,22.0,25.0,7.62,0.7,15.4,17.3024,13.0258,0.1686,0.1899,19.2662
45,22.0,25.0,8.255,0.7,15.4,17.2226,13.4554,0.1736,0.1899,19.2662
45,22.0,25.0,8.89,0.7,15.4,17.1392,13.9081,0.1788,0.1899,19.2662
45,22.0,25.0,6.985,0.8,17.6,17.3893,12.5604,0.1632,0.1676,16.9321
45,22.0,25.0,7.62,0.8,17.6,17.3144,12.9613,0.1679,0.1676,16.9321
45,22.0,25.0,8.255,0.8,17.6,17.2354,13.3866,0.1728,0.1676,16.9321
45,22.0,25.0,8.89,0.8,17.6,17.1527,13.8346,0.178,0.1676,16.9321
45,22.0,25.0,9.525,0.8,17.6,17.0668,14.3038,0.1833,0.1676,16.9321
45,22.0,25.0,10.16,0.8,17.6,16.978,14.7922,0.1889,0.1676,16.9321
45,22.0,25.0,10.795,0.8,17.6,16.8867,15.2982,0.1946,0.1676,16.9321
45,22.0,25.0,6.985,0.9,19.8,17.3996,12.5059,0.1625,0.1501,15.0965
45,22.0,25.0,7.62,0.9,19.8,17.3252,12.9032,0.1672,0.1501,15.0965
45,22.0,25.0,8.255,0.9,19.8,17.2468,13.3246,0.1721,0.1501,15.0965
45,22.0,25.0,8.89,0.9,19.8,17.1649,13.7685,0.1772,0.1501,15.0965
45,22.0,25.0,9.525,0.9,19.8,17.0797,14.233,0.1825,0.1501,15.0965
45,22.0,25.0,10.16,0.9,19.8,16.9917,14.7166,0.188,0.1501,15.0965
45,22.0,25.0,10.795,0.9,19.8,16.9013,15.2173,0.1937,0.1501,15.0965
45,22.0,25.0,11.43,0.9,19.8,16.8088,15.7332,0.1994,0.1501,15.0965
45,22.0,25.0,12.065,0.9,19.8,16.7148,16.2624,0.2053,0.1501,15.0965
45,27.2,32.0,6.985,0.5,13.6,18.1834,8.4639,0.1135,0.2131,21.7021
45,27.2,32.0,6.985,0.6,16.32,18.1906,8.4276,0.1131,0.1799,18.2174
45,27.2,32.0,7.62,0.6,16.32,18.1335,8.7135,0.1167,0.1799,18.2174
45,27.2,32.0,8.255,0.6,16.32,18.0728,9.0182,0.1204,0.1799,18.2174
45,27.2,32.0,8.89,0.6,16.32,18.0089,9.3412,0.1244,0.1799,18.2174
45,27.2,32.0,9.525,0.6,16.32,17.9419,9.6815,0.1286,0.1799,18.2174
45,27.2,32.0,6.985,0.7,19.04,18.197,8.3959,0.1127,0.1557,15.6844
45,27.2,32.0,7.62,0.7,19.04,18.1403,8.6796,0.1162,0.1557,15.6844
45,27.2,32.0,8.255,0.7,19.04,18.0801,8.9819,0.12,0.1557,15.6844
45,27.2,32.0,8.89,0.7,19.04,18.0166,9.3022,0.124,0.1557,15.6844
45,27.2,32.0,9.525,0.7,19.04,17.9501,9.6396,0.1281,0.1557,15.6844
45,27.2,32.0,10.16,0.7,19.04,17.8809,9.9932,0.1324,0.1557,15.6844
45,27.2,32.0,10.795,0.7,19.04,17.809,10.362,0.1369,0.1557,15.6844
45,27.2,32.0,11.43,0.7,19.04,17.7348,10.7451,0.1416,0.1557,15.6844
45,27.2,32.0,12.065,0.7,19.04,17.6585,11.1415,0.1463,0.1557,15.6844
45,27.2,32.0,6.985,0.8,21.76,18.2027,8.3676,0.1123,0.1375,13.7638
45,27.2,32.0,7.62,0.8,21.76,18.1463,8.6494,0.1159,0.1375,13.7638
45,27.2,32.0,8.255,0.8,21.76,18.0865,8.9496,0.1196,0.1375,13.7638
45,27.2,32.0,8.89,0.8,21.76,18.0235,9.2676,0.1235,0.1375,13.7638
45,27.2,32.0,9.525,0.8,21.76,17.9575,9.6024,0.1277,0.1375,13.7638
45,27.2,32.0,10.16,0.8,21.76,17.8887,9.9532,0.132,0.1375,13.7638
45,27.2,32.0,10.795,0.8,21.76,17.8174,10.319,0.1364,0.1375,13.7638
45,27.2,32.0,11.43,0.8,21.76,17.7437,10.6989,0.141,0.1375,13.7638
45,27.2,32.0,12.065,0.8,21.76,17.6681,11.0918,0.1457,0.1375,13.7638
45,27.2,32.0,6.985,0.9,24.48,18.2078,8.3421,0.112,0.1231,12.259
45,27.2,32.0,7.62,0.9,24.48,18.1517,8.6221,0.1155,0.1231,12.259
45,27.2,32.0,8.255,0.9,24.48,18.0923,8.9204,0.1192,0.1231,12.259
45,27.2,32.0,8.89,0.9,24.48,18.0297,9.2362,0.1231,0.1231,12.259
45,27.2,32.0,9.525,0.9,24.48,17.9641,9.5688,0.1272,0.1231,12.259
45,27.2,32.0,10.16,0.9,24.48,17.8957,9.9171,0.1315,0.1231,12.259
45,27.2,32.0,10.795,0.9,24.48,17.8249,10.2802,0.1359,0.1231,12.259
45,27.2,32.0,11.43,0.9,24.48,17.7518,10.6572,0.1405,0.1231,12.259
45,27.2,32.0,12.065,0.9,24.48,17.6767,11.0469,0.1452,0.1231,12.259
45,34.0,40.0,6.985,0.4,13.6,18.785,5.5299,0.0759,0.2131,21.7021
45,34.0,40.0,6.985,0.5,17.0,18.789,5.5108,0.0757,0.1731,17.5116
45,34.0,40.0,7.62,0.5,17.0,18.7483,5.705,0.0782,0.1731,17.5116
45,34.0,40.0,8.255,0.5,17.0,18.7049,5.9127,0.0809,0.1731,17.5116
45,34.0,40.0,8.89,0.5,17.0,18.6588,6.1337,0.0838,0.1731,17.5116
45,34.0,40.0,9.525,0.5,17.0,18.6103,6.3674,0.0869,0.1731,17.5116
45,34.0,40.0,10.16,0.5,17.0,18.5595,6.6135,0.09,0.1731,17.5116
45,34.0,40.0,6.985,0.6,20.4,18.7924,5.4945,0.0755,0.146,14.6622
45,34.0,40.0,7.62,0.6,20.4,18.7519,5.6876,0.078,0.146,14.6622
45,34.0,40.0,8.255,0.6,20.4,18.7088,5.894,0.0807,0.146,14.6622
45,34.0,40.0,8.89,0.6,20.4,18.663,6.1135,0.0836,0.146,14.6622
45,34.0,40.0,9.525,0.6,20.4,18.6148,6.3457,0.0866,0.146,14.6622
45,34.0,40.0,10.16,0.6,20.4,18.5643,6.5901,0.0897,0.146,14.6622
45,34.0,40.0,10.795,0.6,20.4,18.5115,6.8464,0.093,0.146,14.6622
45,34.0,40.0,11.43,0.6,20.4,18.4566,7.114,0.0965,0.146,14.6622
45,34.0,40.0,12.065,0.6,20.4,18.3998,7.3924,0.1,0.146,14.6622
45,34.0,40.0,6.985,0.7,23.8,18.7954,5.4803,0.0753,0.1264,12.6038
45,34.0,40.0,7.62,0.7,23.8,18.7551,5.6723,0.0778,0.1264,12.6038
45,34.0,40.0,8.255,0.7,23.8,18.7122,5.8776,0.0805,0.1264,12.6038
45,34.0,40.0,8.89,0.7,23.8,18.6667,6.0959,0.0833,0.1264,12.6038
45,34.0,40.0,9.525,0.7,23.8,18.6188,6.3267,0.0863,0.1264,12.6038
45,34.0,40.0,10.16,0.7,23.8,18.5685,6.5696,0.0895,0.1264,12.6038
45,34.0,40.0,10.795,0.7,23.8,18.5161,6.8243,0.0927,0.1264,12.6038
45,34.0,40.0,11.43,0.7,23.8,18.4615,7.0901,0.0962,0.1264,12.6038
45,34.0,40.0,12.065,0.7,23.8,18.405,7.3667,0.0997,0.1264,12.6038
45,34.0,40.0,6.985,0.8,27.2,18.7981,5.4675,0.0751,0.1116,11.049
45,34.0,40.0,7.62,0.8,27.2,18.758,5.6586,0.0776,0.1116,11.049
45,34.0,40.0,8.255,0.8,27.2,18.7152,5.863,0.0803,0.1116,11.049
45,34.0,40.0,8.89,0.8,27.2,18.67,6.0801,0.0831,0.1116,11.049
45,34.0,40.0,9.525,0.8,27.2,18.6223,6.3097,0.0861,0.1116,11.049
45,34.0,40.0,10.16,0.8,27.2,18.5723,6.5513,0.0892,0.1116,11.049
45,34.0,40.0,10.795,0.8,27.2,18.5201,6.8045,0.0925,0.1116,11.049
45,34.0,40.0,11.43,0.8,27.2,18.4659,7.0688,0.0959,0.1116,11.049
45,34.0,40.0,12.065,0.8,27.2,18.4097,7.3437,0.0994,0.1116,11.049
45,34.0,40.0,6.985,0.9,30.6,18.8005,5.456,0.075,0.1,9.834
45,34.0,40.0,7.62,0.9,30.6,18.7606,5.6463,0.0775,0.1,9.834
45,34.0,40.0,8.255,0.9,30.6,18.718,5.8497,0.0801,0.1,9.834
45,34.0,40.0,8.89,0.9,30.6,18.6729,6.0659,0.0829,0.1,9.834
45,34.0,40.0,9.525,0.9,30.6,18.6255,6.2944,0.0859,0.1,9.834
45,34.0,40.0,10.16,0.9,30.6,18.5757,6.5348,0.089,0.1,9.834
45,34.0,40.0,10.795,0.9,30.6,18.5238,6.7867,0.0923,0.1,9.834
45,34.0,40.0,11.43,0.9,30.6,18.4698,7.0496,0.0956,0.1,9.834
45,34.0,40.0,12.065,0.9,30.6,18.4139,7.3229,0.0991,0.1,9.834
45,42.6,50.0,6.985,0.4,17.04,19.198,3.5935,0.0501,0.1728,17.4717
45,42.6,50.0,7.62,0.4,17.04,19.1699,3.7233,0.0519,0.1728,17.4717
45,42.6,50.0,8.255,0.4,17.04,19.1398,3.8625,0.0538,0.1728,17.4717
45,42.6,50.0,8.89,0.4,17.04,19.1079,4.0109,0.0558,0.1728,17.4717
45,42.6,50.0,9.525,0.4,17.04,19.074,4.1684,0.0579,0.1728,17.4717
45,42.6,50.0,10.16,0.4,17.04,19.0384,4.3347,0.0601,0.1728,17.4717
45,42.6,50.0,6.985,0.5,21.3,19.1998,3.585,0.05,0.1402,14.0552
45,42.6,50.0,7.62,0.5,21.3,19.1719,3.7142,0.0518,0.1402,14.0552
45,42.6,50.0,8.255,0.5,21.3,19.142,3.8527,0.0536,0.1402,14.0552
45,42.6,50.0,8.89,0.5,21.3,19.1101,4.0003,0.0556,0.1402,14.0552
45,42.6,50.0,9.525,0.5,21.3,19.0765,4.1569,0.0577,0.1402,14.0552
45,42.6,50.0,10.16,0.5,21.3,19.041,4.3223,0.0599,0.1402,14.0552
45,42.6,50.0,10.795,0.5,21.3,19.0038,4.4962,0.0623,0.1402,14.0552
45,42.6,50.0,11.43,0.5,21.3,18.965,4.6785,0.0647,0.1402,14.0552
45,42.6,50.0,12.065,0.5,21.3,18.9245,4.869,0.0672,0.1402,14.0552
45,42.6,50.0,6.985,0.6,25.56,19.2014,3.5777,0.0499,0.1183,11.7484
45,42.6,50.0,7.62,0.6,25.56,19.1736,3.7064,0.0517,0.1183,11.7484
45,42.6,50.0,8.255,0.6,25.56,19.1438,3.8443,0.0535,0.1183,11.7484
45,42.6,50.0,8.89,0.6,25.56,19.1121,3.9912,0.0555,0.1183,11.7484
45,42.6,50.0,9.525,0.6,25.56,19.0786,4.1471,0.0576,0.1183,11.7484
45,42.6,50.0,10.16,0.6,25.56,19.0433,4.3117,0.0598,0.1183,11.7484
45,42.6,50.0,10.795,0.6,25.56,19.0063,4.4848,0.0621,0.1183,11.7484
45,42.6,50.0,11.43,0.6,25.56,18.9676,4.6661,0.0645,0.1183,11.7484
45,42.6,50.0,12.065,0.6,25.56,18.9273,4.8555,0.067,0.1183,11.7484
45,42.6,50.0,6.985,0.7,29.82,19.2028,3.5713,0.0498,0.1024,10.0886
45,42.6,50.0,7.62,0.7,29.82,19.175,3.6995,0.0516,0.1024,10.0886
45,42.6,50.0,8.255,0.7,29.82,19.1454,3.8369,0.0534,0.1024,10.0886
45,42.6,50.0,8.89,0.7,29.82,19.1138,3.9833,0.0554,0.1024,10.0886
45,42.6,50.0,9.525,0.7,29.82,19.0804,4.1385,0.0575,0.1024,10.0886
45,42.6,50.0,10.16,0.7,29.82,19.0453,4.3024,0.0597,0.1024,10.0886
45,42.6,50.0,10.795,0.7,29.82,19.0084,4.4747,0.062,0.1024,10.0886
45,42.6,50.0,11.43,0.7,29.82,18.9699,4.6553,0.0644,0.1024,10.0886
45,42.6,50.0,12.065,0.7,29.82,18.9298,4.8438,0.0669,0.1024,10.0886
45,42.6,50.0,6.985,0.8,34.08,19.204,3.5656,0.0497,0.0905,8.8382
45,42.6,50.0,7.62,0.8,34.08,19.1764,3.6934,0.0515,0.0905,8.8382
45,42.6,50.0,8.255,0.8,34.08,19.1468,3.8303,0.0533,0.0905,8.8382
45,42.6,50.0,8.89,0.8,34.08,19.1153,3.9762,0.0553,0.0905,8.8382
45,42.6,50.0,9.525,0.8,34.08,19.0821,4.1309,0.0574,0.0905,8.8382
45,42.6,50.0,10.16,0.8,34.08,19.0471,4.2941,0.0596,0.0905,8.8382
45,42.6,50.0,10.795,0.8,34.08,19.0103,4.4658,0.0619,0.0905,8.8382
45,42.6,50.0,11.43,0.8,34.08,18.972,4.6456,0.0643,0.0905,8.8382
45,42.6,50.0,12.065,0.8,34.08,18.9321,4.8333,0.0667,0.0905,8.8382
45,42.6,50.0,6.985,0.9,38.34,19.2052,3.5604,0.0497,0.0812,7.8626
45,42.6,50.0,7.62,0.9,38.34,19.1776,3.6878,0.0514,0.0812,7.8626
45,42.6,50.0,8.255,0.9,38.34,19.1481,3.8243,0.0532,0.0812,7.8626
45,42.6,50.0,8.89,0.9,38.34,19.1167,3.9697,0.0552,0.0812,7.8626
45,42.6,50.0,9.525,0.9,38.34,19.0836,4.1239,0.0573,0.0812,7.8626
45,42.6,50.0,10.16,0.9,38.34,19.0487,4.2866,0.0595,0.0812,7.8626
45,42.6,50.0,10.795,0.9,38.34,19.0121,4.4576,0.0617,0.0812,7.8626
45,42.6,50.0,11.43,0.9,38.34,18.9739,4.6368,0.0641,0.0812,7.8626
45,42.6,50.0,12.065,0.9,38.34,18.9341,4.8237,0.0666,0.0812,7.8626
45,53.6,63.0,6.985,0.3,16.08,19.4745,2.3304,0.0328,0.1824,18.48
45,53.6,63.0,7.62,0.3,16.08,19.4556,2.416,0.034,0.1824,18.48
45,53.6,63.0,8.255,0.3,16.08,19.4353,2.5079,0.0353,0.1824,18.48
45,53.6,63.0,8.89,0.3,16.08,19.4137,2.6061,0.0366,0.1824,18.48
45,53.6,63.0,9.525,0.3,16.08,19.3907,2.7104,0.0381,0.1824,18.48
45,53.6,63.0,6.985,0.4,21.44,19.4755,2.3258,0.0328,0.1394,13.9653
45,53.6,63.0,7.62,0.4,21.44,19.4567,2.4111,0.034,0.1394,13.9653
45,53.6,63.0,8.255,0.4,21.44,19.4365,2.5026,0.0352,0.1394,13.9653
45,53.6,63.0,8.89,0.4,21.44,19.4149,2.6003,0.0366,0.1394,13.9653
45,53.6,63.0,9.525,0.4,21.44,19.3921,2.7042,0.038,0.1394,13.9653
45,53.6,63.0,10.16,0.4,21.44,19.3679,2.8141,0.0395,0.1394,13.9653
45,53.6,63.0,10.795,0.4,21.44,19.3425,2.93,0.0411,0.1394,13.9653
45,53.6,63.0,11.43,0.4,21.44,19.3159,3.0517,0.0428,0.1394,13.9653
45,53.6,63.0,12.065,0.4,21.44,19.2881,3.1792,0.0445,0.1394,13.9653
45,53.6,63.0,6.985,0.5,26.8,19.4764,2.322,0.0327,0.1131,11.2119
45,53.6,63.0,7.62,0.5,26.8,19.4576,2.407,0.0339,0.1131,11.2119
45,53.6,63.0,8.255,0.5,26.8,19.4374,2.4982,0.0352,0.1131,11.2119
45,53.6,63.0,8.89,0.5,26.8,19.416,2.5956,0.0365,0.1131,11.2119
45,53.6,63.0,9.525,0.5,26.8,19.3932,2.6991,0.0379,0.1131,11.2119
45,53.6,63.0,10.16,0.5,26.8,19.3692,2.8086,0.0394,0.1131,11.2119
45,53.6,63.0,10.795,0.5,26.8,19.3439,2.924,0.041,0.1131,11.2119
45,53.6,63.0,11.43,0.5,26.8,19.3173,3.0452,0.0427,0.1131,11.2119
45,53.6,63.0,12.065,0.5,26.8,19.2896,3.1721,0.0444,0.1131,11.2119
45,53.6,63.0,6.985,0.6,32.16,19.4771,2.3188,0.0327,0.0955,9.3613
45,53.6,63.0,7.62,0.6,32.16,19.4583,2.4035,0.0339,0.0955,9.3613
45,53.6,63.0,8.255,0.6,32.16,19.4383,2.4945,0.0351,0.0955,9.3613
45,53.6,63.0,8.89,0.6,32.16,19.4169,2.5916,0.0364,0.0955,9.3613
45,53.6,63.0,9.525,0.6,32.16,19.3942,2.6947,0.0379,0.0955,9.3613
45,53.6,63.0,10.16,0.6,32.16,19.3702,2.8038,0.0394,0.0955,9.3613
45,53.6,63.0,10.795,0.6,32.16,19.345,2.9189,0.0409,0.0955,9.3613
45,53.6,63.0,11.43,0.6,32.16,19.3185,3.0396,0.0426,0.0955,9.3613
45,53.6,63.0,12.065,0.6,32.16,19.2909,3.1661,0.0443,0.0955,9.3613
45,53.6,63.0,6.985,0.7,37.52,19.4777,2.3159,0.0326,0.0829,8.0334
45,53.6,63.0,7.62,0.7,37.52,19.459,2.4005,0.0338,0.0829,8.0334
45,53.6,63.0,8.255,0.7,37.52,19.439,2.4912,0.0351,0.0829,8.0334
45,53.6,63.0,8.89,0.7,37.52,19.4176,2.588,0.0364,0.0829,8.0334
45,53.6,63.0,9.525,0.7,37.52,19.395,2.6909,0.0378,0.0829,8.0334
45,53.6,63.0,10.16,0.7,37.52,19.3711,2.7997,0.0393,0.0829,8.0334
45,53.6,63.0,10.795,0.7,37.52,19.346,2.9144,0.0409,0.0829,8.0334
45,53.6,63.0,11.43,0.7,37.52,19.3196,3.0348,0.0425,0.0829,8.0334
45,53.6,63.0,12.065,0.7,37.52,19.2921,3.1608,0.0442,0.0829,8.0334
45,53.6,63.0,6.985,0.8,42.88,19.4783,2.3134,0.0326,0.0734,7.0345
45,53.6,63.0,7.62,0.8,42.88,19.4596,2.3977,0.0338,0.0734,7.0345
45,53.6,63.0,8.255,0.8,42.88,19.4396,2.4883,0.035,0.0734,7.0345
45,53.6,63.0,8.89,0.8,42.88,19.4183,2.5849,0.0364,0.0734,7.0345
45,53.6,63.0,9.525,0.8,42.88,19.3958,2.6875,0.0378,0.0734,7.0345
45,53.6,63.0,10.16,0.8,42.88,19.3719,2.796,0.0393,0.0734,7.0345
45,53.6,63.0,10.795,0.8,42.88,19.3468,2.9103,0.0408,0.0734,7.0345
45,53.6,63.0,11.43,0.8,42.88,19.3206,3.0304,0.0425,0.0734,7.0345
45,53.6,63.0,12.065,0.8,42.88,19.2931,3.1561,0.0442,0.0734,7.0345
45,53.6,63.0,6.985,0.9,48.24,19.4788,2.3111,0.0326,0.0659,6.2562
45,53.6,63.0,7.62,0.9,48.24,19.4602,2.3953,0.0337,0.0659,6.2562
45,53.6,63.0,8.255,0.9,48.24,19.4402,2.4856,0.035,0.0659,6.2562
45,53.6,63.0,8.89,0.9,48.24,19.419,2.582,0.0363,0.0659,6.2562
45,53.6,63.0,9.525,0.9,48.24,19.3964,2.6843,0.0377,0.0659,6.2562
45,53.6,63.0,10.16,0.9,48.24,19.3727,2.7926,0.0392,0.0659,6.2562
45,53.6,63.0,10.795,0.9,48.24,19.3476,2.9067,0.0408,0.0659,6.2562
45,53.6,63.0,11.43,0.9,48.24,19.3214,3.0264,0.0424,0.0659,6.2562
45,53.6,63.0,12.065,0.9,48.24,19.294,3.1518,0.0441,0.0659,6.2562
46,17.0,20.0,6.985,0.8,13.6,15.975,20.585,0.2516,0.2131,21.7021
46,17.0,20.0,6.985,0.9,15.3,15.9978,20.4478,0.2501,0.191,19.3873
46,17.0,20.0,7.62,0.9,15.3,15.8993,21.0442,0.2563,0.191,19.3873
46,17.0,20.0,8.255,0.9,15.3,15.7969,21.671,0.2627,0.191,19.3873
46,17.0,20.0,8.89,0.9,15.3,15.6911,22.3244,0.2693,0.191,19.3873
46,22.0,25.0,6.985,0.7,15.4,17.3763,12.6302,0.164,0.1899,19.2662
46,22.0,25.0,7.62,0.7,15.4,17.299,13.0439,0.1688,0.1899,19.2662
46,22.0,25.0,8.255,0.7,15.4,17.2176,13.4827,0.1739,0.1899,19.2662
46,22.0,25.0,8.89,0.7,15.4,17.1324,13.9451,0.1792,0.1899,19.2662
46,22.0,25.0,6.985,0.8,17.6,17.3876,12.5696,0.1633,0.1676,16.9321
46,22.0,25.0,7.62,0.8,17.6,17.311,12.9792,0.1681,0.1676,16.9321
46,22.0,25.0,8.255,0.8,17.6,17.2304,13.4136,0.1731,0.1676,16.9321
46,22.0,25.0,8.89,0.8,17.6,17.146,13.8712,0.1784,0.1676,16.9321
46,22.0,25.0,9.525,0.8,17.6,17.0583,14.3502,0.1839,0.1676,16.9321
46,22.0,25.0,10.16,0.8,17.6,16.9677,14.8488,0.1895,0.1676,16.9321
46,22.0,25.0,10.795,0.8,17.6,16.8747,15.3651,0.1953,0.1676,16.9321
46,22.0,25.0,6.985,0.9,19.8,17.3979,12.5149,0.1626,0.1501,15.0965
46,22.0,25.0,7.62,0.9,19.8,17.3219,12.921,0.1674,0.1501,15.0965
46,22.0,25.0,8.255,0.9,19.8,17.2419,13.3514,0.1724,0.1501,15.0965
46,22.0,25.0,8.89,0.9,19.8,17.1582,13.8047,0.1776,0.1501,15.0965
46,22.0,25.0,9.525,0.9,19.8,17.0713,14.2791,0.183,0.1501,15.0965
46,22.0,25.0,10.16,0.9,19.8,16.9815,14.7726,0.1887,0.1501,15.0965
46,22.0,25.0,10.795,0.9,19.8,16.8893,15.2835,0.1944,0.1501,15.0965
46,22.0,25.0,11.43,0.9,19.8,16.7952,15.8098,0.2003,0.1501,15.0965
46,22.0,25.0,12.065,0.9,19.8,16.6994,16.3494,0.2063,0.1501,15.0965
46,27.2,32.0,6.985,0.5,13.6,18.1821,8.4704,0.1136,0.2131,21.7021
46,27.2,32.0,6.985,0.6,16.32,18.1893,8.4341,0.1132,0.1799,18.2174
46,27.2,32.0,7.62,0.6,16.32,18.1309,8.7262,0.1168,0.1799,18.2174
46,27.2,32.0,8.255,0.6,16.32,18.069,9.0377,0.1207,0.1799,18.2174
46,27.2,32.0,8.89,0.6,16.32,18.0037,9.3676,0.1248,0.1799,18.2174
46,27.2,32.0,9.525,0.6,16.32,17.9353,9.7151,0.129,0.1799,18.2174
46,27.2,32.0,6.985,0.7,19.04,18.1957,8.4023,0.1128,0.1557,15.6844
46,27.2,32.0,7.62,0.7,19.04,18.1377,8.6922,0.1164,0.1557,15.6844
46,27.2,32.0,8.255,0.7,19.04,18.0762,9.0012,0.1202,0.1557,15.6844
46,27.2,32.0,8.89,0.7,19.04,18.0114,9.3284,0.1243,0.1557,15.6844
46,27.2,32.0,9.525,0.7,19.04,17.9436,9.673,0.1285,0.1557,15.6844
46,27.2,32.0,10.16,0.7,19.04,17.8729,10.0341,0.1329,0.1557,15.6844
46,27.2,32.0,10.795,0.7,19.04,17.7996,10.4107,0.1375,0.1557,15.6844
46,27.2,32.0,11.43,0.7,19.04,17.7239,10.8017,0.1423,0.1557,15.6844
46,27.2,32.0,12.065,0.7,19.04,17.6461,11.2062,0.1471,0.1557,15.6844
46,27.2,32.0,6.985,0.8,21.76,18.2014,8.374,0.1124,0.1375,13.7638
46,27.2,32.0,7.62,0.8,21.76,18.1438,8.6619,0.116,0.1375,13.7638
46,27.2,32.0,8.255,0.8,21.76,18.0827,8.9687,0.1198,0.1375,13.7638
46,27.2,32.0,8.89,0.8,21.76,18.0183,9.2935,0.1239,0.1375,13.7638
46,27.2,32.0,9.525,0.8,21.76,17.9509,9.6355,0.1281,0.1375,13.7638
46,27.2,32.0,10.16,0.8,21.76,17.8807,9.9938,0.1325,0.1375,13.7638
46,27.2,32.0,10.795,0.8,21.76,17.808,10.3672,0.137,0.1375,13.7638
46,27.2,32.0,11.43,0.8,21.76,17.7329,10.755,0.1417,0.1375,13.7638
46,27.2,32.0,12.065,0.8,21.76,17.6558,11.1559,0.1465,0.1375,13.7638
46,27.2,32.0,6.985,0.9,24.48,18.2065,8.3484,0.1121,0.1231,12.259
46,27.2,32.0,7.62,0.9,24.48,18.1492,8.6346,0.1157,0.1231,12.259
46,27.2,32.0,8.255,0.9,24.48,18.0885,8.9394,0.1195,0.1231,12.259
46,27.2,32.0,8.89,0.9,24.48,18.0246,9.2621,0.1235,0.1231,12.259
46,27.2,32.0,9.525,0.9,24.48,17.9576,9.6017,0.1277,0.1231,12.259
46,27.2,32.0,10.16,0.9,24.48,17.8879,9.9573,0.132,0.1231,12.259
46,27.2,32.0,10.795,0.9,24.48,17.8156,10.3281,0.1365,0.1231,12.259
46,27.2,32.0,11.43,0.9,24.48,17.741,10.7128,0.1412,0.1231,12.259
46,27.2,32.0,12.065,0.9,24.48,17.6645,11.1105,0.146,0.1231,12.259
46,34.0,40.0,6.985,0.4,13.6,18.7841,5.5343,0.076,0.2131,21.7021
46,34.0,40.0,6.985,0.5,17.0,18.7881,5.5152,0.0757,0.1731,17.5116
46,34.0,40.0,7.62,0.5,17.0,18.7464,5.7137,0.0783,0.1731,17.5116
46,34.0,40.0,8.255,0.5,17.0,18.7021,5.926,0.0811,0.1731,17.5116
46,34.0,40.0,8.89,0.5,17.0,18.6551,6.1517,0.0841,0.1731,17.5116
46,34.0,40.0,9.525,0.5,17.0,18.6055,6.3905,0.0872,0.1731,17.5116
46,34.0,40.0,10.16,0.5,17.0,18.5536,6.642,0.0904,0.1731,17.5116
46,34.0,40.0,6.985,0.6,20.4,18.7915,5.4989,0.0755,0.146,14.6622
46,34.0,40.0,7.62,0.6,20.4,18.7501,5.6962,0.0781,0.146,14.6622
46,34.0,40.0,8.255,0.6,20.4,18.706,5.9072,0.0809,0.146,14.6622
46,34.0,40.0,8.89,0.6,20.4,18.6593,6.1315,0.0838,0.146,14.6622
46,34.0,40.0,9.525,0.6,20.4,18.6101,6.3687,0.0869,0.146,14.6622
46,34.0,40.0,10.16,0.6,20.4,18.5585,6.6184,0.0901,0.146,14.6622
46,34.0,40.0,10.795,0.6,20.4,18.5046,6.8801,0.0935,0.146,14.6622
46,34.0,40.0,11.43,0.6,20.4,18.4486,7.1534,0.097,0.146,14.6622
46,34.0,40.0,12.065,0.6,20.4,18.3906,7.4377,0.1006,0.146,14.6622
46,34.0,40.0,6.985,0.7,23.8,18.7945,5.4846,0.0753,0.1264,12.6038
46,34.0,40.0,7.62,0.7,23.8,18.7533,5.6809,0.0779,0.1264,12.6038
46,34.0,40.0,8.255,0.7,23.8,18.7095,5.8907,0.0807,0.1264,12.6038
46,34.0,40.0,8.89,0.7,23.8,18.663,6.1137,0.0836,0.1264,12.6038
46,34.0,40.0,9.525,0.7,23.8,18.614,6.3495,0.0866,0.1264,12.6038
46,34.0,40.0,10.16,0.7,23.8,18.5627,6.5977,0.0898,0.1264,12.6038
46,34.0,40.0,10.795,0.7,23.8,18.5092,6.8578,0.0932,0.1264,12.6038
46,34.0,40.0,11.43,0.7,23.8,18.4535,7.1292,0.0967,0.1264,12.6038
46,34.0,40.0,12.065,0.7,23.8,18.3959,7.4116,0.1003,0.1264,12.6038
46,34.0,40.0,6.985,0.8,27.2,18.7972,5.4719,0.0752,0.1116,11.049
46,34.0,40.0,7.62,0.8,27.2,18.7562,5.6672,0.0777,0.1116,11.049
46,34.0,40.0,8.255,0.8,27.2,18.7125,5.876,0.0805,0.1116,11.049
46,34.0,40.0,8.89,0.8,27.2,18.6663,6.0979,0.0834,0.1116,11.049
46,34.0,40.0,9.525,0.8,27.2,18.6176,6.3324,0.0864,0.1116,11.049
46,34.0,40.0,10.16,0.8,27.2,18.5665,6.5793,0.0896,0.1116,11.049
46,34.0,40.0,10.795,0.8,27.2,18.5133,6.8378,0.0929,0.1116,11.049
46,34.0,40.0,11.43,0.8,27.2,18.4579,7.1077,0.0964,0.1116,11.049
46,34.0,40.0,12.065,0.8,27.2,18.4006,7.3883,0.1,0.1116,11.049
46,34.0,40.0,6.985,0.9,30.6,18.7996,5.4603,0.075,0.1,9.834
46,34.0,40.0,7.62,0.9,30.6,18.7588,5.6548,0.0776,0.1,9.834
46,34.0,40.0,8.255,0.9,30.6,18.7153,5.8627,0.0803,0.1,9.834
46,34.0,40.0,8.89,0.9,30.6,18.6693,6.0835,0.0832,0.1,9.834
46,34.0,40.0,9.525,0.9,30.6,18.6208,6.317,0.0862,0.1,9.834
46,34.0,40.0,10.16,0.9,30.6,18.57,6.5626,0.0894,0.1,9.834
46,34.0,40.0,10.795,0.9,30.6,18.517,6.8198,0.0927,0.1,9.834
46,34.0,40.0,11.43,0.9,30.6,18.4619,7.0882,0.0961,0.1,9.834
46,34.0,40.0,12.065,0.9,30.6,18.4049,7.3673,0.0997,0.1,9.834
46,42.6,50.0,6.985,0.4,17.04,19.1974,3.5964,0.0502,0.1728,17.4717
46,42.6,50.0,7.62,0.4,17.04,19.1686,3.7291,0.052,0.1728,17.4717
46,42.6,50.0,8.255,0.4,17.04,19.1379,3.8714,0.0539,0.1728,17.4717
46,42.6,50.0,8.89,0.4,17.04,19.1052,4.0231,0.0559,0.1728,17.4717
46,42.6,50.0,9.525,0.4,17.04,19.0707,4.184,0.0581,0.1728,17.4717
46,42.6,50.0,10.16,0.4,17.04,19.0343,4.3539,0.0604,0.1728,17.4717
46,42.6,50.0,6.985,0.5,21.3,19.1992,3.5879,0.05,0.1402,14.0552
46,42.6,50.0,7.62,0.5,21.3,19.1706,3.72,0.0518,0.1402,14.0552
46,42.6,50.0,8.255,0.5,21.3,19.14,3.8615,0.0537,0.1402,14.0552
46,42.6,50.0,8.89,0.5,21.3,19.1075,4.0124,0.0558,0.1402,14.0552
46,42.6,50.0,9.525,0.5,21.3,19.0731,4.1724,0.0579,0.1402,14.0552
46,42.6,50.0,10.16,0.5,21.3,19.0369,4.3414,0.0602,0.1402,14.0552
46,42.6,50.0,10.795,0.5,21.3,18.9989,4.5191,0.0626,0.1402,14.0552
46,42.6,50.0,11.43,0.5,21.3,18.9593,4.7053,0.065,0.1402,14.0552
46,42.6,50.0,12.065,0.5,21.3,18.9179,4.8998,0.0676,0.1402,14.0552
46,42.6,50.0,6.985,0.6,25.56,19.2008,3.5806,0.05,0.1183,11.7484
46,42.6,50.0,7.62,0.6,25.56,19.1723,3.7121,0.0517,0.1183,11.7484
46,42.6,50.0,8.255,0.6,25.56,19.1419,3.8531,0.0536,0.1183,11.7484
46,42.6,50.0,8.89,0.6,25.56,19.1095,4.0033,0.0557,0.1183,11.7484
46,42.6,50.0,9.525,0.6,25.56,19.0753,4.1625,0.0578,0.1183,11.7484
46,42.6,50.0,10.16,0.6,25.56,19.0392,4.3307,0.06,0.1183,11.7484
46,42.6,50.0,10.795,0.6,25.56,19.0014,4.5075,0.0624,0.1183,11.7484
46,42.6,50.0,11.43,0.6,25.56,18.9619,4.6928,0.0649,0.1183,11.7484
46,42.6,50.0,12.065,0.6,25.56,18.9208,4.8862,0.0674,0.1183,11.7484
46,42.6,50.0,6.985,0.7,29.82,19.2022,3.5742,0.0499,0.1024,10.0886
46,42.6,50.0,7.62,0.7,29.82,19.1738,3.7052,0.0516,0.1024,10.0886
46,42.6,50.0,8.255,0.7,29.82,19.1435,3.8456,0.0535,0.1024,10.0886
46,42.6,50.0,8.89,0.7,29.82,19.1112,3.9953,0.0555,0.1024,10.0886
46,42.6,50.0,9.525,0.7,29.82,19.0771,4.1539,0.0577,0.1024,10.0886
46,42.6,50.0,10.16,0.7,29.82,19.0412,4.3213,0.0599,0.1024,10.0886
46,42.6,50.0,10.795,0.7,29.82,19.0036,4.4974,0.0623,0.1024,10.0886
46,42.6,50.0,11.43,0.7,29.82,18.9643,4.6818,0.0647,0.1024,10.0886
46,42.6,50.0,12.065,0.7,29.82,18.9234,4.8743,0.0673,0.1024,10.0886
46,42.6,50.0,6.985,0.8,34.08,19.2034,3.5685,0.0498,0.0905,8.8382
46,42.6,50.0,7.62,0.8,34.08,19.1751,3.6991,0.0516,0.0905,8.8382
46,42.6,50.0,8.255,0.8,34.08,19.1449,3.839,0.0534,0.0905,8.8382
46,42.6,50.0,8.89,0.8,34.08,19.1128,3.9881,0.0555,0.0905,8.8382
46,42.6,50.0,9.525,0.8,34.08,19.0788,4.1462,0.0576,0.0905,8.8382
46,42.6,50.0,10.16,0.8,34.08,19.043,4.313,0.0598,0.0905,8.8382
46,42.6,50.0,10.795,0.8,34.08,19.0055,4.4883,0.0622,0.0905,8.8382
46,42.6,50.0,11.43,0.8,34.08,18.9664,4.672,0.0646,0.0905,8.8382
46,42.6,50.0,12.065,0.8,34.08,18.9256,4.8637,0.0671,0.0905,8.8382
46,42.6,50.0,6.985,0.9,38.34,19.2045,3.5633,0.0497,0.0812,7.8626
46,42.6,50.0,7.62,0.9,38.34,19.1763,3.6935,0.0515,0.0812,7.8626
46,42.6,50.0,8.255,0.9,38.34,19.1462,3.833,0.0534,0.0812,7.8626
46,42.6,50.0,8.89,0.9,38.34,19.1142,3.9816,0.0554,0.0812,7.8626
46,42.6,50.0,9.525,0.9,38.34,19.0803,4.1392,0.0575,0.0812,7.8626
46,42.6,50.0,10.16,0.9,38.34,19.0446,4.3054,0.0597,0.0812,7.8626
46,42.6,50.0,10.795,0.9,38.34,19.0073,4.4801,0.062,0.0812,7.8626
46,42.6,50.0,11.43,0.9,38.34,18.9683,4.6631,0.0645,0.0812,7.8626
46,42.6,50.0,12.065,0.9,38.34,18.9277,4.8541,0.067,0.0812,7.8626
46,53.6,63.0,6.985,0.3,16.08,19.4741,2.3323,0.0329,0.1824,18.48
46,53.6,63.0,7.62,0.3,16.08,19.4547,2.4198,0.0341,0.1824,18.48
46,53.6,63.0,8.255,0.3,16.08,19.434,2.5138,0.0354,0.1824,18.48
46,53.6,63.0,8.89,0.3,16.08,19.4119,2.6141,0.0368,0.1824,18.48
46,53.6,63.0,9.525,0.3,16.08,19.3884,2.7207,0.0382,0.1824,18.48
46,53.6,63.0,6.985,0.4,21.44,19.4751,2.3277,0.0328,0.1394,13.9653
46,53.6,63.0,7.62,0.4,21.44,19.4558,2.4149,0.034,0.1394,13.9653
46,53.6,63.0,8.255,0.4,21.44,19.4352,2.5084,0.0353,0.1394,13.9653
46,53.6,63.0,8.89,0.4,21.44,19.4132,2.6083,0.0367,0.1394,13.9653
46,53.6,63.0,9.525,0.4,21.44,19.3898,2.7145,0.0381,0.1394,13.9653
46,53.6,63.0,10.16,0.4,21.44,19.3652,2.8268,0.0397,0.1394,13.9653
46,53.6,63.0,10.795,0.4,21.44,19.3392,2.9452,0.0413,0.1394,13.9653
46,53.6,63.0,11.43,0.4,21.44,19.312,3.0696,0.043,0.1394,13.9653
46,53.6,63.0,12.065,0.4,21.44,19.2836,3.1998,0.0448,0.1394,13.9653
46,53.6,63.0,6.985,0.5,26.8,19.4759,2.3239,0.0328,0.1131,11.2119
46,53.6,63.0,7.62,0.5,26.8,19.4567,2.4108,0.034,0.1131,11.2119
46,53.6,63.0,8.255,0.5,26.8,19.4362,2.5041,0.0352,0.1131,11.2119
46,53.6,63.0,8.89,0.5,26.8,19.4142,2.6036,0.0366,0.1131,11.2119
46,53.6,63.0,9.525,0.5,26.8,19.391,2.7093,0.0381,0.1131,11.2119
46,53.6,63.0,10.16,0.5,26.8,19.3664,2.8212,0.0396,0.1131,11.2119
46,53.6,63.0,10.795,0.5,26.8,19.3405,2.9391,0.0412,0.1131,11.2119
46,53.6,63.0,11.43,0.5,26.8,19.3134,3.063,0.0429,0.1131,11.2119
46,53.6,63.0,12.065,0.5,26.8,19.2851,3.1927,0.0447,0.1131,11.2119
46,53.6,63.0,6.985,0.6,32.16,19.4767,2.3207,0.0327,0.0955,9.3613
46,53.6,63.0,7.62,0.6,32.16,19.4575,2.4073,0.0339,0.0955,9.3613
46,53.6,63.0,8.255,0.6,32.16,19.437,2.5003,0.0352,0.0955,9.3613
46,53.6,63.0,8.89,0.6,32.16,19.4151,2.5995,0.0366,0.0955,9.3613
46,53.6,63.0,9.525,0.6,32.16,19.3919,2.7049,0.038,0.0955,9.3613
46,53.6,63.0,10.16,0.6,32.16,19.3674,2.8164,0.0395,0.0955,9.3613
46,53.6,63.0,10.795,0.6,32.16,19.3417,2.934,0.0411,0.0955,9.3613
46,53.6,63.0,11.43,0.6,32.16,19.3147,3.0574,0.0428,0.0955,9.3613
46,53.6,63.0,12.065,0.6,32.16,19.2865,3.1866,0.0446,0.0955,9.3613
46,53.6,63.0,6.985,0.7,37.52,19.4773,2.3179,0.0327,0.0829,8.0334
46,53.6,63.0,7.62,0.7,37.52,19.4582,2.4043,0.0339,0.0829,8.0334
46,53.6,63.0,8.255,0.7,37.52,19.4377,2.497,0.0351,0.0829,8.0334
46,53.6,63.0,8.89,0.7,37.52,19.4159,2.596,0.0365,0.0829,8.0334
46,53.6,63.0,9.525,0.7,37.52,19.3928,2.7011,0.038,0.0829,8.0334
46,53.6,63.0,10.16,0.7,37.52,19.3683,2.8123,0.0395,0.0829,8.0334
46,53.6,63.0,10.795,0.7,37.52,19.3427,2.9294,0.0411,0.0829,8.0334
46,53.6,63.0,11.43,0.7,37.52,19.3157,3.0524,0.0428,0.0829,8.0334
46,53.6,63.0,12.065,0.7,37.52,19.2876,3.1812,0.0445,0.0829,8.0334
46,53.6,63.0,6.985,0.8,42.88,19.4779,2.3153,0.0326,0.0734,7.0345
46,53.6,63.0,7.62,0.8,42.88,19.4588,2.4015,0.0338,0.0734,7.0345
46,53.6,63.0,8.255,0.8,42.88,19.4384,2.494,0.0351,0.0734,7.0345
46,53.6,63.0,8.89,0.8,42.88,19.4166,2.5928,0.0365,0.0734,7.0345
46,53.6,63.0,9.525,0.8,42.88,19.3935,2.6976,0.0379,0.0734,7.0345
46,53.6,63.0,10.16,0.8,42.88,19.3692,2.8085,0.0394,0.0734,7.0345
46,53.6,63.0,10.795,0.8,42.88,19.3436,2.9253,0.041,0.0734,7.0345
46,53.6,63.0,11.43,0.8,42.88,19.3167,3.048,0.0427,0.0734,7.0345
46,53.6,63.0,12.065,0.8,42.88,19.2887,3.1764,0.0445,0.0734,7.0345
46,53.6,63.0,6.985,0.9,48.24,19.4784,2.313,0.0326,0.0659,6.2562
46,53.6,63.0,7.62,0.9,48.24,19.4593,2.399,0.0338,0.0659,6.2562
46,53.6,63.0,8.255,0.9,48.24,19.439,2.4914,0.0351,0.0659,6.2562
46,53.6,63.0,8.89,0.9,48.24,19.4172,2.5899,0.0364,0.0659,6.2562
46,53.6,63.0,9.525,0.9,48.24,19.3942,2.6945,0.0379,0.0659,6.2562
46,53.6,63.0,10.16,0.9,48.24,19.3699,2.8051,0.0394,0.0659,6.2562
46,53.6,63.0,10.795,0.9,48.24,19.3444,2.9217,0.041,0.0659,6.2562
46,53.6,63.0,11.43,0.9,48.24,19.3176,3.044,0.0427,0.0659,6.2562
46,53.6,63.0,12.065,0.9,48.24,19.2896,3.1721,0.0444,0.0659,6.2562
47,17.0,20.0,6.985,0.8,13.6,15.9728,20.5985,0.2517,0.2131,21.7021
47,17.0,20.0,6.985,0.9,15.3,15.9956,20.4611,0.2503,0.191,19.3873
47,17.0,20.0,7.62,0.9,15.3,15.8951,21.0702,0.2566,0.191,19.3873
47,17.0,20.0,8.255,0.9,15.3,15.7905,21.7099,0.2631,0.191,19.3873
47,17.0,20.0,8.89,0.9,15.3,15.6826,22.3767,0.2698,0.191,19.3873
47,22.0,25.0,6.985,0.7,15.4,17.3745,12.6394,0.1641,0.1899,19.2662
47,22.0,25.0,7.62,0.7,15.4,17.2956,13.0619,0.169,0.1899,19.2662
47,22.0,25.0,8.255,0.7,15.4,17.2125,13.51,0.1742,0.1899,19.2662
47,22.0,25.0,8.89,0.7,15.4,17.1256,13.9821,0.1796,0.1899,19.2662
47,22.0,25.0,6.985,0.8,17.6,17.3859,12.5787,0.1634,0.1676,16.9321
47,22.0,25.0,7.62,0.8,17.6,17.3077,12.9971,0.1683,0.1676,16.9321
47,22.0,25.0,8.255,0.8,17.6,17.2253,13.4407,0.1734,0.1676,16.9321
47,22.0,25.0,8.89,0.8,17.6,17.1393,13.9078,0.1788,0.1676,16.9321
47,22.0,25.0,9.525,0.8,17.6,17.0498,14.3967,0.1844,0.1676,16.9321
47,22.0,25.0,10.16,0.8,17.6,16.9575,14.9053,0.1902,0.1676,16.9321
47,22.0,25.0,10.795,0.8,17.6,16.8627,15.4319,0.1961,0.1676,16.9321
47,22.0,25.0,6.985,0.9,19.8,17.3962,12.524,0.1627,0.1501,15.0965
47,22.0,25.0,7.62,0.9,19.8,17.3186,12.9387,0.1676,0.1501,15.0965
47,22.0,25.0,8.255,0.9,19.8,17.2369,13.3782,0.1727,0.1501,15.0965
47,22.0,25.0,8.89,0.9,19.8,17.1515,13.841,0.178,0.1501,15.0965
47,22.0,25.0,9.525,0.9,19.8,17.0629,14.325,0.1836,0.1501,15.0965
47,22.0,25.0,10.16,0.9,19.8,16.9714,14.8286,0.1893,0.1501,15.0965
47,22.0,25.0,10.795,0.9,19.8,16.8775,15.3496,0.1952,0.1501,15.0965
47,22.0,25.0,11.43,0.9,19.8,16.7816,15.8862,0.2012,0.1501,15.0965
47,22.0,25.0,12.065,0.9,19.8,16.6841,16.4362,0.2072,0.1501,15.0965
47,27.2,32.0,6.985,0.5,13.6,18.1807,8.477,0.1137,0.2131,21.7021
47,27.2,32.0,6.985,0.6,16.32,18.188,8.4406,0.1132,0.1799,18.2174
47,27.2,32.0,7.62,0.6,16.32,18.1284,8.739,0.117,0.1799,18.2174
47,27.2,32.0,8.255,0.6,16.32,18.0651,9.0571,0.1209,0.1799,18.2174
47,27.2,32.0,8.89,0.6,16.32,17.9985,9.394,0.1251,0.1799,18.2174
47,27.2,32.0,9.525,0.6,16.32,17.9287,9.7488,0.1295,0.1799,18.2174
47,27.2,32.0,6.985,0.7,19.04,18.1944,8.4088,0.1128,0.1557,15.6844
47,27.2,32.0,7.62,0.7,19.04,18.1352,8.7049,0.1166,0.1557,15.6844
47,27.2,32.0,8.255,0.7,19.04,18.0724,9.0205,0.1205,0.1557,15.6844
47,27.2,32.0,8.89,0.7,19.04,18.0063,9.3546,0.1246,0.1557,15.6844
47,27.2,32.0,9.525,0.7,19.04,17.937,9.7064,0.1289,0.1557,15.6844
47,27.2,32.0,10.16,0.7,19.04,17.8649,10.0749,0.1334,0.1557,15.6844
47,27.2,32.0,10.795,0.7,19.04,17.7901,10.4592,0.1381,0.1557,15.6844
47,27.2,32.0,11.43,0.7,19.04,17.713,10.8582,0.1429,0.1557,15.6844
47,27.2,32.0,12.065,0.7,19.04,17.6337,11.2708,0.1479,0.1557,15.6844
47,27.2,32.0,6.985,0.8,21.76,18.2001,8.3804,0.1125,0.1375,13.7638
47,27.2,32.0,7.62,0.8,21.76,18.1413,8.6745,0.1162,0.1375,13.7638
47,27.2,32.0,8.255,0.8,21.76,18.0789,8.9878,0.1201,0.1375,13.7638
47,27.2,32.0,8.89,0.8,21.76,18.0132,9.3195,0.1242,0.1375,13.7638
47,27.2,32.0,9.525,0.8,21.76,17.9444,9.6686,0.1285,0.1375,13.7638
47,27.2,32.0,10.16,0.8,21.76,17.8728,10.0343,0.1329,0.1375,13.7638
47,27.2,32.0,10.795,0.8,21.76,17.7986,10.4154,0.1376,0.1375,13.7638
47,27.2,32.0,11.43,0.8,21.76,17.7221,10.811,0.1424,0.1375,13.7638
47,27.2,32.0,12.065,0.8,21.76,17.6435,11.2199,0.1473,0.1375,13.7638
47,27.2,32.0,6.985,0.9,24.48,18.2052,8.3548,0.1122,0.1231,12.259
47,27.2,32.0,7.62,0.9,24.48,18.1467,8.6471,0.1158,0.1231,12.259
47,27.2,32.0,8.255,0.9,24.48,18.0847,8.9584,0.1197,0.1231,12.259
47,27.2,32.0,8.89,0.9,24.48,18.0195,9.2878,0.1238,0.1231,12.259
47,27.2,32.0,9.525,0.9,24.48,17.9511,9.6346,0.1281,0.1231,12.259
47,27.2,32.0,10.16,0.9,24.48,17.88,9.9976,0.1325,0.1231,12.259
47,27.2,32.0,10.795,0.9,24.48,17.8063,10.3759,0.1371,0.1231,12.259
47,27.2,32.0,11.43,0.9,24.48,17.7303,10.7684,0.1419,0.1231,12.259
47,27.2,32.0,12.065,0.9,24.48,17.6523,11.174,0.1467,0.1231,12.259
47,34.0,40.0,6.985,0.4,13.6,18.7831,5.5387,0.0761,0.2131,21.7021
47,34.0,40.0,6.985,0.5,17.0,18.7871,5.5196,0.0758,0.1731,17.5116
47,34.0,40.0,7.62,0.5,17.0,18.7446,5.7224,0.0785,0.1731,17.5116
47,34.0,40.0,8.255,0.5,17.0,18.6993,5.9392,0.0813,0.1731,17.5116
47,34.0,40.0,8.89,0.5,17.0,18.6513,6.1698,0.0843,0.1731,17.5116
47,34.0,40.0,9.525,0.5,17.0,18.6008,6.4137,0.0875,0.1731,17.5116
47,34.0,40.0,10.16,0.5,17.0,18.5477,6.6704,0.0908,0.1731,17.5116
47,34.0,40.0,6.985,0.6,20.4,18.7906,5.5033,0.0756,0.146,14.6622
47,34.0,40.0,7.62,0.6,20.4,18.7483,5.7048,0.0782,0.146,14.6622
47,34.0,40.0,8.255,0.6,20.4,18.7033,5.9203,0.081,0.146,14.6622
47,34.0,40.0,8.89,0.6,20.4,18.6556,6.1494,0.084,0.146,14.6622
47,34.0,40.0,9.525,0.6,20.4,18.6053,6.3916,0.0872,0.146,14.6622
47,34.0,40.0,10.16,0.6,20.4,18.5526,6.6466,0.0905,0.146,14.6622
47,34.0,40.0,10.795,0.6,20.4,18.4977,6.9138,0.0939,0.146,14.6622
47,34.0,40.0,11.43,0.6,20.4,18.4405,7.1927,0.0975,0.146,14.6622
47,34.0,40.0,12.065,0.6,20.4,18.3814,7.4829,0.1012,0.146,14.6622
47,34.0,40.0,6.985,0.7,23.8,18.7936,5.489,0.0754,0.1264,12.6038
47,34.0,40.0,7.62,0.7,23.8,18.7515,5.6895,0.078,0.1264,12.6038
47,34.0,40.0,8.255,0.7,23.8,18.7067,5.9038,0.0808,0.1264,12.6038
47,34.0,40.0,8.89,0.7,23.8,18.6593,6.1315,0.0838,0.1264,12.6038
47,34.0,40.0,9.525,0.7,23.8,18.6093,6.3723,0.0869,0.1264,12.6038
47,34.0,40.0,10.16,0.7,23.8,18.5569,6.6257,0.0902,0.1264,12.6038
47,34.0,40.0,10.795,0.7,23.8,18.5023,6.8912,0.0936,0.1264,12.6038
47,34.0,40.0,11.43,0.7,23.8,18.4455,7.1683,0.0972,0.1264,12.6038
47,34.0,40.0,12.065,0.7,23.8,18.3867,7.4565,0.1008,0.1264,12.6038
47,34.0,40.0,6.985,0.8,27.2,18.7963,5.4762,0.0752,0.1116,11.049
47,34.0,40.0,7.62,0.8,27.2,18.7544,5.6757,0.0779,0.1116,11.049
47,34.0,40.0,8.255,0.8,27.2,18.7098,5.889,0.0806,0.1116,11.049
47,34.0,40.0,8.89,0.8,27.2,18.6626,6.1156,0.0836,0.1116,11.049
47,34.0,40.0,9.525,0.8,27.2,18.6129,6.3551,0.0867,0.1116,11.049
47,34.0,40.0,10.16,0.8,27.2,18.5608,6.6071,0.09,0.1116,11.049
47,34.0,40.0,10.795,0.8,27.2,18.5064,6.8711,0.0933,0.1116,11.049
47,34.0,40.0,11.43,0.8,27.2,18.45,7.1466,0.0969,0.1116,11.049
47,34.0,40.0,12.065,0.8,27.2,18.3915,7.433,0.1005,0.1116,11.049
47,34.0,40.0,6.985,0.9,30.6,18.7987,5.4647,0.0751,0.1,9.834
47,34.0,40.0,7.62,0.9,30.6,18.757,5.6633,0.0777,0.1,9.834
47,34.0,40.0,8.255,0.9,30.6,18.7126,5.8756,0.0805,0.1,9.834
47,34.0,40.0,8.89,0.9,30.6,18.6656,6.1012,0.0834,0.1,9.834
47,34.0,40.0,9.525,0.9,30.6,18.6161,6.3396,0.0865,0.1,9.834
47,34.0,40.0,10.16,0.9,30.6,18.5642,6.5903,0.0897,0.1,9.834
47,34.0,40.0,10.795,0.9,30.6,18.5102,6.8529,0.0931,0.1,9.834
47,34.0,40.0,11.43,0.9,30.6,18.454,7.1269,0.0966,0.1,9.834
47,34.0,40.0,12.065,0.9,30.6,18.3959,7.4117,0.1003,0.1,9.834
47,42.6,50.0,6.985,0.4,17.04,19.1967,3.5994,0.0502,0.1728,17.4717
47,42.6,50.0,7.62,0.4,17.04,19.1674,3.7349,0.052,0.1728,17.4717
47,42.6,50.0,8.255,0.4,17.04,19.136,3.8803,0.054,0.1728,17.4717
47,42.6,50.0,8.89,0.4,17.04,19.1026,4.0352,0.0561,0.1728,17.4717
47,42.6,50.0,9.525,0.4,17.04,19.0673,4.1995,0.0583,0.1728,17.4717
47,42.6,50.0,10.16,0.4,17.04,19.0301,4.3731,0.0606,0.1728,17.4717
47,42.6,50.0,6.985,0.5,21.3,19.1986,3.5908,0.0501,0.1402,14.0552
47,42.6,50.0,7.62,0.5,21.3,19.1694,3.7257,0.0519,0.1402,14.0552
47,42.6,50.0,8.255,0.5,21.3,19.1381,3.8703,0.0539,0.1402,14.0552
47,42.6,50.0,8.89,0.5,21.3,19.1049,4.0245,0.0559,0.1402,14.0552
47,42.6,50.0,9.525,0.5,21.3,19.0698,4.1879,0.0581,0.1402,14.0552
47,42.6,50.0,10.16,0.5,21.3,19.0328,4.3605,0.0604,0.1402,14.0552
47,42.6,50.0,10.795,0.5,21.3,18.9941,4.5419,0.0629,0.1402,14.0552
47,42.6,50.0,11.43,0.5,21.3,18.9536,4.7321,0.0654,0.1402,14.0552
47,42.6,50.0,12.065,0.5,21.3,18.9114,4.9307,0.068,0.1402,14.0552
47,42.6,50.0,6.985,0.6,25.56,19.2002,3.5835,0.05,0.1183,11.7484
47,42.6,50.0,7.62,0.6,25.56,19.1711,3.7179,0.0518,0.1183,11.7484
47,42.6,50.0,8.255,0.6,25.56,19.14,3.8619,0.0538,0.1183,11.7484
47,42.6,50.0,8.89,0.6,25.56,19.1069,4.0153,0.0558,0.1183,11.7484
47,42.6,50.0,9.525,0.6,25.56,19.072,4.178,0.058,0.1183,11.7484
47,42.6,50.0,10.16,0.6,25.56,19.0352,4.3497,0.0603,0.1183,11.7484
47,42.6,50.0,10.795,0.6,25.56,18.9966,4.5303,0.0627,0.1183,11.7484
47,42.6,50.0,11.43,0.6,25.56,18.9563,4.7194,0.0652,0.1183,11.7484
47,42.6,50.0,12.065,0.6,25.56,18.9143,4.9169,0.0679,0.1183,11.7484
47,42.6,50.0,6.985,0.7,29.82,19.2015,3.5771,0.0499,0.1024,10.0886
47,42.6,50.0,7.62,0.7,29.82,19.1726,3.711,0.0517,0.1024,10.0886
47,42.6,50.0,8.255,0.7,29.82,19.1416,3.8544,0.0537,0.1024,10.0886
47,42.6,50.0,8.89,0.7,29.82,19.1086,4.0072,0.0557,0.1024,10.0886
47,42.6,50.0,9.525,0.7,29.82,19.0738,4.1692,0.0579,0.1024,10.0886
47,42.6,50.0,10.16,0.7,29.82,19.0372,4.3402,0.0602,0.1024,10.0886
47,42.6,50.0,10.795,0.7,29.82,18.9988,4.52,0.0626,0.1024,10.0886
47,42.6,50.0,11.43,0.7,29.82,18.9586,4.7083,0.0651,0.1024,10.0886
47,42.6,50.0,12.065,0.7,29.82,18.9169,4.9049,0.0677,0.1024,10.0886
47,42.6,50.0,6.985,0.8,34.08,19.2028,3.5714,0.0498,0.0905,8.8382
47,42.6,50.0,7.62,0.8,34.08,19.1739,3.7048,0.0516,0.0905,8.8382
47,42.6,50.0,8.255,0.8,34.08,19.143,3.8478,0.0536,0.0905,8.8382
47,42.6,50.0,8.89,0.8,34.08,19.1102,4.0,0.0556,0.0905,8.8382
47,42.6,50.0,9.525,0.8,34.08,19.0755,4.1615,0.0578,0.0905,8.8382
47,42.6,50.0,10.16,0.8,34.08,19.039,4.3318,0.0601,0.0905,8.8382
47,42.6,50.0,10.795,0.8,34.08,19.0007,4.5109,0.0625,0.0905,8.8382
47,42.6,50.0,11.43,0.8,34.08,18.9607,4.6984,0.065,0.0905,8.8382
47,42.6,50.0,12.065,0.8,34.08,18.9192,4.8941,0.0676,0.0905,8.8382
47,42.6,50.0,6.985,0.9,38.34,19.2039,3.5662,0.0498,0.0812,7.8626
47,42.6,50.0,7.62,0.9,38.34,19.1751,3.6992,0.0516,0.0812,7.8626
47,42.6,50.0,8.255,0.9,38.34,19.1443,3.8417,0.0535,0.0812,7.8626
47,42.6,50.0,8.89,0.9,38.34,19.1116,3.9935,0.0555,0.0812,7.8626
47,42.6,50.0,9.525,0.9,38.34,19.077,4.1544,0.0577,0.0812,7.8626
47,42.6,50.0,10.16,0.9,38.34,19.0406,4.3242,0.06,0.0812,7.8626
47,42.6,50.0,10.795,0.9,38.34,19.0025,4.5026,0.0623,0.0812,7.8626
47,42.6,50.0,11.43,0.9,38.34,18.9627,4.6894,0.0648,0.0812,7.8626
47,42.6,50.0,12.065,0.9,38.34,18.9212,4.8843,0.0674,0.0812,7.8626
47,53.6,63.0,6.985,0.3,16.08,19.4737,2.3343,0.0329,0.1824,18.48
47,53.6,63.0,7.62,0.3,16.08,19.4539,2.4237,0.0341,0.1824,18.48
47,53.6,63.0,8.255,0.3,16.08,19.4327,2.5197,0.0355,0.1824,18.48
47,53.6,63.0,8.89,0.3,16.08,19.4101,2.6221,0.0369,0.1824,18.48
47,53.6,63.0,9.525,0.3,16.08,19.3862,2.7311,0.0384,0.1824,18.48
47,53.6,63.0,6.985,0.4,21.44,19.4747,2.3297,0.0328,0.1394,13.9653
47,53.6,63.0,7.62,0.4,21.44,19.455,2.4187,0.0341,0.1394,13.9653
47,53.6,63.0,8.255,0.4,21.44,19.4339,2.5143,0.0354,0.1394,13.9653
47,53.6,63.0,8.89,0.4,21.44,19.4114,2.6163,0.0368,0.1394,13.9653
47,53.6,63.0,9.525,0.4,21.44,19.3876,2.7248,0.0383,0.1394,13.9653
47,53.6,63.0,10.16,0.4,21.44,19.3624,2.8395,0.0399,0.1394,13.9653
47,53.6,63.0,10.795,0.4,21.44,19.3359,2.9604,0.0415,0.1394,13.9653
47,53.6,63.0,11.43,0.4,21.44,19.3081,3.0874,0.0432,0.1394,13.9653
47,53.6,63.0,12.065,0.4,21.44,19.2791,3.2205,0.0451,0.1394,13.9653
47,53.6,63.0,6.985,0.5,26.8,19.4755,2.3259,0.0328,0.1131,11.2119
47,53.6,63.0,7.62,0.5,26.8,19.4559,2.4146,0.034,0.1131,11.2119
47,53.6,63.0,8.255,0.5,26.8,19.4349,2.5099,0.0353,0.1131,11.2119
47,53.6,63.0,8.89,0.5,26.8,19.4125,2.6116,0.0367,0.1131,11.2119
47,53.6,63.0,9.525,0.5,26.8,19.3887,2.7196,0.0382,0.1131,11.2119
47,53.6,63.0,10.16,0.5,26.8,19.3636,2.8339,0.0398,0.1131,11.2119
47,53.6,63.0,10.795,0.5,26.8,19.3372,2.9543,0.0414,0.1131,11.2119
47,53.6,63.0,11.43,0.5,26.8,19.3095,3.0808,0.0432,0.1131,11.2119
47,53.6,63.0,12.065,0.5,26.8,19.2806,3.2132,0.045,0.1131,11.2119
47,53.6,63.0,6.985,0.6,32.16,19.4762,2.3226,0.0327,0.0955,9.3613
47,53.6,63.0,7.62,0.6,32.16,19.4567,2.4111,0.034,0.0955,9.3613
47,53.6,63.0,8.255,0.6,32.16,19.4357,2.5061,0.0353,0.0955,9.3613
47,53.6,63.0,8.89,0.6,32.16,19.4134,2.6075,0.0367,0.0955,9.3613
47,53.6,63.0,9.525,0.6,32.16,19.3897,2.7151,0.0381,0.0955,9.3613
47,53.6,63.0,10.16,0.6,32.16,19.3647,2.829,0.0397,0.0955,9.3613
47,53.6,63.0,10.795,0.6,32.16,19.3384,2.9491,0.0414,0.0955,9.3613
47,53.6,63.0,11.43,0.6,32.16,19.3108,3.0751,0.0431,0.0955,9.3613
47,53.6,63.0,12.065,0.6,32.16,19.282,3.207,0.0449,0.0955,9.3613
47,53.6,63.0,6.985,0.7,37.52,19.4769,2.3198,0.0327,0.0829,8.0334
47,53.6,63.0,7.62,0.7,37.52,19.4573,2.4081,0.0339,0.0829,8.0334
47,53.6,63.0,8.255,0.7,37.52,19.4364,2.5028,0.0352,0.0829,8.0334
47,53.6,63.0,8.89,0.7,37.52,19.4142,2.6039,0.0366,0.0829,8.0334
47,53.6,63.0,9.525,0.7,37.52,19.3905,2.7112,0.0381,0.0829,8.0334
47,53.6,63.0,10.16,0.7,37.52,19.3656,2.8248,0.0397,0.0829,8.0334
47,53.6,63.0,10.795,0.7,37.52,19.3394,2.9445,0.0413,0.0829,8.0334
47,53.6,63.0,11.43,0.7,37.52,19.3119,3.0701,0.043,0.0829,8.0334
47,53.6,63.0,12.065,0.7,37.52,19.2832,3.2016,0.0448,0.0829,8.0334
47,53.6,63.0,6.985,0.8,42.88,19.4774,2.3172,0.0327,0.0734,7.0345
47,53.6,63.0,7.62,0.8,42.88,19.458,2.4053,0.0339,0.0734,7.0345
47,53.6,63.0,8.255,0.8,42.88,19.4371,2.4998,0.0352,0.0734,7.0345
47,53.6,63.0,8.89,0.8,42.88,19.4149,2.6007,0.0366,0.0734,7.0345
47,53.6,63.0,9.525,0.8,42.88,19.3913,2.7078,0.038,0.0734,7.0345
47,53.6,63.0,10.16,0.8,42.88,19.3664,2.821,0.0396,0.0734,7.0345
47,53.6,63.0,10.795,0.8,42.88,19.3403,2.9404,0.0412,0.0734,7.0345
47,53.6,63.0,11.43,0.8,42.88,19.3129,3.0656,0.0429,0.0734,7.0345
47,53.6,63.0,12.065,0.8,42.88,19.2842,3.1967,0.0447,0.0734,7.0345
47,53.6,63.0,6.985,0.9,48.24,19.4779,2.3149,0.0326,0.0659,6.2562
47,53.6,63.0,7.62,0.9,48.24,19.4585,2.4028,0.0338,0.0659,6.2562
47,53.6,63.0,8.255,0.9,48.24,19.4377,2.4971,0.0351,0.0659,6.2562
47,53.6,63.0,8.89,0.9,48.24,19.4155,2.5977,0.0365,0.0659,6.2562
47,53.6,63.0,9.525,0.9,48.24,19.392,2.7046,0.038,0.0659,6.2562
47,53.6,63.0,10.16,0.9,48.24,19.3672,2.8176,0.0396,0.0659,6.2562
47,53.6,63.0,10.795,0.9,48.24,19.3411,2.9366,0.0412,0.0659,6.2562
47,53.6,63.0,11.43,0.9,48.24,19.3137,3.0616,0.0429,0.0659,6.2562
47,53.6,63.0,12.065,0.9,48.24,19.2852,3.1923,0.0447,0.0659,6.2562
48,17.0,20.0,6.985,0.8,13.6,15.9706,20.6121,0.2518,0.2131,21.7021
48,17.0,20.0,6.985,0.9,15.3,15.9933,20.4745,0.2504,0.191,19.3873
48,17.0,20.0,7.62,0.9,15.3,15.8908,21.0961,0.2568,0.191,19.3873
48,17.0,20.0,8.255,0.9,15.3,15.7842,21.7489,0.2635,0.191,19.3873
48,17.0,20.0,8.89,0.9,15.3,15.6743,22.4289,0.2704,0.191,19.3873
48,22.0,25.0,6.985,0.7,15.4,17.3728,12.6486,0.1642,0.1899,19.2662
48,22.0,25.0,7.62,0.7,15.4,17.2923,13.08,0.1692,0.1899,19.2662
48,22.0,25.0,8.255,0.7,15.4,17.2075,13.5373,0.1745,0.1899,19.2662
48,22.0,25.0,8.89,0.7,15.4,17.1189,14.019,0.1801,0.1899,19.2662
48,22.0,25.0,6.985,0.8,17.6,17.3842,12.5878,0.1635,0.1676,16.9321
48,22.0,25.0,7.62,0.8,17.6,17.3044,13.015,0.1685,0.1676,16.9321
48,22.0,25.0,8.255,0.8,17.6,17.2204,13.4677,0.1737,0.1676,16.9321
48,22.0,25.0,8.89,0.8,17.6,17.1325,13.9444,0.1792,0.1676,16.9321
48,22.0,25.0,9.525,0.8,17.6,17.0414,14.443,0.1849,0.1676,16.9321
48,22.0,25.0,10.16,0.8,17.6,16.9473,14.9618,0.1908,0.1676,16.9321
48,22.0,25.0,10.795,0.8,17.6,16.8508,15.4986,0.1968,0.1676,16.9321
48,22.0,25.0,6.985,0.9,19.8,17.3945,12.533,0.1628,0.1501,15.0965
48,22.0,25.0,7.62,0.9,19.8,17.3153,12.9564,0.1678,0.1501,15.0965
48,22.0,25.0,8.255,0.9,19.8,17.232,13.405,0.173,0.1501,15.0965
48,22.0,25.0,8.89,0.9,19.8,17.1449,13.8771,0.1784,0.1501,15.0965
48,22.0,25.0,9.525,0.9,19.8,17.0545,14.3709,0.1841,0.1501,15.0965
48,22.0,25.0,10.16,0.9,19.8,16.9613,14.8844,0.1899,0.1501,15.0965
48,22.0,25.0,10.795,0.9,19.8,16.8656,15.4156,0.1959,0.1501,15.0965
48,22.0,25.0,11.43,0.9,19.8,16.768,15.9624,0.202,0.1501,15.0965
48,22.0,25.0,12.065,0.9,19.8,16.6688,16.5227,0.2082,0.1501,15.0965
48,27.2,32.0,6.985,0.5,13.6,18.1794,8.4835,0.1138,0.2131,21.7021
48,27.2,32.0,6.985,0.6,16.32,18.1867,8.4471,0.1133,0.1799,18.2174
48,27.2,32.0,7.62,0.6,16.32,18.1258,8.7518,0.1171,0.1799,18.2174
48,27.2,32.0,8.255,0.6,16.32,18.0613,9.0765,0.1212,0.1799,18.2174
48,27.2,32.0,8.89,0.6,16.32,17.9933,9.4203,0.1254,0.1799,18.2174
48,27.2,32.0,9.525,0.6,16.32,17.9221,9.7824,0.1299,0.1799,18.2174
48,27.2,32.0,6.985,0.7,19.04,18.1931,8.4152,0.1129,0.1557,15.6844
48,27.2,32.0,7.62,0.7,19.04,18.1327,8.7176,0.1167,0.1557,15.6844
48,27.2,32.0,8.255,0.7,19.04,18.0686,9.0397,0.1207,0.1557,15.6844
48,27.2,32.0,8.89,0.7,19.04,18.0011,9.3807,0.1249,0.1557,15.6844
48,27.2,32.0,9.525,0.7,19.04,17.9305,9.7397,0.1293,0.1557,15.6844
48,27.2,32.0,10.16,0.7,19.04,17.8569,10.1157,0.1339,0.1557,15.6844
48,27.2,32.0,10.795,0.7,19.04,17.7807,10.5077,0.1387,0.1557,15.6844
48,27.2,32.0,11.43,0.7,19.04,17.7021,10.9146,0.1436,0.1557,15.6844
48,27.2,32.0,12.065,0.7,19.04,17.6214,11.3352,0.1487,0.1557,15.6844
48,27.2,32.0,6.985,0.8,21.76,18.1988,8.3868,0.1126,0.1375,13.7638
48,27.2,32.0,7.62,0.8,21.76,18.1387,8.6871,0.1163,0.1375,13.7638
48,27.2,32.0,8.255,0.8,21.76,18.0751,9.007,0.1203,0.1375,13.7638
48,27.2,32.0,8.89,0.8,21.76,18.0081,9.3455,0.1245,0.1375,13.7638
48,27.2,32.0,9.525,0.8,21.76,17.9379,9.7017,0.1289,0.1375,13.7638
48,27.2,32.0,10.16,0.8,21.76,17.8649,10.0748,0.1334,0.1375,13.7638
48,27.2,32.0,10.795,0.8,21.76,17.7893,10.4635,0.1382,0.1375,13.7638
48,27.2,32.0,11.43,0.8,21.76,17.7113,10.8669,0.143,0.1375,13.7638
48,27.2,32.0,12.065,0.8,21.76,17.6312,11.2838,0.148,0.1375,13.7638
48,27.2,32.0,6.985,0.9,24.48,18.2039,8.3612,0.1123,0.1231,12.259
48,27.2,32.0,7.62,0.9,24.48,18.1442,8.6596,0.116,0.1231,12.259
48,27.2,32.0,8.255,0.9,24.48,18.081,8.9774,0.1199,0.1231,12.259
48,27.2,32.0,8.89,0.9,24.48,18.0144,9.3136,0.1241,0.1231,12.259
48,27.2,32.0,9.525,0.9,24.48,17.9447,9.6674,0.1285,0.1231,12.259
48,27.2,32.0,10.16,0.9,24.48,17.8721,10.0378,0.133,0.1231,12.259
48,27.2,32.0,10.795,0.9,24.48,17.797,10.4236,0.1377,0.1231,12.259
48,27.2,32.0,11.43,0.9,24.48,17.7196,10.8238,0.1425,0.1231,12.259
48,27.2,32.0,12.065,0.9,24.48,17.6401,11.2374,0.1475,0.1231,12.259
48,34.0,40.0,6.985,0.4,13.6,18.7822,5.5432,0.0761,0.2131,21.7021
48,34.0,40.0,6.985,0.5,17.0,18.7862,5.524,0.0759,0.1731,17.5116
48,34.0,40.0,7.62,0.5,17.0,18.7428,5.7311,0.0786,0.1731,17.5116
48,34.0,40.0,8.255,0.5,17.0,18.6966,5.9525,0.0815,0.1731,17.5116
48,34.0,40.0,8.89,0.5,17.0,18.6476,6.1878,0.0845,0.1731,17.5116
48,34.0,40.0,9.525,0.5,17.0,18.596,6.4368,0.0878,0.1731,17.5116
48,34.0,40.0,10.16,0.5,17.0,18.5419,6.6988,0.0911,0.1731,17.5116
48,34.0,40.0,6.985,0.6,20.4,18.7896,5.5077,0.0756,0.146,14.6622
48,34.0,40.0,7.62,0.6,20.4,18.7465,5.7135,0.0783,0.146,14.6622
48,34.0,40.0,8.255,0.6,20.4,18.7005,5.9335,0.0812,0.146,14.6622
48,34.0,40.0,8.89,0.6,20.4,18.6518,6.1673,0.0843,0.146,14.6622
48,34.0,40.0,9.525,0.6,20.4,18.6006,6.4146,0.0875,0.146,14.6622
48,34.0,40.0,10.16,0.6,20.4,18.5468,6.6748,0.0908,0.146,14.6622
48,34.0,40.0,10.795,0.6,20.4,18.4908,6.9475,0.0943,0.146,14.6622
48,34.0,40.0,11.43,0.6,20.4,18.4325,7.2321,0.098,0.146,14.6622
48,34.0,40.0,12.065,0.6,20.4,18.3722,7.5281,0.1017,0.146,14.6622
48,34.0,40.0,6.985,0.7,23.8,18.7927,5.4933,0.0755,0.1264,12.6038
48,34.0,40.0,7.62,0.7,23.8,18.7497,5.6981,0.0781,0.1264,12.6038
48,34.0,40.0,8.255,0.7,23.8,18.704,5.9169,0.081,0.1264,12.6038
48,34.0,40.0,8.89,0.7,23.8,18.6556,6.1494,0.084,0.1264,12.6038
48,34.0,40.0,9.525,0.7,23.8,18.6046,6.3952,0.0872,0.1264,12.6038
48,34.0,40.0,10.16,0.7,23.8,18.5512,6.6538,0.0906,0.1264,12.6038
48,34.0,40.0,10.795,0.7,23.8,18.4954,6.9247,0.094,0.1264,12.6038
48,34.0,40.0,11.43,0.7,23.8,18.4375,7.2074,0.0977,0.1264,12.6038
48,34.0,40.0,12.065,0.7,23.8,18.3776,7.5013,0.1014,0.1264,12.6038
48,34.0,40.0,6.985,0.8,27.2,18.7953,5.4806,0.0753,0.1116,11.049
48,34.0,40.0,7.62,0.8,27.2,18.7526,5.6843,0.078,0.1116,11.049
48,34.0,40.0,8.255,0.8,27.2,18.7071,5.902,0.0808,0.1116,11.049
48,34.0,40.0,8.89,0.8,27.2,18.6589,6.1334,0.0838,0.1116,11.049
48,34.0,40.0,9.525,0.8,27.2,18.6082,6.3778,0.087,0.1116,11.049
48,34.0,40.0,10.16,0.8,27.2,18.555,6.635,0.0903,0.1116,11.049
48,34.0,40.0,10.795,0.8,27.2,18.4996,6.9044,0.0938,0.1116,11.049
48,34.0,40.0,11.43,0.8,27.2,18.442,7.1854,0.0974,0.1116,11.049
48,34.0,40.0,12.065,0.8,27.2,18.3825,7.4775,0.1011,0.1116,11.049
48,34.0,40.0,6.985,0.9,30.6,18.7978,5.469,0.0751,0.1,9.834
48,34.0,40.0,7.62,0.9,30.6,18.7552,5.6718,0.0778,0.1,9.834
48,34.0,40.0,8.255,0.9,30.6,18.7099,5.8886,0.0806,0.1,9.834
48,34.0,40.0,8.89,0.9,30.6,18.6619,6.1189,0.0836,0.1,9.834
48,34.0,40.0,9.525,0.9,30.6,18.6114,6.3622,0.0868,0.1,9.834
48,34.0,40.0,10.16,0.9,30.6,18.5585,6.618,0.0901,0.1,9.834
48,34.0,40.0,10.795,0.9,30.6,18.5034,6.886,0.0935,0.1,9.834
48,34.0,40.0,11.43,0.9,30.6,18.4461,7.1655,0.0971,0.1,9.834
48,34.0,40.0,12.065,0.9,30.6,18.3868,7.456,0.1008,0.1,9.834
48,42.6,50.0,6.985,0.4,17.04,19.1961,3.6023,0.0502,0.1728,17.4717
48,42.6,50.0,7.62,0.4,17.04,19.1661,3.7408,0.0521,0.1728,17.4717
48,42.6,50.0,8.255,0.4,17.04,19.1341,3.8892,0.0541,0.1728,17.4717
48,42.6,50.0,8.89,0.4,17.04,19.1,4.0473,0.0562,0.1728,17.4717
48,42.6,50.0,9.525,0.4,17.04,19.064,4.2151,0.0585,0.1728,17.4717
48,42.6,50.0,10.16,0.4,17.04,19.026,4.3923,0.0609,0.1728,17.4717
48,42.6,50.0,6.985,0.5,21.3,19.1979,3.5937,0.0501,0.1402,14.0552
48,42.6,50.0,7.62,0.5,21.3,19.1681,3.7315,0.052,0.1402,14.0552
48,42.6,50.0,8.255,0.5,21.3,19.1362,3.8792,0.054,0.1402,14.0552
48,42.6,50.0,8.89,0.5,21.3,19.1023,4.0365,0.0561,0.1402,14.0552
48,42.6,50.0,9.525,0.5,21.3,19.0665,4.2034,0.0583,0.1402,14.0552
48,42.6,50.0,10.16,0.5,21.3,19.0288,4.3795,0.0607,0.1402,14.0552
48,42.6,50.0,10.795,0.5,21.3,18.9892,4.5648,0.0632,0.1402,14.0552
48,42.6,50.0,11.43,0.5,21.3,18.9479,4.7589,0.0658,0.1402,14.0552
48,42.6,50.0,12.065,0.5,21.3,18.9049,4.9615,0.0684,0.1402,14.0552
48,42.6,50.0,6.985,0.6,25.56,19.1995,3.5864,0.05,0.1183,11.7484
48,42.6,50.0,7.62,0.6,25.56,19.1698,3.7236,0.0519,0.1183,11.7484
48,42.6,50.0,8.255,0.6,25.56,19.1381,3.8707,0.0539,0.1183,11.7484
48,42.6,50.0,8.89,0.6,25.56,19.1043,4.0273,0.056,0.1183,11.7484
48,42.6,50.0,9.525,0.6,25.56,19.0686,4.1934,0.0582,0.1183,11.7484
48,42.6,50.0,10.16,0.6,25.56,19.0311,4.3687,0.0606,0.1183,11.7484
48,42.6,50.0,10.795,0.6,25.56,18.9917,4.553,0.063,0.1183,11.7484
48,42.6,50.0,11.43,0.6,25.56,18.9506,4.746,0.0656,0.1183,11.7484
48,42.6,50.0,12.065,0.6,25.56,18.9078,4.9476,0.0683,0.1183,11.7484
48,42.6,50.0,6.985,0.7,29.82,19.2009,3.58,0.0499,0.1024,10.0886
48,42.6,50.0,7.62,0.7,29.82,19.1713,3.7167,0.0518,0.1024,10.0886
48,42.6,50.0,8.255,0.7,29.82,19.1397,3.8632,0.0538,0.1024,10.0886
48,42.6,50.0,8.89,0.7,29.82,19.1061,4.0192,0.0559,0.1024,10.0886
48,42.6,50.0,9.525,0.7,29.82,19.0705,4.1846,0.0581,0.1024,10.0886
48,42.6,50.0,10.16,0.7,29.82,19.0331,4.3592,0.0604,0.1024,10.0886
48,42.6,50.0,10.795,0.7,29.82,18.9939,4.5426,0.0629,0.1024,10.0886
48,42.6,50.0,11.43,0.7,29.82,18.953,4.7348,0.0654,0.1024,10.0886
48,42.6,50.0,12.065,0.7,29.82,18.9104,4.9354,0.0681,0.1024,10.0886
48,42.6,50.0,6.985,0.8,34.08,19.2022,3.5743,0.0499,0.0905,8.8382
48,42.6,50.0,7.62,0.8,34.08,19.1727,3.7105,0.0517,0.0905,8.8382
48,42.6,50.0,8.255,0.8,34.08,19.1411,3.8565,0.0537,0.0905,8.8382
48,42.6,50.0,8.89,0.8,34.08,19.1076,4.012,0.0558,0.0905,8.8382
48,42.6,50.0,9.525,0.8,34.08,19.0722,4.1768,0.058,0.0905,8.8382
48,42.6,50.0,10.16,0.8,34.08,19.0349,4.3506,0.0603,0.0905,8.8382
48,42.6,50.0,10.795,0.8,34.08,18.9959,4.5334,0.0628,0.0905,8.8382
48,42.6,50.0,11.43,0.8,34.08,18.9551,4.7248,0.0653,0.0905,8.8382
48,42.6,50.0,12.065,0.8,34.08,18.9127,4.9245,0.068,0.0905,8.8382
48,42.6,50.0,6.985,0.9,38.34,19.2033,3.5691,0.0498,0.0812,7.8626
48,42.6,50.0,7.62,0.9,38.34,19.1739,3.7049,0.0516,0.0812,7.8626
48,42.6,50.0,8.255,0.9,38.34,19.1424,3.8504,0.0536,0.0812,7.8626
48,42.6,50.0,8.89,0.9,38.34,19.109,4.0054,0.0557,0.0812,7.8626
48,42.6,50.0,9.525,0.9,38.34,19.0737,4.1697,0.0579,0.0812,7.8626
48,42.6,50.0,10.16,0.9,38.34,19.0366,4.3429,0.0602,0.0812,7.8626
48,42.6,50.0,10.795,0.9,38.34,18.9977,4.525,0.0626,0.0812,7.8626
48,42.6,50.0,11.43,0.9,38.34,18.9571,4.7157,0.0652,0.0812,7.8626
48,42.6,50.0,12.065,0.9,38.34,18.9148,4.9146,0.0678,0.0812,7.8626
48,53.6,63.0,6.985,0.3,16.08,19.4732,2.3362,0.0329,0.1824,18.48
48,53.6,63.0,7.62,0.3,16.08,19.4531,2.4275,0.0342,0.1824,18.48
48,53.6,63.0,8.255,0.3,16.08,19.4314,2.5255,0.0355,0.1824,18.48
48,53.6,63.0,8.89,0.3,16.08,19.4084,2.6302,0.037,0.1824,18.48
48,53.6,63.0,9.525,0.3,16.08,19.3839,2.7414,0.0385,0.1824,18.48
48,53.6,63.0,6.985,0.4,21.44,19.4743,2.3316,0.0329,0.1394,13.9653
48,53.6,63.0,7.62,0.4,21.44,19.4542,2.4225,0.0341,0.1394,13.9653
48,53.6,63.0,8.255,0.4,21.44,19.4326,2.5201,0.0355,0.1394,13.9653
48,53.6,63.0,8.89,0.4,21.44,19.4097,2.6243,0.0369,0.1394,13.9653
48,53.6,63.0,9.525,0.4,21.44,19.3853,2.735,0.0384,0.1394,13.9653
48,53.6,63.0,10.16,0.4,21.44,19.3596,2.8522,0.04,0.1394,13.9653
48,53.6,63.0,10.795,0.4,21.44,19.3325,2.9756,0.0417,0.1394,13.9653
48,53.6,63.0,11.43,0.4,21.44,19.3042,3.1053,0.0435,0.1394,13.9653
48,53.6,63.0,12.065,0.4,21.44,19.2746,3.2411,0.0453,0.1394,13.9653
48,53.6,63.0,6.985,0.5,26.8,19.4751,2.3278,0.0328,0.1131,11.2119
48,53.6,63.0,7.62,0.5,26.8,19.4551,2.4184,0.0341,0.1131,11.2119
48,53.6,63.0,8.255,0.5,26.8,19.4336,2.5157,0.0354,0.1131,11.2119
48,53.6,63.0,8.89,0.5,26.8,19.4107,2.6195,0.0368,0.1131,11.2119
48,53.6,63.0,9.525,0.5,26.8,19.3865,2.7298,0.0383,0.1131,11.2119
48,53.6,63.0,10.16,0.5,26.8,19.3608,2.8465,0.0399,0.1131,11.2119
48,53.6,63.0,10.795,0.5,26.8,19.3339,2.9694,0.0416,0.1131,11.2119
48,53.6,63.0,11.43,0.5,26.8,19.3057,3.0986,0.0434,0.1131,11.2119
48,53.6,63.0,12.065,0.5,26.8,19.2762,3.2337,0.0452,0.1131,11.2119
48,53.6,63.0,6.985,0.6,32.16,19.4758,2.3245,0.0328,0.0955,9.3613
48,53.6,63.0,7.62,0.6,32.16,19.4558,2.4149,0.034,0.0955,9.3613
48,53.6,63.0,8.255,0.6,32.16,19.4344,2.5119,0.0353,0.0955,9.3613
48,53.6,63.0,8.89,0.6,32.16,19.4116,2.6154,0.0368,0.0955,9.3613
48,53.6,63.0,9.525,0.6,32.16,19.3874,2.7253,0.0383,0.0955,9.3613
48,53.6,63.0,10.16,0.6,32.16,19.3619,2.8416,0.0399,0.0955,9.3613
48,53.6,63.0,10.795,0.6,32.16,19.3351,2.9642,0.0416,0.0955,9.3613
48,53.6,63.0,11.43,0.6,32.16,19.3069,3.0928,0.0433,0.0955,9.3613
48,53.6,63.0,12.065,0.6,32.16,19.2775,3.2275,0.0452,0.0955,9.3613
48,53.6,63.0,6.985,0.7,37.52,19.4764,2.3217,0.0327,0.0829,8.0334
48,53.6,63.0,7.62,0.7,37.52,19.4565,2.4118,0.034,0.0829,8.0334
48,53.6,63.0,8.255,0.7,37.52,19.4352,2.5086,0.0353,0.0829,8.0334
48,53.6,63.0,8.89,0.7,37.52,19.4124,2.6118,0.0367,0.0829,8.0334
48,53.6,63.0,9.525,0.7,37.52,19.3883,2.7214,0.0382,0.0829,8.0334
48,53.6,63.0,10.16,0.7,37.52,19.3628,2.8374,0.0398,0.0829,8.0334
48,53.6,63.0,10.795,0.7,37.52,19.3361,2.9595,0.0415,0.0829,8.0334
48,53.6,63.0,11.43,0.7,37.52,19.308,3.0878,0.0432,0.0829,8.0334
48,53.6,63.0,12.065,0.7,37.52,19.2787,3.222,0.0451,0.0829,8.0334
48,53.6,63.0,6.985,0.8,42.88,19.477,2.3191,0.0327,0.0734,7.0345
48,53.6,63.0,7.62,0.8,42.88,19.4571,2.4091,0.0339,0.0734,7.0345
48,53.6,63.0,8.255,0.8,42.88,19.4358,2.5056,0.0353,0.0734,7.0345
48,53.6,63.0,8.89,0.8,42.88,19.4131,2.6086,0.0367,0.0734,7.0345
48,53.6,63.0,9.525,0.8,42.88,19.3891,2.7179,0.0382,0.0734,7.0345
48,53.6,63.0,10.16,0.8,42.88,19.3637,2.8335,0.0398,0.0734,7.0345
48,53.6,63.0,10.795,0.8,42.88,19.337,2.9554,0.0414,0.0734,7.0345
48,53.6,63.0,11.43,0.8,42.88,19.309,3.0832,0.0432,0.0734,7.0345
48,53.6,63.0,12.065,0.8,42.88,19.2798,3.2171,0.045,0.0734,7.0345
48,53.6,63.0,6.985,0.9,48.24,19.4775,2.3168,0.0327,0.0659,6.2562
48,53.6,63.0,7.62,0.9,48.24,19.4577,2.4066,0.0339,0.0659,6.2562
48,53.6,63.0,8.255,0.9,48.24,19.4364,2.5029,0.0352,0.0659,6.2562
48,53.6,63.0,8.89,0.9,48.24,19.4138,2.6056,0.0366,0.0659,6.2562
48,53.6,63.0,9.525,0.9,48.24,19.3898,2.7147,0.0381,0.0659,6.2562
48,53.6,63.0,10.16,0.9,48.24,19.3644,2.8301,0.0397,0.0659,6.2562
48,53.6,63.0,10.795,0.9,48.24,19.3378,2.9516,0.0414,0.0659,6.2562
48,53.6,63.0,11.43,0.9,48.24,19.3099,3.0791,0.0431,0.0659,6.2562
48,53.6,63.0,12.065,0.9,48.24,19.2808,3.2126,0.045,0.0659,6.2562
49,17.0,20.0,6.985,0.8,13.6,15.9683,20.6256,0.252,0.2131,21.7021
49,17.0,20.0,6.985,0.9,15.3,15.9911,20.4878,0.2506,0.191,19.3873
49,17.0,20.0,7.62,0.9,15.3,15.8865,21.1221,0.2571,0.191,19.3873
49,17.0,20.0,8.255,0.9,15.3,15.7779,21.7878,0.2639,0.191,19.3873
49,17.0,20.0,8.89,0.9,15.3,15.6659,22.4809,0.2709,0.191,19.3873
49,22.0,25.0,6.985,0.7,15.4,17.3711,12.6579,0.1643,0.1899,19.2662
49,22.0,25.0,7.62,0.7,15.4,17.2889,13.098,0.1694,0.1899,19.2662
49,22.0,25.0,8.255,0.7,15.4,17.2024,13.5646,0.1748,0.1899,19.2662
49,22.0,25.0,8.89,0.7,15.4,17.1121,14.0559,0.1805,0.1899,19.2662
49,22.0,25.0,6.985,0.8,17.6,17.3825,12.597,0.1636,0.1676,16.9321
49,22.0,25.0,7.62,0.8,17.6,17.301,13.0328,0.1687,0.1676,16.9321
49,22.0,25.0,8.255,0.8,17.6,17.2154,13.4947,0.174,0.1676,16.9321
49,22.0,25.0,8.89,0.8,17.6,17.1258,13.9809,0.1796,0.1676,16.9321
49,22.0,25.0,9.525,0.8,17.6,17.033,14.4893,0.1854,0.1676,16.9321
49,22.0,25.0,10.16,0.8,17.6,16.9371,15.0181,0.1914,0.1676,16.9321
49,22.0,25.0,10.795,0.8,17.6,16.8389,15.5651,0.1976,0.1676,16.9321
49,22.0,25.0,6.985,0.9,19.8,17.3928,12.5421,0.163,0.1501,15.0965
49,22.0,25.0,7.62,0.9,19.8,17.312,12.9741,0.168,0.1501,15.0965
49,22.0,25.0,8.255,0.9,19.8,17.227,13.4318,0.1733,0.1501,15.0965
49,22.0,25.0,8.89,0.9,19.8,17.1382,13.9133,0.1789,0.1501,15.0965
49,22.0,25.0,9.525,0.9,19.8,17.0462,14.4168,0.1846,0.1501,15.0965
49,22.0,25.0,10.16,0.9,19.8,16.9512,14.9402,0.1905,0.1501,15.0965
49,22.0,25.0,10.795,0.9,19.8,16.8538,15.4814,0.1966,0.1501,15.0965
49,22.0,25.0,11.43,0.9,19.8,16.7545,16.0384,0.2028,0.1501,15.0965
49,22.0,25.0,12.065,0.9,19.8,16.6536,16.609,0.2091,0.1501,15.0965
49,27.2,32.0,6.985,0.5,13.6,18.1781,8.4901,0.1139,0.2131,21.7021
49,27.2,32.0,6.985,0.6,16.32,18.1854,8.4536,0.1134,0.1799,18.2174
49,27.2,32.0,7.62,0.6,16.32,18.1233,8.7646,0.1173,0.1799,18.2174
49,27.2,32.0,8.255,0.6,16.32,18.0574,9.0959,0.1214,0.1799,18.2174
49,27.2,32.0,8.89,0.6,16.32,17.9881,9.4467,0.1257,0.1799,18.2174
49,27.2,32.0,9.525,0.6,16.32,17.9155,9.8161,0.1303,0.1799,18.2174
49,27.2,32.0,6.985,0.7,19.04,18.1918,8.4217,0.113,0.1557,15.6844
49,27.2,32.0,7.62,0.7,19.04,18.1301,8.7303,0.1169,0.1557,15.6844
49,27.2,32.0,8.255,0.7,19.04,18.0648,9.0589,0.121,0.1557,15.6844
49,27.2,32.0,8.89,0.7,19.04,17.996,9.4069,0.1253,0.1557,15.6844
49,27.2,32.0,9.525,0.7,19.04,17.9239,9.7731,0.1298,0.1557,15.6844
49,27.2,32.0,10.16,0.7,19.04,17.849,10.1565,0.1344,0.1557,15.6844
49,27.2,32.0,10.795,0.7,19.04,17.7713,10.5562,0.1393,0.1557,15.6844
49,27.2,32.0,11.43,0.7,19.04,17.6913,10.9709,0.1443,0.1557,15.6844
49,27.2,32.0,12.065,0.7,19.04,17.6091,11.3996,0.1494,0.1557,15.6844
49,27.2,32.0,6.985,0.8,21.76,18.1975,8.3932,0.1127,0.1375,13.7638
49,27.2,32.0,7.62,0.8,21.76,18.1362,8.6997,0.1165,0.1375,13.7638
49,27.2,32.0,8.255,0.8,21.76,18.0713,9.0261,0.1205,0.1375,13.7638
49,27.2,32.0,8.89,0.8,21.76,18.003,9.3714,0.1248,0.1375,13.7638
49,27.2,32.0,9.525,0.8,21.76,17.9314,9.7348,0.1293,0.1375,13.7638
49,27.2,32.0,10.16,0.8,21.76,17.857,10.1152,0.1339,0.1375,13.7638
49,27.2,32.0,10.795,0.8,21.76,17.78,10.5115,0.1388,0.1375,13.7638
49,27.2,32.0,11.43,0.8,21.76,17.7006,10.9227,0.1437,0.1375,13.7638
49,27.2,32.0,12.065,0.8,21.76,17.619,11.3476,0.1488,0.1375,13.7638
49,27.2,32.0,6.985,0.9,24.48,18.2027,8.3675,0.1123,0.1231,12.259
49,27.2,32.0,7.62,0.9,24.48,18.1417,8.6721,0.1161,0.1231,12.259
49,27.2,32.0,8.255,0.9,24.48,18.0772,8.9963,0.1202,0.1231,12.259
49,27.2,32.0,8.89,0.9,24.48,18.0093,9.3394,0.1244,0.1231,12.259
49,27.2,32.0,9.525,0.9,24.48,17.9382,9.7002,0.1289,0.1231,12.259
49,27.2,32.0,10.16,0.9,24.48,17.8643,10.0779,0.1335,0.1231,12.259
49,27.2,32.0,10.795,0.9,24.48,17.7878,10.4713,0.1383,0.1231,12.259
49,27.2,32.0,11.43,0.9,24.48,17.7089,10.8792,0.1432,0.1231,12.259
49,27.2,32.0,12.065,0.9,24.48,17.628,11.3006,0.1482,0.1231,12.259
49,34.0,40.0,6.985,0.4,13.6,18.7813,5.5476,0.0762,0.2131,21.7021
49,34.0,40.0,6.985,0.5,17.0,18.7853,5.5284,0.0759,0.1731,17.5116
49,34.0,40.0,7.62,0.5,17.0,18.741,5.7397,0.0787,0.1731,17.5116
49,34.0,40.0,8.255,0.5,17.0,18.6938,5.9657,0.0816,0.1731,17.5116
49,34.0,40.0,8.89,0.5,17.0,18.6438,6.2059,0.0848,0.1731,17.5116
49,34.0,40.0,9.525,0.5,17.0,18.5912,6.4599,0.0881,0.1731,17.5116
49,34.0,40.0,10.16,0.5,17.0,18.536,6.7272,0.0915,0.1731,17.5116
49,34.0,40.0,6.985,0.6,20.4,18.7887,5.512,0.0757,0.146,14.6622
49,34.0,40.0,7.62,0.6,20.4,18.7447,5.7221,0.0785,0.146,14.6622
49,34.0,40.0,8.255,0.6,20.4,18.6978,5.9466,0.0814,0.146,14.6622
49,34.0,40.0,8.89,0.6,20.4,18.6481,6.1853,0.0845,0.146,14.6622
49,34.0,40.0,9.525,0.6,20.4,18.5958,6.4375,0.0878,0.146,14.6622
49,34.0,40.0,10.16,0.6,20.4,18.541,6.703,0.0912,0.146,14.6622
49,34.0,40.0,10.795,0.6,20.4,18.4839,6.9811,0.0948,0.146,14.6622
49,34.0,40.0,11.43,0.6,20.4,18.4245,7.2713,0.0985,0.146,14.6622
49,34.0,40.0,12.065,0.6,20.4,18.363,7.5732,0.1023,0.146,14.6622
49,34.0,40.0,6.985,0.7,23.8,18.7917,5.4977,0.0755,0.1264,12.6038
49,34.0,40.0,7.62,0.7,23.8,18.7479,5.7066,0.0783,0.1264,12.6038
49,34.0,40.0,8.255,0.7,23.8,18.7013,5.9299,0.0812,0.1264,12.6038
49,34.0,40.0,8.89,0.7,23.8,18.6519,6.1672,0.0843,0.1264,12.6038
49,34.0,40.0,9.525,0.7,23.8,18.5999,6.418,0.0875,0.1264,12.6038
49,34.0,40.0,10.16,0.7,23.8,18.5454,6.6818,0.0909,0.1264,12.6038
49,34.0,40.0,10.795,0.7,23.8,18.4886,6.9581,0.0945,0.1264,12.6038
49,34.0,40.0,11.43,0.7,23.8,18.4296,7.2464,0.0982,0.1264,12.6038
49,34.0,40.0,12.065,0.7,23.8,18.3685,7.5461,0.102,0.1264,12.6038
49,34.0,40.0,6.985,0.8,27.2,18.7944,5.4849,0.0753,0.1116,11.049
49,34.0,40.0,7.62,0.8,27.2,18.7508,5.6928,0.0781,0.1116,11.049
49,34.0,40.0,8.255,0.8,27.2,18.7044,5.915,0.081,0.1116,11.049
49,34.0,40.0,8.89,0.8,27.2,18.6552,6.1511,0.084,0.1116,11.049
49,34.0,40.0,9.525,0.8,27.2,18.6035,6.4005,0.0873,0.1116,11.049
49,34.0,40.0,10.16,0.8,27.2,18.5493,6.6629,0.0907,0.1116,11.049
49,34.0,40.0,10.795,0.8,27.2,18.4928,6.9376,0.0942,0.1116,11.049
49,34.0,40.0,11.43,0.8,27.2,18.4341,7.2242,0.0979,0.1116,11.049
49,34.0,40.0,12.065,0.8,27.2,18.3734,7.522,0.1017,0.1116,11.049
49,34.0,40.0,6.985,0.9,30.6,18.7969,5.4733,0.0752,0.1,9.834
49,34.0,40.0,7.62,0.9,30.6,18.7534,5.6803,0.0779,0.1,9.834
49,34.0,40.0,8.255,0.9,30.6,18.7072,5.9016,0.0808,0.1,9.834
49,34.0,40.0,8.89,0.9,30.6,18.6582,6.1365,0.0839,0.1,9.834
49,34.0,40.0,9.525,0.9,30.6,18.6067,6.3847,0.0871,0.1,9.834
49,34.0,40.0,10.16,0.9,30.6,18.5528,6.6457,0.0904,0.1,9.834
49,34.0,40.0,10.795,0.9,30.6,18.4966,6.919,0.094,0.1,9.834
49,34.0,40.0,11.43,0.9,30.6,18.4382,7.2041,0.0976,0.1,9.834
49,34.0,40.0,12.065,0.9,30.6,18.3778,7.5002,0.1014,0.1,9.834
49,42.6,50.0,6.985,0.4,17.04,19.1954,3.6053,0.0503,0.1728,17.4717
49,42.6,50.0,7.62,0.4,17.04,19.1649,3.7466,0.0522,0.1728,17.4717
49,42.6,50.0,8.255,0.4,17.04,19.1322,3.898,0.0542,0.1728,17.4717
49,42.6,50.0,8.89,0.4,17.04,19.0974,4.0595,0.0564,0.1728,17.4717
49,42.6,50.0,9.525,0.4,17.04,19.0606,4.2307,0.0587,0.1728,17.4717
49,42.6,50.0,10.16,0.4,17.04,19.0219,4.4114,0.0611,0.1728,17.4717
49,42.6,50.0,6.985,0.5,21.3,19.1973,3.5967,0.0502,0.1402,14.0552
49,42.6,50.0,7.62,0.5,21.3,19.1669,3.7373,0.0521,0.1402,14.0552
49,42.6,50.0,8.255,0.5,21.3,19.1343,3.888,0.0541,0.1402,14.0552
49,42.6,50.0,8.89,0.5,21.3,19.0997,4.0486,0.0563,0.1402,14.0552
49,42.6,50.0,9.525,0.5,21.3,19.0632,4.2189,0.0586,0.1402,14.0552
49,42.6,50.0,10.16,0.5,21.3,19.0247,4.3986,0.061,0.1402,14.0552
49,42.6,50.0,10.795,0.5,21.3,18.9843,4.5876,0.0635,0.1402,14.0552
49,42.6,50.0,11.43,0.5,21.3,18.9422,4.7856,0.0661,0.1402,14.0552
49,42.6,50.0,12.065,0.5,21.3,18.8983,4.9923,0.0689,0.1402,14.0552
49,42.6,50.0,6.985,0.6,25.56,19.1989,3.5893,0.0501,0.1183,11.7484
49,42.6,50.0,7.62,0.6,25.56,19.1686,3.7294,0.052,0.1183,11.7484
49,42.6,50.0,8.255,0.6,25.56,19.1362,3.8794,0.054,0.1183,11.7484
49,42.6,50.0,8.89,0.6,25.56,19.1017,4.0393,0.0561,0.1183,11.7484
49,42.6,50.0,9.525,0.6,25.56,19.0653,4.2088,0.0584,0.1183,11.7484
49,42.6,50.0,10.16,0.6,25.56,19.027,4.3877,0.0608,0.1183,11.7484
49,42.6,50.0,10.795,0.6,25.56,18.9869,4.5757,0.0633,0.1183,11.7484
49,42.6,50.0,11.43,0.6,25.56,18.9449,4.7726,0.0659,0.1183,11.7484
49,42.6,50.0,12.065,0.6,25.56,18.9013,4.9782,0.0687,0.1183,11.7484
49,42.6,50.0,6.985,0.7,29.82,19.2003,3.5829,0.05,0.1024,10.0886
49,42.6,50.0,7.62,0.7,29.82,19.1701,3.7225,0.0519,0.1024,10.0886
49,42.6,50.0,8.255,0.7,29.82,19.1378,3.8719,0.0539,0.1024,10.0886
49,42.6,50.0,8.89,0.7,29.82,19.1035,4.0312,0.056,0.1024,10.0886
49,42.6,50.0,9.525,0.7,29.82,19.0672,4.1999,0.0583,0.1024,10.0886
49,42.6,50.0,10.16,0.7,29.82,19.0291,4.378,0.0607,0.1024,10.0886
49,42.6,50.0,10.795,0.7,29.82,18.9891,4.5652,0.0632,0.1024,10.0886
49,42.6,50.0,11.43,0.7,29.82,18.9474,4.7613,0.0658,0.1024,10.0886
49,42.6,50.0,12.065,0.7,29.82,18.9039,4.9659,0.0685,0.1024,10.0886
49,42.6,50.0,6.985,0.8,34.08,19.2015,3.5772,0.0499,0.0905,8.8382
49,42.6,50.0,7.62,0.8,34.08,19.1714,3.7162,0.0518,0.0905,8.8382
49,42.6,50.0,8.255,0.8,34.08,19.1392,3.8652,0.0538,0.0905,8.8382
49,42.6,50.0,8.89,0.8,34.08,19.1051,4.0239,0.0559,0.0905,8.8382
49,42.6,50.0,9.525,0.8,34.08,19.0689,4.192,0.0582,0.0905,8.8382
49,42.6,50.0,10.16,0.8,34.08,19.0309,4.3695,0.0606,0.0905,8.8382
49,42.6,50.0,10.795,0.8,34.08,18.9911,4.5559,0.0631,0.0905,8.8382
49,42.6,50.0,11.43,0.8,34.08,18.9495,4.7511,0.0657,0.0905,8.8382
49,42.6,50.0,12.065,0.8,34.08,18.9063,4.9548,0.0684,0.0905,8.8382
49,42.6,50.0,6.985,0.9,38.34,19.2027,3.5719,0.0498,0.0812,7.8626
49,42.6,50.0,7.62,0.9,38.34,19.1726,3.7106,0.0517,0.0812,7.8626
49,42.6,50.0,8.255,0.9,38.34,19.1406,3.8591,0.0537,0.0812,7.8626
49,42.6,50.0,8.89,0.9,38.34,19.1065,4.0173,0.0558,0.0812,7.8626
49,42.6,50.0,9.525,0.9,38.34,19.0705,4.1849,0.0581,0.0812,7.8626
49,42.6,50.0,10.16,0.9,38.34,19.0326,4.3617,0.0605,0.0812,7.8626
49,42.6,50.0,10.795,0.9,38.34,18.9929,4.5474,0.0629,0.0812,7.8626
49,42.6,50.0,11.43,0.9,38.34,18.9515,4.7419,0.0655,0.0812,7.8626
49,42.6,50.0,12.065,0.9,38.34,18.9084,4.9448,0.0682,0.0812,7.8626
49,53.6,63.0,6.985,0.3,16.08,19.4728,2.3381,0.0329,0.1824,18.48
49,53.6,63.0,7.62,0.3,16.08,19.4522,2.4313,0.0342,0.1824,18.48
49,53.6,63.0,8.255,0.3,16.08,19.4301,2.5314,0.0356,0.1824,18.48
49,53.6,63.0,8.89,0.3,16.08,19.4066,2.6382,0.0371,0.1824,18.48
49,53.6,63.0,9.525,0.3,16.08,19.3816,2.7517,0.0386,0.1824,18.48
49,53.6,63.0,6.985,0.4,21.44,19.4738,2.3335,0.0329,0.1394,13.9653
49,53.6,63.0,7.62,0.4,21.44,19.4533,2.4263,0.0342,0.1394,13.9653
49,53.6,63.0,8.255,0.4,21.44,19.4313,2.526,0.0355,0.1394,13.9653
49,53.6,63.0,8.89,0.4,21.44,19.4079,2.6323,0.037,0.1394,13.9653
49,53.6,63.0,9.525,0.4,21.44,19.383,2.7453,0.0386,0.1394,13.9653
49,53.6,63.0,10.16,0.4,21.44,19.3568,2.8648,0.0402,0.1394,13.9653
49,53.6,63.0,10.795,0.4,21.44,19.3292,2.9908,0.0419,0.1394,13.9653
49,53.6,63.0,11.43,0.4,21.44,19.3003,3.1231,0.0437,0.1394,13.9653
49,53.6,63.0,12.065,0.4,21.44,19.2701,3.2617,0.0456,0.1394,13.9653
49,53.6,63.0,6.985,0.5,26.8,19.4747,2.3297,0.0328,0.1131,11.2119
49,53.6,63.0,7.62,0.5,26.8,19.4542,2.4222,0.0341,0.1131,11.2119
49,53.6,63.0,8.255,0.5,26.8,19.4323,2.5215,0.0355,0.1131,11.2119
49,53.6,63.0,8.89,0.5,26.8,19.409,2.6275,0.0369,0.1131,11.2119
49,53.6,63.0,9.525,0.5,26.8,19.3842,2.74,0.0385,0.1131,11.2119
49,53.6,63.0,10.16,0.5,26.8,19.3581,2.8591,0.0401,0.1131,11.2119
49,53.6,63.0,10.795,0.5,26.8,19.3306,2.9846,0.0418,0.1131,11.2119
49,53.6,63.0,11.43,0.5,26.8,19.3018,3.1163,0.0436,0.1131,11.2119
49,53.6,63.0,12.065,0.5,26.8,19.2717,3.2543,0.0455,0.1131,11.2119
49,53.6,63.0,6.985,0.6,32.16,19.4754,2.3265,0.0328,0.0955,9.3613
49,53.6,63.0,7.62,0.6,32.16,19.455,2.4187,0.0341,0.0955,9.3613
49,53.6,63.0,8.255,0.6,32.16,19.4331,2.5177,0.0354,0.0955,9.3613
49,53.6,63.0,8.89,0.6,32.16,19.4099,2.6233,0.0369,0.0955,9.3613
49,53.6,63.0,9.525,0.6,32.16,19.3852,2.7355,0.0384,0.0955,9.3613
49,53.6,63.0,10.16,0.6,32.16,19.3591,2.8542,0.0401,0.0955,9.3613
49,53.6,63.0,10.795,0.6,32.16,19.3318,2.9792,0.0418,0.0955,9.3613
49,53.6,63.0,11.43,0.6,32.16,19.3031,3.1105,0.0436,0.0955,9.3613
49,53.6,63.0,12.065,0.6,32.16,19.2731,3.2479,0.0454,0.0955,9.3613
49,53.6,63.0,6.985,0.7,37.52,19.476,2.3236,0.0327,0.0829,8.0334
49,53.6,63.0,7.62,0.7,37.52,19.4557,2.4156,0.034,0.0829,8.0334
49,53.6,63.0,8.255,0.7,37.52,19.4339,2.5144,0.0354,0.0829,8.0334
49,53.6,63.0,8.89,0.7,37.52,19.4107,2.6197,0.0368,0.0829,8.0334
49,53.6,63.0,9.525,0.7,37.52,19.3861,2.7316,0.0384,0.0829,8.0334
49,53.6,63.0,10.16,0.7,37.52,19.3601,2.8499,0.04,0.0829,8.0334
49,53.6,63.0,10.795,0.7,37.52,19.3328,2.9746,0.0417,0.0829,8.0334
49,53.6,63.0,11.43,0.7,37.52,19.3042,3.1054,0.0435,0.0829,8.0334
49,53.6,63.0,12.065,0.7,37.52,19.2743,3.2423,0.0454,0.0829,8.0334
49,53.6,63.0,6.985,0.8,42.88,19.4766,2.321,0.0327,0.0734,7.0345
49,53.6,63.0,7.62,0.8,42.88,19.4563,2.4129,0.034,0.0734,7.0345
49,53.6,63.0,8.255,0.8,42.88,19.4345,2.5114,0.0353,0.0734,7.0345
49,53.6,63.0,8.89,0.8,42.88,19.4114,2.6165,0.0368,0.0734,7.0345
49,53.6,63.0,9.525,0.8,42.88,19.3868,2.7281,0.0383,0.0734,7.0345
49,53.6,63.0,10.16,0.8,42.88,19.3609,2.8461,0.0399,0.0734,7.0345
49,53.6,63.0,10.795,0.8,42.88,19.3337,2.9704,0.0416,0.0734,7.0345
49,53.6,63.0,11.43,0.8,42.88,19.3052,3.1008,0.0434,0.0734,7.0345
49,53.6,63.0,12.065,0.8,42.88,19.2754,3.2374,0.0453,0.0734,7.0345
49,53.6,63.0,6.985,0.9,48.24,19.4771,2.3187,0.0327,0.0659,6.2562
49,53.6,63.0,7.62,0.9,48.24,19.4568,2.4104,0.0339,0.0659,6.2562
49,53.6,63.0,8.255,0.9,48.24,19.4351,2.5086,0.0353,0.0659,6.2562
49,53.6,63.0,8.89,0.9,48.24,19.412,2.6135,0.0367,0.0659,6.2562
49,53.6,63.0,9.525,0.9,48.24,19.3875,2.7249,0.0383,0.0659,6.2562
49,53.6,63.0,10.16,0.9,48.24,19.3617,2.8426,0.0399,0.0659,6.2562
49,53.6,63.0,10.795,0.9,48.24,19.3345,2.9666,0.0416,0.0659,6.2562
49,53.6,63.0,11.43,0.9,48.24,19.3061,3.0967,0.0434,0.0659,6.2562
49,53.6,63.0,12.065,0.9,48.24,19.2764,3.2329,0.0452,0.0659,6.2562
50,17.0,20.0,6.985,0.8,13.6,15.9661,20.6392,0.2521,0.2131,21.7021
50,17.0,20.0,6.985,0.9,15.3,15.9889,20.5012,0.2507,0.191,19.3873
50,17.0,20.0,7.62,0.9,15.3,15.8823,21.148,0.2574,0.191,19.3873
50,17.0,20.0,8.255,0.9,15.3,15.7716,21.8266,0.2643,0.191,19.3873
50,17.0,20.0,8.89,0.9,15.3,15.6575,22.5329,0.2714,0.191,19.3873
50,22.0,25.0,6.985,0.7,15.4,17.3693,12.6671,0.1644,0.1899,19.2662
50,22.0,25.0,7.62,0.7,15.4,17.2856,13.1161,0.1697,0.1899,19.2662
50,22.0,25.0,8.255,0.7,15.4,17.1974,13.5919,0.1752,0.1899,19.2662
50,22.0,25.0,8.89,0.7,15.4,17.1053,14.0928,0.1809,0.1899,19.2662
50,22.0,25.0,6.985,0.8,17.6,17.3808,12.6061,0.1637,0.1676,16.9321
50,22.0,25.0,7.62,0.8,17.6,17.2977,13.0507,0.1689,0.1676,16.9321
50,22.0,25.0,8.255,0.8,17.6,17.2104,13.5217,0.1744,0.1676,16.9321
50,22.0,25.0,8.89,0.8,17.6,17.1192,14.0173,0.1801,0.1676,16.9321
50,22.0,25.0,9.525,0.8,17.6,17.0245,14.5356,0.186,0.1676,16.9321
50,22.0,25.0,10.16,0.8,17.6,16.927,15.0743,0.1921,0.1676,16.9321
50,22.0,25.0,10.795,0.8,17.6,16.827,15.6315,0.1983,0.1676,16.9321
50,22.0,25.0,6.985,0.9,19.8,17.3911,12.5511,0.1631,0.1501,15.0965
50,22.0,25.0,7.62,0.9,19.8,17.3087,12.9918,0.1682,0.1501,15.0965
50,22.0,25.0,8.255,0.9,19.8,17.2221,13.4585,0.1736,0.1501,15.0965
50,22.0,25.0,8.89,0.9,19.8,17.1316,13.9494,0.1793,0.1501,15.0965
50,22.0,25.0,9.525,0.9,19.8,17.0378,14.4625,0.1851,0.1501,15.0965
50,22.0,25.0,10.16,0.9,19.8,16.9412,14.9958,0.1912,0.1501,15.0965
50,22.0,25.0,10.795,0.9,19.8,16.8421,15.5471,0.1974,0.1501,15.0965
50,22.0,25.0,11.43,0.9,19.8,16.741,16.1143,0.2037,0.1501,15.0965
50,22.0,25.0,12.065,0.9,19.8,16.6385,16.6951,0.2101,0.1501,15.0965
50,27.2,32.0,6.985,0.5,13.6,18.1768,8.4966,0.1139,0.2131,21.7021
50,27.2,32.0,6.985,0.6,16.32,18.1841,8.4601,0.1135,0.1799,18.2174
50,27.2,32.0,7.62,0.6,16.32,18.1208,8.7773,0.1175,0.1799,18.2174
50,27.2,32.0,8.255,0.6,16.32,18.0536,9.1153,0.1216,0.1799,18.2174
50,27.2,32.0,8.89,0.6,16.32,17.9829,9.473,0.1261,0.1799,18.2174
50,27.2,32.0,9.525,0.6,16.32,17.9089,9.8496,0.1307,0.1799,18.2174
50,27.2,32.0,6.985,0.7,19.04,18.1905,8.4281,0.1131,0.1557,15.6844
50,27.2,32.0,7.62,0.7,19.04,18.1276,8.7429,0.117,0.1557,15.6844
50,27.2,32.0,8.255,0.7,19.04,18.061,9.0782,0.1212,0.1557,15.6844
50,27.2,32.0,8.89,0.7,19.04,17.9908,9.433,0.1256,0.1557,15.6844
50,27.2,32.0,9.525,0.7,19.04,17.9174,9.8063,0.1302,0.1557,15.6844
50,27.2,32.0,10.16,0.7,19.04,17.841,10.1972,0.1349,0.1557,15.6844
50,27.2,32.0,10.795,0.7,19.04,17.762,10.6045,0.1399,0.1557,15.6844
50,27.2,32.0,11.43,0.7,19.04,17.6805,11.0271,0.145,0.1557,15.6844
50,27.2,32.0,12.065,0.7,19.04,17.5968,11.4638,0.1502,0.1557,15.6844
50,27.2,32.0,6.985,0.8,21.76,18.1962,8.3996,0.1127,0.1375,13.7638
50,27.2,32.0,7.62,0.8,21.76,18.1337,8.7123,0.1166,0.1375,13.7638
50,27.2,32.0,8.255,0.8,21.76,18.0675,9.0451,0.1208,0.1375,13.7638
50,27.2,32.0,8.89,0.8,21.76,17.9978,9.3973,0.1251,0.1375,13.7638
50,27.2,32.0,9.525,0.8,21.76,17.925,9.7678,0.1297,0.1375,13.7638
50,27.2,32.0,10.16,0.8,21.76,17.8492,10.1556,0.1344,0.1375,13.7638
50,27.2,32.0,10.795,0.8,21.76,17.7707,10.5595,0.1393,0.1375,13.7638
50,27.2,32.0,11.43,0.8,21.76,17.6898,10.9784,0.1444,0.1375,13.7638
50,27.2,32.0,12.065,0.8,21.76,17.6069,11.4112,0.1496,0.1375,13.7638
50,27.2,32.0,6.985,0.9,24.48,18.2014,8.3739,0.1124,0.1231,12.259
50,27.2,32.0,7.62,0.9,24.48,18.1392,8.6846,0.1163,0.1231,12.259
50,27.2,32.0,8.255,0.9,24.48,18.0734,9.0153,0.1204,0.1231,12.259
50,27.2,32.0,8.89,0.9,24.48,18.0042,9.3651,0.1247,0.1231,12.259
50,27.2,32.0,9.525,0.9,24.48,17.9318,9.733,0.1293,0.1231,12.259
50,27.2,32.0,10.16,0.9,24.48,17.8565,10.118,0.134,0.1231,12.259
50,27.2,32.0,10.795,0.9,24.48,17.7786,10.5189,0.1388,0.1231,12.259
50,27.2,32.0,11.43,0.9,24.48,17.6983,10.9345,0.1439,0.1231,12.259
50,27.2,32.0,12.065,0.9,24.48,17.6159,11.3638,0.149,0.1231,12.259
50,34.0,40.0,6.985,0.4,13.6,18.7803,5.5521,0.0762,0.2131,21.7021
50,34.0,40.0,6.985,0.5,17.0,18.7844,5.5328,0.076,0.1731,17.5116
50,34.0,40.0,7.62,0.5,17.0,18.7392,5.7484,0.0788,0.1731,17.5116
50,34.0,40.0,8.255,0.5,17.0,18.691,5.9789,0.0818,0.1731,17.5116
50,34.0,40.0,8.89,0.5,17.0,18.6401,6.2239,0.085,0.1731,17.5116
50,34.0,40.0,9.525,0.5,17.0,18.5864,6.483,0.0883,0.1731,17.5116
50,34.0,40.0,10.16,0.5,17.0,18.5302,6.7556,0.0919,0.1731,17.5116
50,34.0,40.0,6.985,0.6,20.4,18.7878,5.5164,0.0758,0.146,14.6622
50,34.0,40.0,7.62,0.6,20.4,18.7429,5.7307,0.0786,0.146,14.6622
50,34.0,40.0,8.255,0.6,20.4,18.695,5.9598,0.0816,0.146,14.6622
50,34.0,40.0,8.89,0.6,20.4,18.6444,6.2032,0.0847,0.146,14.6622
50,34.0,40.0,9.525,0.6,20.4,18.5911,6.4605,0.0881,0.146,14.6622
50,34.0,40.0,10.16,0.6,20.4,18.5352,6.7311,0.0915,0.146,14.6622
50,34.0,40.0,10.795,0.6,20.4,18.477,7.0147,0.0952,0.146,14.6622
50,34.0,40.0,11.43,0.6,20.4,18.4165,7.3106,0.099,0.146,14.6622
50,34.0,40.0,12.065,0.6,20.4,18.3539,7.6182,0.1029,0.146,14.6622
50,34.0,40.0,6.985,0.7,23.8,18.7908,5.5021,0.0756,0.1264,12.6038
50,34.0,40.0,7.62,0.7,23.8,18.7461,5.7152,0.0784,0.1264,12.6038
50,34.0,40.0,8.255,0.7,23.8,18.6985,5.943,0.0813,0.1264,12.6038
50,34.0,40.0,8.89,0.7,23.8,18.6482,6.185,0.0845,0.1264,12.6038
50,34.0,40.0,9.525,0.7,23.8,18.5951,6.4408,0.0878,0.1264,12.6038
50,34.0,40.0,10.16,0.7,23.8,18.5396,6.7097,0.0913,0.1264,12.6038
50,34.0,40.0,10.795,0.7,23.8,18.4817,6.9915,0.0949,0.1264,12.6038
50,34.0,40.0,11.43,0.7,23.8,18.4216,7.2854,0.0986,0.1264,12.6038
50,34.0,40.0,12.065,0.7,23.8,18.3594,7.5909,0.1025,0.1264,12.6038
50,34.0,40.0,6.985,0.8,27.2,18.7935,5.4892,0.0754,0.1116,11.049
50,34.0,40.0,7.62,0.8,27.2,18.749,5.7014,0.0782,0.1116,11.049
50,34.0,40.0,8.255,0.8,27.2,18.7017,5.928,0.0811,0.1116,11.049
50,34.0,40.0,8.89,0.8,27.2,18.6515,6.1688,0.0843,0.1116,11.049
50,34.0,40.0,9.525,0.8,27.2,18.5988,6.4232,0.0876,0.1116,11.049
50,34.0,40.0,10.16,0.8,27.2,18.5435,6.6907,0.091,0.1116,11.049
50,34.0,40.0,10.795,0.8,27.2,18.486,6.9708,0.0946,0.1116,11.049
50,34.0,40.0,11.43,0.8,27.2,18.4262,7.2629,0.0984,0.1116,11.049
50,34.0,40.0,12.065,0.8,27.2,18.3644,7.5665,0.1022,0.1116,11.049
50,34.0,40.0,6.985,0.9,30.6,18.796,5.4776,0.0753,0.1,9.834
50,34.0,40.0,7.62,0.9,30.6,18.7516,5.6888,0.078,0.1,9.834
50,34.0,40.0,8.255,0.9,30.6,18.7045,5.9145,0.081,0.1,9.834
50,34.0,40.0,8.89,0.9,30.6,18.6546,6.1541,0.0841,0.1,9.834
50,34.0,40.0,9.525,0.9,30.6,18.6021,6.4073,0.0874,0.1,9.834
50,34.0,40.0,10.16,0.9,30.6,18.5471,6.6734,0.0908,0.1,9.834
50,34.0,40.0,10.795,0.9,30.6,18.4898,6.952,0.0944,0.1,9.834
50,34.0,40.0,11.43,0.9,30.6,18.4303,7.2426,0.0981,0.1,9.834
50,34.0,40.0,12.065,0.9,30.6,18.3689,7.5444,0.1019,0.1,9.834
50,42.6,50.0,6.985,0.4,17.04,19.1948,3.6082,0.0503,0.1728,17.4717
50,42.6,50.0,7.62,0.4,17.04,19.1636,3.7524,0.0523,0.1728,17.4717
50,42.6,50.0,8.255,0.4,17.04,19.1303,3.9069,0.0544,0.1728,17.4717
50,42.6,50.0,8.89,0.4,17.04,19.0948,4.0716,0.0566,0.1728,17.4717
50,42.6,50.0,9.525,0.4,17.04,19.0573,4.2462,0.0589,0.1728,17.4717
50,42.6,50.0,10.16,0.4,17.04,19.0178,4.4306,0.0614,0.1728,17.4717
50,42.6,50.0,6.985,0.5,21.3,19.1967,3.5996,0.0502,0.1402,14.0552
50,42.6,50.0,7.62,0.5,21.3,19.1656,3.7431,0.0521,0.1402,14.0552
50,42.6,50.0,8.255,0.5,21.3,19.1324,3.8968,0.0542,0.1402,14.0552
50,42.6,50.0,8.89,0.5,21.3,19.0972,4.0607,0.0564,0.1402,14.0552
50,42.6,50.0,9.525,0.5,21.3,19.0599,4.2343,0.0588,0.1402,14.0552
50,42.6,50.0,10.16,0.5,21.3,19.0206,4.4177,0.0612,0.1402,14.0552
50,42.6,50.0,10.795,0.5,21.3,18.9795,4.6104,0.0638,0.1402,14.0552
50,42.6,50.0,11.43,0.5,21.3,18.9365,4.8123,0.0665,0.1402,14.0552
50,42.6,50.0,12.065,0.5,21.3,18.8918,5.0231,0.0693,0.1402,14.0552
50,42.6,50.0,6.985,0.6,25.56,19.1983,3.5923,0.0501,0.1183,11.7484
50,42.6,50.0,7.62,0.6,25.56,19.1673,3.7352,0.052,0.1183,11.7484
50,42.6,50.0,8.255,0.6,25.56,19.1343,3.8882,0.0541,0.1183,11.7484
50,42.6,50.0,8.89,0.6,25.56,19.0992,4.0513,0.0563,0.1183,11.7484
50,42.6,50.0,9.525,0.6,25.56,19.062,4.2242,0.0586,0.1183,11.7484
50,42.6,50.0,10.16,0.6,25.56,19.023,4.4066,0.0611,0.1183,11.7484
50,42.6,50.0,10.795,0.6,25.56,18.982,4.5984,0.0636,0.1183,11.7484
50,42.6,50.0,11.43,0.6,25.56,18.9393,4.7992,0.0663,0.1183,11.7484
50,42.6,50.0,12.065,0.6,25.56,18.8948,5.0088,0.0691,0.1183,11.7484
50,42.6,50.0,6.985,0.7,29.82,19.1997,3.5858,0.05,0.1024,10.0886
50,42.6,50.0,7.62,0.7,29.82,19.1688,3.7282,0.0519,0.1024,10.0886
50,42.6,50.0,8.255,0.7,29.82,19.1359,3.8807,0.054,0.1024,10.0886
50,42.6,50.0,8.89,0.7,29.82,19.1009,4.0431,0.0562,0.1024,10.0886
50,42.6,50.0,9.525,0.7,29.82,19.0639,4.2153,0.0585,0.1024,10.0886
50,42.6,50.0,10.16,0.7,29.82,19.025,4.3969,0.0609,0.1024,10.0886
50,42.6,50.0,10.795,0.7,29.82,18.9843,4.5878,0.0635,0.1024,10.0886
50,42.6,50.0,11.43,0.7,29.82,18.9417,4.7877,0.0661,0.1024,10.0886
50,42.6,50.0,12.065,0.7,29.82,18.8975,4.9963,0.0689,0.1024,10.0886
50,42.6,50.0,6.985,0.8,34.08,19.2009,3.5801,0.0499,0.0905,8.8382
50,42.6,50.0,7.62,0.8,34.08,19.1702,3.722,0.0519,0.0905,8.8382
50,42.6,50.0,8.255,0.8,34.08,19.1374,3.8739,0.0539,0.0905,8.8382
50,42.6,50.0,8.89,0.8,34.08,19.1025,4.0358,0.0561,0.0905,8.8382
50,42.6,50.0,9.525,0.8,34.08,19.0657,4.2073,0.0584,0.0905,8.8382
50,42.6,50.0,10.16,0.8,34.08,19.0269,4.3883,0.0608,0.0905,8.8382
50,42.6,50.0,10.795,0.8,34.08,18.9863,4.5784,0.0634,0.0905,8.8382
50,42.6,50.0,11.43,0.8,34.08,18.9439,4.7774,0.066,0.0905,8.8382
50,42.6,50.0,12.065,0.8,34.08,18.8999,4.9851,0.0688,0.0905,8.8382
50,42.6,50.0,6.985,0.9,38.34,19.202,3.5748,0.0499,0.0812,7.8626
50,42.6,50.0,7.62,0.9,38.34,19.1714,3.7163,0.0518,0.0812,7.8626
50,42.6,50.0,8.255,0.9,38.34,19.1387,3.8678,0.0538,0.0812,7.8626
50,42.6,50.0,8.89,0.9,38.34,19.1039,4.0292,0.056,0.0812,7.8626
50,42.6,50.0,9.525,0.9,38.34,19.0672,4.2001,0.0583,0.0812,7.8626
50,42.6,50.0,10.16,0.9,38.34,19.0286,4.3804,0.0607,0.0812,7.8626
50,42.6,50.0,10.795,0.9,38.34,18.9881,4.5699,0.0632,0.0812,7.8626
50,42.6,50.0,11.43,0.9,38.34,18.9459,4.7682,0.0659,0.0812,7.8626
50,42.6,50.0,12.065,0.9,38.34,18.902,4.975,0.0686,0.0812,7.8626
50,53.6,63.0,6.985,0.3,16.08,19.4724,2.3401,0.033,0.1824,18.48
50,53.6,63.0,7.62,0.3,16.08,19.4514,2.4352,0.0343,0.1824,18.48
50,53.6,63.0,8.255,0.3,16.08,19.4288,2.5373,0.0357,0.1824,18.48
50,53.6,63.0,8.89,0.3,16.08,19.4048,2.6462,0.0372,0.1824,18.48
50,53.6,63.0,9.525,0.3,16.08,19.3794,2.762,0.0388,0.1824,18.48
50,53.6,63.0,6.985,0.4,21.44,19.4734,2.3355,0.0329,0.1394,13.9653
50,53.6,63.0,7.62,0.4,21.44,19.4525,2.4302,0.0342,0.1394,13.9653
50,53.6,63.0,8.255,0.4,21.44,19.43,2.5318,0.0356,0.1394,13.9653
50,53.6,63.0,8.89,0.4,21.44,19.4061,2.6403,0.0371,0.1394,13.9653
50,53.6,63.0,9.525,0.4,21.44,19.3808,2.7556,0.0387,0.1394,13.9653
50,53.6,63.0,10.16,0.4,21.44,19.354,2.8775,0.0404,0.1394,13.9653
50,53.6,63.0,10.795,0.4,21.44,19.3259,3.006,0.0421,0.1394,13.9653
50,53.6,63.0,11.43,0.4,21.44,19.2964,3.141,0.044,0.1394,13.9653
50,53.6,63.0,12.065,0.4,21.44,19.2656,3.2823,0.0459,0.1394,13.9653
50,53.6,63.0,6.985,0.5,26.8,19.4742,2.3316,0.0329,0.1131,11.2119
50,53.6,63.0,7.62,0.5,26.8,19.4534,2.426,0.0342,0.1131,11.2119
50,53.6,63.0,8.255,0.5,26.8,19.431,2.5273,0.0356,0.1131,11.2119
50,53.6,63.0,8.89,0.5,26.8,19.4072,2.6354,0.037,0.1131,11.2119
50,53.6,63.0,9.525,0.5,26.8,19.382,2.7503,0.0386,0.1131,11.2119
50,53.6,63.0,10.16,0.5,26.8,19.3553,2.8717,0.0403,0.1131,11.2119
50,53.6,63.0,10.795,0.5,26.8,19.3273,2.9997,0.042,0.1131,11.2119
50,53.6,63.0,11.43,0.5,26.8,19.2979,3.1341,0.0439,0.1131,11.2119
50,53.6,63.0,12.065,0.5,26.8,19.2672,3.2748,0.0458,0.1131,11.2119
50,53.6,63.0,6.985,0.6,32.16,19.475,2.3284,0.0328,0.0955,9.3613
50,53.6,63.0,7.62,0.6,32.16,19.4542,2.4225,0.0341,0.0955,9.3613
50,53.6,63.0,8.255,0.6,32.16,19.4319,2.5235,0.0355,0.0955,9.3613
50,53.6,63.0,8.89,0.6,32.16,19.4081,2.6313,0.037,0.0955,9.3613
50,53.6,63.0,9.525,0.6,32.16,19.383,2.7457,0.0386,0.0955,9.3613
50,53.6,63.0,10.16,0.6,32.16,19.3564,2.8668,0.0402,0.0955,9.3613
50,53.6,63.0,10.795,0.6,32.16,19.3285,2.9943,0.042,0.0955,9.3613
50,53.6,63.0,11.43,0.6,32.16,19.2992,3.1282,0.0438,0.0955,9.3613
50,53.6,63.0,12.065,0.6,32.16,19.2686,3.2683,0.0457,0.0955,9.3613
50,53.6,63.0,6.985,0.7,37.52,19.4756,2.3255,0.0328,0.0829,8.0334
50,53.6,63.0,7.62,0.7,37.52,19.4548,2.4194,0.0341,0.0829,8.0334
50,53.6,63.0,8.255,0.7,37.52,19.4326,2.5201,0.0355,0.0829,8.0334
50,53.6,63.0,8.89,0.7,37.52,19.4089,2.6276,0.0369,0.0829,8.0334
50,53.6,63.0,9.525,0.7,37.52,19.3838,2.7418,0.0385,0.0829,8.0334
50,53.6,63.0,10.16,0.7,37.52,19.3573,2.8625,0.0402,0.0829,8.0334
50,53.6,63.0,10.795,0.7,37.52,19.3295,2.9896,0.0419,0.0829,8.0334
50,53.6,63.0,11.43,0.7,37.52,19.3003,3.123,0.0437,0.0829,8.0334
50,53.6,63.0,12.065,0.7,37.52,19.2699,3.2627,0.0456,0.0829,8.0334
50,53.6,63.0,6.985,0.8,42.88,19.4762,2.323,0.0327,0.0734,7.0345
50,53.6,63.0,7.62,0.8,42.88,19.4555,2.4166,0.034,0.0734,7.0345
50,53.6,63.0,8.255,0.8,42.88,19.4333,2.5171,0.0354,0.0734,7.0345
50,53.6,63.0,8.89,0.8,42.88,19.4096,2.6243,0.0369,0.0734,7.0345
50,53.6,63.0,9.525,0.8,42.88,19.3846,2.7382,0.0385,0.0734,7.0345
50,53.6,63.0,10.16,0.8,42.88,19.3582,2.8586,0.0401,0.0734,7.0345
50,53.6,63.0,10.795,0.8,42.88,19.3304,2.9854,0.0418,0.0734,7.0345
50,53.6,63.0,11.43,0.8,42.88,19.3013,3.1184,0.0437,0.0734,7.0345
50,53.6,63.0,12.065,0.8,42.88,19.271,3.2577,0.0456,0.0734,7.0345
50,53.6,63.0,6.985,0.9,48.24,19.4767,2.3206,0.0327,0.0659,6.2562
50,53.6,63.0,7.62,0.9,48.24,19.456,2.4141,0.034,0.0659,6.2562
50,53.6,63.0,8.255,0.9,48.24,19.4339,2.5144,0.0354,0.0659,6.2562
50,53.6,63.0,8.89,0.9,48.24,19.4103,2.6214,0.0369,0.0659,6.2562
50,53.6,63.0,9.525,0.9,48.24,19.3853,2.735,0.0384,0.0659,6.2562
50,53.6,63.0,10.16,0.9,48.24,19.359,2.855,0.0401,0.0659,6.2562
50,53.6,63.0,10.795,0.9,48.24,19.3313,2.9815,0.0418,0.0659,6.2562
50,53.6,63.0,11.43,0.9,48.24,19.3022,3.1142,0.0436,0.0659,6.2562
50,53.6,63.0,12.065,0.9,48.24,19.272,3.2531,0.0455,0.0659,6.2562
